window,min_sats_per_dollar,max_sats_per_dollar,uniform_sats_per_dollar,dynamic_sats_per_dollar,uniform_percentile,dynamic_percentile,excess_percentile
2018-01-01 → 2019-01-01,5846.725992123569,31396.444360089477,14767.937007549512,12846.5627823082,34.917062047193866,27.39692347826811,-7.520138568925756
2018-01-02 → 2019-01-02,5846.725992123569,31396.444360089477,14817.734901493854,12860.586796035293,35.11196789009653,27.451812591036866,-7.660155299059664
2018-01-03 → 2019-01-03,5846.725992123569,31396.444360089477,14871.414334433759,12876.524889527438,35.32206583390482,27.51419329231351,-7.807872541591312
2018-01-04 → 2019-01-04,5846.725992123569,31396.444360089477,14924.595887742842,12890.362408925725,35.53021510797182,27.56835247794131,-7.9618626300305095
2018-01-05 → 2019-01-05,5846.725992123569,31396.444360089477,14978.393221092227,12903.954832544141,35.74077450661018,27.62155237401319,-8.119222132596988
2018-01-06 → 2019-01-06,5846.725992123569,31396.444360089477,15029.848123319223,12918.585683587167,35.942165776314,27.678816610089356,-8.263349166224643
2018-01-07 → 2019-01-07,6160.786042591422,31396.444360089477,15082.162088862544,12930.716706219957,35.35226200176107,26.82684389863671,-8.525418103124359
2018-01-08 → 2019-01-08,6694.598724167442,31396.444360089477,15133.761560768795,12942.675523341106,34.16409834708429,25.293967468113216,-8.870130878971075
2018-01-09 → 2019-01-09,6817.056260699874,31396.444360089477,15183.703666276037,12955.552916498891,34.039282718286785,24.97416384401961,-9.065118874267174
2018-01-10 → 2019-01-10,6817.056260699874,31396.444360089477,15240.013345709338,12970.228305833212,34.2683758072018,25.033869924882897,-9.234505882318903
2018-01-11 → 2019-01-11,7026.801947562095,31396.444360089477,15296.777098955032,12986.301115600494,33.935562169519976,24.454602440021347,-9.480959729498629
2018-01-12 → 2019-01-12,7026.801947562095,31396.444360089477,15351.595912800987,13000.816748971682,34.16050931038477,24.51416684858126,-9.646342461803506
2018-01-13 → 2019-01-13,7026.801947562095,31396.444360089477,15409.65302451156,13019.108438179817,34.39874469655821,24.589226174025992,-9.809518522532219
2018-01-14 → 2019-01-14,7309.372233038978,31396.444360089477,15464.964100450088,13036.521724977169,33.858792900994125,23.776860308009088,-10.081932592985037
2018-01-15 → 2019-01-15,7357.43343237105,31396.444360089477,15521.285148390121,13052.627844560164,33.9608469773008,23.691467295862044,-10.269379681438753
2018-01-16 → 2019-01-16,7831.832029555435,31396.444360089477,15576.93143254672,13069.876723393316,32.86750188949855,22.22843567449926,-10.63906621499929
2018-01-17 → 2019-01-17,7831.832029555435,31396.444360089477,15628.088379484641,13084.746141773727,33.08459413875926,22.291536302559003,-10.793057836200255
2018-01-18 → 2019-01-18,7831.832029555435,31396.444360089477,15679.302430922477,13103.698347783822,33.3019287196107,22.371962858040835,-10.929965861569865
2018-01-19 → 2019-01-19,7831.832029555435,31396.444360089477,15729.105932213028,13123.648709120227,33.51327741736126,22.456625236766047,-11.056652180595211
2018-01-20 → 2019-01-20,7831.832029555435,31396.444360089477,15782.441961476794,13143.865767909789,33.73961693237486,22.542419386510517,-11.197197545864341
2018-01-21 → 2019-01-21,8608.846026879573,31396.444360089477,15838.320986993534,13166.29685070755,31.725480036998714,19.999697893507694,-11.72578214349102
2018-01-22 → 2019-01-22,8608.846026879573,31396.444360089477,15890.777944238658,13182.976515547667,31.955679623976142,20.072894132076676,-11.882785491899465
2018-01-23 → 2019-01-23,8608.846026879573,31396.444360089477,15942.255294832687,13201.292944288187,32.18158035226398,20.153273066586095,-12.028307285677883
2018-01-24 → 2019-01-24,8608.846026879573,31396.444360089477,15993.657012582125,13221.793227041373,32.407149177016024,20.24323552095896,-12.163913656057062
2018-01-25 → 2019-01-25,8608.846026879573,31396.444360089477,16046.0375068684,13243.052090852021,32.637013217624194,20.33652689594193,-12.300486321682264
2018-01-26 → 2019-01-26,8608.846026879573,31396.444360089477,16098.302295751626,13263.070882688293,32.86636950220929,20.424376398744062,-12.441993103465226
2018-01-27 → 2019-01-27,8608.846026879573,31396.444360089477,16150.777758729811,13283.207848043407,33.096650298855195,20.51274448852984,-12.583905810325355
2018-01-28 → 2019-01-28,8608.846026879573,31396.444360089477,16206.183417871507,13304.433698400733,33.33978982734578,20.605890988862846,-12.733898838482936
2018-01-29 → 2019-01-29,8665.013949999768,31396.444360089477,16263.120821486695,13325.600831502172,33.42555542881448,20.502831530714968,-12.922723898099509
2018-01-30 → 2019-01-30,8665.013949999768,31396.444360089477,16318.052228249458,13345.02197256971,33.667209410863855,20.588268921662955,-13.0789404892009
2018-01-31 → 2019-01-31,8665.013949999768,31396.444360089477,16370.740107389045,13362.492819317473,33.89899367691779,20.665126587162124,-13.233867089755666
2018-02-01 → 2019-02-01,8665.013949999768,31396.444360089477,16422.86306342347,13383.199675899505,34.128292735947916,20.756220091655535,-13.37207264429238
2018-02-02 → 2019-02-02,8665.013949999768,31396.444360089477,16471.561060409345,13399.314747223612,34.34252473150355,20.827113436391794,-13.515411295111758
2018-02-03 → 2019-02-03,8665.013949999768,31396.444360089477,16520.517091256683,13416.155195385689,34.557891868389085,20.901197855446224,-13.656694012942861
2018-02-04 → 2019-02-04,8665.013949999768,31396.444360089477,16570.689764359973,13435.713126528102,34.77861125207125,20.987237012637724,-13.791374239433527
2018-02-05 → 2019-02-05,8665.013949999768,31396.444360089477,16617.313149117315,13448.982482770898,34.983716623428116,21.04561150119127,-13.938105122236845
2018-02-06 → 2019-02-06,8665.013949999768,31396.444360089477,16658.559183737878,13449.617178488877,35.1651659817679,21.048403651559855,-14.116762330208044
2018-02-07 → 2019-02-07,8665.013949999768,31396.444360089477,16704.596683327505,13461.46894784549,35.36769392989559,21.10054189866001,-14.267152031235579
2018-02-08 → 2019-02-08,8665.013949999768,31396.444360089477,16744.395500324565,13471.026676947231,35.542776695384,21.142588214836834,-14.400188480547165
2018-02-09 → 2019-02-09,8665.013949999768,31396.444360089477,16786.600650381373,13487.131139862435,35.728445389766186,21.213434891111355,-14.515010498654831
2018-02-10 → 2019-02-10,8665.013949999768,31396.444360089477,16830.07205179181,13505.432532858384,35.919684571050354,21.29394629169539,-14.625738279354962
2018-02-11 → 2019-02-11,8665.013949999768,31396.444360089477,16874.13606309631,13522.02698373824,36.11353075894772,21.366948520681785,-14.746582238265933
2018-02-12 → 2019-02-12,8665.013949999768,31396.444360089477,16916.542539457067,13535.736063201355,36.30008512704386,21.42725743752421,-14.872827689519646
2018-02-13 → 2019-02-13,8665.013949999768,31396.444360089477,16962.272753047957,13556.56520745443,36.50126126407478,21.51888890935552,-14.982372354719256
2018-02-14 → 2019-02-14,8665.013949999768,31396.444360089477,17006.926162285872,13572.99999932411,36.69770032854339,21.591188767187543,-15.106511561355848
2018-02-15 → 2019-02-15,8665.013949999768,31396.444360089477,17054.70693806179,13596.388336974254,36.90789728893666,21.694078630377863,-15.213818658558797
2018-02-16 → 2019-02-16,8665.013949999768,31396.444360089477,17103.89180953251,13619.882620354849,37.124271140398676,21.79743456951914,-15.326836570879536
2018-02-17 → 2019-02-17,8665.013949999768,31396.444360089477,17152.495859809755,13641.860949302327,37.338089846042784,21.894121529164774,-15.44396831687801
2018-02-18 → 2019-02-18,8665.013949999768,31396.444360089477,17198.520317007256,13666.608309179644,37.540560418141375,22.00298999644052,-15.537570421700856
2018-02-19 → 2019-02-19,8665.013949999768,31396.444360089477,17242.519251116897,13686.846507159338,37.73412031875419,22.092021780250793,-15.642098538503394
2018-02-20 → 2019-02-20,8665.013949999768,31396.444360089477,17287.485557395314,13711.083032459646,37.93193587838768,22.198642986497234,-15.733292891890443
2018-02-21 → 2019-02-21,8665.013949999768,31396.444360089477,17333.3869195321,13733.521074469227,38.133864931283576,22.297352313648158,-15.836512617635417
2018-02-22 → 2019-02-22,8665.013949999768,31396.444360089477,17376.463657123404,13753.816400580505,38.32336790938119,22.386635415261814,-15.936732494119376
2018-02-23 → 2019-02-23,8665.013949999768,31396.444360089477,17415.279672852856,13774.519065442373,38.4941271402311,22.47771047955992,-16.01641666067118
2018-02-24 → 2019-02-24,8665.013949999768,31396.444360089477,17461.163616759623,13798.549892727113,38.69597956693276,22.583426780079545,-16.112552786853218
2018-02-25 → 2019-02-25,8665.013949999768,31396.444360089477,17504.444070445148,13819.904447579638,38.88637873189827,22.677369635708406,-16.209009096189863
2018-02-26 → 2019-02-26,8665.013949999768,31396.444360089477,17547.966307610375,13842.385088134324,39.077841549591916,22.77626636217533,-16.301575187416585
2018-02-27 → 2019-02-27,8665.013949999768,31396.444360089477,17593.384269442515,13868.359070869046,39.27764403017835,22.890530982861907,-16.387113047316443
2018-02-28 → 2019-02-28,8665.013949999768,31396.444360089477,17639.774070645817,13893.123662849073,39.48172182188085,22.99947525752152,-16.482246564359333
2018-03-01 → 2019-03-01,8665.013949999768,31396.444360089477,17684.965984999737,13915.75757540359,39.68052987548166,23.099046257437436,-16.581483618044224
2018-03-02 → 2019-03-02,8665.013949999768,31396.444360089477,17731.67284484927,13941.729359079154,39.88600247006506,23.213301204033478,-16.67270126603158
2018-03-03 → 2019-03-03,8665.013949999768,31396.444360089477,17779.10197501802,13965.992495764422,40.0946524727842,23.320039478957426,-16.77461299382677
2018-03-04 → 2019-03-04,8665.013949999768,31396.444360089477,17829.06986228786,13991.174929140128,40.31447096360675,23.43082191948756,-16.883649044119192
2018-03-05 → 2019-03-05,8665.013949999768,31396.444360089477,17876.383417755358,14015.14506180229,40.52261253065261,23.53627121251367,-16.986341318138937
2018-03-06 → 2019-03-06,9365.89585383936,31396.444360089477,17923.63898234742,14039.326319544702,38.844893607983515,21.213409481745217,-17.6314841262383
2018-03-07 → 2019-03-07,10097.863393503589,31396.444360089477,17968.907372642614,14061.394019366104,36.95572015566413,18.609364783882405,-18.346355371781726
2018-03-08 → 2019-03-08,10208.325616879292,31396.444360089477,18012.483881147895,14083.68006971711,36.83270968438137,18.290224346036805,-18.542485338344566
2018-03-09 → 2019-03-09,10208.325616879292,31396.444360089477,18053.072727967847,14105.938254690502,37.02427386859172,18.395274658634875,-18.628999209956845
2018-03-10 → 2019-03-10,10208.325616879292,31396.444360089477,18093.61182236313,14129.818913873545,37.215603239955925,18.5079824429949,-18.707620796961024
2018-03-11 → 2019-03-11,10208.325616879292,31396.444360089477,18133.454521326967,14151.03417600916,37.40364588520777,18.6081105496604,-18.795535335547374
2018-03-12 → 2019-03-12,10208.325616879292,31396.444360089477,18175.538350841245,14178.751516285898,37.60226582888618,18.738926034568046,-18.863339794318136
2018-03-13 → 2019-03-13,10208.325616879292,31396.444360089477,18216.60213306209,14201.602263819812,37.796071530650075,18.846773020942127,-18.949298509707948
2018-03-14 → 2019-03-14,10208.325616879292,31396.444360089477,18257.673563941524,14225.819730380492,37.989913331223306,18.961070410220447,-19.02884292100286
2018-03-15 → 2019-03-15,10208.325616879292,31396.444360089477,18294.466307021317,14244.132909763019,38.16356132482625,19.047501771137735,-19.116059553688512
2018-03-16 → 2019-03-16,10208.325616879292,31396.444360089477,18329.903399760755,14266.417013818935,38.33081115558715,19.152674412116333,-19.178136743470816
2018-03-17 → 2019-03-17,10208.325616879292,31396.444360089477,18366.15878243581,14289.698001329902,38.5019230089539,19.26255197035131,-19.23937103860259
2018-03-18 → 2019-03-18,10208.325616879292,31396.444360089477,18400.324875595677,14308.0861184479,38.663174196819824,19.34933700936706,-19.313837187452766
2018-03-19 → 2019-03-19,10208.325616879292,31396.444360089477,18435.33169326136,14331.772698648123,38.828393290076505,19.461128813478094,-19.36726447659841
2018-03-20 → 2019-03-20,10208.325616879292,31396.444360089477,18471.113568632547,14357.481759051956,38.99727036597384,19.58246596811374,-19.4148043978601
2018-03-21 → 2019-03-21,10208.325616879292,31396.444360089477,18509.11245894632,14384.341001130111,39.17661092364346,19.70923155029532,-19.467379373348138
2018-03-22 → 2019-03-22,10208.325616879292,31396.444360089477,18546.924845993388,14409.312340366007,39.35507125561221,19.827086936790632,-19.527984318821577
2018-03-23 → 2019-03-23,10208.325616879292,31396.444360089477,18584.176871274878,14433.43083525452,39.530886889519905,19.940917216773567,-19.58996967274634
2018-03-24 → 2019-03-24,10208.325616879292,31396.444360089477,18621.839295287617,14459.033801040616,39.70863945202529,20.06175364447341,-19.64688580755188
2018-03-25 → 2019-03-25,10208.325616879292,31396.444360089477,18660.01936091801,14483.369247714869,39.88883508946303,20.176607855784887,-19.712227233678142
2018-03-26 → 2019-03-26,10208.325616879292,31396.444360089477,18697.388988920233,14507.407789978284,40.06520576425074,20.29006078926497,-19.77514497498577
2018-03-27 → 2019-03-27,10208.325616879292,31396.444360089477,18731.799384016296,14530.145350503888,40.227609965931414,20.397373575270997,-19.830236390660417
2018-03-28 → 2019-03-28,10208.325616879292,31396.444360089477,18765.05696476656,14550.88858159599,40.38457331484092,20.495273871864097,-19.889299442976824
2018-03-29 → 2019-03-29,10208.325616879292,31396.444360089477,18797.430051143692,14574.308874849994,40.5373621809478,20.605808901131432,-19.93155327981637
2018-03-30 → 2019-03-30,10208.325616879292,31396.444360089477,18825.766261745037,14587.112888985419,40.67109850244367,20.66623906149915,-20.004859440944518
2018-03-31 → 2019-03-31,10208.325616879292,31396.444360089477,18852.50781977411,14595.979988942297,40.797308659905816,20.70808845862753,-20.089220201278287
2018-04-01 → 2019-04-01,10208.325616879292,31396.444360089477,18879.058965852688,14606.935227167658,40.92262014414076,20.75979308780265,-20.16282705633811
2018-04-02 → 2019-04-02,10208.325616879292,31396.444360089477,18894.623393420894,14615.584913587449,40.996078424023175,20.800616374308735,-20.19546204971444
2018-04-03 → 2019-04-03,10208.325616879292,31396.444360089477,18910.85893084349,14629.281200281172,41.072704091546385,20.865257727605435,-20.20744636394095
2018-04-04 → 2019-04-04,10208.325616879292,31396.444360089477,18929.67231423389,14649.951066931848,41.161496228396324,20.96281177145985,-20.198684456936473
2018-04-05 → 2019-04-05,10208.325616879292,31396.444360089477,18943.661099218723,14658.989806092897,41.22751806428639,21.00547124147035,-20.222046822816043
2018-04-06 → 2019-04-06,10208.325616879292,31396.444360089477,18957.63606741106,14668.465420423412,41.29347469008081,21.05019259896959,-20.243282091111215
2018-04-07 → 2019-04-07,10208.325616879292,31396.444360089477,18968.95752613704,14673.927549512257,41.3469077431196,21.075971806435074,-20.270935936684527
2018-04-08 → 2019-04-08,10208.325616879292,31396.444360089477,18980.995489284043,14685.867828856068,41.403722429184455,21.132325461464674,-20.27139696771978
2018-04-09 → 2019-04-09,10208.325616879292,31396.444360089477,18994.606947957254,14700.417668306885,41.46796342593445,21.200995264702776,-20.266968161231674
2018-04-10 → 2019-04-10,10208.325616879292,31396.444360089477,19005.488310627738,14709.515519407269,41.519319390106446,21.243933720969917,-20.27538566913653
2018-04-11 → 2019-04-11,10208.325616879292,31396.444360089477,19019.503485890174,14720.531484816023,41.58546577824168,21.295924959749833,-20.289540818491844
2018-04-12 → 2019-04-12,10208.325616879292,31396.444360089477,19033.91514015078,14734.502078801042,41.653483399037874,21.361860940920867,-20.291622458117008
2018-04-13 → 2019-04-13,10208.325616879292,31396.444360089477,19053.18823572579,14765.544929869317,41.74444520555119,21.508371593633825,-20.236073611917362
2018-04-14 → 2019-04-14,10208.325616879292,31396.444360089477,19071.669388303722,14791.662225974545,41.83166933715964,21.631635468174824,-20.200033868984814
2018-04-15 → 2019-04-15,10208.325616879292,31396.444360089477,19091.72372899705,14818.981817242526,41.92631832858912,21.76057372644627,-20.165744602142848
2018-04-16 → 2019-04-16,10208.325616879292,31396.444360089477,19111.45487306592,14849.594207836311,42.019441952767366,21.905052766632863,-20.114389186134503
2018-04-17 → 2019-04-17,10208.325616879292,31396.444360089477,19129.779422765165,14875.72676337251,42.10592697732915,22.02838865998381,-20.077538317345336
2018-04-18 → 2019-04-18,10208.325616879292,31396.444360089477,19146.901995524146,14901.90436148437,42.186739120051676,22.15193713745423,-20.034801982597447
2018-04-19 → 2019-04-19,10208.325616879292,31396.444360089477,19165.079919105745,14932.22627034193,42.27253212414943,22.295045212432694,-19.977486911716735
2018-04-20 → 2019-04-20,10208.325616879292,31396.444360089477,19183.469944697084,14962.2795041534,42.35932617044593,22.436885241628776,-19.922440928817156
2018-04-21 → 2019-04-21,10208.325616879292,31396.444360089477,19204.1537388526,14997.01403307508,42.45694594691686,22.600819233799797,-19.856126713117064
2018-04-22 → 2019-04-22,10208.325616879292,31396.444360089477,19224.077423123308,15028.252973751485,42.55097828887309,22.748255356161607,-19.802722932711482
2018-04-23 → 2019-04-23,10208.325616879292,31396.444360089477,19242.307788192662,15059.164285450985,42.637018797189555,22.894145192225533,-19.74287360496402
2018-04-24 → 2019-04-24,10208.325616879292,31396.444360089477,19262.013738159603,15091.637111229491,42.730023514624676,23.04740479102268,-19.682618723601998
2018-04-25 → 2019-04-25,10208.325616879292,31396.444360089477,19286.991075404694,15127.968069125263,42.847907209481235,23.218873331179953,-19.629033878301282
2018-04-26 → 2019-04-26,10208.325616879292,31396.444360089477,19309.18902395125,15155.49571131836,42.952673228662,23.348793512045077,-19.603879716616923
2018-04-27 → 2019-04-27,10208.325616879292,31396.444360089477,19332.425796410454,15190.666403230565,43.062342108380975,23.514786030486462,-19.547556077894512
2018-04-28 → 2019-04-28,10208.325616879292,31396.444360089477,19355.071385635027,15221.58001600203,43.169220824226514,23.660686726749887,-19.508534097476627
2018-04-29 → 2019-04-29,10208.325616879292,31396.444360089477,19378.889561953267,15256.821565137143,43.2816337128218,23.827013664795796,-19.454620048026005
2018-04-30 → 2019-04-30,10208.325616879292,31396.444360089477,19401.69234789424,15290.078396571487,43.38925433840603,23.983973477214263,-19.40528086119177
2018-05-01 → 2019-05-01,10208.325616879292,31396.444360089477,19423.491046150466,15322.258654326011,43.49213604546278,24.13585226430496,-19.35628378115782
2018-05-02 → 2019-05-02,10208.325616879292,31396.444360089477,19444.03582128675,15354.891192027515,43.58909970413053,24.2898656436757,-19.299234060454832
2018-05-03 → 2019-05-03,10208.325616879292,31396.444360089477,19462.637063814753,15389.656970684748,43.676890615411715,24.453947122916862,-19.222943492494853
2018-05-04 → 2019-05-04,10208.325616879292,31396.444360089477,19481.929975912954,15426.821744606934,43.76794594850674,24.629350963024635,-19.138594985482108
2018-05-05 → 2019-05-05,10208.325616879292,31396.444360089477,19501.449596530136,15459.902933771124,43.860071261063986,24.785481809585946,-19.07458945147804
2018-05-06 → 2019-05-06,10422.000538627015,31396.444360089477,19521.56203777369,15494.04854021043,43.38404191597868,24.182038125813634,-19.202003790165044
2018-05-07 → 2019-05-07,10707.198871164717,31396.444360089477,19539.986044262652,15526.799840731344,42.692650042874924,23.295199296400764,-19.39745074647416
2018-05-08 → 2019-05-08,10760.738739443661,31396.444360089477,19556.79229742855,15559.861478582236,42.62540724163329,23.25640240931282,-19.36900483232047
2018-05-09 → 2019-05-09,10760.738739443661,31396.444360089477,19571.559567514396,15594.227752479335,42.696968982032764,23.42294032436583,-19.274028657666936
2018-05-10 → 2019-05-10,11064.96956217875,31396.444360089477,19585.135537419337,15630.2340638528,41.90628599218058,22.454172887365647,-19.45211310481493
2018-05-11 → 2019-05-11,11499.760738421191,31396.444360089477,19592.203168957036,15664.33767805487,40.67231798229354,20.931010508194877,-19.741307474098665
2018-05-12 → 2019-05-12,11499.760738421191,31396.444360089477,19599.107410735884,15696.165678374051,40.7070184475074,21.09097686703329,-19.61604158047411
2018-05-13 → 2019-05-13,11499.760738421191,31396.444360089477,19601.94316092194,15733.182454344831,40.72127082363187,21.27702182143196,-19.44424900219991
2018-05-14 → 2019-05-14,11532.59653702185,31396.444360089477,19604.866844811186,15771.7813291613,40.63799914141063,21.34120654718539,-19.29679259422524
2018-05-15 → 2019-05-15,11748.881065347285,31396.444360089477,19606.615346219056,15808.710297803533,39.993429022185914,20.663270918397718,-19.330158103788197
2018-05-16 → 2019-05-16,11748.881065347285,31396.444360089477,19609.179823850696,15844.80417689448,40.006481417504205,20.84697756206384,-19.159503855440363
2018-05-17 → 2019-05-17,11748.881065347285,31396.444360089477,19613.66141394943,15881.143790704135,40.02929132034815,21.03193491919005,-18.9973564011581
2018-05-18 → 2019-05-18,11748.881065347285,31396.444360089477,19617.26386828382,15916.18663992621,40.047626694971186,21.210292146986607,-18.83733454798458
2018-05-19 → 2019-05-19,11748.881065347285,31396.444360089477,19617.317741542916,15955.879787231463,40.047900893141666,21.412317948913273,-18.635582944228393
2018-05-20 → 2019-05-20,11748.881065347285,31396.444360089477,19618.350822525957,15994.260260155752,40.05315895475238,21.607662645599195,-18.44549630915318
2018-05-21 → 2019-05-21,11906.71357595092,31396.444360089477,19620.472323883245,16035.848145593405,39.57858029629665,21.186206291792,-18.39237400450465
2018-05-22 → 2019-05-22,11908.140809060415,31396.444360089477,19623.572496361012,16074.175388183065,39.590063173524356,21.37710226143653,-18.212960912087826
2018-05-23 → 2019-05-23,11908.140809060415,31396.444360089477,19624.047988335777,16109.827551436567,39.59250305739378,21.560043599353136,-18.03245945804064
2018-05-24 → 2019-05-24,11908.140809060415,31396.444360089477,19621.927360077123,16142.71898317085,39.58162151373811,21.72881884265822,-17.852802671079893
2018-05-25 → 2019-05-25,11908.140809060415,31396.444360089477,19619.753224121163,16180.26124623369,39.57046540694684,21.921458817525906,-17.64900658942093
2018-05-26 → 2019-05-26,11452.753156563938,31396.444360089477,19614.248910132526,16215.381513117847,40.92269415064872,23.880375543078994,-17.042318607569722
2018-05-27 → 2019-05-27,11342.00058454483,31396.444360089477,19607.944406899845,16250.312883338127,41.217517248894744,24.47493609759812,-16.742581151296623
2018-05-28 → 2019-05-28,11342.00058454483,31396.444360089477,19602.047430599792,16286.549305073811,41.188112412909,24.65562633334464,-16.53248607956436
2018-05-29 → 2019-05-29,11342.00058454483,31396.444360089477,19595.19031282396,16318.975951578828,41.15391990249795,24.817319406799808,-16.33660049569814
2018-05-30 → 2019-05-30,11342.00058454483,31396.444360089477,19591.56531918852,16359.761932125166,41.13584413995868,25.02069568092053,-16.11514845903815
2018-05-31 → 2019-05-31,11342.00058454483,31396.444360089477,19586.44911836916,16396.678435581307,41.110332583135545,25.20477709384487,-15.905555489290673
2018-06-01 → 2019-06-01,11342.00058454483,31396.444360089477,19581.853765870746,16436.339081985607,41.08741819792573,25.402541972533076,-15.684876225392653
2018-06-02 → 2019-06-02,11342.00058454483,31396.444360089477,19576.765755138797,16476.131293348702,41.062047208887606,25.60096289015344,-15.461084318734166
2018-06-03 → 2019-06-03,11342.00058454483,31396.444360089477,19574.419935956583,16517.747557954826,41.050349955109496,25.808479314303145,-15.24187064080635
2018-06-04 → 2019-06-04,11342.00058454483,31396.444360089477,19574.662079970527,16559.62077986736,41.05155738831809,26.01727703704825,-15.034280351269839
2018-06-05 → 2019-06-05,11342.00058454483,31396.444360089477,19573.202523642572,16598.151630740253,41.04427941868557,26.20940827391595,-14.834871144769618
2018-06-06 → 2019-06-06,11342.00058454483,31396.444360089477,19572.438270767554,16640.82379700582,41.040468528273585,26.42218987356124,-14.618278654712345
2018-06-07 → 2019-06-07,11342.00058454483,31396.444360089477,19570.777395835135,16683.237217086047,41.03218669831607,26.633681254498704,-14.398505443817363
2018-06-08 → 2019-06-08,11342.00058454483,31396.444360089477,19569.548068713866,16725.852689191935,41.026056749587354,26.846180152911707,-14.179876596675648
2018-06-09 → 2019-06-09,11342.00058454483,31396.444360089477,19569.494244960566,16768.046196778145,41.0257883614241,27.05657495646972,-13.969213404954377
2018-06-10 → 2019-06-10,11342.00058454483,31396.444360089477,19567.516809608333,16810.004993945084,41.01592802635639,27.26579939388895,-13.75012863246744
2018-06-11 → 2019-06-11,11342.00058454483,31396.444360089477,19561.494751621703,16839.12197672364,40.98589947979569,27.410989074063792,-13.574910405731899
2018-06-12 → 2019-06-12,11342.00058454483,31396.444360089477,19555.14261401577,16876.043001702717,40.95422501563689,27.5950930332277,-13.359131982409188
2018-06-13 → 2019-06-13,11342.00058454483,31396.444360089477,19546.46744965493,16904.65723881855,40.910966950452256,27.737775809354975,-13.17319114109728
2018-06-14 → 2019-06-14,11342.00058454483,31396.444360089477,19534.555610177307,16929.065649314758,40.85156944428881,27.85948654224488,-12.992082902043933
2018-06-15 → 2019-06-15,11298.688400687653,31396.444360089477,19524.214651614086,16964.51030808782,40.92758548537601,28.191316079493294,-12.736269405882712
2018-06-16 → 2019-06-16,11087.068179535721,31396.444360089477,19511.813756406445,16991.868374680194,41.48204997521009,29.07425684890471,-12.407793126305378
2018-06-17 → 2019-06-17,10705.982243800578,31396.444360089477,19499.000288746396,17023.58111487954,42.497929700774414,30.5338703194325,-11.964059381341915
2018-06-18 → 2019-06-18,10705.982243800578,31396.444360089477,19486.844599230648,17053.88713747203,42.439179492840786,30.68034371583204,-11.758835777008745
2018-06-19 → 2019-06-19,10705.982243800578,31396.444360089477,19475.51429833522,17091.895472972818,42.38441850764989,30.864043506040527,-11.520375001609363
2018-06-20 → 2019-06-20,10474.802060111992,31396.444360089477,19463.551178291174,17129.040414019244,42.963879170178025,31.80552586884832,-11.158353301329704
2018-06-21 → 2019-06-21,9917.204911992623,31396.444360089477,19450.18895166779,17166.83906219071,44.382316528064166,33.75181960104473,-10.630496927019436
2018-06-22 → 2019-06-22,9358.655780810835,31396.444360089477,19435.102967663355,17204.068286955087,45.72349512567268,35.599817458640196,-10.123677667032482
2018-06-23 → 2019-06-23,9264.03907764088,31396.444360089477,19415.324918147864,17224.173211109828,45.8661664241127,35.96596949985133,-9.900196924261365
2018-06-24 → 2019-06-24,9087.433635399864,31396.444360089477,19395.901614743274,17250.559304488586,46.20764276174255,36.591159374245606,-9.616483387496942
2018-06-25 → 2019-06-25,8527.865434626821,31396.444360089477,19374.74972927386,17275.885657588096,47.43138753833867,38.253449204143294,-9.177938334195375
2018-06-26 → 2019-06-26,7773.957759032041,31396.444360089477,19352.22894062029,17305.03360952293,49.013769706487885,40.34747065985948,-8.666299046628403
2018-06-27 → 2019-06-27,7773.957759032041,31396.444360089477,19332.002740889344,17329.194936533815,48.92814705349402,40.44975170850152,-8.4783953449925
2018-06-28 → 2019-06-28,7773.957759032041,31396.444360089477,19309.60654813912,17355.782408616476,48.83333826757551,40.562303246922006,-8.271035020653507
2018-06-29 → 2019-06-29,7773.957759032041,31396.444360089477,19285.84517671631,17372.450994364088,48.73275033276535,40.63286561416604,-8.099884718599306
2018-06-30 → 2019-06-30,7773.957759032041,31396.444360089477,19267.124020624233,17403.49596102916,48.653498912674635,40.76428686201927,-7.889212050655367
2018-07-01 → 2019-07-01,7773.957759032041,31396.444360089477,19250.11909250863,17437.873566872466,48.58151272255509,40.9098160199944,-7.671696702560688
2018-07-02 → 2019-07-02,7773.957759032041,31396.444360089477,19232.547030004727,17471.174305486264,48.50712570817907,41.050786524819685,-7.456339183359383
2018-07-03 → 2019-07-03,7773.957759032041,31396.444360089477,19214.06192614416,17511.710125385707,48.42887355728256,41.222384970758185,-7.206488586524372
2018-07-04 → 2019-07-04,7773.957759032041,31396.444360089477,19196.461693400506,17547.7034420847,48.354367291109604,41.37475384414081,-6.979613446968791
2018-07-05 → 2019-07-05,7773.957759032041,31396.444360089477,19179.776240180392,17586.896457129245,48.28373351956005,41.540667855254235,-6.743065664305817
2018-07-06 → 2019-07-06,7773.957759032041,31396.444360089477,19162.34590882093,17624.614743946047,48.20994648920279,41.700338966318014,-6.509607522884778
2018-07-07 → 2019-07-07,7773.957759032041,31396.444360089477,19144.78814099409,17664.556935571385,48.135619987834154,41.86942443263615,-6.266195555198003
2018-07-08 → 2019-07-08,7773.957759032041,31396.444360089477,19126.41550551167,17707.54453531673,48.057843944216486,42.05140188687851,-6.006442057337978
2018-07-09 → 2019-07-09,7773.957759032041,31396.444360089477,19107.386184268253,17748.761029924837,47.97728798258217,42.225881802156614,-5.751406180425555
2018-07-10 → 2019-07-10,7773.957759032041,31396.444360089477,19088.954174499893,17789.627341970423,47.89926059249558,42.39887930549209,-5.500381287003492
2018-07-11 → 2019-07-11,7773.957759032041,31396.444360089477,19069.83823442062,17822.561002933846,47.81833795127618,42.53829587716642,-5.280042074109758
2018-07-12 → 2019-07-12,7773.957759032041,31396.444360089477,19050.12802740085,17860.199885257236,47.73489962679899,42.69763084879343,-5.037268778005561
2018-07-13 → 2019-07-13,7773.957759032041,31396.444360089477,19029.84894740581,17891.43877479502,47.649053118184064,42.829873021539065,-4.819180096644999
2018-07-14 → 2019-07-14,7773.957759032041,31396.444360089477,19012.41459303903,17925.925570496336,47.57524905741257,42.97586440798257,-4.59938464943
2018-07-15 → 2019-07-15,7773.957759032041,31396.444360089477,18993.740382749078,17961.765837554754,47.49619637085452,43.12758538327064,-4.368610987583878
2018-07-16 → 2019-07-16,7773.957759032041,31396.444360089477,18979.544795193902,18000.282370445053,47.43610283457735,43.290635673194714,-4.1454671613826335
2018-07-17 → 2019-07-17,7773.957759032041,31396.444360089477,18967.071315287863,18047.77697741847,47.38329941842267,43.491692436504685,-3.891606981917988
2018-07-18 → 2019-07-18,7773.957759032041,31396.444360089477,18955.331696591056,18103.754649020077,47.33360262360565,43.728660172149844,-3.6049424514558055
2018-07-19 → 2019-07-19,7773.957759032041,31396.444360089477,18944.231359828496,18152.931800261693,47.28661207197565,43.93683957371807,-3.349772498257579
2018-07-20 → 2019-07-20,7773.957759032041,31396.444360089477,18932.793273043637,18202.95805956095,47.23819173851106,44.14861346587479,-3.089578272636274
2018-07-21 → 2019-07-21,7773.957759032041,31396.444360089477,18921.305458267172,18250.173989628744,47.189560893797406,44.3484905188929,-2.841070374904504
2018-07-22 → 2019-07-22,7773.957759032041,31396.444360089477,18910.91482240033,18300.451199489788,47.1455746867468,44.561326748668954,-2.5842479380778443
2018-07-23 → 2019-07-23,7773.957759032041,31396.444360089477,18901.68175411809,18349.74170894582,47.10648875799522,44.76998602441949,-2.3365027335757347
2018-07-24 → 2019-07-24,7773.957759032041,31396.444360089477,18894.172957680752,18403.56812760138,47.07470211095781,44.997846958641155,-2.0768551523166536
2018-07-25 → 2019-07-25,7773.957759032041,31396.444360089477,18889.243286755704,18460.595723761187,47.05383355885192,45.23925929224898,-1.8145742666029392
2018-07-26 → 2019-07-26,7773.957759032041,31396.444360089477,18883.710327150682,18507.10243569881,47.03041113216813,45.43613404435717,-1.5942770878109656
2018-07-27 → 2019-07-27,7773.957759032041,31396.444360089477,18878.108667980523,18553.40139192144,47.00669788273439,45.6321293136298,-1.3745685691045963
2018-07-28 → 2019-07-28,7773.957759032041,31396.444360089477,18873.35228066474,18605.740644502435,46.986562884264046,45.85369469522959,-1.132868189034454
2018-07-29 → 2019-07-29,7773.957759032041,31396.444360089477,18868.74089854342,18654.95224911691,46.96704172969975,46.06201994669685,-0.9050217830029013
2018-07-30 → 2019-07-30,7773.957759032041,31396.444360089477,18864.033923424402,18704.360970280646,46.94711590563851,46.271179642702464,-0.6759362629360481
2018-07-31 → 2019-07-31,7773.957759032041,31396.444360089477,18857.761232890738,18752.86937962548,46.92056200960039,46.47652808956184,-0.44403392003854947
2018-08-01 → 2019-08-01,7773.957759032041,31396.444360089477,18848.663800871345,18798.108102165603,46.88205026368205,46.668035119723925,-0.21401514395812882
2018-08-02 → 2019-08-02,7773.957759032041,31396.444360089477,18838.64559806632,18847.415217342008,46.83964066060251,46.87676469171656,0.03712403111404683
2018-08-03 → 2019-08-03,7773.957759032041,31396.444360089477,18827.69606699015,18897.82146492754,46.793288507837694,47.090147171033,0.29685866319530874
2018-08-04 → 2019-08-04,7773.957759032041,31396.444360089477,18815.699464564797,18947.384729734677,46.74250383547041,47.299961089627494,0.5574572541570859
2018-08-05 → 2019-08-05,7773.957759032041,31396.444360089477,18799.85394197877,18992.991867356694,46.675425704138895,47.493027714628674,0.8176020104897788
2018-08-06 → 2019-08-06,7773.957759032041,31396.444360089477,18784.915001413774,19044.393275092592,46.612185365315604,47.71062296022656,1.0984375949109548
2018-08-07 → 2019-08-07,7773.957759032041,31396.444360089477,18768.319615610057,19093.879769148276,46.54193287207057,47.92011188868453,1.378179016613963
2018-08-08 → 2019-08-08,7773.957759032041,31396.444360089477,18750.56333982216,19141.10317058712,46.466766035963225,48.1200205699185,1.6532545339552769
2018-08-09 → 2019-08-09,7773.957759032041,31396.444360089477,18730.009444305888,19181.309204848036,46.37975616327966,48.29022294928662,1.910466786006964
2018-08-10 → 2019-08-10,7773.957759032041,31396.444360089477,18712.51849033578,19234.228556677524,46.30571250197718,48.51424403869691,2.2085315367197254
2018-08-11 → 2019-08-11,7773.957759032041,31396.444360089477,18691.685044632974,19273.315939099633,46.217519222181345,48.679710880025794,2.46219165784445
2018-08-12 → 2019-08-12,7773.957759032041,31396.444360089477,18672.40983107232,19322.21054806911,46.13592233576469,48.8866942082216,2.750771872456909
2018-08-13 → 2019-08-13,7773.957759032041,31396.444360089477,18654.284255561714,19369.180054010907,46.059192159908456,49.0855280851755,3.026335925267041
2018-08-14 → 2019-08-14,7773.957759032041,31396.444360089477,18637.934933368477,19415.189563727647,45.98998131657368,49.28029805369642,3.290316737122737
2018-08-15 → 2019-08-15,7773.957759032041,31396.444360089477,18620.25909926957,19459.90617623596,45.91515501061605,49.469594859166136,3.554439848550089
2018-08-16 → 2019-08-16,7773.957759032041,31396.444360089477,18603.023297347067,19508.22364166666,45.84219147289208,49.6741349918232,3.8319435189311193
2018-08-17 → 2019-08-17,7773.957759032041,31396.444360089477,18586.35852706755,19556.249740171006,45.7716452574959,49.87744169409982,4.105796436603924
2018-08-18 → 2019-08-18,7773.957759032041,31396.444360089477,18571.1742704471,19611.09385664733,45.707366433353094,50.109610802299756,4.402244368946661
2018-08-19 → 2019-08-19,7773.957759032041,31396.444360089477,18553.58008241594,19658.559231373438,45.632885755987104,50.31054381806441,4.677658062077306
2018-08-20 → 2019-08-20,7773.957759032041,31396.444360089477,18536.85120357601,19710.67364819454,45.56206815273283,50.53115741265005,4.969089259917226
2018-08-21 → 2019-08-21,7773.957759032041,31396.444360089477,18520.355690953707,19756.696077457233,45.492238448092145,50.72598207289827,5.233743624806124
2018-08-22 → 2019-08-22,7773.957759032041,31396.444360089477,18505.145570421326,19810.954235748155,45.42785013542526,50.95567067091612,5.527820535490861
2018-08-23 → 2019-08-23,7773.957759032041,31396.444360089477,18488.455489745513,19860.040806721863,45.3571967746776,51.163466623148814,5.806269848471217
2018-08-24 → 2019-08-24,7773.957759032041,31396.444360089477,18473.453221152613,19914.588542643265,45.29368835218905,51.394381077002116,6.100692724813065
2018-08-25 → 2019-08-25,7773.957759032041,31396.444360089477,18459.710633440143,19971.084066417567,45.235512479578524,51.63354101273798,6.398028533159454
2018-08-26 → 2019-08-26,7773.957759032041,31396.444360089477,18445.571877129736,20025.9825208953,45.17565952442954,51.865940147532186,6.690280623102645
2018-08-27 → 2019-08-27,7773.957759032041,31396.444360089477,18431.60080170196,20079.40669907911,45.1165164051478,52.09209829542767,6.975581890279869
2018-08-28 → 2019-08-28,7773.957759032041,31396.444360089477,18419.746449031627,20136.940085219434,45.06633391220989,52.3356517667957,7.2693178545858075
2018-08-29 → 2019-08-29,7773.957759032041,31396.444360089477,18410.04014464692,20196.757046732328,45.02524465455201,52.588872194107594,7.563627539555583
2018-08-30 → 2019-08-30,7773.957759032041,31396.444360089477,18399.72081449879,20251.65129170724,44.981560302762944,52.82125350900463,7.839693206241684
2018-08-31 → 2019-08-31,7773.957759032041,31396.444360089477,18388.9496743692,20306.760891984406,44.935963324292835,53.05454647772494,8.118583153432105
2018-09-01 → 2019-09-01,7773.957759032041,31396.444360089477,18378.04319794302,20364.18286730509,44.889793432823026,53.29762831872857,8.407834885905544
2018-09-02 → 2019-09-02,7773.957759032041,31396.444360089477,18366.383978548958,20423.45263934399,44.840436988723944,53.548532353684166,8.708095364960222
2018-09-03 → 2019-09-03,7773.957759032041,31396.444360089477,18354.61780976315,20481.39650828202,44.790627800620605,53.79382350324264,9.003195702622037
2018-09-04 → 2019-09-04,7773.957759032041,31396.444360089477,18342.80184032172,20537.516230805464,44.74060779366291,54.0313925766057,9.290784782942787
2018-09-05 → 2019-09-05,7773.957759032041,31396.444360089477,18331.497140567804,20595.65835671476,44.69275212146026,54.277522998399206,9.584770876938947
2018-09-06 → 2019-09-06,7773.957759032041,31396.444360089477,18317.710669036893,20644.279671937955,44.63439047747358,54.48334940458719,9.848958927113607
2018-09-07 → 2019-09-07,7773.957759032041,31396.444360089477,18301.633905617266,20696.17836252433,44.56633344482018,54.70304977509793,10.13671633027775
2018-09-08 → 2019-09-08,7773.957759032041,31396.444360089477,18285.2534965366,20751.43338386277,44.49699100277628,54.93695834819442,10.439967345418147
2018-09-09 → 2019-09-09,7773.957759032041,31396.444360089477,18267.541408420286,20802.87958921453,44.4220112243328,55.154743233505584,10.732732009172786
2018-09-10 → 2019-09-10,7773.957759032041,31396.444360089477,18250.909853433983,20859.806932283343,44.351605617729305,55.39573117025507,11.044125552525763
2018-09-11 → 2019-09-11,7773.957759032041,31396.444360089477,18234.44865481617,20917.12640036961,44.28192117300587,55.638379072037345,11.356457899031476
2018-09-12 → 2019-09-12,7773.957759032041,31396.444360089477,18217.193782609145,20973.46851717703,44.208876905912284,55.876889597025425,11.668012691113141
2018-09-13 → 2019-09-13,7773.957759032041,31396.444360089477,18200.42397341322,21031.566082478963,44.137886034040335,56.122831382422966,11.984945348382631
2018-09-14 → 2019-09-14,7773.957759032041,31396.444360089477,18184.69484450403,21092.920790701042,44.07130062677636,56.38256148306077,12.311260856284406
2018-09-15 → 2019-09-15,7773.957759032041,31396.444360089477,18169.136771071913,21151.448006356026,44.00543934089709,56.63032208779052,12.624882746893427
2018-09-16 → 2019-09-16,7773.957759032041,31396.444360089477,18153.89367551212,21210.77387670175,43.94091143654383,56.881463601161386,12.940552164617557
2018-09-17 → 2019-09-17,7773.957759032041,31396.444360089477,18138.640618744823,21269.18773111076,43.8763413638631,57.12874431887547,13.252402955012371
2018-09-18 → 2019-09-18,7773.957759032041,31396.444360089477,18121.87344623085,21322.97865488972,43.80536165373714,57.356454994247606,13.55109334051047
2018-09-19 → 2019-09-19,7773.957759032041,31396.444360089477,18105.38879345339,21383.288611829266,43.735577921584564,57.61176239671575,13.876184475131183
2018-09-20 → 2019-09-20,7773.957759032041,31396.444360089477,18089.455575535947,21443.268467063135,43.66812855358819,57.865672394620816,14.197543841032626
2018-09-21 → 2019-09-21,7773.957759032041,31396.444360089477,18074.771694461073,21505.195675155617,43.605967946524,58.12782603296688,14.521858086442883
2018-09-22 → 2019-09-22,7773.957759032041,31396.444360089477,18061.435428635246,21569.978790294343,43.549512137908025,58.40206945294547,14.852557315037444
2018-09-23 → 2019-09-23,7773.957759032041,31396.444360089477,18048.877545456067,21629.17699853914,43.49635142120932,58.652670540140704,15.156319118931386
2018-09-24 → 2019-09-24,7773.957759032041,31396.444360089477,18039.836734299297,21689.208971491746,43.45807936581797,58.90680116561819,15.448721799800218
2018-09-25 → 2019-09-25,7773.957759032041,31396.444360089477,18030.724905353127,21747.12991234305,43.41950667404317,59.15199525474814,15.732488580704967
2018-09-26 → 2019-09-26,7773.957759032041,31396.444360089477,18021.909040130166,21804.48865597807,43.382186872060224,59.39480941992774,16.012622547867515
2018-09-27 → 2019-09-27,7773.957759032041,31396.444360089477,18013.009378672166,21866.203406992023,43.34451233928009,59.65606367336941,16.311551334089323
2018-09-28 → 2019-09-28,7773.957759032041,31396.444360089477,18005.406682037545,21931.672545428257,43.312328188800855,59.933211204625934,16.62088301582508
2018-09-29 → 2019-09-29,7773.957759032041,31396.444360089477,17998.033464093452,21991.743828904364,43.28111548004325,60.187508241557765,16.906392761514518
2018-09-30 → 2019-09-30,7773.957759032041,31396.444360089477,17989.527074505335,22052.41161549801,43.24510576721421,60.44433042805413,17.199224660839917
2018-10-01 → 2019-10-01,7773.957759032041,31396.444360089477,17981.018553078728,22114.476782054473,43.209087029770096,60.70706807970204,17.497981049931944
2018-10-02 → 2019-10-02,7773.957759032041,31396.444360089477,17972.052470723534,22175.52161442657,43.171131320421566,60.96548639697337,17.794355076551803
2018-10-03 → 2019-10-03,7773.957759032041,31396.444360089477,17963.174977135182,22236.59673515874,43.13355062987752,61.224032932584215,18.090482302706697
2018-10-04 → 2019-10-04,7773.957759032041,31396.444360089477,17954.369415806315,22298.097947067246,43.09627444690162,61.48438322062609,18.388108773724475
2018-10-05 → 2019-10-05,7773.957759032041,31396.444360089477,17946.184648559614,22362.479343982257,43.061626243327936,61.75692606508739,18.695299821759455
2018-10-06 → 2019-10-06,7773.957759032041,31396.444360089477,17939.478892428957,22426.108216236717,43.03323907036047,62.02628328106994,18.993044210709463
2018-10-07 → 2019-10-07,7773.957759032041,31396.444360089477,17930.982939752255,22488.39660063553,42.997273539634676,62.289965870675154,19.292692331040477
2018-10-08 → 2019-10-08,7773.957759032041,31396.444360089477,17922.722137360703,22551.9356844409,42.962303459934496,62.55894298929283,19.596639529358335
2018-10-09 → 2019-10-09,7773.957759032041,31396.444360089477,17913.13032294074,22616.15973728132,42.92169886744619,62.83081975622703,19.90912088878084
2018-10-10 → 2019-10-10,7773.957759032041,31396.444360089477,17903.524001423502,22679.41247319788,42.88103286272167,63.09858469132802,20.217551828606354
2018-10-11 → 2019-10-11,7773.957759032041,31396.444360089477,17894.63574370161,22741.990175083294,42.843406604859815,63.363492035513424,20.52008543065361
2018-10-12 → 2019-10-12,7773.957759032041,31396.444360089477,17883.100435018674,22798.282330244958,42.794574706348264,63.601791060134914,20.80721635378665
2018-10-13 → 2019-10-13,7773.957759032041,31396.444360089477,17871.92610149375,22863.322447145903,42.74727090758382,63.87712243400491,21.129851526421092
2018-10-14 → 2019-10-14,7773.957759032041,31396.444360089477,17860.57693127359,22928.013746076816,42.6992269805755,64.15097717259968,21.45175019202418
2018-10-15 → 2019-10-15,7773.957759032041,31396.444360089477,17849.866924654616,22992.47585628225,42.65388879582024,64.42386169696871,21.769972901148478
2018-10-16 → 2019-10-16,7773.957759032041,31396.444360089477,17841.595264228596,23063.828320478864,42.61887275129574,64.7259148440469,22.107042092751158
2018-10-17 → 2019-10-17,7773.957759032041,31396.444360089477,17833.159517863627,23129.374702478148,42.58316208921586,65.0033893669718,22.42022727775594
2018-10-18 → 2019-10-18,7773.957759032041,31396.444360089477,17825.078915467424,23194.298131388558,42.54895484197441,65.27822677086942,22.729271928895017
2018-10-19 → 2019-10-19,7773.957759032041,31396.444360089477,17816.738552233932,23258.960244665755,42.51364796097434,65.55195795916144,23.038309998187103
2018-10-20 → 2019-10-20,7773.957759032041,31396.444360089477,17807.19850951792,23324.715264328875,42.473262531289784,65.83031569843591,23.357053167146127
2018-10-21 → 2019-10-21,7773.957759032041,31396.444360089477,17797.834947041916,23391.66732987119,42.43362418739256,66.11374083768149,23.68011665028893
2018-10-22 → 2019-10-22,7773.957759032041,31396.444360089477,17789.274552053295,23457.97997167687,42.39738585595358,66.39445913345443,23.997073277500853
2018-10-23 → 2019-10-23,7773.957759032041,31396.444360089477,17783.271668999114,23524.258630102366,42.37197412366832,66.67503356892699,24.30305944525867
2018-10-24 → 2019-10-24,7773.957759032041,31396.444360089477,17777.206494026264,23590.723571650782,42.346298693832,66.95639658828601,24.610097894454015
2018-10-25 → 2019-10-25,7773.957759032041,31396.444360089477,17766.169427430163,23658.123579015934,42.29957598092502,67.24171797931237,24.94214199838735
2018-10-26 → 2019-10-26,7773.957759032041,31396.444360089477,17753.03253544775,23725.0840536057,42.243964172548225,67.52517871619672,25.281214543648495
2018-10-27 → 2019-10-27,7773.957759032041,31396.444360089477,17738.95410168815,23792.63193921175,42.18436657811475,67.81112611346619,25.62675953535144
2018-10-28 → 2019-10-28,7773.957759032041,31396.444360089477,17725.643961001635,23860.461814097278,42.128021363864875,68.09826724314934,25.970245879284462
2018-10-29 → 2019-10-29,7773.957759032041,31396.444360089477,17711.967114766972,23928.379799781218,42.0701237916675,68.38578136827492,26.31565757660742
2018-10-30 → 2019-10-30,7773.957759032041,31396.444360089477,17698.096012740483,23993.505185328846,42.01140388524635,68.66147370603548,26.650069820789128
2018-10-31 → 2019-10-31,7773.957759032041,31396.444360089477,17684.378009666318,24062.801851483728,41.95333208566894,68.95482413660268,27.00149205093374
2018-11-01 → 2019-11-01,7773.957759032041,31396.444360089477,17670.58588000336,24132.84659446816,41.89494648936877,69.2513413668476,27.356394877478827
2018-11-02 → 2019-11-02,7773.957759032041,31396.444360089477,17656.889161201765,24202.97214117741,41.83696479153606,69.54820065983208,27.711235868296015
2018-11-03 → 2019-11-03,7773.957759032041,31396.444360089477,17643.516523311006,24272.36133298611,41.78035501070901,69.84194277504865,28.06158776433964
2018-11-04 → 2019-11-04,7773.957759032041,31396.444360089477,17629.379484571757,24341.472927755884,41.72050932647602,70.13450975132403,28.414000424848012
2018-11-05 → 2019-11-05,7773.957759032041,31396.444360089477,17616.10601231159,24413.160054268094,41.66431933901055,70.4379796091882,28.773660270177658
2018-11-06 → 2019-11-06,7773.957759032041,31396.444360089477,17602.640815897175,24482.197075822547,41.60731773438772,70.73023089805702,29.122913163669295
2018-11-07 → 2019-11-07,7773.957759032041,31396.444360089477,17589.88587547103,24552.698713661375,41.55332282419239,71.02868228054471,29.475359456352322
2018-11-08 → 2019-11-08,7773.957759032041,31396.444360089477,17578.935823908814,24623.483960769874,41.50696846807763,71.32833425327705,29.82136578519942
2018-11-09 → 2019-11-09,7773.957759032041,31396.444360089477,17567.299748363628,24690.847726818345,41.45770999778321,71.61350222558296,30.15579222779975
2018-11-10 → 2019-11-10,7773.957759032041,31396.444360089477,17554.360028919287,24759.415511887837,41.40293287095964,71.90376711694466,30.500834245985025
2018-11-11 → 2019-11-11,7773.957759032041,31396.444360089477,17542.7111590023,24830.77731138706,41.35362023883198,72.20585978273553,30.85223954390355
2018-11-12 → 2019-11-12,7773.957759032041,31396.444360089477,17530.67188373338,24901.23253153834,41.30265492145348,72.50411466733402,31.20145974588054
2018-11-13 → 2019-11-13,7773.957759032041,31396.444360089477,17518.61073608366,24972.04004390604,41.25159701271843,72.80386089457723,31.5522638818588
2018-11-14 → 2019-11-14,7773.957759032041,31396.444360089477,17506.623268135718,25042.245500329915,41.20085100891963,73.10105846572849,31.900207456808857
2018-11-15 → 2019-11-15,7773.957759032041,31396.444360089477,17489.881513510223,25096.375807347493,41.12997889918692,73.3302058367557,32.20022693756877
2018-11-16 → 2019-11-16,7773.957759032041,31396.444360089477,17472.778871724357,25167.90756956735,41.057579062223525,73.63301799801502,32.575438935791496
2018-11-17 → 2019-11-17,7773.957759032041,31396.444360089477,17455.190263648492,25238.52914568213,40.98312200622893,73.93197710976077,32.948855103531834
2018-11-18 → 2019-11-18,7773.957759032041,31396.444360089477,17438.910079614394,25310.804519474375,40.91420384232416,74.2379371681274,33.32373332580324
2018-11-19 → 2019-11-19,7773.957759032041,31396.444360089477,17423.389626329852,25385.246800656343,40.84850181210756,74.55307029716317,33.70456848505562
2018-11-20 → 2019-11-20,7773.957759032041,31396.444360089477,17400.204584378927,25425.55393205368,40.750353626683726,74.7237006464488,33.97334701976508
2018-11-21 → 2019-11-21,7773.957759032041,31396.444360089477,17372.814654563845,25445.34520445102,40.634405080378464,74.80748214130826,34.17307706092979
2018-11-22 → 2019-11-22,7773.957759032041,31396.444360089477,17350.300007744478,25481.460212485144,40.5390948482272,74.96036616509477,34.42127131686757
2018-11-23 → 2019-11-23,7773.957759032041,31396.444360089477,17324.113958985195,25500.433793397104,40.42824263693582,75.04068616371468,34.61244352677886
2018-11-24 → 2019-11-24,7773.957759032041,31396.444360089477,17299.77407017571,25518.38977775324,40.32520569073899,75.11669841703662,34.791492726297626
2018-11-25 → 2019-11-25,7773.957759032041,31396.444360089477,17266.264125774473,25495.440170448324,40.18334956455227,75.01954688641034,34.836197321858066
2018-11-26 → 2019-11-26,7773.957759032041,31396.444360089477,17235.169115531236,25484.960762746985,40.051716469491716,74.97518488558326,34.923468416091545
2018-11-27 → 2019-11-27,7773.957759032041,31396.444360089477,17197.63033892542,25450.839139445394,39.89280527085383,74.83073936687963,34.9379340960258
2018-11-28 → 2019-11-28,7773.957759032041,31396.444360089477,17162.024681767383,25423.67489775149,39.74207745900508,74.71574621585087,34.97366875684579
2018-11-29 → 2019-11-29,7773.957759032041,31396.444360089477,17132.367354143094,25433.54515428179,39.616530440500426,74.75752952468278,35.140999084182354
2018-11-30 → 2019-11-30,7773.957759032041,31396.444360089477,17104.072071690007,25445.696980779067,39.496749305978284,74.80897130006613,35.31222199408785
2018-12-01 → 2019-12-01,7773.957759032041,31396.444360089477,17072.141573472385,25435.98295242429,39.3615793776093,74.76784934487645,35.40626996726715
2018-12-02 → 2019-12-02,7773.957759032041,31396.444360089477,17043.60817689185,25440.597145334083,39.24079024536249,74.78738239822395,35.546592152861464
2018-12-03 → 2019-12-03,7773.957759032041,31396.444360089477,17014.34272008953,25441.041930699696,39.11690211581644,74.78926528791769,35.67236317210125
2018-12-04 → 2019-12-04,7773.957759032041,31396.444360089477,16981.133017094526,25418.92696198486,38.9763169879429,74.6956469949398,35.719330006996906
2018-12-05 → 2019-12-05,7773.957759032041,31396.444360089477,16947.850516361774,25400.865789658917,38.83542368871139,74.61918945416113,35.78376576544974
2018-12-06 → 2019-12-06,7773.957759032041,31396.444360089477,16910.460175262793,25364.82997129381,38.67714085536518,74.46664066040503,35.78949980503985
2018-12-07 → 2019-12-07,7773.957759032041,31396.444360089477,16869.03358969284,25307.223037202184,38.50177157155703,74.22277584183405,35.72100427027702
2018-12-08 → 2019-12-08,7773.957759032041,31396.444360089477,16824.3200528895,25232.55612761403,38.31248778632953,73.90669180356512,35.5942040172356
2018-12-09 → 2019-12-09,7773.957759032041,31396.444360089477,16781.370361082987,25161.04864682909,38.130670806043504,73.60398243180181,35.473311625758306
2018-12-10 → 2019-12-10,7773.957759032041,31396.444360089477,16741.97740446016,25103.70048239264,37.96391039132467,73.36121305106317,35.39730265973851
2018-12-11 → 2019-12-11,7773.957759032041,31396.444360089477,16699.88271326707,25031.001052864278,37.785712846315974,73.05345785680218,35.26774501048621
2018-12-12 → 2019-12-12,7773.957759032041,31396.444360089477,16656.371188463443,24949.915142353042,37.60151748391209,72.71020055336655,35.10868306945446
2018-12-13 → 2019-12-13,7773.957759032041,31396.444360089477,16614.264020517243,24876.186822466832,37.42326712163094,72.39808980426822,34.97482268263728
2018-12-14 → 2019-12-14,7773.957759032041,31396.444360089477,16569.10124513893,24781.28801776571,37.23208159514072,71.99635900300332,34.7642774078626
2018-12-15 → 2019-12-15,7773.957759032041,31396.444360089477,16522.111821300277,24676.983768933125,37.033163400658395,71.55481256213069,34.5216491614723
2018-12-16 → 2019-12-16,7773.957759032041,31294.843993340724,16476.02815927129,24569.430116260835,36.99720458468948,71.40663064272688,34.409426058037404
2018-12-17 → 2019-12-17,7773.957759032041,29771.88544035732,16431.86456687325,24461.877328539667,39.35782921584552,75.86132571785167,36.50349650200615
2018-12-18 → 2019-12-18,7773.957759032041,29771.88544035732,16391.288680516274,24390.432069125716,39.173375993956704,75.53654394545498,36.363167951498276
2018-12-19 → 2019-12-19,7773.957759032041,29771.88544035732,16354.861307374927,24335.286704722654,39.0077814267363,75.28585958462823,36.278078157891926
2018-12-20 → 2019-12-20,7773.957759032041,29771.88544035732,16319.002684878462,24283.21622603724,38.844772333261986,75.04915329374602,36.20438096048403
2018-12-21 → 2019-12-21,7773.957759032041,29771.88544035732,16290.0992105239,24264.334075751674,38.71338052775523,74.96331725246476,36.249936724709535
2018-12-22 → 2019-12-22,7773.957759032041,29771.88544035732,16255.460356607045,24224.796414379492,38.555916359226934,74.78358367962578,36.227667320398844
2018-12-23 → 2019-12-23,7773.957759032041,29771.88544035732,16223.86722994373,24196.028484359842,38.412297709684154,74.65280804277306,36.240510333088906
2018-12-24 → 2019-12-24,7773.957759032041,29771.88544035732,16192.328859345866,24164.765261325338,38.26892797479482,74.51068909644593,36.24176112165111
2018-12-25 → 2019-12-25,7773.957759032041,29771.88544035732,16162.694269790507,24141.382752980775,38.13421260530793,74.40439495509182,36.27018234978389
2018-12-26 → 2019-12-26,7773.957759032041,29771.88544035732,16128.034956695277,24092.224165904547,37.97665543175356,74.18092578204804,36.20427035029448
2018-12-27 → 2019-12-27,7773.957759032041,29771.88544035732,16094.031476983653,24046.760140771912,37.82207959986512,73.97425165441541,36.15217205455029
2018-12-28 → 2019-12-28,7773.957759032041,29771.88544035732,16055.222064980351,23978.0989759608,37.645656563270414,73.66212604965037,36.016469486379954
2018-12-29 → 2019-12-29,7773.957759032041,29771.88544035732,16021.78687179634,23937.774986139786,37.49366409530538,73.47881791987938,35.985153824574
2018-12-30 → 2019-12-30,7773.957759032041,29771.88544035732,15988.114441642676,23891.402085780843,37.34059317589214,73.26801215203284,35.9274189761407
2018-12-31 → 2019-12-31,7773.957759032041,29771.88544035732,15954.811338362764,23844.513489356574,37.189201173143694,73.05486209033828,35.86566091719458
2019-01-01 → 2020-01-01,7773.957759032041,29771.88544035732,15918.813855981913,23783.353838730014,37.025560838916164,72.77683748950973,35.75127665059357
2019-01-02 → 2020-01-02,7773.957759032041,29771.88544035732,15886.396842787643,23733.19090933612,36.8781968978037,72.54880269404816,35.670605796244466
2019-01-03 → 2020-01-03,7773.957759032041,29771.88544035732,15853.656623965857,23690.619706575875,36.729363701804154,72.35527899773932,35.625915295935165
2019-01-04 → 2020-01-04,7773.957759032041,29771.88544035732,15818.666897676158,23636.705288417797,36.57030450860841,72.11019037421481,35.5398858656064
2019-01-05 → 2020-01-05,7773.957759032041,29771.88544035732,15784.478847337114,23586.089598079157,36.414889640288486,71.88009738058429,35.4652077402958
2019-01-06 → 2020-01-06,7773.957759032041,29771.88544035732,15747.73454549783,23531.940435184657,36.2478543523669,71.63394163501162,35.38608728264472
2019-01-07 → 2020-01-07,7773.957759032041,29771.88544035732,15713.78677018708,23499.196976053052,36.093531746153545,71.48509370894357,35.39156196279002
2019-01-08 → 2020-01-08,7773.957759032041,29771.88544035732,15679.39817196131,23462.0312146321,35.93720521065464,71.31614251517952,35.37893730452488
2019-01-09 → 2020-01-09,7773.957759032041,29771.88544035732,15645.917887724701,23423.506255085904,35.785007764051386,71.14101256610297,35.35600480205159
2019-01-10 → 2020-01-10,7773.957759032041,29771.88544035732,15611.292174998,23385.327498748265,35.62760333383273,70.96745641622051,35.33985308238778
2019-01-11 → 2020-01-11,7773.957759032041,29771.88544035732,15569.997260588407,23310.726824563284,35.43988149472218,70.62833049824455,35.18844900352237
2019-01-12 → 2020-01-12,7773.957759032041,29771.88544035732,15528.07234944423,23234.6859368958,35.24929576432282,70.282657538641,35.03336177431819
2019-01-13 → 2020-01-13,7773.957759032041,29771.88544035732,15486.174257509321,23156.830628264812,35.05883195090426,69.92873643407678,34.86990448317252
2019-01-14 → 2020-01-14,7773.957759032041,29771.88544035732,15439.245257338993,23066.10062052266,34.84549821851742,69.5162884569013,34.67079023838387
2019-01-15 → 2020-01-15,7773.957759032041,29771.88544035732,15395.74311665681,22991.129666080327,34.64774258756718,69.17547928829048,34.527736700723295
2019-01-16 → 2020-01-16,7773.957759032041,29771.88544035732,15350.788857506359,22906.09680984841,34.443385796319916,68.7889298938941,34.34554409757419
2019-01-17 → 2020-01-17,7773.957759032041,29771.88544035732,15305.696426265069,22822.647811494244,34.238400890948256,68.40958053170391,34.17117964075565
2019-01-18 → 2020-01-18,7773.957759032041,29771.88544035732,15261.23997045489,22741.533367016018,34.03630705531882,68.04084377770918,34.00453672239036
2019-01-19 → 2020-01-19,7773.957759032041,29771.88544035732,15216.993394294204,22656.059383664655,33.835167307967765,67.6522890711496,33.81712176318183
2019-01-20 → 2020-01-20,7773.957759032041,29771.88544035732,15174.531611178656,22577.494237590592,33.64214102053436,67.29514112879701,33.65300010826265
2019-01-21 → 2020-01-21,7773.957759032041,29771.88544035732,15128.60692624879,22482.067451019186,33.43337278747551,66.86134214575728,33.427969358281764
2019-01-22 → 2020-01-22,7773.957759032041,29771.88544035732,15082.923715765384,22385.061007575114,33.22570226893758,66.42036222778789,33.19465995885031
2019-01-23 → 2020-01-23,7773.957759032041,29771.88544035732,15039.204086994365,22291.313309120964,33.02695796263579,65.99419618245747,32.96723821982168
2019-01-24 → 2020-01-24,7773.957759032041,29771.88544035732,14994.716952452482,22193.536816198382,32.82472466508909,65.54971570984647,32.724991044757374
2019-01-25 → 2020-01-25,7773.957759032041,29771.88544035732,14950.873815980307,22096.152516164784,32.62541890725903,65.10701810012448,32.481599192865446
2019-01-26 → 2020-01-26,7773.957759032041,29771.88544035732,14906.021636544814,21996.783933566672,32.42152615842719,64.65530017451975,32.23377401609256
2019-01-27 → 2020-01-27,7773.957759032041,29771.88544035732,14859.902015467693,21895.61639985598,32.21187176849903,64.1954044280828,31.983532659583766
2019-01-28 → 2020-01-28,7773.957759032041,29771.88544035732,14812.055210602975,21790.972855252054,31.994365803583364,63.71970714368468,31.725341340101316
2019-01-29 → 2020-01-29,7773.957759032041,29771.88544035732,14761.85645555458,21673.291427134605,31.766168148896963,63.184741169515426,31.418573020618464
2019-01-30 → 2020-01-30,7773.957759032041,29771.88544035732,14710.131058252071,21549.446732802455,31.53103055752093,62.62175770977214,31.090727152251212
2019-01-31 → 2020-01-31,7773.957759032041,29771.88544035732,14659.855925657219,21428.995090626417,31.30248569946354,62.07419866729792,30.771712967834382
2019-02-01 → 2020-02-01,7773.957759032041,29771.88544035732,14608.857172339078,21303.725241210675,31.070651346442023,61.50473661964292,30.434085273200896
2019-02-02 → 2020-02-02,7773.957759032041,29771.88544035732,14558.80303289863,21180.95582843831,30.843111097353287,60.94664126379451,30.103530166441224
2019-02-03 → 2020-02-03,7773.957759032041,29771.88544035732,14509.323527073486,21058.56154923294,30.618183065304393,60.39025122115758,29.772068155853184
2019-02-04 → 2020-02-04,7773.957759032041,29771.88544035732,14459.092764394516,20928.87663893473,30.38983990768227,59.80071882439319,29.410878916710924
2019-02-05 → 2020-02-05,7773.957759032041,29771.88544035732,14407.378676282537,20797.342894066103,30.154753726560397,59.202781842446086,29.04802811588569
2019-02-06 → 2020-02-06,7773.957759032041,29771.88544035732,14355.693163014312,20665.92230868352,29.91979744332785,58.60535927025465,28.6855618269268
2019-02-07 → 2020-02-07,7773.957759032041,29771.88544035732,14302.43695250311,20525.78042319793,29.677700954591725,57.96829069036038,28.290589735768652
2019-02-08 → 2020-02-08,7773.957759032041,28074.774710040525,14248.659944524521,20382.824523662755,31.89380112690901,62.110144606788076,30.216343479879065
2019-02-09 → 2020-02-09,7773.957759032041,28074.774710040525,14199.942317104817,20266.94142233128,31.65382247217175,61.53931486328006,29.88549239110831
2019-02-10 → 2020-02-10,7773.957759032041,28074.774710040525,14152.168143936973,20150.498047615154,31.41849118829714,60.96572526342731,29.54723407513017
2019-02-11 → 2020-02-11,7773.957759032041,28074.774710040525,14103.74661161962,20034.726730954826,31.179971071425932,60.395446161164,29.21547508973807
2019-02-12 → 2020-02-12,7773.957759032041,28074.774710040525,14054.025378038741,19912.03812021683,30.935048742926202,59.79109308988575,28.856044346959546
2019-02-13 → 2020-02-13,7773.957759032041,28074.774710040525,14004.567682111336,19787.493980413718,30.691424577225085,59.17759984917691,28.486175271951822
2019-02-14 → 2020-02-14,7773.957759032041,28074.774710040525,13954.533437061877,19660.093094689106,30.444960382359405,58.5500345347757,28.105074152416293
2019-02-15 → 2020-02-15,7773.957759032041,28050.436405718185,13905.392145156498,19529.54724464131,30.239147994893774,57.97648443030086,27.737336435407084
2019-02-16 → 2020-02-16,7773.957759032041,27896.057039244246,13856.205664400954,19397.69492739456,30.226706571068906,57.76602633003179,27.539319758962886
2019-02-17 → 2020-02-17,7773.957759032041,27603.28339949321,13808.20357673291,19266.322836920226,30.430917960155757,57.95640903913718,27.52549107898142
2019-02-18 → 2020-02-18,7773.957759032041,27040.460617832723,13759.583779187313,19137.344577921765,31.067527220806017,58.98001781729205,27.912490596486034
2019-02-19 → 2020-02-19,7773.957759032041,27040.460617832723,13717.26706730178,19030.748313558706,30.847888440506026,58.42674530517983,27.578856864673803
2019-02-20 → 2020-02-20,7773.957759032041,27040.460617832723,13675.546828651972,18925.472542134572,30.631345568374197,57.880326620919,27.248981052544803
2019-02-21 → 2020-02-21,7773.957759032041,27040.460617832723,13634.21491698913,18822.108799190133,30.416818251373535,57.343832044285314,26.92701379291178
2019-02-22 → 2020-02-22,7773.957759032041,27040.460617832723,13592.257672956055,18713.862575914944,30.199045237035797,56.78199565877987,26.582950421744073
2019-02-23 → 2020-02-23,7773.957759032041,27040.460617832723,13550.454062925217,18609.26682867972,29.982069637793913,56.23910654184059,26.25703690404668
2019-02-24 → 2020-02-24,7773.957759032041,27040.460617832723,13512.297856193794,18517.104252902478,29.78402535850223,55.76075000535508,25.976724646852848
2019-02-25 → 2020-02-25,7773.957759032041,27040.460617832723,13468.758996914541,18395.329613778344,29.55804319869701,55.12869633159503,25.57065313289802
2019-02-26 → 2020-02-26,7773.957759032041,27040.460617832723,13428.324262988574,18275.127238582892,29.348172553140294,54.50480326663983,25.15663071349954
2019-02-27 → 2020-02-27,7773.957759032041,27040.460617832723,13387.473104896088,18150.974431887946,29.13614051810065,53.86040605763501,24.72426553953436
2019-02-28 → 2020-02-28,7773.957759032041,27040.460617832723,13346.783832675179,18025.594679279642,28.924948728292666,53.209640563101935,24.28469183480927
2019-03-01 → 2020-03-01,7773.957759032041,27040.460617832723,13302.22753951511,17886.05191490866,28.69368572489962,52.4853640018928,23.791678276993178
2019-03-02 → 2020-03-02,7773.957759032041,27040.460617832723,13261.316785511852,17758.824453743182,28.481344365893875,51.82500824299926,23.343663877105385
2019-03-03 → 2020-03-03,7773.957759032041,27040.460617832723,13220.866864893327,17629.9497147635,28.271394896003194,51.156102526564,22.884707630560804
2019-03-04 → 2020-03-04,7773.957759032041,27040.460617832723,13179.945587085007,17496.8846831767,28.058998914707463,50.465447701648436,22.406448786940974
2019-03-05 → 2020-03-05,7773.957759032041,26046.86550643562,13136.332184200495,17353.904366940205,29.346037857222807,52.427050693502196,23.08101283627939
2019-03-06 → 2020-03-06,7773.957759032041,26046.86550643562,13095.165007690583,17222.967912161046,29.12074707658193,51.7104901078025,22.589743031220568
2019-03-07 → 2020-03-07,7773.957759032041,26046.86550643562,13055.049319088834,17091.540696566957,28.901210650544595,50.991243792925424,22.09003314238083
2019-03-08 → 2020-03-08,7773.957759032041,26046.86550643562,13017.98369403455,16958.888630146965,28.698365949708464,50.265294380529134,21.56692843082067
2019-03-09 → 2020-03-09,7773.957759032041,25963.445555142123,12981.518181286308,16823.088556657025,28.629505572817344,49.74923372806676,21.11972815524942
2019-03-10 → 2020-03-10,7773.957759032041,25963.445555142123,12946.284543468975,16692.204035204224,28.435802274449216,49.029672391761345,20.59387011731213
2019-03-11 → 2020-03-11,7773.957759032041,25963.445555142123,12910.808171498982,16559.182143989405,28.240764501161397,48.298360478496434,20.057595977335037
2019-03-12 → 2020-03-12,7773.957759032041,25960.826637480193,12895.006089675435,16419.862302835994,28.15794387076684,47.53926913746843,19.38132526670159
2019-03-13 → 2020-03-13,7773.957759032041,25960.826637480193,12872.81331451236,16279.551818659593,28.03591750486845,46.76777578633599,18.731858281467538
2019-03-14 → 2020-03-14,7773.957759032041,25948.527232164128,12855.033662390088,16136.958207691645,27.957063361910862,46.01484762003763,18.057784258126766
2019-03-15 → 2020-03-15,7773.957759032041,25628.446628388738,12835.178148347144,15993.077128196179,28.347047212320785,46.033910179699674,17.68686296737889
2019-03-16 → 2020-03-16,7773.957759032041,25586.972579571917,12819.70124690187,15851.989713181625,28.32616229596166,45.349044142909186,17.022881846947527
2019-03-17 → 2020-03-17,7773.957759032041,25586.972579571917,12801.710240809383,15718.43636007337,28.22516307559531,44.599292601950175,16.374129526354864
2019-03-18 → 2020-03-18,7773.957759032041,25586.972579571917,12783.555642333953,15587.352327245573,28.123245468394447,43.863403511033084,15.740158042638637
2019-03-19 → 2020-03-19,7773.957759032041,25586.972579571917,12758.834466806227,15454.032502774488,27.984463932664628,43.11496297014633,15.130499037481702
2019-03-20 → 2020-03-20,7773.957759032041,25586.972579571917,12734.781576546087,15322.090542993257,27.84943406544414,42.37425758641146,14.52482352096732
2019-03-21 → 2020-03-21,7773.957759032041,25586.972579571917,12711.300081060936,15193.547129896591,27.71761193582869,41.652631211585536,13.935019275756847
2019-03-22 → 2020-03-22,7773.957759032041,25586.972579571917,12689.506716151653,15061.881233206923,27.595266756594043,40.913475610940964,13.31820885434692
2019-03-23 → 2020-03-23,7773.957759032041,25586.972579571917,12663.11909260026,14926.499086645686,27.447129993574205,40.15345745609651,12.706327462522307
2019-03-24 → 2020-03-24,7773.957759032041,25586.972579571917,12634.905471285878,14790.54042654737,27.288742311317016,39.39020282756756,12.101460516250548
2019-03-25 → 2020-03-25,7773.957759032041,25586.972579571917,12607.011919987168,14652.616117024503,27.132151461425924,38.615913293132174,11.48376183170625
2019-03-26 → 2020-03-26,7773.957759032041,25524.76751053806,12577.63333472961,14507.765771479772,27.061726439212237,37.93521595191689,10.873489512704651
2019-03-27 → 2020-03-27,7773.957759032041,24931.82727159103,12550.06293900404,14358.213471542676,27.83623675699391,38.37455289942133,10.538316142427423
2019-03-28 → 2020-03-28,7773.957759032041,24931.82727159103,12526.12382253368,14217.29866384898,27.696714093921805,37.55326907050218,9.856554976580377
2019-03-29 → 2020-03-29,7773.957759032041,24453.100059156557,12504.33467315386,14081.320835045823,28.361032174217403,37.81587183872575,9.454839664508345
2019-03-30 → 2020-03-30,7773.957759032041,24438.57841350643,12480.03580320374,13949.20894583826,28.239935020111805,37.05605614939807,8.816121129286262
2019-03-31 → 2020-03-31,7773.957759032041,24424.09322507313,12455.806263586064,13821.276340485265,28.11898145875703,36.319936217858874,8.200954759101844
2019-04-01 → 2020-04-01,7773.957759032041,24163.82411016625,12430.272468500625,13692.785441730863,28.409717380925187,36.112726949046944,7.703009568121757
2019-04-02 → 2020-04-02,7773.957759032041,20392.68371152051,12404.544323813134,13566.809565664544,36.69614969225891,45.9067882799224,9.210638587663489
2019-04-03 → 2020-04-03,7773.957759032041,20361.333434818054,12389.33439624714,13486.40412158454,36.66671080687273,45.382345849432085,8.715635042559356
2019-04-04 → 2020-04-04,7773.957759032041,20361.333434818054,12374.121636793896,13429.176357902186,36.54585353014499,44.92770172696865,8.381848196823661
2019-04-05 → 2020-04-05,7773.957759032041,20164.08152590028,12358.765901153398,13370.796674890455,37.0037315880681,45.171775691414936,8.168044103346837
2019-04-06 → 2020-04-06,7773.957759032041,20164.08152590028,12341.96503637191,13315.40631878965,36.86813274258753,44.72472320717002,7.856590464582496
2019-04-07 → 2020-04-07,7773.957759032041,20164.08152590028,12325.858033666611,13261.944484044823,36.73813401934337,44.29323571155851,7.555101692215139
2019-04-08 → 2020-04-08,7773.957759032041,20164.08152590028,12310.308609723526,13212.873998489078,36.612635483286255,43.89719055108189,7.284555067795637
2019-04-09 → 2020-04-09,7773.957759032041,20164.08152590028,12296.064185648771,13168.221243733253,36.49766952860511,43.53680065025436,7.039131121649248
2019-04-10 → 2020-04-10,7773.957759032041,20164.08152590028,12283.340750382904,13122.124337662939,36.39497939002966,43.164755084466066,6.7697756944364045
2019-04-11 → 2020-04-11,7773.957759032041,20164.08152590028,12271.629434238514,13077.907595596327,36.300458008607244,42.80788421780976,6.507426209202514
2019-04-12 → 2020-04-12,7773.957759032041,20164.08152590028,12256.72484724146,13027.552698272168,36.18016391568697,42.40147264136683,6.221308725679862
2019-04-13 → 2020-04-13,7773.957759032041,20164.08152590028,12242.816694679348,12974.12817544696,36.06791198968683,41.97028628818392,5.902374298497094
2019-04-14 → 2020-04-14,7773.957759032041,20164.08152590028,12228.754212727623,12920.649438943441,35.95441447976421,41.53866237941779,5.584247899653576
2019-04-15 → 2020-04-15,7773.957759032041,20164.08152590028,12217.041406094495,12869.3097961356,35.85988106869007,41.12430297693041,5.264421908240337
2019-04-16 → 2020-04-16,7773.957759032041,20164.08152590028,12201.23683072044,12815.531521072666,35.73232321962066,40.69026150910634,4.957938289485682
2019-04-17 → 2020-04-17,7773.957759032041,20164.08152590028,12187.375165436757,12764.77022394829,35.6204464898599,40.28056990247272,4.660123412612819
2019-04-18 → 2020-04-18,7773.957759032041,20164.08152590028,12172.756649667848,12716.674425875199,35.5024612619157,39.892391390473506,4.389930128557808
2019-04-19 → 2020-04-19,7773.957759032041,20164.08152590028,12159.24375788231,12670.059519335573,35.39339946366577,39.51616507169955,4.122765608033774
2019-04-20 → 2020-04-20,7773.957759032041,20164.08152590028,12147.493897560797,12624.249513247823,35.298566994332944,39.146435059718165,3.847868065385221
2019-04-21 → 2020-04-21,7773.957759032041,20164.08152590028,12135.877636981824,12578.896780030946,35.2048128010937,38.78039567165206,3.5755828705583568
2019-04-22 → 2020-04-22,7773.957759032041,20164.08152590028,12122.674938324139,12533.181272222027,35.098254554331135,38.411428350024785,3.3131737956936504
2019-04-23 → 2020-04-23,7773.957759032041,20164.08152590028,12108.449816564449,12489.38659648726,34.98344438756163,38.05796395726483,3.074519569703199
2019-04-24 → 2020-04-24,7773.957759032041,20164.08152590028,12095.608336339665,12450.523275841984,34.879801514686356,37.74430025723628,2.8644987425499266
2019-04-25 → 2020-04-25,7773.957759032041,20164.08152590028,12081.594649537745,12410.630169661305,34.76669782770469,37.42232521541018,2.6556273877054934
2019-04-26 → 2020-04-26,7773.957759032041,20164.08152590028,12063.915946915371,12361.285822590384,34.62401400182034,37.024069733871976,2.4000557320516336
2019-04-27 → 2020-04-27,7773.957759032041,20164.08152590028,12046.043361532285,12307.813395786965,34.47976535895466,36.59249675034451,2.1127313913898504
2019-04-28 → 2020-04-28,7773.957759032041,20164.08152590028,12028.528087949753,12255.460581511012,34.338400559763805,36.16996009727291,1.8315595375091078
2019-04-29 → 2020-04-29,7773.957759032041,20164.08152590028,12006.704214485459,12202.37988829935,34.162261290496346,35.74154877378314,1.579287483286791
2019-04-30 → 2020-04-30,7773.957759032041,20164.08152590028,11985.27498526522,12148.533514728646,33.98930717297945,35.30695768668931,1.3176505137098573
2019-05-01 → 2020-05-01,7773.957759032041,20164.08152590028,11964.307289583674,12097.909755203153,33.8200780669909,34.89837613836883,1.0782980713779295
2019-05-02 → 2020-05-02,7773.957759032041,20164.08152590028,11943.394958656068,12050.142578854415,33.651295806852985,34.51284991403466,0.861554107181675
2019-05-03 → 2020-05-03,7773.957759032041,20164.08152590028,11923.498205437774,12005.115513659654,33.490710217938215,34.14943897446708,0.6587287565288662
2019-05-04 → 2020-05-04,7773.957759032041,20164.08152590028,11906.021469655881,11967.3623153671,33.34965645519352,33.844735010221726,0.49507855502820775
2019-05-05 → 2020-05-05,7773.957759032041,20164.08152590028,11889.159593559116,11934.863828332382,33.21356519077972,33.58244152836305,0.3688763375833304
2019-05-06 → 2020-05-06,7773.957759032041,20164.08152590028,11870.996562839133,11902.482902727716,33.06697237974944,33.32109687826961,0.25412449852017005
2019-05-07 → 2020-05-07,7773.957759032041,20164.08152590028,11850.388311111188,11868.958802565985,32.900644325924404,33.050525729889515,0.14988140396511085
2019-05-08 → 2020-05-08,7773.957759032041,20164.08152590028,11831.25342474467,11837.882912816349,32.74620772200858,32.799713951618706,0.05350622961012874
2019-05-09 → 2020-05-09,7773.957759032041,20164.08152590028,11813.768482400505,11810.02995082084,32.605087724556086,32.574914244048486,-0.030173480507599493
2019-05-10 → 2020-05-10,7773.957759032041,20164.08152590028,11800.729338495428,11786.74105520502,32.499849519107784,32.38695086245503,-0.112898656652753
2019-05-11 → 2020-05-11,7773.957759032041,20164.08152590028,11789.583998450253,11768.365817863214,32.40989609931243,32.238645343579236,-0.17125075573319037
2019-05-12 → 2020-05-12,7773.957759032041,20164.08152590028,11783.288851452646,11762.844058976863,32.35908831792092,32.19407953463134,-0.16500878328957924
2019-05-13 → 2020-05-13,7773.957759032041,20164.08152590028,11773.26810690214,11756.570234952891,32.278211445832675,32.143443849774435,-0.1347675960582393
2019-05-14 → 2020-05-14,7773.957759032041,20164.08152590028,11766.130363865828,11756.346619042237,32.22060311866326,32.14163905819316,-0.07896406047010629
2019-05-15 → 2020-05-15,7773.957759032041,20164.08152590028,11761.094600165032,11758.09050219168,32.179959749835405,32.15571384212797,-0.024245907707431513
2019-05-16 → 2020-05-16,7773.957759032041,20164.08152590028,11756.928041420997,11761.370436135454,32.14633168588357,32.1821860066155,0.03585432073193573
2019-05-17 → 2020-05-17,7773.957759032041,20164.08152590028,11750.411917590023,11762.906471095706,32.09374041275683,32.19458325937225,0.10084284661542142
2019-05-18 → 2020-05-18,7773.957759032041,20164.08152590028,11741.236228672067,11760.605015050833,32.01968393769165,32.17600833560088,0.15632439790923058
2019-05-19 → 2020-05-19,7773.957759032041,20164.08152590028,11731.731952173976,11756.761222236757,31.942975450537496,32.144985297523135,0.20200984698563929
2019-05-20 → 2020-05-20,7773.957759032041,20164.08152590028,11727.217278465288,11759.682005501683,31.906537770062027,32.16855877685138,0.26202100678935025
2019-05-21 → 2020-05-21,7773.957759032041,20164.08152590028,11723.12266365058,11761.771252861854,31.873490361563512,32.18542097612785,0.31193061456433924
2019-05-22 → 2020-05-22,7773.957759032041,20164.08152590028,11718.734427270376,11763.692294140159,31.838073149735983,32.20092559347027,0.36285244373428327
2019-05-23 → 2020-05-23,7773.957759032041,20164.08152590028,11712.869374509632,11763.734745128666,31.79073663501587,32.20126821303813,0.4105315780222547
2019-05-24 → 2020-05-24,7773.957759032041,20164.08152590028,11709.30892589806,11764.841061914396,31.762000452241875,32.210197234301724,0.44819678205984914
2019-05-25 → 2020-05-25,7773.957759032041,20164.08152590028,11705.778063426487,11766.670069979284,31.733503057558742,32.22495905669594,0.4914559991371945
2019-05-26 → 2020-05-26,7773.957759032041,20164.08152590028,11702.81878591837,11768.96774971125,31.709618893334092,32.243503502055795,0.5338846087217028
2019-05-27 → 2020-05-27,7773.957759032041,20164.08152590028,11701.32966678344,11774.685586695394,31.69760029559488,32.28965184642854,0.5920515508336592
2019-05-28 → 2020-05-28,7773.957759032041,20164.08152590028,11698.902468983988,11780.551194967911,31.67801051711387,32.33699284465329,0.6589823275394195
2019-05-29 → 2020-05-29,7773.957759032041,20164.08152590028,11696.539256510247,11786.00658718251,31.658937160638928,32.381023011883634,0.7220858512447066
2019-05-30 → 2020-05-30,7773.957759032041,20164.08152590028,11693.173493817392,11791.20789709274,31.631772277089865,32.423002494963036,0.7912302178731707
2019-05-31 → 2020-05-31,7773.957759032041,20164.08152590028,11689.114892559192,11794.691433509463,31.599015532003484,32.451117923688926,0.8521023916854418
2019-06-01 → 2020-06-01,7773.957759032041,20164.08152590028,11683.985061404368,11799.483651222927,31.55761294998456,32.4897956463948,0.9321826964102442
2019-06-02 → 2020-06-02,7773.957759032041,20164.08152590028,11680.778846685369,11804.229406381135,31.53173576926121,32.52809837240064,0.9963626031394313
2019-06-03 → 2020-06-03,7773.957759032041,20164.08152590028,11677.877068215565,11809.793499036086,31.50831567657768,32.57300585484105,1.064690178263369
2019-06-04 → 2020-06-04,7773.957759032041,20164.08152590028,11672.305897682749,11812.738176495142,31.46335106897858,32.59677218288154,1.1334211139029584
2019-06-05 → 2020-06-05,7773.957759032041,20164.08152590028,11664.947341135858,11812.32416701841,31.40396056824308,32.59343073541482,1.1894701671717414
2019-06-06 → 2020-06-06,7773.957759032041,20164.08152590028,11658.189242811943,11812.287142018507,31.349416332438217,32.59313190869928,1.24371557626106
2019-06-07 → 2020-06-07,7773.957759032041,20164.08152590028,11651.104920641446,11812.242235363618,31.292239162106473,32.592769469584596,1.3005303074781231
2019-06-08 → 2020-06-08,7773.957759032041,20164.08152590028,11645.03792845984,11813.772984971385,31.243272805548923,32.60512406455531,1.3618512590063894
2019-06-09 → 2020-06-09,7773.957759032041,20164.08152590028,11638.582303185653,11814.93935955565,31.191169812910136,32.61453780897152,1.4233679960613834
2019-06-10 → 2020-06-10,7773.957759032041,20164.08152590028,11630.445067540979,11814.025560045186,31.125494636472972,32.60716258393214,1.4816679474591652
2019-06-11 → 2020-06-11,7773.957759032041,20164.08152590028,11625.726672478911,11815.171991446194,31.087412732281795,32.61641536802517,1.5290026357433781
2019-06-12 → 2020-06-12,7773.957759032041,20164.08152590028,11620.148500954843,11816.12724020574,31.042391620071562,32.624125127649215,1.5817335075776526
2019-06-13 → 2020-06-13,7773.957759032041,20164.08152590028,11615.50138930056,11818.379481833676,31.004885040301065,32.642302844597914,1.6374178042968488
2019-06-14 → 2020-06-14,7773.957759032041,20164.08152590028,11611.568642277176,11821.193986383792,30.973144057746076,32.6650185543283,1.6918744965822228
2019-06-15 → 2020-06-15,7773.957759032041,20164.08152590028,11609.102099781074,11826.396188974166,30.95323673040607,32.707005242179505,1.753768511773437
2019-06-16 → 2020-06-16,7773.957759032041,20164.08152590028,11606.937009391002,11832.086270741722,30.93576240625233,32.752929575742435,1.817167169490105
2019-06-17 → 2020-06-17,7773.957759032041,20164.08152590028,11605.564817406907,11838.353393236184,30.924687521046064,32.803511172927294,1.8788236518812305
2019-06-18 → 2020-06-18,7773.957759032041,20164.08152590028,11605.411290135815,11845.685496128921,30.92344841097759,32.862688167691005,1.939239756713416
2019-06-19 → 2020-06-19,7773.957759032041,20164.08152590028,11604.636585769766,11851.78996815182,30.917195815114738,32.91195702196364,1.9947612068488993
2019-06-20 → 2020-06-20,7773.957759032041,20164.08152590028,11604.410039118955,11858.935633185509,30.915367369692614,32.9696292871334,2.054261917440787
2019-06-21 → 2020-06-21,7773.957759032041,20164.08152590028,11605.215283525235,11866.73570013377,30.92186645252206,33.03258319376925,2.110716741247188
2019-06-22 → 2020-06-22,7773.957759032041,20164.08152590028,11606.32821336753,11875.845236815525,30.930848847397492,33.10610575781429,2.175256910416799
2019-06-23 → 2020-06-23,7773.957759032041,20164.08152590028,11609.176450113424,11885.787264687093,30.953836807804404,33.18634731196368,2.2325105041592757
2019-06-24 → 2020-06-24,7773.957759032041,20164.08152590028,11613.254962336632,11895.22947253114,30.986754253182262,33.262554846462216,2.2758005932799534
2019-06-25 → 2020-06-25,7773.957759032041,20164.08152590028,11617.959982797222,11904.928536467984,31.024728211708574,33.340835452203855,2.316107240495281
2019-06-26 → 2020-06-26,7773.957759032041,20164.08152590028,11624.471795457153,11915.582828484692,31.07728468961354,33.42682565066497,2.349540961051435
2019-06-27 → 2020-06-27,7949.689521114651,20164.08152590028,11633.557573096929,11926.710667628891,30.160060775345414,32.56012370452851,2.4000629291830933
2019-06-28 → 2020-06-28,7949.689521114651,20164.08152590028,11638.947806785984,11934.562649276671,30.20419095953259,32.62440837497877,2.4202174154461815
2019-06-29 → 2020-06-29,7949.689521114651,20164.08152590028,11646.567480849975,11946.90811217988,30.26657371309909,32.725481460715436,2.4589077476163475
2019-06-30 → 2020-06-30,7949.689521114651,20164.08152590028,11653.55389396721,11956.536027856739,30.323771919235725,32.80430581540362,2.4805338961678984
2019-07-01 → 2020-07-01,7949.689521114651,20164.08152590028,11657.908324755284,11965.144159563108,30.35942191954985,32.87478113421602,2.515359214666173
2019-07-02 → 2020-07-02,7949.689521114651,20164.08152590028,11662.08994276576,11974.764201534683,30.393657090722005,32.95354102638099,2.559883935658984
2019-07-03 → 2020-07-03,7949.689521114651,20164.08152590028,11666.833685486312,11985.272799360146,30.432494412454375,33.03957558152991,2.607081169075535
2019-07-04 → 2020-07-04,7949.689521114651,20164.08152590028,11673.892695132461,11997.890257236482,30.490286970965542,33.1428755073174,2.652588536351857
2019-07-05 → 2020-07-05,7949.689521114651,20164.08152590028,11679.524160335464,12007.042875525687,30.53639213281721,33.21780857222655,2.681416439409343
2019-07-06 → 2020-07-06,7949.689521114651,20164.08152590028,11683.926389332364,12017.08488227614,30.572433460090597,33.3000231167288,2.727589656638205
2019-07-07 → 2020-07-07,7949.689521114651,20164.08152590028,11689.066088426927,12027.845692707284,30.61451250170437,33.38812255243487,2.7736100507305004
2019-07-08 → 2020-07-08,7949.689521114651,20164.08152590028,11694.16257100368,12038.676995497806,30.65623772695305,33.47679911354638,2.820561386593326
2019-07-09 → 2020-07-09,7949.689521114651,20164.08152590028,11701.561321465515,12050.454352452738,30.716811765013524,33.5732210799473,2.856409314933778
2019-07-10 → 2020-07-10,8259.832572139929,20164.08152590028,11709.245554041227,12060.942112089859,28.976317576185153,31.93069596170721,2.954378385522059
2019-07-11 → 2020-07-11,8356.122186429126,20164.08152590028,11716.237359956967,12070.448550911424,28.456357927112673,31.45612427768279,2.999766350570116
2019-07-12 → 2020-07-12,8356.122186429126,20164.08152590028,11721.446026298489,12079.61372722076,28.500469413202485,31.533742908013764,3.0332734948112794
2019-07-13 → 2020-07-13,8356.122186429126,20164.08152590028,11727.880495086376,12091.077604954437,28.554962053318366,31.63082892774078,3.075866874422413
2019-07-14 → 2020-07-14,8356.122186429126,20164.08152590028,11733.291097782037,12100.789750133274,28.600783710897886,31.713079762958102,3.1122960520602163
2019-07-15 → 2020-07-15,8356.122186429126,20164.08152590028,11736.421120811645,12109.053663589431,28.62729144978503,31.783065720891862,3.155774271106832
2019-07-16 → 2020-07-16,8356.122186429126,20164.08152590028,11741.319299888615,12120.699808523346,28.668773461504,31.88169533672213,3.2129218752181323
2019-07-17 → 2020-07-17,8356.122186429126,20164.08152590028,11742.307993979506,12127.247862478647,28.6771465771497,31.937149914156286,3.2600033370065873
2019-07-18 → 2020-07-18,8356.122186429126,20164.08152590028,11743.839504467907,12136.290187711911,28.69011673096181,32.0137281354501,3.3236114044882896
2019-07-19 → 2020-07-19,8356.122186429126,20164.08152590028,11747.882984831911,12148.55047898654,28.724360415647336,32.117558873024265,3.393198457376929
2019-07-20 → 2020-07-20,8356.122186429126,20164.08152590028,11751.735239471649,12158.401356369885,28.756984635709316,32.20098461239325,3.4439999766839335
2019-07-21 → 2020-07-21,8356.122186429126,20164.08152590028,11755.673622051523,12169.38609159997,28.790338261570042,32.2940128394923,3.5036745779222542
2019-07-22 → 2020-07-22,8356.122186429126,20164.08152590028,11758.531013724709,12179.053990848033,28.81453712261824,32.37588896194595,3.561351839327706
2019-07-23 → 2020-07-23,8356.122186429126,20164.08152590028,11760.480484432828,12188.46092824855,28.83104692462613,32.455555034042526,3.6245081094163965
2019-07-24 → 2020-07-24,8356.122186429126,20164.08152590028,11761.401829767921,12196.906087374344,28.838849672828466,32.527075936875946,3.688226264047479
2019-07-25 → 2020-07-25,8356.122186429126,20164.08152590028,11761.660890085344,12205.756891741239,28.841043619385832,32.60203219402793,3.760988574642095
2019-07-26 → 2020-07-26,8356.122186429126,20164.08152590028,11761.559124243453,12215.133324315797,28.8401817783262,32.68143992490666,3.8412581465804614
2019-07-27 → 2020-07-27,8356.122186429126,20164.08152590028,11758.525391283325,12224.079733879982,28.81448950692765,32.757205849457904,3.942716342530254
2019-07-28 → 2020-07-28,8356.122186429126,20164.08152590028,11754.577643712444,12231.589006287333,28.781056570233122,32.82080085509321,4.039744284860088
2019-07-29 → 2020-07-29,8356.122186429126,20164.08152590028,11750.498120145974,12239.956195467495,28.746507640573167,32.89166144107264,4.145153800499475
2019-07-30 → 2020-07-30,8356.122186429126,20164.08152590028,11746.29830217258,12248.05002993314,28.71093995395897,32.96020702319189,4.249267069232921
2019-07-31 → 2020-07-31,8356.122186429126,20164.08152590028,11741.914778530681,12256.72699518534,28.67381648904963,33.03369106054959,4.359874571499962
2019-08-01 → 2020-08-01,8356.122186429126,20164.08152590028,11737.922873952688,12267.124888428745,28.640009592673817,33.121749402761594,4.481739810087777
2019-08-02 → 2020-08-02,8356.122186429126,20164.08152590028,11736.284628175494,12277.753147654781,28.626135512232853,33.211758683116315,4.585623170883462
2019-08-03 → 2020-08-03,8356.122186429126,20164.08152590028,11734.657753187854,12288.0629827787,28.612357729460502,33.299071273103436,4.686713543642934
2019-08-04 → 2020-08-04,8356.122186429126,20164.08152590028,11733.77525964992,12298.878582668462,28.604884011838656,33.390667116032944,4.785783104194287
2019-08-05 → 2020-08-05,8356.122186429126,20164.08152590028,11732.220228776376,12309.507890627596,28.591714667087054,33.48068527796549,4.888970610878438
2019-08-06 → 2020-08-06,8356.122186429126,20164.08152590028,11732.260905844405,12321.52104708813,28.59205915563804,33.58242306444632,4.990363908808277
2019-08-07 → 2020-08-07,8356.122186429126,20164.08152590028,11731.900058560776,12331.124654656167,28.589003189122103,33.6637547094151,5.074751520292999
2019-08-08 → 2020-08-08,8376.447880236941,20164.08152590028,11732.334889730779,12342.543655806718,28.469556404380324,33.64624228060311,5.176685876222788
2019-08-09 → 2020-08-09,8432.882742158143,20164.08152590028,11732.838477561168,12352.730032903186,28.129740159005063,33.41386812213449,5.284127963129425
2019-08-10 → 2020-08-10,8424.337559445135,20164.08152590028,11732.815193684566,12362.846461954152,28.181855104276487,33.548507648572354,5.366652544295867
2019-08-11 → 2020-08-11,8424.337559445135,20164.08152590028,11732.627064815613,12372.114094298255,28.180252608774964,33.627450020489356,5.4471974117143915
2019-08-12 → 2020-08-12,8424.337559445135,20164.08152590028,11732.534548055233,12382.941733455727,28.179464544225652,33.71968064484038,5.540216100614728
2019-08-13 → 2020-08-13,8424.337559445135,20164.08152590028,11731.744267486543,12392.939671631351,28.172732876389045,33.80484381538474,5.632110938995698
2019-08-14 → 2020-08-14,8424.337559445135,20164.08152590028,11729.812034437196,12402.069095967068,28.15627397358104,33.882608921351306,5.726334947770265
2019-08-15 → 2020-08-15,8424.337559445135,20164.08152590028,11725.59163536025,12409.83860714053,28.12032430475516,33.94879018727722,5.828465882522057
2019-08-16 → 2020-08-16,8403.613626954813,20164.08152590028,11722.06131754612,12420.117796631717,28.216969929307524,34.15258818092649,5.935618251618969
2019-08-17 → 2020-08-17,8119.675958083712,20164.08152590028,11717.918436095817,12429.927497273027,29.874803349588642,35.78633677619248,5.911533426603835
2019-08-18 → 2020-08-18,8119.675958083712,20164.08152590028,11713.943940073144,12439.04768411541,29.841804659862575,35.86205812907313,6.020253469210552
2019-08-19 → 2020-08-19,8119.675958083712,20164.08152590028,11710.78551955732,12448.90794157462,29.815581526657358,35.94392399952802,6.12834247287066
2019-08-20 → 2020-08-20,8119.675958083712,20164.08152590028,11708.712203757033,12460.171960096137,29.798367594524205,36.03744475037034,6.239077155846136
2019-08-21 → 2020-08-21,8119.675958083712,20164.08152590028,11707.058703545905,12469.847058589417,29.784639227426148,36.117773318175566,6.333134090749418
2019-08-22 → 2020-08-22,8119.675958083712,20164.08152590028,11703.396217942867,12477.779645231783,29.754231038475552,36.183634489967744,6.429403451492192
2019-08-23 → 2020-08-23,8119.675958083712,20164.08152590028,11699.82810847205,12487.045618959493,29.72460641772754,36.260566254474824,6.535959836747285
2019-08-24 → 2020-08-24,8119.675958083712,20164.08152590028,11696.81131050083,12497.23966852768,29.699559121252573,36.345203470573104,6.645644349320531
2019-08-25 → 2020-08-25,8119.675958083712,20164.08152590028,11693.947468150593,12505.976300850625,29.675781755619102,36.41774031993236,6.741958564313261
2019-08-26 → 2020-08-26,8119.675958083712,20164.08152590028,11690.72185012679,12515.061114708002,29.64900070772396,36.49316798472017,6.844167276996213
2019-08-27 → 2020-08-27,8119.675958083712,20164.08152590028,11688.509407078096,12525.154256099093,29.630631656331285,36.57696739959591,6.946335743264623
2019-08-28 → 2020-08-28,8119.675958083712,20164.08152590028,11685.34880252786,12533.982768102527,29.60439038994051,36.65026709009309,7.045876700152579
2019-08-29 → 2020-08-29,8119.675958083712,20164.08152590028,11681.042685180228,12541.553729212852,29.568638377743756,36.71312582619007,7.144487448446316
2019-08-30 → 2020-08-30,8119.675958083712,20164.08152590028,11675.598012823391,12548.847643847188,29.523433387541626,36.77368435349362,7.250250965951995
2019-08-31 → 2020-08-31,8119.675958083712,20164.08152590028,11670.480605865238,12556.974267900463,29.48094555425388,36.84115654219997,7.36021098794609
2019-09-01 → 2020-09-01,8119.675958083712,20164.08152590028,11664.875010811576,12564.982649869291,29.434404485688077,36.90764701301429,7.473242527326214
2019-09-02 → 2020-09-02,8119.675958083712,20164.08152590028,11660.83672971784,12573.636647447252,29.40087621340432,36.97949777832798,7.578621564923662
2019-09-03 → 2020-09-03,8119.675958083712,20164.08152590028,11661.13315196534,12584.505724631086,29.403337291668674,37.06973948533989,7.666402193671214
2019-09-04 → 2020-09-04,8119.675958083712,20164.08152590028,11661.492902719867,12594.686751586947,29.406324161817654,37.15426857976913,7.7479444179514765
2019-09-05 → 2020-09-05,8119.675958083712,20164.08152590028,11662.633853974521,12604.204458197306,29.41579703491405,37.23329038418089,7.81749334926684
2019-09-06 → 2020-09-06,8119.675958083712,20164.08152590028,11663.454908038162,12613.847305584359,29.422613926449444,37.313351183634694,7.8907372571852505
2019-09-07 → 2020-09-07,8119.675958083712,20164.08152590028,11663.360709196593,12622.703173200824,29.421831830221954,37.38687799711337,7.965046166891419
2019-09-08 → 2020-09-08,8119.675958083712,20164.08152590028,11664.351819704909,12632.785570333224,29.430060634065665,37.470588206601356,8.04052757253569
2019-09-09 → 2020-09-09,8119.675958083712,20164.08152590028,11664.823443755136,12642.210020469618,29.433976344538642,37.54883573889615,8.11485939435751
2019-09-10 → 2020-09-10,8119.675958083712,20164.08152590028,11664.817915969363,12651.568891374183,29.43393044949017,37.626538792416476,8.192608342926306
2019-09-11 → 2020-09-11,8119.675958083712,20164.08152590028,11664.034861774973,12660.217470759138,29.427429056042563,37.698344572587686,8.270915516545124
2019-09-12 → 2020-09-12,8119.675958083712,20164.08152590028,11663.275933794604,12669.585188834357,29.421127973136514,37.77612108071399,8.354993107577478
2019-09-13 → 2020-09-13,8119.675958083712,20164.08152590028,11663.481041110907,12679.795072039358,29.42283089915596,37.86088975732086,8.4380588581649
2019-09-14 → 2020-09-14,8119.675958083712,20164.08152590028,11662.6970658304,12689.165039745914,29.416321858289706,37.93868494325841,8.522363084968703
2019-09-15 → 2020-09-15,8119.675958083712,20164.08152590028,11661.682561449945,12698.69565274745,29.407898824253344,38.017813904400356,8.609915080147012
2019-09-16 → 2020-09-16,8119.675958083712,20164.08152590028,11660.08648579332,12707.949303583218,29.394647230825683,38.09464335674373,8.699996125918048
2019-09-17 → 2020-09-17,8119.675958083712,20164.08152590028,11658.438553896958,12717.131787494185,29.380965095272522,38.17088193787805,8.789916842605528
2019-09-18 → 2020-09-18,8119.675958083712,20164.08152590028,11656.665455116192,12726.176006633257,29.36624374791517,38.24597256055883,8.879728812643663
2019-09-19 → 2020-09-19,8119.675958083712,20164.08152590028,11654.4559137241,12735.208809829412,29.347898787845107,38.320968401119785,8.973069613274678
2019-09-20 → 2020-09-20,8119.675958083712,20164.08152590028,11652.869715425137,12744.702707860346,29.33472920226422,38.3997925321861,9.065063329921877
2019-09-21 → 2020-09-21,8119.675958083712,20164.08152590028,11652.138743240874,12753.59707047624,29.32866022542558,38.47363895462526,9.144978729199678
2019-09-22 → 2020-09-22,8119.675958083712,20164.08152590028,11650.755191078973,12762.035509556583,29.317173131653202,38.543700021838816,9.226526890185614
2019-09-23 → 2020-09-23,8119.675958083712,20164.08152590028,11650.261492701973,12771.123766484145,29.31307414665788,38.61915627309497,9.306082126437094
2019-09-24 → 2020-09-24,8119.675958083712,20164.08152590028,11647.522576967898,12778.63642562665,29.290333997975132,38.681530950701145,9.391196952726013
2019-09-25 → 2020-09-25,8119.675958083712,20164.08152590028,11641.393591467253,12781.423580908418,29.239447422742042,38.704671613526514,9.465224190784472
2019-09-26 → 2020-09-26,8119.675958083712,20164.08152590028,11634.414310751488,12784.055936779525,29.18150117810201,38.72652703724406,9.54502585914205
2019-09-27 → 2020-09-27,8119.675958083712,20164.08152590028,11626.06648028812,12784.166291920355,29.112192398881938,38.72744327292053,9.615250874038594
2019-09-28 → 2020-09-28,8119.675958083712,20164.08152590028,11618.184000241345,12785.33456636619,29.046747242602596,38.73714299981245,9.690395757209853
2019-09-29 → 2020-09-29,8119.675958083712,20164.08152590028,11610.096644378915,12786.495513802545,28.979601082363356,38.7467818934035,9.767180811040145
2019-09-30 → 2020-09-30,8119.675958083712,20164.08152590028,11601.603487969702,12786.393733640203,28.90908571851753,38.74593685242768,9.836851133910152
2019-10-01 → 2020-10-01,8119.675958083712,20164.08152590028,11594.394308516865,12788.366649232687,28.849230714364392,38.76231720080913,9.913086486444737
2019-10-02 → 2020-10-02,8119.675958083712,20164.08152590028,11587.401219301373,12790.286537529822,28.791169823138862,38.77825728424725,9.987087461108391
2019-10-03 → 2020-10-03,8119.675958083712,20164.08152590028,11580.631320539671,12792.529732966257,28.734961995167748,38.796881660716515,10.061919665548768
2019-10-04 → 2020-10-04,8119.675958083712,20164.08152590028,11573.168329013202,12793.80559289991,28.67299968839845,38.80747462793659,10.134474939538144
2019-10-05 → 2020-10-05,8119.675958083712,20164.08152590028,11565.093154952547,12794.42471437745,28.605954668906303,38.812614951998704,10.2066602830924
2019-10-06 → 2020-10-06,8119.675958083712,20164.08152590028,11557.340140628,12794.892670494892,28.541584416004305,38.816500209056905,10.2749157930526
2019-10-07 → 2020-10-07,8119.675958083712,20164.08152590028,11548.193435005656,12792.655167383124,28.46564288804061,38.79792309373835,10.332280205697739
2019-10-08 → 2020-10-08,8119.675958083712,20164.08152590028,11540.061667762955,12794.21647130665,28.3981279974392,38.81088599103315,10.412757993593953
2019-10-09 → 2020-10-09,8119.675958083712,20164.08152590028,11531.397459610012,12794.922509408774,28.32619245770535,38.81674794991646,10.490555492211111
2019-10-10 → 2020-10-10,8119.675958083712,20164.08152590028,11523.814789220587,12799.073093268138,28.263236504032662,38.851208628245445,10.587972124212783
2019-10-11 → 2020-10-11,8119.675958083712,20164.08152590028,11515.997573443457,12802.15923955655,28.19833321151968,38.87683169674007,10.678498485220388
2019-10-12 → 2020-10-12,8119.675958083712,20164.08152590028,11506.723100564264,12803.105948406455,28.121330881874,38.884691850938424,10.763360969064422
2019-10-13 → 2020-10-13,8119.675958083712,20164.08152590028,11497.81653131061,12804.686032081132,28.047383112484248,38.89781066917964,10.850427556695394
2019-10-14 → 2020-10-14,8119.675958083712,20164.08152590028,11488.818925797586,12805.911024129962,27.97267950455307,38.90798130019944,10.935301795646367
2019-10-15 → 2020-10-15,8119.675958083712,20164.08152590028,11479.861002249263,12807.60494392172,27.89830536049187,38.92204525530474,11.023739894812866
2019-10-16 → 2020-10-16,8119.675958083712,20164.08152590028,11470.502141251936,12807.640477667814,27.820602389227485,38.92234027813416,11.101737888906673
2019-10-17 → 2020-10-17,8119.675958083712,20164.08152590028,11460.438566286355,12806.358419049,27.737048452846665,38.91169584564976,11.174647392803095
2019-10-18 → 2020-10-18,8119.675958083712,20164.08152590028,11450.399747916175,12805.808277761922,27.65370006081805,38.90712823719469,11.25342817637664
2019-10-19 → 2020-10-19,8119.675958083712,20164.08152590028,11439.363792538648,12804.004556745535,27.562072829275667,38.89215264536302,11.330079816087352
2019-10-20 → 2020-10-20,8119.675958083712,20164.08152590028,11427.923969761412,12802.060541259756,27.467092444292586,38.87601224329143,11.408919798998841
2019-10-21 → 2020-10-21,7783.015373161113,20164.08152590028,11415.957342004818,12802.679192304447,29.34272318737235,40.543065978472235,11.200342791099885
2019-10-22 → 2020-10-22,7693.7876564062535,20164.08152590028,11403.739287186074,12802.826186259485,29.750314383973286,40.96967227333293,11.219357889359646
2019-10-23 → 2020-10-23,7693.7876564062535,20164.08152590028,11390.838553028612,12801.21096248709,29.646862658677374,40.95671970149061,11.309857042813238
2019-10-24 → 2020-10-24,7625.51584411094,20164.08152590028,11375.081495320612,12793.433012522004,29.904262946562028,41.216174956253575,11.311912009691547
2019-10-25 → 2020-10-25,7625.51584411094,20164.08152590028,11359.421546703938,12784.67991041339,29.779368688206638,41.14636551926728,11.36699683106064
2019-10-26 → 2020-10-26,7625.51584411094,20164.08152590028,11348.77596241986,12790.39682692604,29.694465960460526,41.19196018023359,11.497494219773067
2019-10-27 → 2020-10-27,7312.334103610285,20164.08152590028,11339.242203383734,12796.764588322341,31.33354529508729,42.674589723105605,11.341044428018314
2019-10-28 → 2020-10-28,7312.334103610285,20164.08152590028,11331.23675178032,12803.243368331889,31.271254531501867,42.72500138929126,11.45374685778939
2019-10-29 → 2020-10-29,7312.334103610285,20164.08152590028,11322.218960572234,12807.830343390138,31.20108670986817,42.76069283970285,11.559606129834677
2019-10-30 → 2020-10-30,7312.334103610285,20164.08152590028,11313.358096736503,12813.409635177937,31.13213994687497,42.80410554930934,11.67196560243437
2019-10-31 → 2020-10-31,7242.580434070226,20164.08152590028,11303.42000707435,12817.42759689321,31.42699554908286,43.14395922891515,11.71696367983229
2019-11-01 → 2020-11-01,7242.580434070226,20164.08152590028,11293.493579439506,12821.718761267824,31.350174539168457,43.17716871707072,11.826994177902264
2019-11-02 → 2020-11-02,7242.580434070226,20164.08152590028,11284.082525543057,12826.568527882311,31.27734202667965,43.214701249707765,11.937359223028114
2019-11-03 → 2020-11-03,7144.431265907445,20164.08152590028,11274.25136406147,12831.374915141016,31.719900425008024,43.679695964710966,11.959795539702942
2019-11-04 → 2020-11-04,7077.567494964144,20164.08152590028,11263.949942351956,12835.536073897725,31.9900505015417,43.9992542347176,12.009203733175898
2019-11-05 → 2020-11-05,6407.600199675989,20164.08152590028,11252.478663338128,12840.66411125698,35.21887864178056,46.76387630692665,11.544997665146084
2019-11-06 → 2020-11-06,6402.469828495783,20164.08152590028,11240.721879920895,12844.877589760217,35.157597509727935,46.81434052146306,11.656743011735124
2019-11-07 → 2020-11-07,6402.469828495783,20164.08152590028,11229.923653309972,12849.45763990888,35.07913121632888,46.84762187141952,11.768490655090638
2019-11-08 → 2020-11-08,6402.469828495783,20164.08152590028,11217.920196425735,12852.984684327925,34.99190700779741,46.87325145970176,11.881344451904354
2019-11-09 → 2020-11-09,6402.469828495783,20164.08152590028,11204.712168553911,12854.428848603204,34.89592967489305,46.88374561043812,11.987815935545072
2019-11-10 → 2020-11-10,6402.469828495783,20164.08152590028,11191.573195005307,12856.894486039379,34.800454131493694,46.90166238857712,12.101208257083428
2019-11-11 → 2020-11-11,6356.777531253977,20164.08152590028,11178.762205303796,12860.67456209085,34.92343382835283,47.104757260061184,12.181323431708357
2019-11-12 → 2020-11-12,6138.805175373268,20164.08152590028,11164.217180460791,12861.570869042578,35.83110863194285,47.933213761001554,12.102105129058707
2019-11-13 → 2020-11-13,6123.675176321391,20164.08152590028,11149.900456490093,12863.740282160954,35.798289273297655,48.00477235505164,12.206483081753987
2019-11-14 → 2020-11-14,6123.675176321391,20164.08152590028,11135.741443793217,12865.588002505443,35.69744452319325,48.017932375484705,12.320487852291457
2019-11-15 → 2020-11-15,6123.675176321391,20164.08152590028,11121.268368110348,12866.612873119804,35.594362921973755,48.02523181247281,12.430868890499056
2019-11-16 → 2020-11-16,5972.626042987401,20164.08152590028,11105.356929338519,12866.21318779734,36.16775525619022,48.575617582777994,12.407862326587775
2019-11-17 → 2020-11-17,5655.414725551787,20164.08152590028,11088.62600025691,12865.993229027303,37.448039502668976,49.69842234782261,12.25038284515363
2019-11-18 → 2020-11-18,5616.4976680534255,20164.08152590028,11071.892842252413,12865.97670059147,37.50035213755712,49.83287330306558,12.33252116550846
2019-11-19 → 2020-11-19,5612.091559467427,20164.08152590028,11053.88856721122,12863.135404791854,37.39555222547852,49.82853796663168,12.43298574115316
2019-11-20 → 2020-11-20,5357.970897160188,20164.08152590028,11034.918202407358,12859.656415697156,38.34192143767767,50.66614526015678,12.324223822479112
2019-11-21 → 2020-11-21,5345.709910393248,20164.08152590028,11015.747065527083,12855.882701366725,38.26356432578794,50.681498519812266,12.417934194024326
2019-11-22 → 2020-11-22,5345.709910393248,20164.08152590028,10994.694733367052,12847.04826361307,38.12149519224023,50.621880378339746,12.500385186099514
2019-11-23 → 2020-11-23,5345.709910393248,20164.08152590028,10972.083715042812,12833.025855306338,37.96890745243366,50.527251841071475,12.558344388637813
2019-11-24 → 2020-11-24,5221.8636584287715,20164.08152590028,10949.112819125421,12818.417590541165,38.32931102660868,50.839533993475804,12.510222966867126
2019-11-25 → 2020-11-25,5221.8636584287715,20164.08152590028,10924.403238913721,12797.67367436559,38.16394347253565,50.700706435481656,12.536762962946007
2019-11-26 → 2020-11-26,5221.8636584287715,20164.08152590028,10902.157434004199,12779.578759722688,38.01506460390431,50.579607179645656,12.56454257574135
2019-11-27 → 2020-11-27,5221.8636584287715,20164.08152590028,10880.063492693815,12761.955536207623,37.867202074349834,50.461664691647066,12.594462617297232
2019-11-28 → 2020-11-28,5221.8636584287715,20164.08152590028,10859.217510513634,12749.859941050725,37.72769144503715,50.38071556304931,12.653024118012155
2019-11-29 → 2020-11-29,5221.8636584287715,20164.08152590028,10837.55479139021,12736.74853211682,37.58271484708122,50.292968154664585,12.710253307583365
2019-11-30 → 2020-11-30,5085.329901629869,20164.08152590028,10816.242358117042,12727.159855379465,38.00654456873491,50.67946037024367,12.672915801508758
2019-12-01 → 2020-12-01,5085.329901629869,20164.08152590028,10794.659656126089,12715.875629458013,37.863411353673435,50.604625090754816,12.741213737081381
2019-12-02 → 2020-12-02,5085.329901629869,20164.08152590028,10772.10675087388,12701.861152183788,37.71384389733369,50.511683197264986,12.797839299931297
2019-12-03 → 2020-12-03,5085.329901629869,20164.08152590028,10748.868801311522,12685.851066512638,37.55973333074704,50.405506730737216,12.845773399990179
2019-12-04 → 2020-12-04,5085.329901629869,20164.08152590028,10726.121221914915,12669.751789995613,37.40887482492754,50.298738764010366,12.88986393908283
2019-12-05 → 2020-12-05,5085.329901629869,20164.08152590028,10702.610647588735,12651.458010586504,37.25295625214372,50.17741718603793,12.92446093389421
2019-12-06 → 2020-12-06,5085.329901629869,20164.08152590028,10679.886447131212,12635.74744082019,37.10225279191199,50.07322706368704,12.970974271775056
2019-12-07 → 2020-12-07,5085.329901629869,20164.08152590028,10657.92562442483,12622.446313687484,36.95661193745933,49.98501600043631,13.028404062976982
2019-12-08 → 2020-12-08,5085.329901629869,20164.08152590028,10636.509675235173,12609.462744072987,36.81458460175346,49.89891093061343,13.084326328859973
2019-12-09 → 2020-12-09,5085.329901629869,20164.08152590028,10614.988111875688,12595.993871136547,36.67185684884821,49.80958740256512,13.137730553716914
2019-12-10 → 2020-12-10,5085.329901629869,20164.08152590028,10592.76049338751,12579.945095491155,36.5244466451255,49.703154349980316,13.178707704854816
2019-12-11 → 2020-12-11,5085.329901629869,20164.08152590028,10570.17003250639,12561.53782264936,36.37463012553538,49.58108010072902,13.206449975193635
2019-12-12 → 2020-12-12,5085.329901629869,20164.08152590028,10546.811449789215,12541.348256251995,36.219719538112635,49.447185950202204,13.22746641208957
2019-12-13 → 2020-12-13,5085.329901629869,20164.08152590028,10523.153621738917,12520.696302364206,36.062824400903665,49.31022531577841,13.247400914874746
2019-12-14 → 2020-12-14,5085.329901629869,20164.08152590028,10499.671606646985,12500.716305279648,35.90709522864158,49.177720997235234,13.270625768593654
2019-12-15 → 2020-12-15,5085.329901629869,20164.08152590028,10475.159175514988,12477.727864123273,35.74453249305979,49.025265132657076,13.280732639597282
2019-12-16 → 2020-12-16,4679.299457808105,20164.08152590028,10449.592817541467,12453.140080762756,37.26428524702058,50.20309997757971,12.93881473055913
2019-12-17 → 2020-12-17,4388.030478306353,20164.08152590028,10421.958502611838,12424.064277283602,38.247391607076125,50.93818329272495,12.690791685648826
2019-12-18 → 2020-12-18,4338.627336619999,20164.08152590028,10392.55157661991,12387.729548041756,38.25434750618829,50.86174535751393,12.607397851325644
2019-12-19 → 2020-12-19,4191.681658854675,20164.08152590028,10366.568306788744,12363.142469201232,38.65972990492273,51.159881285003294,12.500151380080567
2019-12-20 → 2020-12-20,4191.681658854675,20164.08152590028,10340.01964497684,12339.539472319602,38.493514044858514,51.01210764373397,12.518593598875455
2019-12-21 → 2020-12-21,4191.681658854675,20164.08152590028,10313.971392596799,12316.115125837518,38.33043114813125,50.865452496873964,12.535021348742717
2019-12-22 → 2020-12-22,4191.681658854675,20164.08152590028,10287.280078419064,12290.848180461544,38.16332217014477,50.707261206984555,12.543939036839788
2019-12-23 → 2020-12-23,4191.681658854675,20164.08152590028,10262.540172420282,12271.644589576426,38.00843056835219,50.58703136647863,12.578600798126438
2019-12-24 → 2020-12-24,4191.681658854675,20164.08152590028,10236.818405195741,12250.351267755355,37.84739172986424,50.45371813867118,12.606326408806936
2019-12-25 → 2020-12-25,4053.6435971072774,20164.08152590028,10210.205721875314,12226.26346842682,38.214740977120584,50.728725733229254,12.51398475610867
2019-12-26 → 2020-12-26,3776.7105818552927,20164.08152590028,10182.605655538575,12199.88149455627,39.09043796931393,51.40037985020335,12.309941880889419
2019-12-27 → 2020-12-27,3776.7105818552927,20164.08152590028,10155.042222511767,12174.21431805759,38.92223873149279,51.24375206294983,12.32151333145704
2019-12-28 → 2020-12-28,3698.313887885281,20164.08152590028,10127.469254662983,12148.546860631268,39.045585411605856,51.32000620023744,12.27442078863158
2019-12-29 → 2020-12-29,3672.257825996902,20164.08152590028,10100.18337642427,12124.222753273487,38.97643867284991,51.24942566131181,12.272986988461902
2019-12-30 → 2020-12-30,3466.851770511931,20164.08152590028,10072.766324239383,12099.95887774353,39.562937388435124,51.70382892075624,12.140891532321113
2019-12-31 → 2020-12-31,3445.582199456053,20164.08152590028,10044.464335383418,12074.297147496165,39.47054102810343,51.611779140917136,12.141238112813703
2020-01-01 → 2021-01-01,3403.5956029317167,20164.08152590028,10015.721897391408,12046.436379589493,39.45068373822286,51.56676731438693,12.116083576164073
2020-01-02 → 2021-01-02,3122.7866217482774,20164.08152590028,9986.23147292991,12015.900077452596,40.275371618088705,52.185667261339205,11.9102956432505
2020-01-03 → 2021-01-03,3005.0031524953233,20164.08152590028,9955.195882571908,11981.972447520027,40.50446404422725,52.31615066773171,11.811686623504464
2020-01-04 → 2021-01-04,3005.0031524953233,20164.08152590028,9926.515991428085,11955.286685960218,40.337322834660455,52.16063088409828,11.823308049437827
2020-01-05 → 2021-01-05,2940.0372777058974,20164.08152590028,9897.42043201268,11927.426786336706,40.39343521215194,52.17932199386313,11.785886781711184
2020-01-06 → 2021-01-06,2729.013511226157,20164.08152590028,9867.761830517253,11898.893130474233,40.944768975279075,52.594458544872325,11.64968956959325
2020-01-07 → 2021-01-07,2550.002284036006,20164.08152590028,9839.622934417941,11875.99476298413,41.38519277837881,52.94623891995764,11.561046141578835
2020-01-08 → 2021-01-08,2452.4588062512476,20164.08152590028,9812.815135733537,11858.744416607768,41.55664585897492,53.107983154594386,11.551337295619469
2020-01-09 → 2021-01-09,2452.4588062512476,20164.08152590028,9785.756919513973,11842.381124311947,41.40387489807619,53.01559584172742,11.611720943651228
2020-01-10 → 2021-01-10,2452.4588062512476,20164.08152590028,9758.009123049405,11824.924220705421,41.24721056017911,52.917033988401805,11.669823428222692
2020-01-11 → 2021-01-11,2452.4588062512476,20164.08152590028,9732.218690837195,11812.055793969968,41.10159752053594,52.84437872163633,11.742781201100392
2020-01-12 → 2021-01-12,2452.4588062512476,20164.08152590028,9706.3769221402,11797.71918508153,40.955694634583395,52.7634340836697,11.807739449086306
2020-01-13 → 2021-01-13,2452.4588062512476,20164.08152590028,9680.309186035485,11778.601105202983,40.80851593437432,52.65549321240588,11.84697727803156
2020-01-14 → 2021-01-14,2452.4588062512476,20164.08152590028,9653.73905619016,11760.569597715294,40.65850071405321,52.553687139788465,11.895186425735254
2020-01-15 → 2021-01-15,2452.4588062512476,20164.08152590028,9630.30367970192,11752.44322446485,40.52618434271225,52.50780555468996,11.98162121197771
2020-01-16 → 2021-01-16,2452.4588062512476,20164.08152590028,9606.912112916625,11742.363566169453,40.39411532139472,52.450895702583544,12.056780381188823
2020-01-17 → 2021-01-17,2452.4588062512476,20164.08152590028,9583.213951466681,11731.170090824453,40.260315263517164,52.38769722821347,12.127381964696305
2020-01-18 → 2021-01-18,2452.4588062512476,20164.08152590028,9560.087310283061,11720.442969778747,40.12974201481103,52.32713179490733,12.197389780096302
2020-01-19 → 2021-01-19,2452.4588062512476,20164.08152590028,9537.084911057753,11710.44235376204,39.99987023745101,52.27066821630134,12.270797978850325
2020-01-20 → 2021-01-20,2452.4588062512476,20164.08152590028,9513.391968022279,11699.429681293332,39.86609964279404,52.20849055678913,12.34239091399509
2020-01-21 → 2021-01-21,2452.4588062512476,20164.08152590028,9490.62448036361,11693.987938997512,39.73755417850176,52.17776642505962,12.440212246557863
2020-01-22 → 2021-01-22,2452.4588062512476,20164.08152590028,9467.676070589803,11680.699196262969,39.6079872261279,52.10273804993619,12.494750823808296
2020-01-23 → 2021-01-23,2452.4588062512476,20164.08152590028,9444.673238138519,11670.066213412316,39.47811300276967,52.042704121826056,12.564591119056388
2020-01-24 → 2021-01-24,2452.4588062512476,20164.08152590028,9420.56272984159,11656.092991916945,39.34198483044709,51.96381117273524,12.621826342288152
2020-01-25 → 2021-01-25,2452.4588062512476,20164.08152590028,9396.619515124241,11642.100471971447,39.20680119935728,51.88480926440092,12.678008065043642
2020-01-26 → 2021-01-26,2452.4588062512476,20164.08152590028,9372.31466032664,11627.209148970825,39.06957574473737,51.800732704978145,12.731156960240774
2020-01-27 → 2021-01-27,2452.4588062512476,20164.08152590028,9349.509715380098,11617.237439211738,38.94081879622106,51.74443233139338,12.803613535172317
2020-01-28 → 2021-01-28,2452.4588062512476,20164.08152590028,9327.031751066337,11603.335503196255,38.813907983645855,51.66594186083893,12.852033877193072
2020-01-29 → 2021-01-29,2452.4588062512476,20164.08152590028,9305.699775377481,11593.288481135745,38.69346743437202,51.60921627324292,12.915748838870904
2020-01-30 → 2021-01-30,2452.4588062512476,20164.08152590028,9284.370955399618,11583.266012910379,38.573044702274174,51.55262931684705,12.979584614572879
2020-01-31 → 2021-01-31,2452.4588062512476,20164.08152590028,9263.933457668096,11575.799253070758,38.457654384543154,51.51047191569975,13.052817531156599
2020-02-01 → 2021-02-01,2452.4588062512476,20164.08152590028,9242.93063814407,11565.970863575481,38.33907225428625,51.45498072976582,13.115908475479571
2020-02-02 → 2021-02-02,2452.4588062512476,20164.08152590028,9221.54223219656,11554.349616211162,38.21831309920453,51.3893670502726,13.171053951068068
2020-02-03 → 2021-02-03,2452.4588062512476,20164.08152590028,9199.617884240497,11541.940423490523,38.09452801015259,51.31930462337326,13.224776613220676
2020-02-04 → 2021-02-04,2452.4588062512476,20164.08152590028,9177.593955115479,11531.122952316575,37.970180684819226,51.2582290723344,13.288048387515175
2020-02-05 → 2021-02-05,2452.4588062512476,20164.08152590028,9155.014516756213,11518.51926140385,37.84269694876259,51.18706850668651,13.344371557923921
2020-02-06 → 2021-02-06,2452.4588062512476,20164.08152590028,9133.64014324811,11507.784347491854,37.72201702097489,51.12645907477892,13.404442053804033
2020-02-07 → 2021-02-07,2452.4588062512476,20164.08152590028,9112.648877688585,11498.488950950845,37.603500124517744,51.07397717242507,13.470477047907323
2020-02-08 → 2021-02-08,2168.1657981399535,20164.08152590028,9090.753441932347,11482.054512897526,38.46754868446998,51.75556973958295,13.28802105511297
2020-02-09 → 2021-02-09,2148.3125374280903,20164.08152590028,9069.115327537893,11471.085699258156,38.415250520464824,51.7478502738099,13.332599753345079
2020-02-10 → 2021-02-10,2148.3125374280903,20164.08152590028,9048.31752176531,11462.924330740658,38.299808288796044,51.70254902398415,13.402740735188104
2020-02-11 → 2021-02-11,2087.9947416534974,20164.08152590028,9026.406640028434,11449.663741377539,38.38447989982946,51.79035214570161,13.405872245872153
2020-02-12 → 2021-02-12,2087.9947416534974,20164.08152590028,9005.61414650392,11440.94977180292,38.2694522737028,51.74214497742107,13.472692703718273
2020-02-13 → 2021-02-13,2087.9947416534974,20164.08152590028,8985.085190987098,11432.143117831703,38.155882584854474,51.69342506322542,13.537542478370945
2020-02-14 → 2021-02-14,2047.9285940596615,20164.08152590028,8964.04433980803,11420.876542325408,38.17651447174929,51.73807034821407,13.56155587646478
2020-02-15 → 2021-02-15,2047.9285940596615,20164.08152590028,8943.410974594082,11412.381981547629,38.062619621713644,51.691180918599855,13.628561296886211
2020-02-16 → 2021-02-16,2034.9861883731633,20164.08152590028,8921.465264282637,11400.404496039397,37.98578444041002,51.65960095250796,13.673816512097936
2020-02-17 → 2021-02-17,1914.7939987402185,20164.08152590028,8899.303437442177,11386.816493491096,38.27277874989392,51.90351941495715,13.630740665063236
2020-02-18 → 2021-02-18,1914.7939987402185,20164.08152590028,8876.439167271337,11375.246918168334,38.14749018650858,51.8401220066718,13.692631820163221
2020-02-19 → 2021-02-19,1791.4564024091771,20164.08152590028,8854.594532134017,11361.753767066493,38.44381563467467,52.08998333297947,13.6461676983048
2020-02-20 → 2021-02-20,1790.131416857254,20164.08152590028,8831.195032920607,11348.691499877434,38.320903095290234,52.022346998296165,13.70144390300593
2020-02-21 → 2021-02-21,1739.1087757620262,20164.08152590028,8807.591881830127,11334.665270246373,38.36360141164964,52.07908106356545,13.715479651915807
2020-02-22 → 2021-02-22,1739.1087757620262,20164.08152590028,8784.556802381436,11325.731526660638,38.23858044276642,52.030593916762655,13.792013473996235
2020-02-23 → 2021-02-23,1739.1087757620262,20164.08152590028,8762.005402069688,11320.063980651024,38.11618460198246,51.9998337843789,13.88364918239644
2020-02-24 → 2021-02-24,1739.1087757620262,20164.08152590028,8740.18040397762,11309.140235255425,37.99773124854722,51.94054606903876,13.942814820491542
2020-02-25 → 2021-02-25,1739.1087757620262,20164.08152590028,8717.66654521274,11299.906068492788,37.87553916137189,51.89042840054686,14.01488923917497
2020-02-26 → 2021-02-26,1739.1087757620262,20164.08152590028,8694.400302494387,11289.080654521673,37.74926357315872,51.831674370796485,14.082410797637763
2020-02-27 → 2021-02-27,1739.1087757620262,20164.08152590028,8669.377661458228,11274.136822981367,37.61345527984132,51.750567973826676,14.137112693985358
2020-02-28 → 2021-02-28,1739.1087757620262,20164.08152590028,8644.347227763004,11258.964966585492,37.477604692518,51.66822399100717,14.190619298489167
2020-02-29 → 2021-02-28,1739.1087757620262,20164.08152590028,8636.742175467276,11258.079357860968,37.43632890666551,51.66341742365679,14.22708851699128
2020-03-01 → 2021-03-01,1739.1087757620262,20164.08152590028,8610.41036374004,11235.17780518777,37.29341519881734,51.539121160189985,14.245705961372643
2020-03-02 → 2021-03-02,1739.1087757620262,20164.08152590028,8584.079821620706,11217.448554705763,37.15050838165998,51.44289713466531,14.292388753005326
2020-03-03 → 2021-03-03,1739.1087757620262,20164.08152590028,8558.791960709572,11198.382501631979,37.01326062963307,51.33941772477777,14.326157095144694
2020-03-04 → 2021-03-04,1739.1087757620262,20164.08152590028,8533.269987167123,11183.328323193116,36.874742250862305,51.25771242923669,14.382970178374386
2020-03-05 → 2021-03-05,1739.1087757620262,20164.08152590028,8507.665855930181,11165.6199999415,36.73577796806981,51.16160198450628,14.425824016436465
2020-03-06 → 2021-03-06,1739.1087757620262,20164.08152590028,8483.096738282904,11149.899143113325,36.60243113504889,51.076278347715245,14.473847212666357
2020-03-07 → 2021-03-07,1739.1087757620262,20164.08152590028,8458.574937714639,11132.043375633031,36.46934111152046,50.9793676617542,14.510026550233746
2020-03-08 → 2021-03-08,1739.1087757620262,20164.08152590028,8433.115149729972,11113.507159620465,36.331160239668286,50.87876389824293,14.547603658574644
2020-03-09 → 2021-03-09,1739.1087757620262,20164.08152590028,8404.415161303552,11087.25982169284,36.175393450671514,50.73630866488347,14.560915214211953
2020-03-10 → 2021-03-10,1739.1087757620262,20164.08152590028,8374.682919023257,11058.097370270652,36.014024190138564,50.57803189662084,14.564007706482279
2020-03-11 → 2021-03-11,1728.6904989897505,20164.08152590028,8344.864203702657,11027.707036164402,35.888437055960125,50.44111363626994,14.552676580309814
2020-03-12 → 2021-03-12,1728.6904989897505,20164.08152590028,8315.21568716507,10999.81110480507,35.7276131466961,50.28979636115161,14.562183214455509
2020-03-13 → 2021-03-13,1631.6196365641067,19948.423797973133,8264.580545390927,10916.285909229558,36.212435588526695,50.68933527294549,14.476899684418797
2020-03-14 → 2021-03-14,1631.6196365641067,19948.423797973133,8220.591528818213,10804.995425905694,35.972278975041725,50.081748478092166,14.109469503050441
2020-03-15 → 2021-03-15,1631.6196365641067,19948.423797973133,8172.357009710501,10672.801816056692,35.70894417775576,49.36004173992921,13.651097562173447
2020-03-16 → 2021-03-16,1631.6196365641067,19948.423797973133,8126.204944011018,10545.389563736167,35.456978467510744,48.66443866857594,13.207460201065196
2020-03-17 → 2021-03-17,1631.6196365641067,18544.31628634285,8076.356980381706,10396.068462007135,38.10591224612257,51.82171126777519,13.715799021652622
2020-03-18 → 2021-03-18,1631.6196365641067,18544.31628634285,8030.6491083573455,10269.027509806094,37.835654504433826,51.070553987349996,13.23489948291617
2020-03-19 → 2021-03-19,1631.6196365641067,17151.008342050874,7984.678721500357,10137.69309436424,40.93627143116901,54.809333145917485,13.873061714748474
2020-03-20 → 2021-03-20,1631.6196365641067,17151.008342050874,7945.326269071738,10038.58710600477,40.682701827524085,54.170738480623534,13.48803665309945
2020-03-21 → 2021-03-21,1631.6196365641067,17151.008342050874,7905.8293942691935,9953.930770136945,40.42820163069235,53.62525091359137,13.197049282899023
2020-03-22 → 2021-03-22,1631.6196365641067,17151.008342050874,7866.606139102695,9871.738903994723,40.175464516422956,53.09564328727318,12.920178770850221
2020-03-23 → 2021-03-23,1631.6196365641067,16935.209449198446,7824.752901135402,9773.866353622156,40.468500138826045,53.20481545013689,12.736315311310847
2020-03-24 → 2021-03-24,1631.6196365641067,16935.209449198446,7787.825182285157,9690.158605869328,40.22719911532528,52.657834324938925,12.430635209613648
2020-03-25 → 2021-03-25,1631.6196365641067,16935.209449198446,7752.797724184143,9625.895104185422,39.99831518332066,52.23790996424512,12.239594780924456
2020-03-26 → 2021-03-26,1631.6196365641067,16935.209449198446,7716.941086841055,9556.847666706415,39.76401305040878,51.78672538386646,12.022712333457683
2020-03-27 → 2021-03-27,1631.6196365641067,16935.209449198446,7681.367453378007,9489.701256889173,39.53156018216947,51.34796290630837,11.816402724138896
2020-03-28 → 2021-03-28,1631.6196365641067,16935.209449198446,7644.177507224844,9419.672735057296,39.288545656764065,50.89036751405561,11.601821857291547
2020-03-29 → 2021-03-29,1631.6196365641067,16935.209449198446,7605.079970993519,9334.461654204135,39.03306614698887,50.33356298716733,11.300496840178461
2020-03-30 → 2021-03-30,1631.6196365641067,15546.337373819915,7563.464715842036,9233.322984148565,42.63000652464387,54.630668700029474,12.000662175385607
2020-03-31 → 2021-03-31,1631.6196365641067,15546.337373819915,7525.665511647128,9139.904221122906,42.35835743402882,53.95930213126656,11.600944697237743
2020-04-01 → 2021-04-01,1631.6196365641067,15093.25569882659,7487.834348254267,9058.862775371565,43.50299387536637,55.17340614807239,11.670412272706017
2020-04-02 → 2021-04-02,1631.6196365641067,15093.25569882659,7451.333854865668,8981.962488203739,43.231849318941165,54.6021510137622,11.370301694821038
2020-04-03 → 2021-04-03,1631.6196365641067,15093.25569882659,7415.880691523599,8915.422185265852,42.96848487216744,54.10785520432175,11.139370332154314
2020-04-04 → 2021-04-04,1631.6196365641067,15093.25569882659,7380.108855005532,8846.378329499596,42.702753156106965,53.59496170871011,10.892208552603144
2020-04-05 → 2021-04-05,1631.6196365641067,15093.25569882659,7344.930373101917,8778.578890272602,42.44142918522476,53.0913123832239,10.649883197999138
2020-04-06 → 2021-04-06,1631.6196365641067,15093.25569882659,7309.3999471217685,8712.929215232256,42.17749079158662,52.603632618768046,10.426141827181425
2020-04-07 → 2021-04-07,1631.6196365641067,15093.25569882659,7276.818493218168,8657.147311327106,41.93545888883048,52.18925576555979,10.25379687672931
2020-04-08 → 2021-04-08,1631.6196365641067,15093.25569882659,7243.518945270613,8600.646283285725,41.68809261185241,51.76953688607105,10.08144427421864
2020-04-09 → 2021-04-09,1631.6196365641067,15093.25569882659,7211.164079187274,8547.309217166765,41.447743920700084,51.37332155331159,9.925577632611507
2020-04-10 → 2021-04-10,1631.6196365641067,15093.25569882659,7178.314303979816,8492.502018852341,41.20371878842401,50.96618531770895,9.762466529284936
2020-04-11 → 2021-04-11,1631.6196365641067,15093.25569882659,7143.043526641651,8431.728956452109,40.94170919928468,50.51473155592884,9.57302235664416
2020-04-12 → 2021-04-12,1631.6196365641067,15093.25569882659,7107.909973871846,8364.414137326643,40.68071898526237,50.01468223938126,9.333963254118892
2020-04-13 → 2021-04-13,1576.1524772499083,15093.25569882659,7073.065074705563,8292.975498785041,40.66635067697942,49.69129044463759,9.024939767658168
2020-04-14 → 2021-04-14,1576.1524772499083,15093.25569882659,7037.603137424557,8226.568245231696,40.404002030973665,49.20000727201712,8.796005241043453
2020-04-15 → 2021-04-15,1576.1524772499083,15093.25569882659,7002.185605582361,8156.7621167185725,40.14198189794944,48.68357910417052,8.541597206221077
2020-04-16 → 2021-04-16,1576.1524772499083,14591.56726247625,6965.384738458025,8085.568331683197,41.40653486760466,50.01312644927811,8.606591581673449
2020-04-17 → 2021-04-17,1576.1524772499083,14591.56726247625,6931.585042749739,8018.501851901452,41.146845136112944,49.49784145153934,8.350996315426393
2020-04-18 → 2021-04-18,1576.1524772499083,14591.56726247625,6897.8469744417,7965.053735409266,40.887628900097674,49.087189026133316,8.199560126035642
2020-04-19 → 2021-04-19,1576.1524772499083,14591.56726247625,6865.123929657574,7907.864928822839,40.63621129010134,48.64779614061927,8.011584850517927
2020-04-20 → 2021-04-20,1576.1524772499083,14591.56726247625,6831.750099977272,7848.706949868139,40.37979357133464,48.19327371524218,7.81348014390754
2020-04-21 → 2021-04-21,1576.1524772499083,14555.143086672459,6796.93971815436,7788.599433322386,40.22490960979847,47.86540912944598,7.640499519647506
2020-04-22 → 2021-04-22,1576.1524772499083,14037.733866748942,6762.437820462988,7723.545365862449,41.61819580605871,49.33076065123442,7.712564845175713
2020-04-23 → 2021-04-23,1576.1524772499083,13353.621641529659,6729.445431235339,7660.909620457433,43.75552066495756,51.66438611159495,7.908865446637392
2020-04-24 → 2021-04-24,1576.1524772499083,13321.888380937227,6698.3941819687725,7607.1500623582115,43.60937234346337,51.34627267768725,7.736900334223883
2020-04-25 → 2021-04-25,1576.1524772499083,13266.57907527781,6667.577625200296,7559.83548945323,43.552090295911675,51.18447100307469,7.632380707163016
2020-04-26 → 2021-04-26,1576.1524772499083,13013.939128446851,6636.395159482515,7501.9038529211975,44.241450173430735,51.80854964672007,7.567099473289332
2020-04-27 → 2021-04-27,1576.1524772499083,12870.179008914301,6605.803218341579,7449.484549753689,44.53372521297287,52.00388060039587,7.470155387422999
2020-04-28 → 2021-04-28,1576.1524772499083,12870.179008914301,6575.66010856128,7401.429491039933,44.26683094195457,51.57838966871594,7.311558726761376
2020-04-29 → 2021-04-29,1576.1524772499083,11639.203928071736,6545.596281107741,7356.154676618079,49.38307061375492,57.4378679033399,8.054797289584982
2020-04-30 → 2021-04-30,1576.1524772499083,11639.203928071736,6519.144714935463,7312.146949270856,49.12021231176226,57.00054799533497,7.88033568357271
2020-05-01 → 2021-05-01,1576.1524772499083,11639.203928071736,6492.288786559247,7276.715312188799,48.85333572360746,56.648451643098156,7.795115919490698
2020-05-02 → 2021-05-02,1576.1524772499083,11639.203928071736,6466.264928861281,7244.364102166026,48.59472770768758,56.32696655300522,7.732238845317639
2020-05-03 → 2021-05-03,1576.1524772499083,11639.203928071736,6440.602928463779,7211.328157527348,48.33971559209906,55.99867701975455,7.658961427655491
2020-05-04 → 2021-05-04,1576.1524772499083,11639.203928071736,6414.978228491875,7184.762498108006,48.08507414365639,55.7346849339626,7.649610790306205
2020-05-05 → 2021-05-05,1576.1524772499083,11639.203928071736,6388.981338366767,7147.615389948833,47.826734113774265,55.3655413561849,7.538807242410634
2020-05-06 → 2021-05-06,1576.1524772499083,11639.203928071736,6363.408890184263,7116.175767215522,47.57261190931693,55.05311502221497,7.480503112898035
2020-05-07 → 2021-05-07,1576.1524772499083,11639.203928071736,6338.689639768668,7084.771637608905,47.32696822423395,54.74104139564068,7.414073171406727
2020-05-08 → 2021-05-08,1576.1524772499083,11639.203928071736,6316.001877453306,7056.6291177259445,47.10151213443618,54.46137950560173,7.359867371165549
2020-05-09 → 2021-05-09,1576.1524772499083,11639.203928071736,6292.9770764985615,7031.906273394751,46.872706775870064,54.21570010654456,7.342993330674496
2020-05-10 → 2021-05-10,1576.1524772499083,11639.203928071736,6269.3363699073325,7009.046722317127,46.637780951364824,53.988536892788375,7.35075594142355
2020-05-11 → 2021-05-11,1576.1524772499083,11639.203928071736,6242.811728581145,6977.03712475321,46.37419647645865,53.67044652307948,7.296250046620827
2020-05-12 → 2021-05-12,1576.1524772499083,11355.596269636537,6216.370864699754,6950.763120478623,47.448694281184906,54.9582446336354,7.509550352450496
2020-05-13 → 2021-05-13,1576.1524772499083,11355.596269636537,6190.917790003152,6921.581901797849,47.18842309156553,54.65985119429184,7.471428102726307
2020-05-14 → 2021-05-14,1576.1524772499083,11355.596269636537,6167.0760955861515,6892.460796623762,46.94462912001511,54.362072447439594,7.417443327424486
2020-05-15 → 2021-05-15,1576.1524772499083,11355.596269636537,6145.007053365835,6872.561898298955,46.71896145742783,54.158595657273914,7.439634199846083
2020-05-16 → 2021-05-16,1576.1524772499083,11355.596269636537,6121.649529588492,6850.619918492807,46.4801183874822,53.93422727526808,7.454108887785878
2020-05-17 → 2021-05-17,1576.1524772499083,11355.596269636537,6098.851255076724,6829.619829268891,46.24699393791467,53.719490224064145,7.472496286149479
2020-05-18 → 2021-05-18,1576.1524772499083,11355.596269636537,6077.0182728398495,6808.7943263819525,46.02374011386926,53.506538410760086,7.482798296890827
2020-05-19 → 2021-05-19,1576.1524772499083,11355.596269636537,6056.186987842252,6794.816557069835,45.81072917541676,53.3636083054406,7.55287913002384
2020-05-20 → 2021-05-20,1576.1524772499083,11355.596269636537,6034.872845304789,6774.670950905796,45.59278076250133,53.15760879675974,7.5648280342584115
2020-05-21 → 2021-05-21,1576.1524772499083,11355.596269636537,6013.509683212957,6754.969491486328,45.37433109864146,52.956150924126874,7.581819825485411
2020-05-22 → 2021-05-22,1576.1524772499083,11355.596269636537,5990.639986648738,6732.645882611571,45.14047632070387,52.72788018247043,7.5874038617665605
2020-05-23 → 2021-05-23,1576.1524772499083,11355.596269636537,5968.675032527176,6709.293086040634,44.915873014136864,52.48908545071771,7.573212436580846
2020-05-24 → 2021-05-24,1576.1524772499083,11355.596269636537,5945.996704403834,6685.671494224314,44.68397508001307,52.2475421450063,7.563567064993229
2020-05-25 → 2021-05-25,1576.1524772499083,11318.443294354383,5922.109907040063,6657.868521991366,44.609194196502386,52.16140782637614,7.552213629873755
2020-05-26 → 2021-05-26,1576.1524772499083,11318.443294354383,5898.413167473644,6628.2123585497075,44.365958390763396,51.857001357729246,7.49104296696585
2020-05-27 → 2021-05-27,1576.1524772499083,11108.438152828967,5874.583186706417,6598.081946203045,45.093389515892696,52.68337143754421,7.589981921651514
2020-05-28 → 2021-05-28,1576.1524772499083,11108.438152828967,5852.460239496739,6570.161397726795,44.861305124356306,52.390466362869624,7.529161238513318
2020-05-29 → 2021-05-29,1576.1524772499083,11108.438152828967,5831.783015915834,6546.435044507242,44.64438733270978,52.14156117866667,7.497173845956887
2020-05-30 → 2021-05-30,1576.1524772499083,11108.438152828967,5810.480113700058,6523.57598173871,44.42090575713811,51.90175444661398,7.48084868947587
2020-05-31 → 2021-05-31,1576.1524772499083,11108.438152828967,5789.611001337231,6500.93749298396,44.20197492487936,51.66426168228414,7.462286757404783
2020-06-01 → 2021-06-01,1576.1524772499083,11108.438152828967,5768.101835908678,6477.315214186518,43.97632951138051,51.416448307807116,7.440118796426603
2020-06-02 → 2021-06-02,1576.1524772499083,11108.438152828967,5748.571872966346,6455.969906307167,43.77144724487052,51.192521868694676,7.421074623824154
2020-06-03 → 2021-06-03,1576.1524772499083,11108.438152828967,5726.825870681726,6433.629341263064,43.54331725564527,50.95815452171788,7.41483726607261
2020-06-04 → 2021-06-04,1576.1524772499083,11108.438152828967,5705.897392647184,6409.138332356071,43.32376363810987,50.70122759211759,7.377463954007723
2020-06-05 → 2021-06-05,1576.1524772499083,11108.438152828967,5685.771454174632,6386.074545070894,43.11262919294617,50.45927316408084,7.346643971134668
2020-06-06 → 2021-06-06,1576.1524772499083,11108.438152828967,5665.083191516461,6362.892842144521,42.895595594056324,50.21608172274833,7.3204861286920035
2020-06-07 → 2021-06-07,1576.1524772499083,11108.438152828967,5644.926043729577,6339.208278033522,42.68413374248252,49.96761493401499,7.283481191532466
2020-06-08 → 2021-06-08,1576.1524772499083,11108.438152828967,5625.058128776277,6316.298342784108,42.47570613519627,49.72727451589149,7.251568380695218
2020-06-09 → 2021-06-09,1576.1524772499083,11108.438152828967,5604.4013684345655,6293.838652722424,42.25900301650321,49.49165746845843,7.23265445195522
2020-06-10 → 2021-06-10,1576.1524772499083,11108.438152828967,5583.882022986188,6270.822986407348,42.043741471195695,49.25020786131919,7.206466390123495
2020-06-11 → 2021-06-11,1576.1524772499083,11108.438152828967,5563.5990001846685,6247.998596426385,41.830959107218895,49.01076486980837,7.179805762589474
2020-06-12 → 2021-06-12,1576.1524772499083,11108.438152828967,5541.808614613924,6222.611668580454,41.60236350788043,48.74443915622877,7.142075648348339
2020-06-13 → 2021-06-13,1576.1524772499083,11108.438152828967,5519.934024154866,6195.437815356972,41.37288454340606,48.45936741007771,7.086482866671652
2020-06-14 → 2021-06-14,1576.1524772499083,11108.438152828967,5497.809738926552,6168.612577145516,41.1407861151666,48.17795286665735,7.037166751490751
2020-06-15 → 2021-06-15,1576.1524772499083,11108.438152828967,5475.35327413323,6140.8058339042755,40.90520290293814,47.88624168439096,6.981038781452817
2020-06-16 → 2021-06-16,1576.1524772499083,11108.438152828967,5453.55450015907,6112.830614417421,40.676519303683385,47.592763074549,6.916243770865613
2020-06-17 → 2021-06-17,1576.1524772499083,11108.438152828967,5432.041353356377,6085.56636147117,40.450832122928745,47.306742975339205,6.85591085241046
2020-06-18 → 2021-06-18,1576.1524772499083,11108.438152828967,5410.7750260658195,6058.297522747242,40.22773424258468,47.020674768279605,6.792940525694924
2020-06-19 → 2021-06-19,1576.1524772499083,11108.438152828967,5389.361990480833,6030.514238877528,40.003097294912784,46.729209690382376,6.726112395469592
2020-06-20 → 2021-06-20,1576.1524772499083,11108.438152828967,5367.613586574808,6001.814349710239,39.774942111085856,46.428128814881376,6.6531867037955195
2020-06-21 → 2021-06-21,1576.1524772499083,11108.438152828967,5347.029472397678,5973.0328213163775,39.55900109884925,46.12619148973807,6.567190390888818
2020-06-22 → 2021-06-22,1576.1524772499083,11108.438152828967,5326.03660823468,5944.590557988469,39.33877202811568,45.82781328018887,6.489041252073193
2020-06-23 → 2021-06-23,1576.1524772499083,11108.438152828967,5305.953577702513,5917.930134434487,39.1280877157097,45.548127751855574,6.420040036145878
2020-06-24 → 2021-06-24,1576.1524772499083,11108.438152828967,5285.410673497473,5892.537204152193,38.91257902341705,45.281739068736805,6.369160045319752
2020-06-25 → 2021-06-25,1576.1524772499083,11108.438152828967,5264.63297834986,5865.1089658726105,38.69460721838771,44.99399865460033,6.299391436212623
2020-06-26 → 2021-06-26,1576.1524772499083,11108.438152828967,5243.653570104985,5835.953410483819,38.47451930916125,44.68813753816858,6.213618229007331
2020-06-27 → 2021-06-27,1576.1524772499083,11108.438152828967,5221.741834537209,5806.324909196255,38.244650667856135,44.377314905528955,6.13266423767282
2020-06-28 → 2021-06-28,1576.1524772499083,11029.382532855976,5199.338971629953,5775.15658967555,38.327497300580134,44.41872341756349,6.091226116983357
2020-06-29 → 2021-06-29,1576.1524772499083,11029.382532855976,5176.9444832748995,5743.58057399748,38.09059956061904,44.08469985638563,5.994100295766593
2020-06-30 → 2021-06-30,1576.1524772499083,11029.382532855976,5154.9871067307995,5712.835302396217,37.85832576198152,43.75946423405959,5.901138472078074
2020-07-01 → 2021-07-01,1576.1524772499083,11029.382532855976,5133.261560933807,5682.102989418231,37.62850436052193,43.4343656931671,5.805861332645172
2020-07-02 → 2021-07-02,1576.1524772499083,11029.382532855976,5111.783777885025,5651.602761395501,37.40130389123848,43.111722238566706,5.710418347328229
2020-07-03 → 2021-07-03,1576.1524772499083,11029.382532855976,5089.639964742044,5620.678189341785,37.16705789264618,42.784589905260404,5.617532012614227
2020-07-04 → 2021-07-04,1576.1524772499083,11013.684039957561,5067.232923992674,5588.665627104796,36.991457178673166,42.51655343554355,5.525096256870384
2020-07-05 → 2021-07-05,1576.1524772499083,11013.684039957561,5045.351477098767,5556.697639692333,36.759601563160615,42.17782092694157,5.418219363780956
2020-07-06 → 2021-07-06,1576.1524772499083,10949.793506880562,5023.266248542662,5524.683896937278,36.774544282165444,42.123774605895626,5.349230323730183
2020-07-07 → 2021-07-07,1576.1524772499083,10949.793506880562,5002.062022727082,5493.79812645967,36.5483330826054,41.794278624771785,5.245945542166382
2020-07-08 → 2021-07-08,1576.1524772499083,10949.793506880562,4980.856191597073,5463.701397610808,36.32210475720895,41.47320030788591,5.151095550676963
2020-07-09 → 2021-07-09,1576.1524772499083,10949.793506880562,4959.952472175595,5434.072678926805,36.09909942389823,41.15711482317036,5.058015399272129
2020-07-10 → 2021-07-10,1576.1524772499083,10949.793506880562,4938.484571174543,5404.527663673021,35.87007528127114,40.841922304485365,4.971847023214224
2020-07-11 → 2021-07-11,1576.1524772499083,10949.793506880562,4917.03425895425,5374.22230114459,35.641238779505315,40.5186182390466,4.877379459541288
2020-07-12 → 2021-07-12,1576.1524772499083,10949.793506880562,4895.701226203329,5343.84683812788,35.41365344011066,40.19456632666068,4.78091288655002
2020-07-13 → 2021-07-13,1576.1524772499083,10949.793506880562,4874.658144541455,5313.415360595274,35.18916136072171,39.86991683948264,4.680755478760929
2020-07-14 → 2021-07-14,1576.1524772499083,10949.793506880562,4853.408067295073,5282.921376444166,34.96246100832707,39.54460051837844,4.58213951005137
2020-07-15 → 2021-07-15,1576.1524772499083,10949.793506880562,4832.520333126277,5252.206568971169,34.739626209098375,39.216928407019516,4.477302197921141
2020-07-16 → 2021-07-16,1576.1524772499083,10949.793506880562,4811.497483461398,5221.205609004024,34.515349968964735,38.88620355987476,4.3708535909100235
2020-07-17 → 2021-07-17,1576.1524772499083,10921.24083746441,4790.240610348386,5189.436107787617,34.3933412848405,38.66505581606692,4.271714531226415
2020-07-18 → 2021-07-18,1576.1524772499083,10908.467459428333,4769.018115389024,5157.384544872645,34.213007643188355,38.3745305903378,4.161522947149443
2020-07-19 → 2021-07-19,1576.1524772499083,10908.467459428333,4748.08880093769,5125.532296706411,33.98874051877922,38.03321926268693,4.04447874390771
2020-07-20 → 2021-07-20,1576.1524772499083,10908.467459428333,4727.630097351305,5093.979638193404,33.76951620385357,37.695118174443955,3.9256019705903853
2020-07-21 → 2021-07-21,1576.1524772499083,10651.2444034891,4706.331984773298,5062.342052696324,34.49198678057433,38.41492299782276,3.9229362172484272
2020-07-22 → 2021-07-22,1576.1524772499083,10491.795099730549,4685.68735011537,5031.597763859167,34.87729381418701,38.75710852178408,3.8798147075970704
2020-07-23 → 2021-07-23,1576.1524772499083,10473.287081753417,4665.191917540769,5002.720905247745,34.719486414505475,38.5131683436979,3.7936819291924238
2020-07-24 → 2021-07-24,1576.1524772499083,10473.287081753417,4644.754973258077,4974.87179654934,34.48978387328117,38.20015623433509,3.7103723610539205
2020-07-25 → 2021-07-25,1576.1524772499083,10306.672153889524,4623.919176538683,4947.025621271876,34.909338872962294,38.61022331856675,3.7008844456044585
2020-07-26 → 2021-07-26,1576.1524772499083,10066.533186518165,4603.055588779411,4919.494866934156,35.65097037669087,39.3780032270472,3.7270328503563306
2020-07-27 → 2021-07-27,1576.1524772499083,9892.53203295156,4582.534486972031,4893.624004822254,36.15012986824259,39.890814330352576,3.7406844621099893
2020-07-28 → 2021-07-28,1576.1524772499083,9892.53203295156,4564.6415139562905,4872.774323618083,35.93497647251436,39.64010810579267,3.705131633278313
2020-07-29 → 2021-07-29,1576.1524772499083,9892.53203295156,4546.4931838017455,4854.994447993394,35.716752544265404,39.42631464548217,3.7095621012167683
2020-07-30 → 2021-07-30,1576.1524772499083,9892.53203295156,4528.4514056158505,4837.191678703209,35.49980984624333,39.2122459011332,3.7124360548898707
2020-07-31 → 2021-07-31,1576.1524772499083,9892.53203295156,4510.452364198587,4819.765359159732,35.283381034923345,39.00270376291358,3.7193227279902388
2020-08-01 → 2021-08-01,1576.1524772499083,9892.53203295156,4493.190606730852,4802.769641975527,35.07581766732908,38.79833938692075,3.7225217195916684
2020-08-02 → 2021-08-02,1576.1524772499083,9892.53203295156,4476.982806562738,4787.243955112673,34.88092757050802,38.61165133644319,3.730723765935167
2020-08-03 → 2021-08-03,1576.1524772499083,9892.53203295156,4459.490630325031,4771.155320609662,34.67059354089156,38.41819414277794,3.7476006018863828
2020-08-04 → 2021-08-04,1576.1524772499083,9892.53203295156,4442.043423359804,4753.445021001412,34.460800242637575,38.20523729671735,3.744437054079775
2020-08-05 → 2021-08-05,1576.1524772499083,9892.53203295156,4424.327692802933,4735.8619308640555,34.24777809233509,37.99381007625936,3.7460319839242686
2020-08-06 → 2021-08-06,1576.1524772499083,9892.53203295156,4407.403099940478,4719.310543110418,34.04426894813241,37.79478852315708,3.7505195750246685
2020-08-07 → 2021-08-07,1576.1524772499083,9892.53203295156,4390.330089831865,4703.923365027769,33.83897516621372,37.60976596641123,3.77079080019751
2020-08-08 → 2021-08-08,1576.1524772499083,9892.53203295156,4372.987748372205,4688.110641674403,33.63044281937332,37.41962645621385,3.7891836368405265
2020-08-09 → 2021-08-09,1576.1524772499083,9892.53203295156,4355.626343747387,4672.031914116678,33.421681248204834,37.22628838824771,3.804607140042876
2020-08-10 → 2021-08-10,1576.1524772499083,9892.53203295156,4338.241314066349,4656.058374449882,33.21263559841701,37.034215148206066,3.821579549789057
2020-08-11 → 2021-08-11,1576.1524772499083,9892.53203295156,4321.205741291608,4640.212513733317,33.007791980342105,36.84367717900406,3.8358851986619555
2020-08-12 → 2021-08-12,1576.1524772499083,9892.53203295156,4303.3761431569665,4623.684265854687,32.793400633540024,36.64493387047747,3.851533236937449
2020-08-13 → 2021-08-13,1576.1524772499083,9892.53203295156,4285.498387630539,4606.098828625269,32.57843021995217,36.43347842749734,3.855048207545174
2020-08-14 → 2021-08-14,1576.1524772499083,9892.53203295156,4268.089544144989,4589.352322523832,32.36909822194813,36.23211068100055,3.8630124590524204
2020-08-15 → 2021-08-15,1576.1524772499083,9892.53203295156,4250.688730934941,4572.966261043301,32.15986278369642,36.03507708758673,3.87521430389031
2020-08-16 → 2021-08-16,1576.1524772499083,9892.53203295156,4233.606332481568,4556.726547132101,31.954456111971556,35.83980324513607,3.8853471331645117
2020-08-17 → 2021-08-17,1576.1524772499083,9892.53203295156,4216.756107200464,4540.748358115315,31.75184119801478,35.64767409915653,3.895832901141752
2020-08-18 → 2021-08-18,1576.1524772499083,9892.53203295156,4200.649009370113,4525.535440674659,31.558161992749216,35.46474693308911,3.9065849403398936
2020-08-19 → 2021-08-19,1576.1524772499083,9892.53203295156,4183.72375883005,4510.172765201906,31.35464494032634,35.28001900707447,3.9253740667481303
2020-08-20 → 2021-08-20,1576.1524772499083,9892.53203295156,4165.993322842174,4493.347124718318,31.14144596510977,35.07769971211092,3.9362537470011496
2020-08-21 → 2021-08-21,1576.1524772499083,9892.53203295156,4148.538500215528,4476.128331671022,30.931561092615233,34.870652968609534,3.9390918759943006
2020-08-22 → 2021-08-22,1576.1524772499083,9892.53203295156,4130.3657668468295,4458.3628816309665,30.71304372881551,34.65703296821073,3.9439892393952185
2020-08-23 → 2021-08-23,1576.1524772499083,9892.53203295156,4112.487443837242,4439.963057826669,30.498066491547277,34.43578496382301,3.9377184722757335
2020-08-24 → 2021-08-24,1576.1524772499083,9892.53203295156,4094.7670902711343,4422.025499238824,30.28498875204032,34.22009545052336,3.9351066984830396
2020-08-25 → 2021-08-25,1576.1524772499083,9892.53203295156,4077.132006686143,4404.055775137978,30.07293633828414,34.00401916419603,3.93108282591189
2020-08-26 → 2021-08-26,1576.1524772499083,9892.53203295156,4058.867150759888,4385.547848168058,29.853311250180347,33.781471277270505,3.9281600270901578
2020-08-27 → 2021-08-27,1576.1524772499083,9892.53203295156,4040.6211420133113,4365.816477347333,29.633912789295202,33.54421213477264,3.9102993454774406
2020-08-28 → 2021-08-28,1576.1524772499083,9892.53203295156,4022.066220488803,4346.020280986141,29.41079981807701,33.306173499948436,3.895373681871426
2020-08-29 → 2021-08-29,1576.1524772499083,9892.53203295156,4003.946958951043,4326.2186359049165,29.192925424341126,33.06806934719065,3.8751439228495244
2020-08-30 → 2021-08-30,1576.1524772499083,9892.53203295156,3985.9670095742918,4307.086790090925,28.976726184559865,32.83801917107917,3.8612929865193024
2020-08-31 → 2021-08-31,1576.1524772499083,9892.53203295156,3968.398768666491,4288.217703590576,28.765477518116345,32.61112853466741,3.845651016551063
2020-09-01 → 2021-09-01,1576.1524772499083,9892.53203295156,3950.614661348135,4269.618824060589,28.551633173961044,32.387486992029594,3.83585381806855
2020-09-02 → 2021-09-02,1576.1524772499083,9892.53203295156,3933.323880751633,4251.507109387124,28.343720818822714,32.16970334528577,3.8259825264630543
2020-09-03 → 2021-09-03,1576.1524772499083,9892.53203295156,3914.8671145925064,4232.7907528538435,28.12178811318432,31.944649204743943,3.8228610915596235
2020-09-04 → 2021-09-04,1576.1524772499083,9892.53203295156,3893.714253413394,4209.136728747522,27.867436312170017,31.660222262131587,3.7927859499615693
2020-09-05 → 2021-09-05,1576.1524772499083,9892.53203295156,3872.9031885245536,4181.218642311675,27.617194428073084,31.32452225891676,3.707327830843674
2020-09-06 → 2021-09-06,1576.1524772499083,9892.53203295156,3851.118173506191,4152.81105922182,27.35524131647626,30.98293632119487,3.6276950047186105
2020-09-07 → 2021-09-07,1576.1524772499083,9892.53203295156,3830.3020903519764,4124.187094885279,27.104939090431955,30.638748515133084,3.533809424701129
2020-09-08 → 2021-09-08,1576.1524772499083,9892.53203295156,3809.864633421023,4096.324722193644,26.859189641479237,30.303718439785783,3.4445287983065462
2020-09-09 → 2021-09-09,1576.1524772499083,9781.757822849786,3788.718123262697,4067.7803885619674,26.96407580946165,30.364949401912856,3.4008735924512052
2020-09-10 → 2021-09-10,1576.1524772499083,9772.019213192432,3768.095490769475,4038.6463338498947,26.74449309805052,30.045557546718697,3.3010644486681784
2020-09-11 → 2021-09-11,1576.1524772499083,9772.019213192432,3747.716145630805,4010.3327187054674,26.495839163143337,29.700095424692492,3.2042562615491548
2020-09-12 → 2021-09-12,1576.1524772499083,9772.019213192432,3727.3281980948996,3982.51761512793,26.24708026804692,29.360715777930352,3.1136355098834336
2020-09-13 → 2021-09-13,1576.1524772499083,9772.019213192432,3707.222524060775,3955.2390824314552,26.001765468747507,29.02788297847979,3.026117509732284
2020-09-14 → 2021-09-14,1576.1524772499083,9772.019213192432,3686.564279945208,3927.4085890610904,25.749708611539578,28.688315556668066,2.9386069451284875
2020-09-15 → 2021-09-15,1576.1524772499083,9772.019213192432,3666.6124546084675,3900.135723559304,25.506270962056544,28.355551904201842,2.849280942145299
2020-09-16 → 2021-09-16,1576.1524772499083,9772.019213192432,3646.98184429588,3874.749002086683,25.26675254448029,28.04580160822291,2.779049063742619
2020-09-17 → 2021-09-17,1576.1524772499083,9772.019213192432,3627.8585082356312,3850.463762234591,25.03342351807746,27.7494907891903,2.7160672711128413
2020-09-18 → 2021-09-18,1576.1524772499083,9772.019213192432,3608.5433433008025,3826.5789926887765,24.79775393538252,27.458066217325694,2.660312281943174
2020-09-19 → 2021-09-19,1576.1524772499083,9772.019213192432,3589.3094652437294,3802.6291462216827,24.56307615599985,27.165847624238243,2.6027714682383944
2020-09-20 → 2021-09-20,1576.1524772499083,9772.019213192432,3571.0118742940153,3779.7534582481903,24.339822270361726,26.886735131191326,2.5469128608296003
2020-09-21 → 2021-09-21,1576.1524772499083,9772.019213192432,3552.736011247934,3757.2466297504975,24.116833492787617,26.612123192968966,2.495289700181349
2020-09-22 → 2021-09-22,1576.1524772499083,9772.019213192432,3532.873455115554,3732.0229078061293,23.8744850411556,26.304361698583623,2.4298766574280215
2020-09-23 → 2021-09-23,1576.1524772499083,9772.019213192432,3512.9916084660103,3704.6919175593994,23.631901220675054,25.970888850289604,2.33898762961455
2020-09-24 → 2021-09-24,1576.1524772499083,9473.54969553333,3492.6753484434817,3676.6282797788735,24.26777858857844,26.59706412723058,2.3292855386521403
2020-09-25 → 2021-09-25,1576.1524772499083,9473.54969553333,3473.626634858563,3649.1178293144253,24.026576163799575,26.24871580810642,2.2221396443068464
2020-09-26 → 2021-09-26,1576.1524772499083,9473.54969553333,3454.387258371187,3623.6563801043044,23.782959489145867,25.92631276180688,2.143353272661013
2020-09-27 → 2021-09-27,1576.1524772499083,9473.54969553333,3435.381499178394,3598.1290534307554,23.542300970048053,25.603075548735593,2.060774578687539
2020-09-28 → 2021-09-28,1576.1524772499083,9473.54969553333,3416.6139802530197,3573.0029869466025,23.30465914443587,25.284919252557614,1.980260108121744
2020-09-29 → 2021-09-29,1576.1524772499083,9473.54969553333,3397.735211262173,3547.8286693168334,23.06560862603039,24.966151981088892,1.9005433550585025
2020-09-30 → 2021-09-30,1576.1524772499083,9473.54969553333,3378.7733191954685,3522.6943905697567,22.825505570015867,24.647891697955508,1.822386127939641
2020-10-01 → 2021-10-01,1576.1524772499083,9473.54969553333,3359.0927829020325,3497.3906318733825,22.576302753575618,24.32748539196658,1.7511826383909614
2020-10-02 → 2021-10-02,1576.1524772499083,9473.54969553333,3339.0498993974406,3470.9813633966687,22.322511751925227,23.99308067929019,1.6705689273649647
2020-10-03 → 2021-10-03,1576.1524772499083,9473.54969553333,3318.869387246325,3443.546681420657,22.066978041345298,23.645691771049677,1.5787137297043792
2020-10-04 → 2021-10-04,1576.1524772499083,9437.190896860331,3298.5287344661474,3415.7020461659013,21.910289268139675,23.40084694570361,1.4905576775639346
2020-10-05 → 2021-10-05,1576.1524772499083,9437.190896860331,3278.210811327936,3387.8927624670205,21.65182566506752,23.047086001990287,1.3952603369227674
2020-10-06 → 2021-10-06,1576.1524772499083,9437.190896860331,3257.7781059319327,3360.546593002725,21.39190192083252,22.69921631856428,1.3073143977317585
2020-10-07 → 2021-10-07,1576.1524772499083,9374.53619995802,3237.071458427934,3333.251894740848,21.29824640895262,22.531584491981878,1.2333380830292597
2020-10-08 → 2021-10-08,1576.1524772499083,9172.183505682702,3216.5239120796136,3305.228695715454,21.595112351300457,22.76289040939169,1.1677780580912334
2020-10-09 → 2021-10-09,1576.1524772499083,9030.07619321888,3196.430024950192,3278.1068658634895,21.7372434900168,22.832999819509638,1.0957563294928363
2020-10-10 → 2021-10-10,1576.1524772499083,8847.322761646454,3176.752523865961,3252.611966582536,22.012963305932136,23.0562539971069,1.0432906911747644
2020-10-11 → 2021-10-11,1576.1524772499083,8819.129825518316,3157.3487188097665,3227.9905579816477,21.830749504385487,22.806064430487936,0.975314926102449
2020-10-12 → 2021-10-12,1576.1524772499083,8819.129825518316,3138.1978780642207,3204.799788106594,21.56634386255196,22.48588160014127,0.9195377375893088
2020-10-13 → 2021-10-13,1576.1524772499083,8819.129825518316,3119.30308514093,3181.995392177507,21.305473339081278,22.1710332327839,0.8655598937026205
2020-10-14 → 2021-10-14,1576.1524772499083,8819.129825518316,3100.1706811749837,3159.5695447596036,21.041322244220815,21.86141128673067,0.8200890425098564
2020-10-15 → 2021-10-15,1576.1524772499083,8819.129825518316,3080.6861390959234,3135.817477135781,20.772309362609107,21.533478911938676,0.7611695493295692
2020-10-16 → 2021-10-16,1576.1524772499083,8819.129825518316,3061.416934835127,3112.6788711106155,20.50626953762742,21.2140162805845,0.7077467429570774
2020-10-17 → 2021-10-17,1576.1524772499083,8800.646010252805,3041.766349759093,3089.235826615812,20.2867351990001,20.943798239334615,0.657063040334517
2020-10-18 → 2021-10-18,1576.1524772499083,8703.506092897267,3022.1293395798057,3065.132568298595,20.28771042249688,20.891065202374506,0.6033547798776269
2020-10-19 → 2021-10-19,1555.430138450808,8513.672811735767,3002.599077409187,3040.9376690825934,20.79790842182824,21.348889373104935,0.5509809512766957
2020-10-20 → 2021-10-20,1513.7341883084346,8382.61103570958,2983.473562044631,3017.7590280180766,21.397084361648954,21.896226604771535,0.4991422431225807
2020-10-21 → 2021-10-21,1513.7341883084346,7783.015373161113,2964.9506768539036,2997.124217568804,23.148052316616123,23.661245771595226,0.5131934549791026
2020-10-22 → 2021-10-22,1513.7341883084346,7719.963155662358,2948.1830510347586,2978.821017374422,23.113050940785914,23.606715716945892,0.49366477615997795
2020-10-23 → 2021-10-23,1513.7341883084346,7719.963155662358,2931.6225679809395,2962.3352372504687,22.846214458585038,23.34108291141016,0.4948684528251235
2020-10-24 → 2021-10-24,1513.7341883084346,7667.74669788406,2915.0187568966508,2946.064590755988,22.770258695571734,23.27473985824454,0.504481162672807
2020-10-25 → 2021-10-25,1513.7341883084346,7667.74669788406,2898.5187244843273,2929.0701966485703,22.502140416860904,22.998588419147296,0.4964480022863924
2020-10-26 → 2021-10-26,1513.7341883084346,7644.876426807446,2882.092624661438,2913.5554895174037,22.3181649213866,22.831329738513208,0.5131648171266079
2020-10-27 → 2021-10-27,1513.7341883084346,7524.26829540335,2865.8704295034413,2898.067752618695,22.4961079515201,23.031789515613504,0.5356815640934052
2020-10-28 → 2021-10-28,1513.7341883084346,7524.26829540335,2850.4026595427626,2882.310330600315,22.238763601000226,22.769626091571375,0.530862490571149
2020-10-29 → 2021-10-29,1513.7341883084346,7421.030605183311,2834.2350444945505,2866.842322726835,22.353726019468944,22.905709125296138,0.551983105827194
2020-10-30 → 2021-10-30,1513.7341883084346,7355.33990404444,2818.384193081926,2851.2368951770213,22.333756646037408,22.89614828446308,0.5623916384256731
2020-10-31 → 2021-10-31,1513.7341883084346,7355.33990404444,2802.7465724958784,2836.2191417593485,22.06606277303391,22.6390656577254,0.5730028846914905
2020-11-01 → 2021-11-01,1513.7341883084346,7355.33990404444,2787.430431924672,2821.7880591235557,21.803872181670513,22.392026002225908,0.5881538205553944
2020-11-02 → 2021-11-02,1513.7341883084346,7355.33990404444,2771.875828649152,2806.7976554314205,21.53759944721294,22.135411563977286,0.5978121167643451
2020-11-03 → 2021-11-03,1513.7341883084346,7144.431265907445,2756.1191934299336,2791.889594335637,22.064497308231424,22.699772131450224,0.6352748232188006
2020-11-04 → 2021-11-04,1513.7341883084346,7077.567494964144,2741.049235278579,2777.7755991587837,22.058803334420077,22.718894351817575,0.6600910173974981
2020-11-05 → 2021-11-05,1513.7341883084346,6726.597826108091,2726.190273018733,2764.034456736874,23.258925783488838,23.984902642805167,0.7259768593163294
2020-11-06 → 2021-11-06,1513.7341883084346,6726.597826108091,2713.129085258483,2751.77210093362,23.008368917478755,23.749670021058904,0.7413011035801489
2020-11-07 → 2021-11-07,1513.7341883084346,6726.597826108091,2699.9698728044937,2740.615467033815,22.755931612988974,23.53564880978252,0.7797171967935448
2020-11-08 → 2021-11-08,1480.565603419731,6527.72377190631,2685.636451431028,2727.511068408541,23.87622515053149,24.70589237275111,0.8296672222196193
2020-11-09 → 2021-11-09,1480.565603419731,6527.72377190631,2672.0812558217453,2715.0265027146625,23.607654300227683,24.45853405194734,0.8508797517196562
2020-11-10 → 2021-11-10,1480.565603419731,6527.72377190631,2658.4658589328633,2704.1889199464144,23.337890674156007,24.24380761765575,0.9059169434997436
2020-11-11 → 2021-11-11,1480.565603419731,6356.777531253977,2644.8363934492972,2692.4092140511716,23.876542021968135,24.8521522150018,0.9756101930336669
2020-11-12 → 2021-11-12,1480.565603419731,6255.178118314777,2631.7320134330134,2681.399027536318,24.110153576275856,25.150384881923415,1.0402313056475592
2020-11-13 → 2021-11-13,1480.565603419731,6255.178118314777,2619.202076589662,2670.943733386924,23.84772522624195,24.931408072459252,1.0836828462173038
2020-11-14 → 2021-11-14,1480.565603419731,6255.178118314777,2606.6720875260276,2660.81306954111,23.5852957825008,24.71923035512177,1.1339345726209693
2020-11-15 → 2021-11-15,1480.565603419731,6255.178118314777,2593.989400301495,2651.2463866945104,23.319668211991843,24.518864716721687,1.1991965047298443
2020-11-16 → 2021-11-16,1480.565603419731,5972.626042987401,2581.4281384644314,2642.600282481285,24.506850472177774,25.868634108881043,1.3617836367032687
2020-11-17 → 2021-11-17,1480.565603419731,5847.405058718655,2569.6515408566206,2633.387344506077,24.939912460380075,26.399453263331203,1.4595408029511283
2020-11-18 → 2021-11-18,1480.565603419731,5847.405058718655,2559.010365513953,2626.9794303630915,24.696231064450686,26.25271294442138,1.5564818799706934
2020-11-19 → 2021-11-19,1480.565603419731,5847.405058718655,2548.3743601137658,2619.6365260174525,24.452668059465903,26.08456148337491,1.6318934239090055
2020-11-20 → 2021-11-20,1480.565603419731,5847.405058718655,2537.6136042302205,2611.7170256434174,24.206248286224923,25.903206055608376,1.6969577693834523
2020-11-21 → 2021-11-21,1480.565603419731,5847.405058718655,2527.602696225145,2604.770024861055,23.976999922332638,25.74412072963119,1.7671208072985536
2020-11-22 → 2021-11-22,1480.565603419731,5847.405058718655,2517.8427413780532,2599.2546653879144,23.753498349925426,25.617819785215936,1.8643214352905098
2020-11-23 → 2021-11-23,1480.565603419731,5847.405058718655,2507.8000393051357,2592.524759218584,23.523521906419326,25.46370589487898,1.9401839884596548
2020-11-24 → 2021-11-24,1480.565603419731,5847.405058718655,2497.710800292096,2585.919012295409,23.29247977362928,25.3124352335507,2.0199554599214196
2020-11-25 → 2021-11-25,1480.565603419731,5847.405058718655,2488.073649972597,2578.7566810831145,23.071790407369104,25.14841887147438,2.0766284641052764
2020-11-26 → 2021-11-26,1480.565603419731,5847.405058718655,2478.5789080111895,2574.0730038441825,22.854362172175193,25.041163331469384,2.186801159294191
2020-11-27 → 2021-11-27,1480.565603419731,5847.405058718655,2467.61451723757,2567.1378043214936,22.60327918902786,24.882348252653667,2.2790690636258084
2020-11-28 → 2021-11-28,1480.565603419731,5635.270427856573,2456.4105922989065,2557.722918187981,23.487709238440264,25.926205597873142,2.438496359432879
2020-11-29 → 2021-11-29,1480.565603419731,5536.558998548417,2445.730886625382,2548.7236561053005,23.796026994640336,26.335300594139156,2.53927359949882
2020-11-30 → 2021-11-30,1480.565603419731,5536.558998548417,2435.496299139606,2540.9584426294277,23.543694545133196,26.14385024599019,2.6001557008569947
2020-12-01 → 2021-12-01,1480.565603419731,5536.558998548417,2426.3802190446563,2534.2034536337665,23.318938752732297,25.9773068535928,2.6583681008605033
2020-12-02 → 2021-12-02,1480.565603419731,5536.558998548417,2416.6916777933275,2528.1583628235066,23.080069003512165,25.828265910441367,2.748196906929202
2020-12-03 → 2021-12-03,1480.565603419731,5536.558998548417,2407.562934897022,2522.5809636858025,22.8550010113584,25.690755845844055,2.8357548344856554
2020-12-04 → 2021-12-04,1480.565603419731,5536.558998548417,2399.0879630958125,2518.658180908091,22.646051662195553,25.594040136631534,2.9479884744359808
2020-12-05 → 2021-12-05,1480.565603419731,5536.558998548417,2390.041790377588,2513.800178112325,22.423019427254314,25.47426669711853,3.0512472698642163
2020-12-06 → 2021-12-06,1480.565603419731,5536.558998548417,2381.1544021406717,2508.092297382326,22.203902003454015,25.333539625500162,3.129637622046147
2020-12-07 → 2021-12-07,1480.565603419731,5536.558998548417,2372.441312360683,2502.6480348939576,21.989081885885444,25.199312028016724,3.21023014213128
2020-12-08 → 2021-12-08,1480.565603419731,5536.558998548417,2363.6079781875987,2497.2508337879426,21.7712971581368,25.06624472291467,3.294947564777871
2020-12-09 → 2021-12-09,1480.565603419731,5536.558998548417,2354.4106109183786,2491.830857561741,21.544537240818727,24.932615900128347,3.3880786593096204
2020-12-10 → 2021-12-10,1480.565603419731,5536.558998548417,2345.4608321136557,2485.932750863096,21.32388158552423,24.78719883150765,3.4633172459834185
2020-12-11 → 2021-12-11,1480.565603419731,5536.558998548417,2336.065974868953,2479.6421312957077,21.092252578041474,24.6321044081552,3.539851830113726
2020-12-12 → 2021-12-12,1480.565603419731,5315.393167413713,2326.3883600933123,2472.702818334814,22.056343930955137,25.871755596795847,3.81541166584071
2020-12-13 → 2021-12-13,1480.565603419731,5220.274028941746,2317.7053794037056,2466.410844405241,22.385161641769457,26.361553597534776,3.976391955765319
2020-12-14 → 2021-12-14,1480.565603419731,5184.906387212008,2309.100005280154,2460.7372565006663,22.366581538219616,26.460083191306598,4.093501653086982
2020-12-15 → 2021-12-15,1480.565603419731,5145.994841858927,2300.5289366194525,2455.1716679950578,22.370185859838784,26.58913871135952,4.218952851520736
2020-12-16 → 2021-12-16,1480.565603419731,4679.299457808105,2292.201198904239,2449.8313386809136,25.3736519645427,30.301543653950375,4.9278916894076765
2020-12-17 → 2021-12-17,1480.565603419731,4388.030478306353,2285.3130031031465,2445.555336738156,27.67866283216223,33.19007364985123,5.511410817688997
2020-12-18 → 2021-12-18,1480.565603419731,4359.688544816367,2279.1489160451883,2442.413026868968,27.73703412046976,33.40765375523192,5.670619634762158
2020-12-19 → 2021-12-19,1480.565603419731,4359.688544816367,2273.1233451648404,2439.629614628902,27.5277491749153,33.310978055835925,5.783228880920625
2020-12-20 → 2021-12-20,1480.565603419731,4359.688544816367,2267.489541111717,2436.9637054835566,27.332071388040706,33.21838356787522,5.8863121798345155
2020-12-21 → 2021-12-21,1480.565603419731,4359.688544816367,2261.4437723808906,2434.19830347591,27.122084914594264,33.122333414271665,6.000248499677401
2020-12-22 → 2021-12-22,1480.565603419731,4290.506615779991,2255.1433154097545,2431.0764765628255,27.565621790024807,33.82671981233855,6.261098022313746
2020-12-23 → 2021-12-23,1480.565603419731,4290.506615779991,2249.030137053176,2427.7242776202525,27.348066391897657,33.70742197199858,6.359355580100921
2020-12-24 → 2021-12-24,1480.565603419731,4218.05077774402,2242.687579506906,2424.36096220136,27.840222962131456,34.476729504648084,6.636506542516628
2020-12-25 → 2021-12-25,1480.565603419731,4053.6435971072774,2236.5635544713764,2420.869014553872,29.381074064070816,36.543914076485784,7.162840012414968
2020-12-26 → 2021-12-26,1480.565603419731,3783.456644027727,2230.8666308703246,2417.6170645082125,32.58083053953362,40.69022131594583,8.109390776412205
2020-12-27 → 2021-12-27,1480.565603419731,3783.456644027727,2225.926559095985,2414.875799985377,32.366314451397926,40.57118552682261,8.204871075424684
2020-12-28 → 2021-12-28,1480.565603419731,3698.313887885281,2221.3204520213103,2412.7419073756873,33.40121391549592,42.03255664700466,8.631342731508738
2020-12-29 → 2021-12-29,1480.565603419731,3672.257825996902,2217.095307744019,2410.84118004216,33.605526211076125,42.44553897848554,8.840012767409412
2020-12-30 → 2021-12-30,1480.565603419731,3466.851770511931,2212.86244819403,2408.9317633670616,36.867640569955554,46.738791989192634,9.87115141923708
2020-12-31 → 2021-12-31,1480.565603419731,3445.582199456053,2209.284326220529,2407.2450885451,37.08460907000543,47.1588630342662,10.07425396426077
2021-01-01 → 2022-01-01,1480.565603419731,3403.5956029317167,2205.6149945777806,2405.665779911026,37.703488314901385,48.106382985500034,10.402894670598648
2021-01-02 → 2022-01-02,1480.565603419731,3359.4634959148934,2202.085548509029,2404.0788567239115,38.401232337917264,49.151859555165174,10.75062721724791
2021-01-03 → 2022-01-03,1480.565603419731,3359.4634959148934,2199.43502074361,2402.8093786896297,38.260164120426246,49.08429451933473,10.824130398908487
2021-01-04 → 2022-01-04,1480.565603419731,3359.4634959148934,2197.176450187084,2401.8227599606957,38.139956919941994,49.0317840166153,10.891827096673303
2021-01-05 → 2022-01-05,1480.565603419731,3359.4634959148934,2194.861626733868,2400.9472023384924,38.016755788977825,48.98518448474608,10.968428695768253
2021-01-06 → 2022-01-06,1480.565603419731,3359.4634959148934,2193.161436189248,2400.308882686262,37.92626707474748,48.951211395799646,11.024944321052168
2021-01-07 → 2022-01-07,1480.565603419731,3359.4634959148934,2192.2867994490125,2400.001731749453,37.87971655469373,48.93486399671872,11.055147442024989
2021-01-08 → 2022-01-08,1480.565603419731,3359.4634959148934,2191.856069729895,2399.972274003533,37.85679196039629,48.93329617624069,11.076504215844395
2021-01-09 → 2022-01-09,1480.565603419731,3359.4634959148934,2191.6783247358944,2400.0304484430053,37.84733189368854,48.93639237639635,11.089060482707808
2021-01-10 → 2022-01-10,1480.565603419731,3359.4634959148934,2191.444252744762,2400.0848220579583,37.83487395267602,48.93928628644703,11.104412333771009
2021-01-11 → 2022-01-11,1480.565603419731,3359.4634959148934,2190.704415560357,2400.057171014467,37.79549782758908,48.93781462353219,11.14231679594311
2021-01-12 → 2022-01-12,1480.565603419731,3359.4634959148934,2189.172809793113,2399.821463904993,37.7139816486971,48.925269657123145,11.211288008426045
2021-01-13 → 2022-01-13,1480.565603419731,3359.4634959148934,2187.4779377084924,2399.3039504950566,37.623775997214366,48.897726201355624,11.273950204141258
2021-01-14 → 2022-01-14,1480.565603419731,3359.4634959148934,2186.4911338177303,2399.0031693017627,37.57125563968437,48.88171781715894,11.310462177474577
2021-01-15 → 2022-01-15,1480.565603419731,3359.4634959148934,2185.8172098634454,2398.861761050205,37.5353875940084,48.87419168962842,11.33880409562002
2021-01-16 → 2022-01-16,1480.565603419731,3359.4634959148934,2184.7036983737207,2398.6066145625327,37.47612351722315,48.86061210722048,11.384488589997332
2021-01-17 → 2022-01-17,1480.565603419731,3359.4634959148934,2183.624103576971,2398.262393952396,37.418664578072594,48.842291760409104,11.42362718233651
2021-01-18 → 2022-01-18,1480.565603419731,3359.4634959148934,2182.4884830733126,2397.9163905641176,37.358223800093434,48.82387652934943,11.465652729255993
2021-01-19 → 2022-01-19,1480.565603419731,3359.4634959148934,2181.560562654257,2397.6083825427095,37.30883737932187,48.80748351392063,11.498646134598758
2021-01-20 → 2022-01-20,1480.565603419731,3359.4634959148934,2180.727254730353,2397.321648418777,37.26448649004616,48.79222275254143,11.527736262495267
2021-01-21 → 2022-01-21,1480.565603419731,3359.4634959148934,2180.5213297664727,2397.0391703054074,37.25352660953841,48.777188507492895,11.523661897954483
2021-01-22 → 2022-01-22,1480.565603419731,3359.4634959148934,2179.5213776585174,2396.519430905267,37.200306468521205,48.74952657853889,11.549220110017686
2021-01-23 → 2022-01-23,1480.565603419731,3359.4634959148934,2178.771297291007,2396.029684399403,37.16038517367563,48.72346095209796,11.56307577842233
2021-01-24 → 2022-01-24,1480.565603419731,3359.4634959148934,2177.6956915773544,2395.7103658848946,37.10313854425798,48.706465961801584,11.603327417543603
2021-01-25 → 2022-01-25,1480.565603419731,3359.4634959148934,2176.6086229003763,2395.3671193100117,37.045281825097234,48.68819745576654,11.642915630669307
2021-01-26 → 2022-01-26,1480.565603419731,3359.4634959148934,2175.6002676798616,2395.1079037454215,36.99161444782557,48.67440130613937,11.682786858313804
2021-01-27 → 2022-01-27,1480.565603419731,3359.4634959148934,2174.609654928918,2394.9241824910373,36.93889137251104,48.66462316677811,11.72573179426707
2021-01-28 → 2022-01-28,1480.565603419731,3359.4634959148934,2172.8439759419166,2394.469517666891,36.844917187215806,48.64042468180656,11.795507494590751
2021-01-29 → 2022-01-29,1480.565603419731,3359.4634959148934,2171.8642207633434,2394.243812038798,36.792771981109254,48.62841202114017,11.835640040030917
2021-01-30 → 2022-01-30,1480.565603419731,3359.4634959148934,2171.060527000998,2394.354528131399,36.74999723717263,48.63430462941034,11.884307392237709
2021-01-31 → 2022-01-31,1480.565603419731,3359.4634959148934,2170.2100028756768,2394.513596087273,36.70473005534661,48.6427706539085,11.93804059856189
2021-02-01 → 2022-02-01,1480.565603419731,3359.4634959148934,2169.013939107548,2394.547591491204,36.641072324242316,48.644579980752,12.003507656509683
2021-02-02 → 2022-02-02,1480.565603419731,3359.4634959148934,2168.2710313105536,2394.526658944533,36.60153277289353,48.64346589431045,12.041933121416925
2021-02-03 → 2022-02-03,1480.565603419731,3359.4634959148934,2167.9683136260546,2394.7550934745373,36.585421323425834,48.65562379447717,12.070202471051338
2021-02-04 → 2022-02-04,1480.565603419731,3359.4634959148934,2167.3485733714924,2395.2463763740493,36.55243708000113,48.681771191920866,12.12933411191974
2021-02-05 → 2022-02-05,1480.565603419731,3359.4634959148934,2166.572187003397,2395.7542318496603,36.511115709042315,48.70880062644414,12.197684917401823
2021-02-06 → 2022-02-06,1480.565603419731,3359.4634959148934,2165.8409816987037,2396.273916276413,36.472198995813024,48.73645962956657,12.264260633753544
2021-02-07 → 2022-02-07,1480.565603419731,3359.4634959148934,2165.1214347660302,2396.852614026218,36.43390277250321,48.76725948048537,12.333356707982162
2021-02-08 → 2022-02-08,1480.565603419731,3359.4634959148934,2164.3023268820866,2397.3809572345654,36.390307647551744,48.795379327256065,12.40507167970432
2021-02-09 → 2022-02-09,1480.565603419731,3359.4634959148934,2164.531368243054,2398.2054179601387,36.40249784489469,48.83925934483799,12.436761499943302
2021-02-10 → 2022-02-10,1480.565603419731,3359.4634959148934,2164.9262075731644,2398.946745565305,36.42351225614542,48.87871479412703,12.455202537981606
2021-02-11 → 2022-02-11,1480.565603419731,3359.4634959148934,2165.3155414737307,2399.600021477247,36.44423365362643,48.913483895447094,12.46925024182066
2021-02-12 → 2022-02-12,1480.565603419731,3359.4634959148934,2166.089215748432,2400.3102824468338,36.48541067967938,48.95128589482256,12.465875215143178
2021-02-13 → 2022-02-13,1480.565603419731,3359.4634959148934,2166.8153610871,2400.979166674543,36.5240580879057,48.986885712693514,12.462827624787813
2021-02-14 → 2022-02-14,1480.565603419731,3359.4634959148934,2167.4345411780023,2401.609002604998,36.5570125179136,49.020407275146184,12.463394757232585
2021-02-15 → 2022-02-15,1480.565603419731,3359.4634959148934,2167.9773313834744,2402.253506629552,36.585901272733125,49.05470951302341,12.468808240290286
2021-02-16 → 2022-02-16,1480.565603419731,3359.4634959148934,2168.4985848265756,2402.8330665250924,36.61364378312622,49.085555249657396,12.471911466531175
2021-02-17 → 2022-02-17,1480.565603419731,3359.4634959148934,2169.6665083606745,2403.4177646697653,36.67580381527932,49.116674457731904,12.44087064245258
2021-02-18 → 2022-02-18,1480.565603419731,3359.4634959148934,2171.257888887787,2404.0842674177156,36.760501367683254,49.15214752684398,12.391646159160729
2021-02-19 → 2022-02-19,1480.565603419731,3359.4634959148934,2172.7822483788614,2404.734430697959,36.84163188026529,49.18675096553217,12.34511908526688
2021-02-20 → 2022-02-20,1480.565603419731,3359.4634959148934,2174.974784298636,2405.4795422808625,36.95832453975107,49.22640780829514,12.268083268544075
2021-02-21 → 2022-02-21,1480.565603419731,3359.4634959148934,2177.4486342163996,2406.2355464570787,37.08998948693338,49.26664438417486,12.176654897241477
2021-02-22 → 2022-02-22,1480.565603419731,3359.4634959148934,2179.8489470963304,2407.0473669883277,37.21774059515051,49.30985165661322,12.09211106146271
2021-02-23 → 2022-02-23,1480.565603419731,3359.4634959148934,2182.10817337707,2407.796506880084,37.33798269504129,49.349722896809325,12.011740201768035
2021-02-24 → 2022-02-24,1480.565603419731,3359.4634959148934,2183.6185127840804,2408.4106465940454,37.418367021035955,49.38240906439802,11.964042043362063
2021-02-25 → 2022-02-25,1480.565603419731,3359.4634959148934,2185.0543978324417,2409.11746574939,37.49478868578403,49.42002788116117,11.925239195377138
2021-02-26 → 2022-02-26,1480.565603419731,3359.4634959148934,2186.3061473793937,2409.745920439413,37.56141016382985,49.4534759302826,11.892065766452752
2021-02-27 → 2022-02-27,1480.565603419731,3359.4634959148934,2187.650369887953,2410.36002051003,37.632953301641024,49.48615998794587,11.853206686304844
2021-02-28 → 2022-02-28,1480.565603419731,3359.4634959148934,2188.0169408121596,2410.9829820723558,37.65246319228868,49.51931567803493,11.86685248574625
2021-03-01 → 2022-03-01,1480.565603419731,3359.4634959148934,2188.1562039748283,2411.5855720396717,37.65987515241832,49.55138713703878,11.891511984620458
2021-03-02 → 2022-03-02,1480.565603419731,3359.4634959148934,2188.863291348622,2412.380724734524,37.69750824448886,49.59370730238828,11.896199057899423
2021-03-03 → 2022-03-03,1480.565603419731,3359.4634959148934,2189.636924087285,2412.991157992487,37.73868305988212,49.62619620241853,11.887513142536406
2021-03-04 → 2022-03-04,1480.565603419731,3359.4634959148934,2191.233558908894,2413.708769142262,37.823660259972996,49.664389398155315,11.840729138182319
2021-03-05 → 2022-03-05,1480.565603419731,3359.4634959148934,2192.534369691581,2414.2933142750003,37.892892908957435,49.69550046252305,11.802607553565615
2021-03-06 → 2022-03-06,1480.565603419731,3359.4634959148934,2194.0509413911022,2414.938927183701,37.97360893432416,49.72986171819741,11.75625278387325
2021-03-07 → 2022-03-07,1480.565603419731,3359.4634959148934,2195.6340334166325,2415.5890012042883,38.05786535037814,49.76446040624662,11.706595055868483
2021-03-08 → 2022-03-08,1480.565603419731,3359.4634959148934,2197.3411750109085,2416.3191692212,38.14872401816923,49.8033219122299,11.654597894060664
2021-03-09 → 2022-03-09,1480.565603419731,3359.4634959148934,2198.6027673835492,2417.023430833539,38.21586935787502,49.840804609674606,11.624935251799585
2021-03-10 → 2022-03-10,1480.565603419731,3359.4634959148934,2200.5315559988535,2417.7743051806788,38.318524676346996,49.88076816225184,11.562243485904844
2021-03-11 → 2022-03-11,1480.565603419731,3359.4634959148934,2202.6999007640306,2418.5061622405447,38.43392981751184,49.9197195636446,11.48578974613276
2021-03-12 → 2022-03-12,1480.565603419731,3359.4634959148934,2204.9912371384403,2419.2759307955284,38.55588090296261,49.96068871678796,11.40480781382535
2021-03-13 → 2022-03-13,1480.565603419731,3359.4634959148934,2207.452369421106,2420.0367097850954,38.6868689833951,50.00117942107827,11.314310437683169
2021-03-14 → 2022-03-14,1480.565603419731,3359.4634959148934,2209.885454628774,2420.8752117051004,38.816364323050664,50.04580674879811,11.229442425747443
2021-03-15 → 2022-03-15,1480.565603419731,3359.4634959148934,2212.2667758761195,2421.692362109662,38.943104645494856,50.08929769143132,11.146193045936464
2021-03-16 → 2022-03-16,1480.565603419731,3359.4634959148934,2214.045805971905,2422.427436242549,39.03778941271352,50.12842031410406,11.09063090139054
2021-03-17 → 2022-03-17,1480.565603419731,3359.4634959148934,2215.8794843832065,2423.167710374063,39.135382710285775,50.16781969469153,11.032436984405756
2021-03-18 → 2022-03-18,1480.565603419731,3359.4634959148934,2217.7559368885973,2423.943192573277,39.23525256020608,50.2090929433503,10.973840383144221
2021-03-19 → 2022-03-19,1480.565603419731,3359.4634959148934,2219.498819632812,2424.6901049057824,39.32801346813919,50.24884562685102,10.920832158711832
2021-03-20 → 2022-03-20,1480.565603419731,3359.4634959148934,2221.418115247808,2425.434651499595,39.43016354359899,50.288472399374776,10.858308855775789
2021-03-21 → 2022-03-21,1480.565603419731,3359.4634959148934,2223.380948706335,2426.171324273659,39.53463082020656,50.327680106031245,10.793049285824686
2021-03-22 → 2022-03-22,1480.565603419731,3359.4634959148934,2225.0714417741046,2426.8832541185916,39.6246034086331,50.36557092744183,10.74096751880873
2021-03-23 → 2022-03-23,1480.565603419731,3359.4634959148934,2226.4474108081617,2427.518194458372,39.697836181928196,50.39936416028946,10.701527978361263
2021-03-24 → 2022-03-24,1480.565603419731,3359.4634959148934,2227.6531952331748,2428.2275270141718,39.76201127254004,50.4371167469858,10.675105474445758
2021-03-25 → 2022-03-25,1480.565603419731,3359.4634959148934,2228.6194129177347,2428.869512620124,39.81343597679988,50.471284947850606,10.657848971050726
2021-03-26 → 2022-03-26,1480.565603419731,3359.4634959148934,2229.4560598401076,2429.5242096911566,39.85796457655587,50.50612968708032,10.648165110524445
2021-03-27 → 2022-03-27,1480.565603419731,3359.4634959148934,2230.312809270084,2430.3214030849003,39.903563085841476,50.548558463914226,10.64499537807275
2021-03-28 → 2022-03-28,1480.565603419731,3359.4634959148934,2231.22128184137,2431.011982745268,39.95191443984079,50.58531297107112,10.633398531230327
2021-03-29 → 2022-03-29,1480.565603419731,3359.4634959148934,2232.0736338519137,2431.6327192536864,39.997278906635295,50.61835023780592,10.621071331170626
2021-03-30 → 2022-03-30,1480.565603419731,3359.4634959148934,2233.1258579003256,2432.29232166557,40.05328110093308,50.6534560524709,10.600174951537824
2021-03-31 → 2022-03-31,1480.565603419731,3359.4634959148934,2234.46677389421,2432.901463124712,40.12464825713886,50.68587619949299,10.56122794235413
2021-04-01 → 2022-04-01,1480.565603419731,3359.4634959148934,2235.7269935359536,2433.4666806477403,40.19172053641372,50.71595859648146,10.524238060067738
2021-04-02 → 2022-04-02,1480.565603419731,3359.4634959148934,2237.029249212001,2434.0179577565877,40.26103008650949,50.74529904712806,10.484268960618564
2021-04-03 → 2022-04-03,1480.565603419731,3359.4634959148934,2238.284115445212,2434.5658585931315,40.32781744298178,50.77445980348061,10.446642360498828
2021-04-04 → 2022-04-04,1480.565603419731,3359.4634959148934,2239.3696020707293,2435.057201686048,40.38558996110812,50.8006104045792,10.415020443471086
2021-04-05 → 2022-04-05,1480.565603419731,3359.4634959148934,2240.6547638757925,2435.6176395858383,40.45398972940827,50.83043841716196,10.376448687753687
2021-04-06 → 2022-04-06,1480.565603419731,3359.4634959148934,2242.3139097903895,2436.1595478786935,40.542293938020364,50.859280234219696,10.316986296199332
2021-04-07 → 2022-04-07,1480.565603419731,3359.4634959148934,2243.8810269106843,2436.6712766863066,40.625700126645846,50.88651581789122,10.260815691245377
2021-04-08 → 2022-04-08,1480.565603419731,3359.4634959148934,2245.4962831149273,2437.187329903492,40.7116684068113,50.91398155827267,10.202313151461368
2021-04-09 → 2022-04-09,1480.565603419731,3359.4634959148934,2247.184083504059,2437.82481597855,40.80149768363752,50.94791028199972,10.146412598362197
2021-04-10 → 2022-04-10,1480.565603419731,3359.4634959148934,2248.9421527783097,2438.3973503158636,40.89506685955033,50.9783820995264,10.083315239976066
2021-04-11 → 2022-04-11,1480.565603419731,3359.4634959148934,2251.271182601332,2439.012003034411,41.01902409173017,51.01109557059912,9.99207147886895
2021-04-12 → 2022-04-12,1480.565603419731,3359.4634959148934,2253.5265371105493,2439.5991234439743,41.1390601255256,51.04234369812688,9.903283572601275
2021-04-13 → 2022-04-13,1480.565603419731,3359.4634959148934,2255.6049177001914,2440.1836521360515,41.24967713126838,51.073453887478415,9.823776756210037
2021-04-14 → 2022-04-14,1480.565603419731,3359.4634959148934,2258.1433805871006,2440.8487975151243,41.38478095447498,51.10885471376757,9.724073759292594
2021-04-15 → 2022-04-15,1480.565603419731,3359.4634959148934,2260.5392114389642,2441.423571371369,41.51229351710189,51.139445724515966,9.627152207414078
2021-04-16 → 2022-04-16,1480.565603419731,3359.4634959148934,2262.9745276327126,2442.0158636956976,41.64190759583792,51.17096911525979,9.529061519421866
2021-04-17 → 2022-04-17,1480.565603419731,3359.4634959148934,2265.4183797043643,2442.5790782452154,41.771975976957144,51.20094490861011,9.428968931652967
2021-04-18 → 2022-04-18,1480.565603419731,3359.4634959148934,2267.579434122831,2443.184501013715,41.88699310625931,51.23316713691308,9.34617403065377
2021-04-19 → 2022-04-19,1480.565603419731,3359.4634959148934,2269.3194911938417,2443.7490093880874,41.979603624263554,51.263211791102506,9.283608166838953
2021-04-20 → 2022-04-20,1480.565603419731,3359.4634959148934,2271.0231484337705,2444.4644489125826,42.070276845343514,51.301289407100306,9.231012561756792
2021-04-21 → 2022-04-21,1480.565603419731,3359.4634959148934,2272.938490531537,2445.229053555545,42.172216503981524,51.34198372295516,9.16976721897364
2021-04-22 → 2022-04-22,1480.565603419731,3359.4634959148934,2274.756843334882,2445.8781281620622,42.26899413147305,51.376529219499176,9.107535088026125
2021-04-23 → 2022-04-23,1480.565603419731,3359.4634959148934,2276.393245861859,2446.5377448554036,42.356087875817195,51.411635794261755,9.05554791844456
2021-04-24 → 2022-04-24,1480.565603419731,3359.4634959148934,2277.9461966296926,2447.2456737332086,42.43874009305775,51.44931367343937,9.010573580381617
2021-04-25 → 2022-04-25,1480.565603419731,3359.4634959148934,2279.2627892497667,2447.958422043257,42.508812693880444,51.48724805576506,8.978435361884614
2021-04-26 → 2022-04-26,1480.565603419731,3359.4634959148934,2280.8571017422564,2448.6197967879143,42.59366629336863,51.52244819874776,8.928781905379132
2021-04-27 → 2022-04-27,1480.565603419731,3359.4634959148934,2282.7587902185787,2449.672501670858,42.69487926954568,51.578475984352735,8.883596714807055
2021-04-28 → 2022-04-28,1480.565603419731,3359.4634959148934,2284.6674291596564,2450.517518505532,42.7964621681535,51.62345005335611,8.826987885202612
2021-04-29 → 2022-04-29,1480.565603419731,3359.4634959148934,2286.7570407328794,2451.3137574658913,42.90767691705334,51.66582803267792,8.758151115624585
2021-04-30 → 2022-04-30,1480.565603419731,3359.4634959148934,2288.901058219958,2452.0747378179485,43.02178729503835,51.70632945402161,8.684542158983263
2021-05-01 → 2022-05-01,1480.565603419731,3359.4634959148934,2291.273457022042,2453.0941555622117,43.148052740944685,51.760585608564924,8.612532867620239
2021-05-02 → 2022-05-02,1480.565603419731,3359.4634959148934,2293.6361641979406,2453.9190121011507,43.27380237243537,51.804486692398896,8.530684319963527
2021-05-03 → 2022-05-03,1480.565603419731,3359.4634959148934,2296.053021341346,2454.7037517803874,43.402434010858016,51.84625264904673,8.443818638188716
2021-05-04 → 2022-05-04,1480.565603419731,3359.4634959148934,2298.1722815893636,2455.579596377281,43.51522674198421,51.89286745448093,8.37764071249672
2021-05-05 → 2022-05-05,1480.565603419731,3359.4634959148934,2300.571768874931,2456.3065093292016,43.642933909848495,51.93155571714938,8.288621807300885
2021-05-06 → 2022-05-06,1480.565603419731,3359.4634959148934,2303.387457997773,2457.361802366531,43.7927924590591,51.98772125129278,8.194928792233682
2021-05-07 → 2022-05-07,1480.565603419731,3359.4634959148934,2306.2485380548546,2458.2133212732847,43.94506683588978,52.033041378062585,8.087974542172802
2021-05-08 → 2022-05-08,1480.565603419731,3359.4634959148934,2309.5057478589156,2459.160030737743,44.11842430342813,52.08342780237227,7.965003498944142
2021-05-09 → 2022-05-09,1480.565603419731,3359.4634959148934,2313.8245685496254,2460.146337129291,44.348283558045445,52.13592168165585,7.787638123610407
2021-05-10 → 2022-05-10,1480.565603419731,3359.4634959148934,2317.953432907043,2461.066400345245,44.56803282562988,52.18488992094276,7.616857095312881
2021-05-11 → 2022-05-11,1480.565603419731,3472.6373926933848,2322.554040326462,2461.9543733732435,42.266972578018176,49.26472907441479,6.997756496396612
2021-05-12 → 2022-05-12,1480.565603419731,3472.6373926933848,2327.139345586297,2463.023747008584,42.49715028971133,49.31841055522781,6.821260265516479
2021-05-13 → 2022-05-13,1480.565603419731,3472.6373926933848,2331.1086371235506,2463.836394314145,42.69640473217802,49.359204632526456,6.662799900348439
2021-05-14 → 2022-05-14,1480.565603419731,3472.6373926933848,2334.6659984590647,2464.811657103217,42.874980692877266,49.408161843522734,6.5331811506454684
2021-05-15 → 2022-05-15,1480.565603419731,3472.6373926933848,2337.9632944249124,2465.952250054125,43.04050163361856,49.465418462337865,6.424916828719304
2021-05-16 → 2022-05-16,1480.565603419731,3472.6373926933848,2341.2970468639155,2466.8606435250576,43.20785265264075,49.51101890082727,6.303166248186514
2021-05-17 → 2022-05-17,1480.565603419731,3472.6373926933848,2344.3366532203736,2467.8142723255223,43.36043783420022,49.55889010735705,6.198452273156832
2021-05-18 → 2022-05-18,1480.565603419731,3475.6954462236067,2347.5509781501282,2468.5426930143394,43.45508528467354,49.51943820388877,6.0643529192152315
2021-05-19 → 2022-05-19,1480.565603419731,3475.6954462236067,2350.195564479425,2469.257165577451,43.58763737589884,49.55524903423089,5.9676116583320535
2021-05-20 → 2022-05-20,1480.565603419731,3475.6954462236067,2352.286400469736,2469.113622088568,43.692434364318025,49.54805434014114,5.855619975823117
2021-05-21 → 2022-05-21,1480.565603419731,3475.6954462236067,2354.876627011364,2469.59286087055,43.82226183148617,49.572074770877045,5.749812939390871
2021-05-22 → 2022-05-22,1480.565603419731,3475.6954462236067,2356.5346421938825,2469.3439209176695,43.90536495324533,49.55959738982948,5.654232436584145
2021-05-23 → 2022-05-23,1480.565603419731,3475.6954462236067,2358.669361519723,2469.039566267962,44.01236146445188,49.544342510513964,5.531981046062086
2021-05-24 → 2022-05-24,1480.565603419731,3475.6954462236067,2360.0292120773206,2467.927766751435,44.08051996363438,49.488616838295826,5.408096874661446
2021-05-25 → 2022-05-25,1480.565603419731,3475.6954462236067,2362.1940797204957,2467.848398144097,44.18902757034396,49.48463872090039,5.295611150556432
2021-05-26 → 2022-05-26,1480.565603419731,3475.6954462236067,2364.3693828577757,2467.8645999631026,44.29805822542268,49.48545078930107,5.18739256387839
2021-05-27 → 2022-05-27,1480.565603419731,3495.0320012240645,2366.9477352660238,2468.125887042067,44.00083976642175,49.02341804751506,5.02257828109331
2021-05-28 → 2022-05-28,1480.565603419731,3495.0320012240645,2369.259760762971,2468.276594643728,44.115610878983716,49.030899314108794,4.915288435125078
2021-05-29 → 2022-05-29,1480.565603419731,3495.0320012240645,2370.868060180066,2467.6353232709102,44.19544836939052,48.99906600214506,4.803617632754538
2021-05-30 → 2022-05-30,1480.565603419731,3495.0320012240645,2371.5993307370372,2466.316640503739,44.23174932520532,48.93360535367713,4.701856028471809
2021-05-31 → 2022-05-31,1480.565603419731,3495.0320012240645,2372.5192013898536,2465.2675285594423,44.27741256653906,48.881526453505835,4.604113886966772
2021-06-01 → 2022-06-01,1480.565603419731,3495.0320012240645,2374.3573306479634,2464.959650544777,44.36865902565663,48.866243100306164,4.497584074649531
2021-06-02 → 2022-06-02,1480.565603419731,3495.0320012240645,2375.8616028892507,2464.6057824174077,44.443332509559205,48.84867675480866,4.405344245249452
2021-06-03 → 2022-06-03,1480.565603419731,3495.0320012240645,2377.8136630420436,2464.521083591163,44.540234605068,48.84447222569182,4.304237620623816
2021-06-04 → 2022-06-04,1480.565603419731,3495.0320012240645,2380.007497817629,2464.9403726035234,44.64913861945,48.86528612523451,4.216147505784512
2021-06-05 → 2022-06-05,1480.565603419731,3495.0320012240645,2381.7331361942156,2464.8625783314496,44.73480092577924,48.86142434465785,4.126623418878609
2021-06-06 → 2022-06-06,1480.565603419731,3495.0320012240645,2382.736848874934,2464.1358483244217,44.784626163957064,48.82534878599775,4.040722622040683
2021-06-07 → 2022-06-07,1480.565603419731,3495.0320012240645,2383.8521232831226,2463.3479267948396,44.83998943084523,48.786235622807695,3.946246191962466
2021-06-08 → 2022-06-08,1480.565603419731,3495.0320012240645,2384.78920726331,2461.831055312709,44.88650715788245,48.710936700781296,3.824429542898848
2021-06-09 → 2022-06-09,1480.565603419731,3495.0320012240645,2385.7151199700993,2459.7759170761683,44.932470332438186,48.60891771258766,3.676447380149476
2021-06-10 → 2022-06-10,1480.565603419731,3495.0320012240645,2387.803086859591,2459.4610108495986,45.03611896573222,48.59328547236201,3.557166506629791
2021-06-11 → 2022-06-11,1480.565603419731,3525.994877822249,2390.0176286016895,2459.3398172270718,44.46264833320208,47.85177498220987,3.3891266490077854
2021-06-12 → 2022-06-12,1480.565603419731,3727.131632396633,2392.8534309044817,2459.3019357791127,40.608102130886905,43.56588320731901,2.9577810764321057
2021-06-13 → 2022-06-13,1480.565603419731,4481.038187568874,2397.4367553375055,2458.8351348456104,30.55755805806757,32.603848360217285,2.046290302149714
2021-06-14 → 2022-06-14,1480.565603419731,4530.449222223425,2402.7958642792883,2459.3181226187744,30.238211555800248,32.09147107006515,1.8532595142648987
2021-06-15 → 2022-06-15,1480.565603419731,4530.449222223425,2408.174267139372,2460.2998561336617,30.414559362218956,32.123660282428354,1.7091009202093979
2021-06-16 → 2022-06-16,1480.565603419731,4923.640009381437,2414.8394448527256,2461.266171873579,27.134872247178084,28.48328130103022,1.3484090538521372
2021-06-17 → 2022-06-17,1480.565603419731,4923.640009381437,2421.0500766249024,2461.813283195152,27.31525265840077,28.499171498483573,1.1839188400828036
2021-06-18 → 2022-06-18,1480.565603419731,5259.319351816173,2428.2332210349323,2462.2237357201293,25.078840292711718,25.978356825103415,0.8995165323916972
2021-06-19 → 2022-06-19,1480.565603419731,5259.319351816173,2433.9159667431763,2461.95274893079,25.22922706270581,25.971185498063278,0.7419584353574677
2021-06-20 → 2022-06-20,1480.565603419731,5259.319351816173,2439.5132262655557,2461.355304814115,25.3773515475245,25.955374885452464,0.5780233379279629
2021-06-21 → 2022-06-21,1480.565603419731,5259.319351816173,2445.0449694515823,2460.7694881477264,25.52374222430184,25.939871978796088,0.4161297544942464
2021-06-22 → 2022-06-22,1480.565603419731,5259.319351816173,2450.0890727210203,2458.516142078434,25.657228119527975,25.880239988480525,0.22301186895255043
2021-06-23 → 2022-06-23,1480.565603419731,5259.319351816173,2454.6055996345067,2455.4596920591393,25.776752365197673,25.799354854841123,0.02260248964345024
2021-06-24 → 2022-06-24,1480.565603419731,5259.319351816173,2459.304447028843,2453.371316461483,25.901101494757388,25.744088602084037,-0.15701289267335028
2021-06-25 → 2022-06-25,1480.565603419731,5259.319351816173,2464.148068849873,2452.1453081983873,26.02928189876191,25.711643824130043,-0.31763807463186566
2021-06-26 → 2022-06-26,1480.565603419731,5259.319351816173,2468.4940500143134,2449.7118950882627,26.144292864117467,25.647246584401014,-0.49704627971645365
2021-06-27 → 2022-06-27,1480.565603419731,5259.319351816173,2473.093285350499,2446.469938618483,26.26600588492856,25.56145225416302,-0.7045536307655418
2021-06-28 → 2022-06-28,1480.565603419731,5259.319351816173,2478.658980526091,2444.8851164832213,26.413295058719093,25.5195119150781,-0.8937831436409951
2021-06-29 → 2022-06-29,1480.565603419731,5259.319351816173,2484.3170521841093,2443.8495872019553,26.56302886078067,25.492107925556272,-1.0709209352243967
2021-06-30 → 2022-06-30,1480.565603419731,5259.319351816173,2490.8460947635926,2443.4990188052625,26.73581182083077,25.482830570638885,-1.2529812501918833
2021-07-01 → 2022-07-01,1480.565603419731,5259.319351816173,2497.1803135943724,2443.0720098513957,26.90343901361801,25.471530311815517,-1.4319087018024916
2021-07-02 → 2022-07-02,1480.565603419731,5259.319351816173,2503.2324740655713,2441.8660564176807,27.063601884082043,25.43961625988168,-1.6239856242003619
2021-07-03 → 2022-07-03,1480.565603419731,5259.319351816173,2509.318775648977,2440.468115553839,27.224668256453842,25.402621500314858,-1.8220467561389846
2021-07-04 → 2022-07-04,1480.565603419731,5259.319351816173,2514.9277947050523,2439.556385604329,27.373103942649475,25.378493705538684,-1.9946102371107912
2021-07-05 → 2022-07-05,1480.565603419731,5259.319351816173,2520.730312401819,2439.169749926872,27.526660328778874,25.368261875067567,-2.158398453711307
2021-07-06 → 2022-07-06,1480.565603419731,5259.319351816173,2525.9619614005087,2438.3444903462287,27.66510938757001,25.346422410641132,-2.318686976928877
2021-07-07 → 2022-07-07,1480.565603419731,5259.319351816173,2530.574378088053,2437.333806636757,27.78717123638727,25.31967592815598,-2.467495308231289
2021-07-08 → 2022-07-08,1480.565603419731,5259.319351816173,2535.047473650882,2436.3167167639626,27.9055461255879,25.2927599145569,-2.6127862110310005
2021-07-09 → 2022-07-09,1480.565603419731,5259.319351816173,2539.3804362057313,2434.7356889735483,28.020212569694987,25.250919988070947,-2.7692925816240397
2021-07-10 → 2022-07-10,1480.565603419731,5259.319351816173,2544.4403172930483,2433.4610689085557,28.154116005171943,25.217188759473856,-2.9369272456980866
2021-07-11 → 2022-07-11,1480.565603419731,5259.319351816173,2549.992111502895,2432.3422687678913,28.301037307260035,25.187581110625633,-3.1134561966344023
2021-07-12 → 2022-07-12,1480.565603419731,5259.319351816173,2556.1447578022326,2431.5047749892474,28.463859409704483,25.16541788342409,-3.298441526280392
2021-07-13 → 2022-07-13,1480.565603419731,5259.319351816173,2561.45481985734,2430.304211366176,28.604383572131344,25.133646466099503,-3.470737106031841
2021-07-14 → 2022-07-14,1480.565603419731,5259.319351816173,2566.378190443007,2428.553039848499,28.734674427621886,25.087303898303965,-3.6473705293179215
2021-07-15 → 2022-07-15,1480.565603419731,5259.319351816173,2571.163521501242,2426.773928403985,28.861312239367777,25.040221935228995,-3.8210903041387816
2021-07-16 → 2022-07-16,1480.565603419731,5259.319351816173,2575.4366059713334,2424.438306690564,28.974394084722338,24.97841262271658,-3.9959814620057585
2021-07-17 → 2022-07-17,1480.565603419731,5259.319351816173,2579.868798612158,2421.5587716782056,29.091686529161343,24.90220932384906,-4.189477205312283
2021-07-18 → 2022-07-18,1480.565603419731,5259.319351816173,2583.4572678212066,2418.673911730305,29.186650886406674,24.82586510721084,-4.360785779195833
2021-07-19 → 2022-07-19,1480.565603419731,5259.319351816173,2586.530935261561,2415.934408303327,29.26799165759767,24.753367569414404,-4.514624088183265
2021-07-20 → 2022-07-20,1480.565603419731,5259.319351816173,2589.419956750223,2412.7355061756,29.344446004216255,24.668712618583477,-4.675733385632778
2021-07-21 → 2022-07-21,1480.565603419731,5259.319351816173,2592.0422010539096,2408.3078345034946,29.413840425718305,24.55153981593698,-4.862300609781325
2021-07-22 → 2022-07-22,1480.565603419731,5259.319351816173,2595.568834376187,2405.200845016242,29.50716837342525,24.469317218378965,-5.037851155046287
2021-07-23 → 2022-07-23,1480.565603419731,5259.319351816173,2599.26339237867,2403.230585725231,29.60494023813198,24.4171767662035,-5.187763471928481
2021-07-24 → 2022-07-24,1480.565603419731,5259.319351816173,2603.1538022003547,2402.038640323497,29.707895076703718,24.38563341934636,-5.322261657357359
2021-07-25 → 2022-07-25,1480.565603419731,5259.319351816173,2607.859171863208,2401.60542280547,29.832416809956374,24.374168858624166,-5.458247951332208
2021-07-26 → 2022-07-26,1480.565603419731,5259.319351816173,2612.97851611324,2401.8253992648633,29.96789386379204,24.37999026097108,-5.587903602820958
2021-07-27 → 2022-07-27,1480.565603419731,5259.319351816173,2617.613804215415,2403.1681489090274,30.090560976041463,24.41552445381797,-5.675036522223493
2021-07-28 → 2022-07-28,1480.565603419731,5259.319351816173,2622.092150876846,2405.2630456583056,30.20907482901036,24.470963280710755,-5.738111548299603
2021-07-29 → 2022-07-29,1480.565603419731,5259.319351816173,2626.658899824396,2407.663209501787,30.329928138106986,24.534480620111346,-5.79544751799564
2021-07-30 → 2022-07-30,1480.565603419731,5259.319351816173,2631.40878603419,2410.1499027834434,30.45562794619344,24.600287853057168,-5.855340093136274
2021-07-31 → 2022-07-31,1480.565603419731,5259.319351816173,2636.56886106647,2413.033670553159,30.592182889327002,24.676603166563357,-5.9155797227636455
2021-08-01 → 2022-08-01,1480.565603419731,5259.319351816173,2641.741905710449,2415.9463438159846,30.729081057041004,24.75368342785484,-5.9753976291861655
2021-08-02 → 2022-08-02,1480.565603419731,5259.319351816173,2646.769098162676,2418.5536392673466,30.862119428603595,24.822682246644458,-6.039437181959137
2021-08-03 → 2022-08-03,1480.565603419731,5259.319351816173,2651.7959625997205,2421.006368345522,30.995149119653924,24.88759065935106,-6.107558460302865
2021-08-04 → 2022-08-04,1480.565603419731,5259.319351816173,2656.7345161346625,2423.219988339566,31.125841772940415,24.946171348685038,-6.179670424255377
2021-08-05 → 2022-08-05,1480.565603419731,5259.319351816173,2661.617179189321,2425.821126420521,31.255055354448093,25.0150072203546,-6.240048134093492
2021-08-06 → 2022-08-06,1480.565603419731,5259.319351816173,2666.824911133864,2428.771236136384,31.3928714782628,25.09307819063454,-6.299793287628262
2021-08-07 → 2022-08-07,1480.565603419731,5259.319351816173,2672.24020287363,2432.113979415859,31.536180412909943,25.18153971795406,-6.354640694955883
2021-08-08 → 2022-08-08,1480.565603419731,5259.319351816173,2677.576493950902,2435.7053352334724,31.67739869366022,25.276580465690994,-6.400818227969225
2021-08-09 → 2022-08-09,1480.565603419731,5259.319351816173,2683.146806227432,2439.1928303487784,31.82481005326241,25.368872669616326,-6.455937383646084
2021-08-10 → 2022-08-10,1480.565603419731,5259.319351816173,2688.662206220768,2443.028394286671,31.97076822785043,25.470376080351148,-6.500392147499284
2021-08-11 → 2022-08-11,1480.565603419731,5259.319351816173,2694.0713215267606,2446.7018642822068,32.11391371088933,25.567589877283396,-6.546323833605932
2021-08-12 → 2022-08-12,1480.565603419731,5259.319351816173,2699.288979484416,2450.4541673552344,32.25199251424796,25.666889893184674,-6.585102621063285
2021-08-13 → 2022-08-13,1480.565603419731,5259.319351816173,2704.3217669069413,2454.076863936059,32.385178949713925,25.762760035089578,-6.6224189146243475
2021-08-14 → 2022-08-14,1480.565603419731,5259.319351816173,2709.8331186765695,2458.1780991869973,32.531029993115915,25.871294105421068,-6.659735887694847
2021-08-15 → 2022-08-15,1480.565603419731,5259.319351816173,2715.379813815787,2462.0667840010015,32.67781635466624,25.97420329381828,-6.70361306084796
2021-08-16 → 2022-08-16,1480.565603419731,5259.319351816173,2721.022622752905,2466.0024571807453,32.82714624787541,26.07835597064762,-6.748790277227791
2021-08-17 → 2022-08-17,1480.565603419731,5259.319351816173,2726.7890846845276,2469.852160168083,32.97974846319758,26.18023355367275,-6.799514909524831
2021-08-18 → 2022-08-18,1480.565603419731,5259.319351816173,2732.4447785037128,2473.621583308054,33.12941933872328,26.279986630770473,-6.849432707952808
2021-08-19 → 2022-08-19,1480.565603419731,5259.319351816173,2739.4356591464475,2477.5078221716403,33.31442426649084,26.38283109014376,-6.931593176347079
2021-08-20 → 2022-08-20,1480.565603419731,5259.319351816173,2746.498810466685,2481.618060097322,33.50134174750517,26.491603405022072,-7.0097383424831
2021-08-21 → 2022-08-21,1480.565603419731,5259.319351816173,2753.626340912335,2485.925196433628,33.689962941693196,26.60558639050065,-7.084376551192545
2021-08-22 → 2022-08-22,1480.565603419731,5259.319351816173,2760.885088793162,2490.097885622142,33.88205664147206,26.71601140007648,-7.166045241395583
2021-08-23 → 2022-08-23,1480.565603419731,5259.319351816173,2768.037854714267,2494.3304362593244,34.07134566101032,26.828020568151505,-7.243325092858814
2021-08-24 → 2022-08-24,1480.565603419731,5259.319351816173,2775.280888973412,2498.591235029856,34.26302351941056,26.940777287806483,-7.322246231604076
2021-08-25 → 2022-08-25,1480.565603419731,5259.319351816173,2782.236302634547,2502.7257122154115,34.44708985779227,27.050191064433506,-7.3968987933587655
2021-08-26 → 2022-08-26,1480.565603419731,5259.319351816173,2790.155666075568,2507.056195209695,34.65666592356215,27.164791890066063,-7.491874033496089
2021-08-27 → 2022-08-27,1480.565603419731,5259.319351816173,2797.9970564133155,2511.1874166388116,34.86417852850696,27.274119507163885,-7.590059021343077
2021-08-28 → 2022-08-28,1480.565603419731,5259.319351816173,2806.314459818093,2515.6130159459717,35.084288224946086,27.391237467259543,-7.693050757686542
2021-08-29 → 2022-08-29,1480.565603419731,5259.319351816173,2814.2002137111604,2519.9286954292766,35.29297485599247,27.50544653645693,-7.787528319535539
2021-08-30 → 2022-08-30,1480.565603419731,5259.319351816173,2822.3997996965504,2524.2844986915707,35.50996666152808,27.620717431368842,-7.8892492301592405
2021-08-31 → 2022-08-31,1480.565603419731,5259.319351816173,2830.2464073142864,2528.4851665633723,35.71761733527378,27.731882861865188,-7.985734473408591
2021-09-01 → 2022-09-01,1480.565603419731,5259.319351816173,2838.049664254949,2532.8068553920357,35.924120787476085,27.84625096088454,-8.077869826591545
2021-09-02 → 2022-09-02,1480.565603419731,5259.319351816173,2846.134219133463,2537.2933047416527,36.13806843838995,27.964979241379684,-8.173089197010267
2021-09-03 → 2022-09-03,1480.565603419731,5259.319351816173,2854.396483938374,2541.774196443976,36.356718960626736,28.083560445678184,-8.273158514948552
2021-09-04 → 2022-09-04,1480.565603419731,5259.319351816173,2862.6039865563102,2546.274910344121,36.5739202699584,28.202666219693096,-8.371254050265303
2021-09-05 → 2022-09-05,1480.565603419731,5259.319351816173,2870.9314319646837,2550.7686450314004,36.79429571548478,28.321587297553393,-8.472708417931386
2021-09-06 → 2022-09-06,1480.565603419731,5306.123380555857,2880.1491047717477,2555.4228592258414,36.585083349591116,28.09674610667535,-8.488337242915765
2021-09-07 → 2022-09-07,1480.565603419731,5306.123380555857,2889.1206272503023,2560.0244473951298,36.81959875887794,28.217031524838166,-8.602567234039771
2021-09-08 → 2022-09-08,1480.565603419731,5306.123380555857,2897.4319569221825,2564.168634824198,37.03685674205502,28.32536049725197,-8.711496244803051
2021-09-09 → 2022-09-09,1480.565603419731,5306.123380555857,2904.305880757431,2568.532386401963,37.21654096683217,28.439428871904305,-8.777112094927865
2021-09-10 → 2022-09-10,1480.565603419731,5306.123380555857,2911.005765061605,2572.978526774825,37.39167580191991,28.555650887931215,-8.836024913988695
2021-09-11 → 2022-09-11,1480.565603419731,5306.123380555857,2917.474267277882,2577.2226278853304,37.560762314086496,28.666591601880725,-8.89417071220577
2021-09-12 → 2022-09-12,1480.565603419731,5306.123380555857,2923.63236847772,2581.638554763247,37.721734950198346,28.782023837783914,-8.939711112414432
2021-09-13 → 2022-09-13,1480.565603419731,5306.123380555857,2931.265336493489,2586.191849819246,37.92126057392277,28.90104687497896,-9.020213698943813
2021-09-14 → 2022-09-14,1480.565603419731,5306.123380555857,2938.687514085157,2590.5272456907805,38.11527614038546,29.014374032065586,-9.100902108319875
2021-09-15 → 2022-09-15,1480.565603419731,5306.123380555857,2946.7484775632415,2595.2279744016532,38.325989556511644,29.137250981904568,-9.188738574607076
2021-09-16 → 2022-09-16,1480.565603419731,5306.123380555857,2954.9160984977952,2599.906268551692,38.53949099631131,29.259541492794224,-9.279949503517084
2021-09-17 → 2022-09-17,1480.565603419731,5306.123380555857,2962.7790446396602,2604.4869569776047,38.74502824342489,29.37928059210386,-9.36574765132103
2021-09-18 → 2022-09-18,1480.565603419731,5306.123380555857,2971.0561580804847,2609.0472573535067,38.96139181504034,29.498486748214148,-9.462905066826195
2021-09-19 → 2022-09-19,1480.565603419731,5306.123380555857,2979.3580357106707,2613.7647503732333,39.17840272204594,29.621801916734704,-9.556600805311234
2021-09-20 → 2022-09-20,1480.565603419731,5306.123380555857,2988.048673960986,2618.328458837106,39.40557582350203,29.741097160193014,-9.66447866330902
2021-09-21 → 2022-09-21,1480.565603419731,5403.430744100575,2996.436675398569,2622.4461611903935,38.641936890946674,29.108330692512162,-9.533606198434512
2021-09-22 → 2022-09-22,1480.565603419731,5403.430744100575,3003.7679785189416,2626.3851323173426,38.82882333382602,29.20874125942412,-9.620082074401903
2021-09-23 → 2022-09-23,1480.565603419731,5403.430744100575,3011.635154915644,2631.1252172735294,39.02937002902384,29.32957347736175,-9.69979655166209
2021-09-24 → 2022-09-24,1480.565603419731,5403.430744100575,3019.98211614319,2635.8256219350233,39.242147193881905,29.44939418220194,-9.792753011679967
2021-09-25 → 2022-09-25,1480.565603419731,5403.430744100575,3028.1373564426826,2640.1262514031732,39.45003709085851,29.559023988833616,-9.891013102024893
2021-09-26 → 2022-09-26,1480.565603419731,5403.430744100575,3035.9735273931715,2644.574951521751,39.64979340848529,29.67242834914271,-9.977365059342578
2021-09-27 → 2022-09-27,1480.565603419731,5403.430744100575,3043.938700389596,2649.115208810053,39.852838191081155,29.788166645655096,-10.064671545426059
2021-09-28 → 2022-09-28,1480.565603419731,5403.430744100575,3051.5533567820407,2653.5419060001586,40.04694775435621,29.90101011672424,-10.14593763763197
2021-09-29 → 2022-09-29,1480.565603419731,5403.430744100575,3058.907718488234,2657.7870148131697,40.23442199684105,30.00922461456635,-10.2251973822747
2021-09-30 → 2022-09-30,1480.565603419731,5403.430744100575,3066.374902221197,2662.1810431717486,40.424772250168054,30.121235305757644,-10.30353694441041
2021-10-01 → 2022-10-01,1480.565603419731,5403.430744100575,3074.28227199106,2667.050463648154,40.62634353764012,30.24536448944812,-10.380979048191996
2021-10-02 → 2022-10-02,1480.565603419731,5403.430744100575,3082.968002455081,2672.3358765057774,40.84775646295199,30.380097972962826,-10.467658489989166
2021-10-03 → 2022-10-03,1480.565603419731,5403.430744100575,3091.167378646218,2677.1838610286845,41.056771453197456,30.503680720496835,-10.553090732700621
2021-10-04 → 2022-10-04,1480.565603419731,5403.430744100575,3098.932001279099,2682.1188657710845,41.25470389171951,30.62948175023969,-10.625222141479817
2021-10-05 → 2022-10-05,1480.565603419731,5403.430744100575,3106.944713525871,2687.1439157667724,41.458960524548374,30.757578175058814,-10.70138234948956
2021-10-06 → 2022-10-06,1480.565603419731,5403.430744100575,3115.340430305376,2692.297306270394,41.67298054507979,30.888946201203275,-10.784034343876513
2021-10-07 → 2022-10-07,1480.565603419731,5403.430744100575,3124.393769788309,2697.545142742765,41.90376440224195,31.022721803579973,-10.881042598661974
2021-10-08 → 2022-10-08,1480.565603419731,5403.430744100575,3133.3877219933515,2702.396447615064,42.13303438432147,31.146389192040257,-10.986645192281213
2021-10-09 → 2022-10-09,1480.565603419731,5403.430744100575,3142.3849315840935,2707.401501778034,42.36238740228375,31.273975891645765,-11.088411510637986
2021-10-10 → 2022-10-10,1480.565603419731,5403.430744100575,3151.6825015367713,2712.4750163817807,42.599397078101056,31.40330775552081,-11.196089322580246
2021-10-11 → 2022-10-11,1480.565603419731,5403.430744100575,3161.0382066999264,2717.449385757839,42.83788871183413,31.53011225166505,-11.307776460169084
2021-10-12 → 2022-10-12,1480.565603419731,5403.430744100575,3170.531425275338,2722.6027903800623,43.079885778645455,31.661480637714863,-11.418405140930592
2021-10-13 → 2022-10-13,1480.565603419731,5403.430744100575,3179.762008573836,2727.4980349971797,43.31518785933069,31.78626811935304,-11.528919739977653
2021-10-14 → 2022-10-14,1480.565603419731,5403.430744100575,3189.2447364648883,2732.5545828101203,43.556917502104156,31.91516747305509,-11.641750029049067
2021-10-15 → 2022-10-15,1480.565603419731,5403.430744100575,3198.8109331031487,2737.5318713956494,43.80077489447427,32.04204638443834,-11.75872851003593
2021-10-16 → 2022-10-16,1480.565603419731,5403.430744100575,3208.549166217011,2742.698621363213,44.04901776708478,32.17375496432256,-11.875262802762215
2021-10-17 → 2022-10-17,1480.565603419731,5403.430744100575,3218.0357260869114,2747.5326361208654,44.29084509302374,32.29698160057683,-11.993863492446913
2021-10-18 → 2022-10-18,1480.565603419731,5403.430744100575,3227.716706526925,2752.434516488055,44.53762850496467,32.42193823791713,-12.11569026704754
2021-10-19 → 2022-10-19,1480.565603419731,5403.430744100575,3237.5891180108506,2757.3267758224147,44.78929179518454,32.54664962000432,-12.242642175180222
2021-10-20 → 2022-10-20,1480.565603419731,5403.430744100575,3247.694305258508,2762.283510355387,45.04688890559409,32.67300457627263,-12.373884329321456
2021-10-21 → 2022-10-21,1480.565603419731,5403.430744100575,3257.807483677009,2767.137926384815,45.30468972351223,32.796751273019524,-12.50793845049271
2021-10-22 → 2022-10-22,1480.565603419731,5403.430744100575,3267.6518272127882,2771.811938999763,45.55563751760517,32.91589920309945,-12.63973831450572
2021-10-23 → 2022-10-23,1480.565603419731,5403.430744100575,3277.1190290297523,2776.6978924313607,45.79697137633988,33.04044983781104,-12.756521538528844
2021-10-24 → 2022-10-24,1480.565603419731,5403.430744100575,3286.7845743695716,2781.7317645946405,46.043361323309654,33.16877115355237,-12.874590169757283
2021-10-25 → 2022-10-25,1480.565603419731,5403.430744100575,3295.892234501555,2786.710034171476,46.27552989921953,33.29567507194635,-12.97985482727318
2021-10-26 → 2022-10-26,1480.565603419731,5403.430744100575,3304.6951708856504,2791.8109578078697,46.4999305877063,33.42570563515629,-13.074224952550011
2021-10-27 → 2022-10-27,1480.565603419731,5403.430744100575,3313.643612759149,2796.6566278570353,46.728040439883,33.549229383115794,-13.17881105676721
2021-10-28 → 2022-10-28,1480.565603419731,5403.430744100575,3322.2385005368483,2801.6442177281415,46.94713764229684,33.676370890464185,-13.270766751832653
2021-10-29 → 2022-10-29,1480.565603419731,5403.430744100575,3330.8605244568944,2806.9002398865955,47.166926587642784,33.810355158848736,-13.356571428794048
2021-10-30 → 2022-10-30,1480.565603419731,5403.430744100575,3339.722586751025,2812.050264915136,47.392834488534646,33.94163739374215,-13.451197094792498
2021-10-31 → 2022-10-31,1480.565603419731,5403.430744100575,3348.6313465641097,2817.0514539189417,47.6199327826029,34.06912556436373,-13.550807218239171
2021-11-01 → 2022-11-01,1480.565603419731,5403.430744100575,3357.5222661562716,2822.090545682556,47.84657630139129,34.1975799359239,-13.64899636546739
2021-11-02 → 2022-11-02,1480.565603419731,5403.430744100575,3366.610595958399,2827.1658335530474,48.0782521168018,34.3269570031562,-13.751295113645597
2021-11-03 → 2022-11-03,1480.565603419731,5403.430744100575,3375.8026169224668,2832.3565032935608,48.31257118295437,34.45927533565979,-13.853295847294582
2021-11-04 → 2022-11-04,1480.565603419731,5403.430744100575,3384.3766658510713,2837.398615146237,48.53113717034175,34.58780669403835,-13.943330476303402
2021-11-05 → 2022-11-05,1480.565603419731,5403.430744100575,3392.7637014569477,2842.412092413135,48.74493589410876,34.71560811180587,-14.029327782302886
2021-11-06 → 2022-11-06,1480.565603419731,5403.430744100575,3401.3287585406847,2847.5525009753896,48.96327266523341,34.84664520785457,-14.11662745737884
2021-11-07 → 2022-11-07,1480.565603419731,5403.430744100575,3410.166415292971,2852.764341793165,49.188558430493046,34.97950322440292,-14.209055206090127
2021-11-08 → 2022-11-08,1480.565603419731,5403.430744100575,3420.5846853286394,2858.0133184348942,49.454136513400584,35.113307891489136,-14.340828621911449
2021-11-09 → 2022-11-09,1490.411015872955,6345.865691303295,3433.877854967665,2863.2819067119744,40.02646444068516,28.274816317121566,-11.751648123563594
2021-11-10 → 2022-11-10,1537.6991790313373,6345.865691303295,3445.381505636824,2868.1807417024,39.67587898082314,27.671287158530273,-12.00459182229287
2021-11-11 → 2022-11-11,1537.6991790313373,6345.865691303295,3457.313224702318,2873.067404049096,39.924034260700424,27.772919710860215,-12.151114549840209
2021-11-12 → 2022-11-12,1537.6991790313373,6345.865691303295,3469.39860169938,2878.1678763658074,40.17538531034099,27.8789990719575,-12.29638623838349
2021-11-13 → 2022-11-13,1537.6991790313373,6345.865691303295,3481.8758952423354,2883.2381903667765,40.434887420159974,27.984451201954,-12.450436218205976
2021-11-14 → 2022-11-14,1537.6991790313373,6345.865691303295,3494.063243381358,2888.468318884879,40.6883592603701,28.09322714606395,-12.59513211430615
2021-11-15 → 2022-11-15,1568.5412572574792,6345.865691303295,3506.0715750618674,2893.695017325159,40.55680840925293,27.73840835727866,-12.818400051974269
2021-11-16 → 2022-11-16,1657.7562859494606,6345.865691303295,3518.1863333664196,2898.8220738320347,39.68401516595032,26.472628528363124,-13.211386637587196
2021-11-17 → 2022-11-17,1662.391318528652,6345.865691303295,3530.0420186970946,2903.948715847903,39.877461719983444,26.509324029539034,-13.36813769044441
2021-11-18 → 2022-11-18,1673.6549060898267,6345.865691303295,3541.8984694850437,2909.4162750821633,39.98628592074232,26.449178468215795,-13.537107452526524
2021-11-19 → 2022-11-19,1673.6549060898267,6345.865691303295,3553.4523289030903,2914.7345227266396,40.23357483704319,26.563005688111513,-13.67056914893168
2021-11-20 → 2022-11-20,1673.6549060898267,6345.865691303295,3565.5597649716665,2920.492530386891,40.492712034082615,26.68624515492825,-13.806466879154364
2021-11-21 → 2022-11-21,1693.9785673025804,6345.865691303295,3578.3036912142825,2926.2164835183685,40.50668199126778,26.488990024247176,-14.017691967020607
2021-11-22 → 2022-11-22,1694.6666414922995,6345.865691303295,3590.569288168941,2931.7105674645622,40.76158913804566,26.59623707186926,-14.165352066176396
2021-11-23 → 2022-11-23,1694.6666414922995,6345.865691303295,3602.208516612608,2937.1384527020505,41.0118305987748,26.71293569472671,-14.29889490404809
2021-11-24 → 2022-11-24,1694.6666414922995,6345.865691303295,3613.9441537115663,2942.953570992222,41.26414482943399,26.837959763314096,-14.426185066119892
2021-11-25 → 2022-11-25,1694.6666414922995,6345.865691303295,3625.6992415514155,2948.591508978253,41.51687724776227,26.959174485059016,-14.55770276270325
2021-11-26 → 2022-11-26,1726.4981513466696,6345.865691303295,3637.679741154,2954.4102960747186,41.373230713425244,26.581823899199385,-14.791406814225859
2021-11-27 → 2022-11-27,1726.4981513466696,6345.865691303295,3649.224726104771,2959.728541700574,41.623156376428,26.6969532016386,-14.9262031747894
2021-11-28 → 2022-11-28,1726.4981513466696,6345.865691303295,3661.076502687334,2965.7192909658143,41.879723460126094,26.826640852890016,-15.053082607236078
2021-11-29 → 2022-11-29,1726.4981513466696,6345.865691303295,3672.9203090469596,2971.8051780319565,42.13611800455623,26.958388045844472,-15.177729958711758
2021-11-30 → 2022-11-30,1748.8445868784124,6345.865691303295,3684.1095837903677,2977.599806466358,42.098240424634064,26.729379562891324,-15.36886086174274
2021-12-01 → 2022-12-01,1748.8445868784124,6345.865691303295,3695.4330052024616,2983.2800481794197,42.34456127361156,26.852943096406413,-15.491618177205147
2021-12-02 → 2022-12-02,1767.3185893956177,6345.865691303295,3706.6560471534012,2989.0768220784576,42.357049400010496,26.684408950904704,-15.672640449105792
2021-12-03 → 2022-12-03,1863.1822055281168,6345.865691303295,3717.994882284035,2994.8396948343434,41.377284000571606,25.24509019870119,-16.132193801870415
2021-12-04 → 2022-12-04,1968.5695591224273,6345.865691303295,3728.861970313216,3000.4730343779484,40.21414951228742,23.57399280503793,-16.640156707249492
2021-12-05 → 2022-12-05,1968.5695591224273,6345.865691303295,3739.4127119516675,3006.052579145643,40.45518281960436,23.70145835909709,-16.75372446050727
2021-12-06 → 2022-12-06,1968.5695591224273,6345.865691303295,3749.8792976162094,3012.23538496657,40.69429357081888,23.84270550423476,-16.851588066584117
2021-12-07 → 2022-12-07,1968.5695591224273,6345.865691303295,3760.689472431253,3018.5551845293876,40.94125366875627,23.98708229237015,-16.954171376386117
2021-12-08 → 2022-12-08,1968.5695591224273,6345.865691303295,3771.1431825748173,3024.705184397909,41.18007027672371,24.127579980504795,-17.052490296218917
2021-12-09 → 2022-12-09,1968.5695591224273,6345.865691303295,3781.6771839320027,3030.866173556745,41.42072114975334,24.26832872065837,-17.15239242909497
2021-12-10 → 2022-12-10,1968.5695591224273,6345.865691303295,3791.9330537694473,3036.7418636511543,41.65501806565185,24.40255976002564,-17.252458305626213
2021-12-11 → 2022-12-11,1968.5695591224273,6345.865691303295,3802.1566425428373,3042.9144729432055,41.888577515702046,24.54357396390076,-17.345003551801288
2021-12-12 → 2022-12-12,1968.5695591224273,6345.865691303295,3812.5062716150346,3049.4457640815226,42.12501637566652,24.692782309443125,-17.432234066223394
2021-12-13 → 2022-12-13,1968.5695591224273,6345.865691303295,3822.428002323871,3055.795472104696,42.35167983203846,24.837842360932253,-17.513837471106203
2021-12-14 → 2022-12-14,1968.5695591224273,6345.865691303295,3831.9293353442863,3061.6094155144456,42.5687392388847,24.970662787839334,-17.59807645104537
2021-12-15 → 2022-12-15,1968.5695591224273,6345.865691303295,3842.0248475136664,3068.143361188623,42.79937275931665,25.11993177665966,-17.67944098265699
2021-12-16 → 2022-12-16,1968.5695591224273,6345.865691303295,3852.882728873098,3074.5344640864064,43.047422720561144,25.265937500393935,-17.78148522016721
2021-12-17 → 2022-12-17,1968.5695591224273,6345.865691303295,3863.438541580339,3080.70117059623,43.28857187722059,25.40681685430576,-17.88175502291483
2021-12-18 → 2022-12-18,1968.5695591224273,6345.865691303295,3873.828256152845,3086.86110988275,43.52592649657392,25.54754160996562,-17.978384886608303
2021-12-19 → 2022-12-19,1968.5695591224273,6345.865691303295,3884.63871362116,3093.380556691617,43.77289305176856,25.696479369989156,-18.076413681779407
2021-12-20 → 2022-12-20,1968.5695591224273,6345.865691303295,3894.9754766741285,3099.780722474977,44.00903798555485,25.842692136731337,-18.16634584882351
2021-12-21 → 2022-12-21,1968.5695591224273,6345.865691303295,3905.4194186056643,3106.2207939531954,44.24763143722367,25.989816555179345,-18.257814882044322
2021-12-22 → 2022-12-22,1968.5695591224273,6345.865691303295,3916.1023198080657,3112.976741542115,44.49168395000349,26.144157211715047,-18.347526738288444
2021-12-23 → 2022-12-23,1968.5695591224273,6345.865691303295,3926.7732779261883,3119.326112024859,44.7354636211953,26.28920955204141,-18.44625406915389
2021-12-24 → 2022-12-24,1968.5695591224273,6345.865691303295,3937.6126284716024,3126.0142703195297,44.98309024315779,26.44200155177615,-18.54108869138164
2021-12-25 → 2022-12-25,1968.5695591224273,6345.865691303295,3948.471816270529,3132.3873890709456,45.231170050212484,26.587596424934546,-18.643573625277938
2021-12-26 → 2022-12-26,1968.5695591224273,6345.865691303295,3959.2574301531954,3138.73922268252,45.477569049891144,26.73270503581598,-18.744864014075166
2021-12-27 → 2022-12-27,1968.6443124468356,6345.865691303295,3970.240612660911,3145.1556586237048,45.7275546967421,26.87804075571409,-18.849513941028007
2021-12-28 → 2022-12-28,2097.6214546969254,6345.865691303295,3981.38449190888,3151.5547330796308,44.34215483610621,24.808679060896466,-19.533475775209745
2021-12-29 → 2022-12-29,2102.606818210314,6345.865691303295,3992.0822874784203,3157.592981426675,44.52887570092647,24.862639654303358,-19.666236046623112
2021-12-30 → 2022-12-30,2102.606818210314,6345.865691303295,4002.668288794525,3163.9520609040737,44.77835379389015,25.01250275876117,-19.76585103512898
2021-12-31 → 2022-12-31,2102.606818210314,6345.865691303295,4013.4024211417827,3170.7248644796537,45.03132286007945,25.17211601305793,-19.859206847021518
2022-01-01 → 2023-01-01,2102.606818210314,6345.865691303295,4023.9608581768357,3177.238321036195,45.280151351360175,25.32561729005623,-19.954534061303946
2022-01-02 → 2023-01-02,2106.87282305432,6345.865691303295,4034.5878110022654,3184.159444827792,45.47577804121755,25.413739896629572,-20.06203814458798
2022-01-03 → 2023-01-03,2106.87282305432,6345.865691303295,4045.2079040386666,3190.7535168501618,45.726311443053355,25.569297412938713,-20.15701403011464
2022-01-04 → 2023-01-04,2106.87282305432,6345.865691303295,4055.5428772421287,3197.280641242477,45.9701187228644,25.723275600569195,-20.246843122295203
2022-01-05 → 2023-01-05,2106.87282305432,6345.865691303295,4065.8304200369994,3203.9609819883703,46.21280709518809,25.880868239989063,-20.331938855199027
2022-01-06 → 2023-01-06,2106.87282305432,6345.865691303295,4075.665811475388,3210.346268715628,46.44482898680433,26.031500404885698,-20.413328581918634
2022-01-07 → 2023-01-07,2106.87282305432,6345.865691303295,4085.4595391371877,3217.269419161483,46.67586800871816,26.194821048751628,-20.481046959966534
2022-01-08 → 2023-01-08,2106.87282305432,6345.865691303295,4094.894045717656,3223.905299467143,46.89843282242981,26.351364843749824,-20.547067978679987
2022-01-09 → 2023-01-09,2106.87282305432,6345.865691303295,4104.259020264851,3231.092967963916,47.11935734007504,26.520925603113465,-20.598431736961576
2022-01-10 → 2023-01-10,2106.87282305432,6345.865691303295,4113.408042857487,3238.255955703474,47.3351874411626,26.689904130848436,-20.645283310314166
2022-01-11 → 2023-01-11,2106.87282305432,6345.865691303295,4122.19488228365,3245.422451881547,47.54247345695137,26.858965424434277,-20.683508032517093
2022-01-12 → 2023-01-12,2106.87282305432,6345.865691303295,4130.285901518227,3252.93356600215,47.73334472015117,27.036156430742945,-20.697188289408228
2022-01-13 → 2023-01-13,2106.87282305432,6345.865691303295,4137.822222563742,3260.473491586857,47.91113037065236,27.214027114158874,-20.697103256493484
2022-01-14 → 2023-01-14,2106.87282305432,6345.865691303295,4144.41645986296,3267.3674326981745,48.06669178592651,27.376658694951438,-20.69003309097507
2022-01-15 → 2023-01-15,2106.87282305432,6345.865691303295,4151.165488914406,3274.8023301379326,48.225904817446256,27.552051710954068,-20.67385310649219
2022-01-16 → 2023-01-16,2106.87282305432,6345.865691303295,4157.741680881427,3282.1499955393383,48.38104053414629,27.725386878758695,-20.655653655387592
2022-01-17 → 2023-01-17,2106.87282305432,6345.865691303295,4164.313620259941,3289.493021798865,48.53607593011827,27.89861260684443,-20.637463323273842
2022-01-18 → 2023-01-18,2106.87282305432,6345.865691303295,4171.033912461978,3296.641522601322,48.69461104472942,28.067249380357328,-20.627361664372092
2022-01-19 → 2023-01-19,2106.87282305432,6345.865691303295,4177.56100798128,3304.1655376781437,48.84858855123084,28.24474472679158,-20.60384382443926
2022-01-20 → 2023-01-20,2106.87282305432,6345.865691303295,4183.079793863628,3311.4715393492097,48.978779520026386,28.417097025984855,-20.56168249404153
2022-01-21 → 2023-01-21,2106.87282305432,6345.865691303295,4188.357760525914,3318.69957139784,49.10328944081016,28.58760998208747,-20.515679458722687
2022-01-22 → 2023-01-22,2106.87282305432,6345.865691303295,4192.898265134622,3324.729510377114,49.21040225627907,28.729859312687662,-20.480542943591406
2022-01-23 → 2023-01-23,2106.87282305432,6345.865691303295,4197.007136608679,3331.0080752751996,49.30733262634014,28.877973855297856,-20.429358771042285
2022-01-24 → 2023-01-24,2106.87282305432,6345.865691303295,4201.557906121988,3338.5104576111717,49.41468759613487,29.054958874361382,-20.359728721773486
2022-01-25 → 2023-01-25,2106.87282305432,6345.865691303295,4205.928161321912,3345.890774264262,49.517784141369894,29.22906430181729,-20.288719839552606
2022-01-26 → 2023-01-26,2106.87282305432,6345.865691303295,4210.409072770555,3353.357605641445,49.623491123851664,29.40521065566259,-20.218280468189075
2022-01-27 → 2023-01-27,2106.87282305432,6345.865691303295,4214.832719623369,3360.7255700690744,49.727847205362146,29.579024687830874,-20.148822517531272
2022-01-28 → 2023-01-28,2106.87282305432,6345.865691303295,4219.327419588731,3368.286420014124,49.83387946597359,29.757388987560702,-20.076490478412886
2022-01-29 → 2023-01-29,2106.87282305432,6345.865691303295,4223.5853834570335,3376.1985369850686,49.93432700152374,29.94403985527525,-19.99028714624849
2022-01-30 → 2023-01-30,2106.87282305432,6345.865691303295,4228.395755919008,3384.0443314791773,50.047806137051545,30.12912614199386,-19.918679995057683
2022-01-31 → 2023-01-31,2106.87282305432,6345.865691303295,4233.0150405459735,3391.773248038099,50.15677741326117,30.311455218714258,-19.84532219454691
2022-02-01 → 2023-02-01,2106.87282305432,6345.865691303295,4237.42664845367,3399.7922879284015,50.26084948992684,30.50062845253512,-19.76022103739172
2022-02-02 → 2023-02-02,2106.87282305432,6345.865691303295,4242.006389299985,3407.8295704931897,50.368887908217616,30.690232040335168,-19.678655867882448
2022-02-03 → 2023-02-03,2106.87282305432,6345.865691303295,4246.2638539110085,3415.0565381035917,50.46932366603436,30.860719885798034,-19.60860378023633
2022-02-04 → 2023-02-04,2106.87282305432,6345.865691303295,4250.589384673789,3422.983079403175,50.571365139026206,31.04771103076916,-19.523654108257045
2022-02-05 → 2023-02-05,2106.87282305432,6345.865691303295,4255.839786251045,3432.7530250097016,50.695224785419626,31.278189021890725,-19.4170357635289
2022-02-06 → 2023-02-06,2106.87282305432,6345.865691303295,4261.2698365249835,3441.041100372383,50.823322436034026,31.473708939481547,-19.34961349655248
2022-02-07 → 2023-02-07,2106.87282305432,6345.865691303295,4266.5628723713435,3449.458084416983,50.9481878465424,31.672269878511322,-19.27591796803108
2022-02-08 → 2023-02-08,2106.87282305432,6345.865691303295,4272.249160767864,3457.9899828580283,51.08233028492941,31.873541706660667,-19.208788578268745
2022-02-09 → 2023-02-09,2106.87282305432,6345.865691303295,4278.585823830896,3466.067042405985,51.23181539283074,32.06408365374568,-19.167731739085056
2022-02-10 → 2023-02-10,2106.87282305432,6345.865691303295,4285.070060746654,3474.135608233548,51.38478184305355,32.25442522964212,-19.13035661341143
2022-02-11 → 2023-02-11,2106.87282305432,6345.865691303295,4291.301547966463,3481.9842515940677,51.5317857992641,32.43957872256985,-19.09220707669425
2022-02-12 → 2023-02-12,2106.87282305432,6345.865691303295,4297.400344151166,3489.8470893382305,51.67565950639826,32.62506706823462,-19.05059243816364
2022-02-13 → 2023-02-13,2106.87282305432,6345.865691303295,4303.455717626281,3498.149404164329,51.81850884970505,32.82092290201733,-18.997585947687718
2022-02-14 → 2023-02-14,2106.87282305432,6345.865691303295,4309.275513561258,3506.5673365682455,51.95580079889819,33.01950621332622,-18.93629458557197
2022-02-15 → 2023-02-15,2106.87282305432,6345.865691303295,4314.110399814675,3515.1318122843686,52.06985822724705,33.22154655598102,-18.848311671266032
2022-02-16 → 2023-02-16,2106.87282305432,6345.865691303295,4319.480005396383,3524.0255788108066,52.19652995679696,33.43135503650607,-18.76517492029089
2022-02-17 → 2023-02-17,2106.87282305432,6345.865691303295,4324.382985110698,3532.130626605458,52.31219374455749,33.622557240580534,-18.689636503976956
2022-02-18 → 2023-02-18,2106.87282305432,6345.865691303295,4328.7451914960575,3539.589639426879,52.415100414158964,33.79851915071467,-18.616581263444296
2022-02-19 → 2023-02-19,2106.87282305432,6345.865691303295,4333.13500928743,3548.1368594602045,52.518658450886356,34.000152423026734,-18.518506027859623
2022-02-20 → 2023-02-20,2106.87282305432,6345.865691303295,4337.338800064203,3556.9689892849233,52.617828015625655,34.20850686237655,-18.409321153249103
2022-02-21 → 2023-02-21,2106.87282305432,6345.865691303295,4341.449102533159,3565.255076246013,52.714792143585,34.40397987256145,-18.31081227102355
2022-02-22 → 2023-02-22,2106.87282305432,6345.865691303295,4345.391375485631,3573.5618038833995,52.807792369700046,34.59993980680919,-18.207852562890857
2022-02-23 → 2023-02-23,2106.87282305432,6345.865691303295,4349.666570040438,3583.041881230789,52.908646385917656,34.82357965811437,-18.085066727803287
2022-02-24 → 2023-02-24,2106.87282305432,6345.865691303295,4354.132335597819,3591.669786434021,53.013996069113176,35.02711633466452,-17.986879734448657
2022-02-25 → 2023-02-25,2106.87282305432,6345.865691303295,4358.7928605793995,3601.1908964747267,53.123940226285235,35.2517241680964,-17.872216058188833
2022-02-26 → 2023-02-26,2106.87282305432,6345.865691303295,4363.450562514114,3610.7650267404965,53.2338177863444,35.47758277563222,-17.75623501071218
2022-02-27 → 2023-02-27,2106.87282305432,6345.865691303295,4368.079449186669,3619.8099540865114,53.343015579698275,35.690957216853,-17.652058362845274
2022-02-28 → 2023-02-28,2106.87282305432,6345.865691303295,4372.629750106958,3628.4476111795175,53.45035949514507,35.89472394544799,-17.55563554969708
2022-03-01 → 2023-03-01,2106.87282305432,6345.865691303295,4377.874144186502,3639.9926719135474,53.57407742160882,36.16707780620829,-17.40699961540053
2022-03-02 → 2023-03-02,2106.87282305432,6345.865691303295,4383.352755909508,3649.0959831275027,53.703320661531265,36.38182955259931,-17.32149110893196
2022-03-03 → 2023-03-03,2106.87282305432,6345.865691303295,4389.365679080595,3657.6768521814042,53.84516858055291,36.5842566224388,-17.260911958114107
2022-03-04 → 2023-03-04,2106.87282305432,6345.865691303295,4395.169175859681,3666.0868610587027,53.98207602436001,36.7826530137206,-17.199423010639414
2022-03-05 → 2023-03-05,2106.87282305432,6345.865691303295,4400.369213623618,3674.1607437251805,54.10474756275505,36.97312001655405,-17.131627546201003
2022-03-06 → 2023-03-06,2106.87282305432,6345.865691303295,4405.621256499286,3683.783026280152,54.22864592821367,37.200114561108364,-17.02853136710531
2022-03-07 → 2023-03-07,2106.87282305432,6345.865691303295,4410.827385199093,3692.9312068266076,54.35146115488704,37.4159247978978,-16.93553635698924
2022-03-08 → 2023-03-08,2106.87282305432,6345.865691303295,4416.255102478335,3702.4730411542687,54.47950376896872,37.6410215278105,-16.838482241158218
2022-03-09 → 2023-03-09,2106.87282305432,6345.865691303295,4422.626059973709,3712.4372976994364,54.62979789998964,37.876083412905956,-16.753714487083684
2022-03-10 → 2023-03-10,2106.87282305432,6345.865691303295,4429.618024202881,3723.4010681349555,54.794741896039824,38.13472433956663,-16.660017556473193
2022-03-11 → 2023-03-11,2106.87282305432,6345.865691303295,4435.970668375129,3731.986739657323,54.94460400644417,38.33726470208237,-16.6073393043618
2022-03-12 → 2023-03-12,2106.87282305432,6345.865691303295,4441.315551521093,3741.4912979903906,55.07069252114771,38.56148207230393,-16.50921044884378
2022-03-13 → 2023-03-13,2106.87282305432,6345.865691303295,4445.612567529417,3751.3951298455045,55.17206131656395,38.795118508196424,-16.376942808367524
2022-03-14 → 2023-03-14,2106.87282305432,6345.865691303295,4449.416887656957,3760.807268464139,55.26180716530163,39.0171556503,-16.244651515001635
2022-03-15 → 2023-03-15,2106.87282305432,6345.865691303295,4453.719035572576,3771.6427691902745,55.363297025023805,39.27277062920916,-16.090526395814642
2022-03-16 → 2023-03-16,2106.87282305432,6345.865691303295,4457.686897994451,3781.430506296926,55.45690091975067,39.50366833087703,-15.953232588873647
2022-03-17 → 2023-03-17,2106.87282305432,6345.865691303295,4460.992686350074,3792.0408962072033,55.534886150166706,39.753972831027326,-15.78091331913938
2022-03-18 → 2023-03-18,2106.87282305432,6345.865691303295,4464.447980232933,3801.7460026923886,55.61639829208937,39.9829212342643,-15.633477057825068
2022-03-19 → 2023-03-19,2106.87282305432,6345.865691303295,4467.609483155025,3811.809051822182,55.69097975566702,40.22031368673026,-15.470666068936765
2022-03-20 → 2023-03-20,2106.87282305432,6345.865691303295,4470.950009449156,3821.582158643404,55.769784471738895,40.450866252515986,-15.318918219222908
2022-03-21 → 2023-03-21,2106.87282305432,6345.865691303295,4474.03172167666,3830.957013293844,55.842483632206616,40.672023846827116,-15.1704597853795
2022-03-22 → 2023-03-22,2106.87282305432,6345.865691303295,4477.371171357324,3840.7352252313103,55.92126295041867,40.90269684490427,-15.018566105514402
2022-03-23 → 2023-03-23,2106.87282305432,6345.865691303295,4480.5493181900265,3851.063240922577,55.996237052321696,41.14633999346027,-14.849897058861423
2022-03-24 → 2023-03-24,2106.87282305432,6345.865691303295,4484.104147419778,3860.8414350445037,56.080097283754924,41.377012571259776,-14.703084712495148
2022-03-25 → 2023-03-25,2106.87282305432,6345.865691303295,4487.830334275885,3870.7900971705503,56.16799992883878,41.61170657606842,-14.55629335277036
2022-03-26 → 2023-03-26,2106.87282305432,6345.865691303295,4491.41010881883,3880.2387585596334,56.25244863291088,41.834605308922065,-14.417843323988812
2022-03-27 → 2023-03-27,2106.87282305432,6345.865691303295,4495.334639897285,3889.6304421760906,56.34503031918477,42.05615990710984,-14.288870412074935
2022-03-28 → 2023-03-28,2106.87282305432,6345.865691303295,4499.507763625909,3899.4202109419657,56.44347643264446,42.28710553665318,-14.15637089599128
2022-03-29 → 2023-03-29,2106.87282305432,6345.865691303295,4503.3462117098115,3908.2547935558778,56.534027377248606,42.49551783854887,-14.038509538699735
2022-03-30 → 2023-03-30,2122.0925964966577,6345.865691303295,4507.34022285905,3916.980339606209,56.47196411415156,42.49489029882938,-13.977073815322179
2022-03-31 → 2023-03-31,2143.025331598731,6345.865691303295,4511.124028262863,3925.589725037855,56.345197390047815,42.41332624788129,-13.931871142166528
2022-04-01 → 2023-04-01,2143.025331598731,6345.865691303295,4514.715940847727,3934.1143601849203,56.43066132104321,42.61615658207139,-13.81450473897182
2022-04-02 → 2023-04-02,2143.025331598731,6345.865691303295,4518.510306904451,3943.4738494405988,56.5209423151324,42.83885096145858,-13.682091353673819
2022-04-03 → 2023-04-03,2143.025331598731,6345.865691303295,4522.373095934549,3952.479664835605,56.612851326645995,43.053130225580794,-13.5597211010652
2022-04-04 → 2023-04-04,2143.025331598731,6345.865691303295,4526.208235484443,3961.7288440910934,56.704102462108196,43.27319995138257,-13.430902510725623
2022-04-05 → 2023-04-05,2188.5173498415406,6345.865691303295,4530.0451007193105,3970.7974561773344,56.32262583160092,42.87059827440707,-13.452027557193844
2022-04-06 → 2023-04-06,2295.207412048999,6345.865691303295,4533.80647414454,3979.621518326496,55.265068237443494,41.58371282278564,-13.681355414657851
2022-04-07 → 2023-04-07,2295.207412048999,6345.865691303295,4537.277244546181,3988.4420670167874,55.35075234512091,41.80146875483913,-13.549283590281782
2022-04-08 → 2023-04-08,2342.963199885462,6345.865691303295,4540.7767318513825,3998.506738551297,54.90549761524299,41.35857773741173,-13.546919877831265
2022-04-09 → 2023-04-09,2342.963199885462,6345.865691303295,4543.940491661475,4008.116117779808,54.98453425969975,41.59863802489346,-13.385896234806289
2022-04-10 → 2023-04-10,2366.0539369653015,6345.865691303295,4546.742268865677,4018.5812824259356,54.793755747955316,41.52275151354533,-13.271004234409986
2022-04-11 → 2023-04-11,2410.23886043595,6345.865691303295,4549.310707613378,4028.7120742319985,54.35149060374746,41.12364518663892,-13.22784541710854
2022-04-12 → 2023-04-12,2410.23886043595,6345.865691303295,4551.535299641902,4038.299813733881,54.408015069204296,41.36725922612776,-13.04075584307654
2022-04-13 → 2023-04-13,2410.23886043595,6345.865691303295,4553.717382744711,4049.6424041344653,54.463459429063185,41.65546211954295,-12.807997309520232
2022-04-14 → 2023-04-14,2410.23886043595,6345.865691303295,4556.048350395351,4061.0685765688163,54.52268678345455,41.945788741587876,-12.576898041866677
2022-04-15 → 2023-04-15,2410.23886043595,6345.865691303295,4558.208255685757,4071.4811046606915,54.57756762920612,42.210359762656466,-12.367207866549656
2022-04-16 → 2023-04-16,2410.23886043595,6345.865691303295,4560.479981326955,4082.905846158691,54.635289708529825,42.50065002616404,-12.134639682365787
2022-04-17 → 2023-04-17,2410.23886043595,6345.865691303295,4562.995046620385,4093.9588460515906,54.69919478392226,42.78149473954515,-11.917700044377106
2022-04-18 → 2023-04-18,2410.23886043595,6345.865691303295,4565.111095867857,4104.848075866118,54.75296129529157,43.05817823324233,-11.69478306204924
2022-04-19 → 2023-04-19,2410.23886043595,6345.865691303295,4567.905543921611,4116.648085850595,54.82396518295278,43.35800366109867,-11.465961521854112
2022-04-20 → 2023-04-20,2415.7130781810774,6345.865691303295,4570.991402448715,4127.985051192653,54.8395580637625,43.567569546651825,-11.271988517110678
2022-04-21 → 2023-04-21,2470.737308913646,6345.865691303295,4574.402226147252,4138.91124399895,54.286328339304035,43.04822370960012,-11.238104629703912
2022-04-22 → 2023-04-22,2470.737308913646,6345.865691303295,4577.467339610474,4149.634835015562,54.36542542102012,43.32495237400631,-11.040473047013812
2022-04-23 → 2023-04-23,2470.737308913646,6345.865691303295,4580.489440076054,4160.762100880433,54.44341252666839,43.6120981087241,-10.831314417944292
2022-04-24 → 2023-04-24,2470.737308913646,6345.865691303295,4583.514911959226,4172.322890284715,54.52148663375917,43.91043117703791,-10.61105545672126
2022-04-25 → 2023-04-25,2470.737308913646,6345.865691303295,4586.253527104469,4183.996253458379,54.59215823157483,44.21166927863767,-10.380488952937156
2022-04-26 → 2023-04-26,2515.850523298859,6345.865691303295,4589.128787362799,4196.109294816308,54.13237736977909,43.8708124592864,-10.261564910492694
2022-04-27 → 2023-04-27,2515.850523298859,6345.865691303295,4591.225089627885,4206.7219262252775,54.187110893619895,44.14790356580802,-10.039207327811873
2022-04-28 → 2023-04-28,2515.850523298859,6345.865691303295,4593.567292288354,4219.425813803842,54.248264767892664,44.47959644485173,-9.768668323040934
2022-04-29 → 2023-04-29,2522.586471357364,6345.865691303295,4596.043482417324,4231.541360348783,54.23242436081568,44.698668098208834,-9.533756262606843
2022-04-30 → 2023-04-30,2522.586471357364,6345.865691303295,4598.2722167006405,4242.888234456434,54.290718148820716,44.99545191793233,-9.295266230888387
2022-05-01 → 2023-05-01,2522.586471357364,6345.865691303295,4600.745707312164,4254.654767449453,54.355413675075226,45.30321214982002,-9.052201525255207
2022-05-02 → 2023-05-02,2522.586471357364,6345.865691303295,4603.164582122345,4267.435587803891,54.418680694589824,45.637501633249876,-8.781179061339948
2022-05-03 → 2023-05-03,2522.586471357364,6345.865691303295,4605.486918214737,4279.747615297699,54.47942269010709,45.95952957799365,-8.519893112113444
2022-05-04 → 2023-05-04,2522.586471357364,6345.865691303295,4607.709024563029,4291.62536001383,54.5375431207756,46.2701986145151,-8.2673445062605
2022-05-05 → 2023-05-05,2739.5740703434462,6345.865691303295,4610.061943264466,4304.997805902897,51.867349330533955,43.40812946077829,-8.459219869755664
2022-05-06 → 2023-05-06,2774.4638688532464,6345.865691303295,4612.031063054832,4315.683643238909,51.45226680040669,43.154476897487754,-8.297789902918936
2022-05-07 → 2023-05-07,2816.210364150029,6345.865691303295,4613.9501270698,4328.340079529848,50.9324451339469,42.84071885850056,-8.09172627544634
2022-05-08 → 2023-05-08,2936.089549834832,6345.865691303295,4616.109540630838,4341.081242131619,49.2706829156381,41.20480741271506,-8.065875502923035
2022-05-09 → 2023-05-09,3141.551112307738,6345.865691303295,4617.971665377613,4353.37758225021,46.076017715235764,37.818586161485385,-8.25743155375038
2022-05-10 → 2023-05-10,3141.551112307738,6345.865691303295,4618.88407267678,4363.942012160036,46.10449205121851,38.148280067916296,-7.956211983302211
2022-05-11 → 2023-05-11,3141.551112307738,6345.865691303295,4620.192316105906,4377.6947534732,46.14531961033836,38.57747454848677,-7.5678450618515924
2022-05-12 → 2023-05-12,3141.551112307738,6345.865691303295,4620.909312909426,4388.534273731486,46.16769559078112,38.91575345310305,-7.251942137678071
2022-05-13 → 2023-05-13,3141.551112307738,6345.865691303295,4621.676962774354,4401.299444023892,46.191652348022124,39.31412789411712,-6.8775244539050036
2022-05-14 → 2023-05-14,3141.551112307738,6345.865691303295,4622.497568515714,4414.301197285483,46.21726174813343,39.71988559802105,-6.49737615011238
2022-05-15 → 2023-05-15,3141.551112307738,6345.865691303295,4623.439177178707,4428.151754375405,46.24664739800579,40.152132705739916,-6.094514692265875
2022-05-16 → 2023-05-16,3141.551112307738,6345.865691303295,4624.786894927539,4442.749337702648,46.28870686862289,40.607692950134464,-5.681013918488425
2022-05-17 → 2023-05-17,3141.551112307738,6345.865691303295,4625.617091820868,4455.036891498204,46.314615588658405,40.99116197268617,-5.323453615972234
2022-05-18 → 2023-05-18,3141.551112307738,6345.865691303295,4626.819243194372,4469.103905536288,46.352132235163204,41.43016425199715,-4.921967983166056
2022-05-19 → 2023-05-19,3141.551112307738,6345.865691303295,4627.483800011295,4480.776210622493,46.372871672585475,41.794432640710205,-4.57843903187527
2022-05-20 → 2023-05-20,3141.551112307738,6345.865691303295,4628.535702756624,4495.8165873439475,46.40569937159557,42.26381154689018,-4.141887824705385
2022-05-21 → 2023-05-21,3141.551112307738,6345.865691303295,4629.39012465191,4508.327495007354,46.43236410360679,42.654250979566854,-3.7781131240399333
2022-05-22 → 2023-05-22,3141.551112307738,6345.865691303295,4630.275764078303,4522.02915835898,46.46000306989925,43.08185142308888,-3.378151646810373
2022-05-23 → 2023-05-23,3141.551112307738,6345.865691303295,4631.303038469349,4536.768453567174,46.49206216914563,43.54183420083521,-2.950227968310422
2022-05-24 → 2023-05-24,3141.551112307738,6345.865691303295,4632.282511047486,4549.292042687728,46.52262947313498,43.932669395439596,-2.5899600776953804
2022-05-25 → 2023-05-25,3141.551112307738,6345.865691303295,4633.381815942869,4563.665065395556,46.55693649475481,44.38122156950027,-2.175714925254539
2022-05-26 → 2023-05-26,3141.551112307738,6345.865691303295,4634.369480995653,4577.525476729623,46.58775946885536,44.813776207703484,-1.7739832611518764
2022-05-27 → 2023-05-27,3141.551112307738,6345.865691303295,4635.228977469807,4591.2267693101985,46.61458256792898,45.241365080231425,-1.373217487697552
2022-05-28 → 2023-05-28,3141.551112307738,6345.865691303295,4635.403843109669,4604.29051061331,46.620039761208545,45.649057302110805,-0.9709824590977405
2022-05-29 → 2023-05-29,3141.551112307738,6345.865691303295,4635.8376563450165,4618.656059876959,46.63357817089502,46.097376245507185,-0.5362019253878358
2022-05-30 → 2023-05-30,3141.551112307738,6345.865691303295,4636.41305438237,4633.188778980868,46.65153514806341,46.5509122122681,-0.10062293579530746
2022-05-31 → 2023-05-31,3141.551112307738,6345.865691303295,4637.842239654142,4650.070594630819,46.696137050796054,47.077758601215436,0.38162155041938206
2022-06-01 → 2023-06-01,3191.4543555470495,6345.865691303295,4639.444051346679,4664.650903352972,45.903642286160036,46.702740733485705,0.7990984473256688
2022-06-02 → 2023-06-02,3191.4543555470495,6345.865691303295,4640.308075002766,4677.325079736606,45.93103324961153,47.10453285995852,1.1734996103469868
2022-06-03 → 2023-06-03,3191.4543555470495,6345.865691303295,4641.440897585212,4692.664984152272,45.96694557878704,47.59083292621123,1.623887347424187
2022-06-04 → 2023-06-04,3191.4543555470495,6345.865691303295,4642.290299713005,4706.4344370085355,45.99387301587061,48.02734710875243,2.033474092881818
2022-06-05 → 2023-06-05,3191.4543555470495,6345.865691303295,4643.715261026282,4721.236864302621,46.03904662075608,48.49660827093174,2.4575616501756556
2022-06-06 → 2023-06-06,3191.4543555470495,6345.865691303295,4644.621958757764,4736.106481754271,46.06779042221294,48.96799947102978,2.9002090488168406
2022-06-07 → 2023-06-07,3207.6951396211684,6345.865691303295,4646.275274427903,4752.442551061661,45.841362383431495,49.224456924830776,3.383094541399281
2022-06-08 → 2023-06-08,3283.1051038089477,6345.865691303295,4647.812987915546,4767.143835507776,44.55809865383796,48.45428460057744,3.896185946739479
2022-06-09 → 2023-06-09,3283.1051038089477,6345.865691303295,4649.096115791152,4781.13896143637,44.59999314212561,48.91122942302741,4.311236280901795
2022-06-10 → 2023-06-10,3283.1051038089477,6345.865691303295,4650.572377698922,4795.982406834111,44.6481935112239,49.39587211623527,4.747678605011366
2022-06-11 → 2023-06-11,3283.1051038089477,6345.865691303295,4651.720085592628,4809.930198048232,44.685666498776115,49.8512714468611,5.165604948084983
2022-06-12 → 2023-06-12,3283.1051038089477,6345.865691303295,4652.632661305222,4824.060641156964,44.715462354068265,50.31263441353987,5.597172059471603
2022-06-13 → 2023-06-13,3283.1051038089477,6345.865691303295,4653.006234009146,4836.774461937415,44.727659608579415,50.727744260269745,6.0000846516903295
2022-06-14 → 2023-06-14,3283.1051038089477,6345.865691303295,4651.64942761931,4841.723189582919,44.683359495949766,50.88932161847757,6.205962122527801
2022-06-15 → 2023-06-15,3283.1051038089477,6345.865691303295,4649.961025915717,4846.565510974638,44.62823270247833,51.047424782384354,6.419192079906026
2022-06-16 → 2023-06-16,3283.1051038089477,6345.865691303295,4648.205138532321,4852.709026257021,44.570902482461605,51.248012295083456,6.67710981262185
2022-06-17 → 2023-06-17,3283.1051038089477,6345.865691303295,4645.057400780305,4852.248148449987,44.46812795398986,51.23296450424678,6.764836550256923
2022-06-18 → 2023-06-18,3283.1051038089477,6345.865691303295,4642.074033133345,4852.300336143678,44.37072015596799,51.23466844721588,6.863948291247894
2022-06-19 → 2023-06-19,3283.1051038089477,6345.865691303295,4637.907586805058,4847.206687324528,44.234684504167454,51.06835937167311,6.833674867505657
2022-06-20 → 2023-06-20,3283.1051038089477,6345.865691303295,4634.227284531101,4847.299249450606,44.114521593328654,51.071381551286386,6.956859957957732
2022-06-21 → 2023-06-21,3283.1051038089477,6345.865691303295,4630.023046644104,4847.655116247025,43.97725203644057,51.0830007029064,7.105748666465836
2022-06-22 → 2023-06-22,3283.1051038089477,6345.865691303295,4625.9383659518,4848.397843871203,43.843886055796084,51.10725097004156,7.263364914245479
2022-06-23 → 2023-06-23,3263.8829347280866,6345.865691303295,4621.197040524612,4846.866059119427,44.0402887686761,51.362491273325574,7.322202504649475
2022-06-24 → 2023-06-24,3263.8829347280866,6345.865691303295,4617.190047363499,4848.901015248103,43.91027528457842,51.42851877216005,7.518243487581628
2022-06-25 → 2023-06-25,3263.8829347280866,6345.865691303295,4613.329810270348,4851.581169682174,43.78502354250053,51.51548079128078,7.730457248780247
2022-06-26 → 2023-06-26,3263.8829347280866,6345.865691303295,4609.633418704166,4854.8052416207565,43.66508803804982,51.620091108509335,7.955003070459519
2022-06-27 → 2023-06-27,3260.826008926422,6345.865691303295,4605.57325548889,4856.841927594369,43.58930143570814,51.73404827772894,8.144746842020801
2022-06-28 → 2023-06-28,3260.826008926422,6345.865691303295,4601.4824906363865,4857.908600492142,43.456701363304795,51.768623939878964,8.311922576574169
2022-06-29 → 2023-06-29,3260.826008926422,6345.865691303295,4596.968443445066,4857.387035425661,43.3103808081072,51.75171767220728,8.44133686410008
2022-06-30 → 2023-06-30,3260.826008926422,6345.865691303295,4592.325030014414,4856.245350934271,43.15986691173244,51.71471054721268,8.554843635480239
2022-07-01 → 2023-07-01,3260.826008926422,6345.865691303295,4587.1266805559635,4852.432077021712,42.991365044863585,51.591105203192555,8.59974015832897
2022-07-02 → 2023-07-02,3260.826008926422,6345.865691303295,4581.931213022309,4848.613789282913,42.82295659412846,51.46733733853232,8.644380744403854
2022-07-03 → 2023-07-03,3211.782606989067,6345.865691303295,4576.499709976017,4844.347228509144,43.54438176247535,52.09066184910347,8.546280086628116
2022-07-04 → 2023-07-04,3211.782606989067,6345.865691303295,4571.196701769325,4840.204909476079,43.375177307327604,51.95849180377835,8.583314496450747
2022-07-05 → 2023-07-05,3211.782606989067,6345.865691303295,4566.647150680106,4839.3854148089495,43.23001360340448,51.93234397536784,8.702330371963363
2022-07-06 → 2023-07-06,3211.782606989067,6345.865691303295,4562.230374734565,4838.4494143023685,43.08908639034983,51.90247876498891,8.813392374639086
2022-07-07 → 2023-07-07,3211.782606989067,6345.865691303295,4557.950223676966,4838.730109084773,42.952518502950134,51.91143496604846,8.958916463098326
2022-07-08 → 2023-07-08,3211.782606989067,6345.865691303295,4554.359137651791,4842.40037167806,42.83793679185421,52.0285429843922,9.190606192537992
2022-07-09 → 2023-07-09,3211.782606989067,6345.865691303295,4550.892031331975,4846.587244032624,42.72731093330029,52.162134604075774,9.434823670775486
2022-07-10 → 2023-07-10,3211.782606989067,6345.865691303295,4547.22327060608,4850.151950708377,42.61025083542808,52.27587462244331,9.665623787015228
2022-07-11 → 2023-07-11,3211.782606989067,6345.865691303295,4543.0313716612345,4851.441974701176,42.47649883102763,52.31703575181016,9.840536920782533
2022-07-12 → 2023-07-12,3211.782606989067,6345.865691303295,4538.342447400987,4849.889106137155,42.32688811126991,52.26748797269119,9.940599861421283
2022-07-13 → 2023-07-13,3181.1942586217287,6345.865691303295,4532.906209994675,4846.056267885376,42.71255263386319,52.60773652742004,9.895183893556847
2022-07-14 → 2023-07-14,3181.1942586217287,6345.865691303295,4528.364543213879,4845.07582434062,42.569041154791655,52.57675563206923,10.007714477277574
2022-07-15 → 2023-07-15,3181.1942586217287,6345.865691303295,4524.090851629285,4845.410917010123,42.43399738561992,52.58734417740896,10.15334679178904
2022-07-16 → 2023-07-16,3181.1942586217287,6345.865691303295,4520.007351127778,4846.650578153303,42.30496343728213,52.626516052579895,10.321552615297762
2022-07-17 → 2023-07-17,3181.1942586217287,6345.865691303295,4516.18133942594,4849.0457747540595,42.18406584069985,52.70220152741375,10.518135686713897
2022-07-18 → 2023-07-18,3181.1942586217287,6345.865691303295,4512.2207637452075,4850.314924853529,42.05891617619341,52.742305219897055,10.683389043703649
2022-07-19 → 2023-07-19,3181.1942586217287,6345.865691303295,4509.10564665209,4855.991926712018,41.9604820366822,52.92169198971657,10.96120995303437
2022-07-20 → 2023-07-20,3181.1942586217287,6345.865691303295,4506.581885747992,4864.555911315388,41.880734076813894,53.19230411440445,11.311570037590556
2022-07-21 → 2023-07-21,3181.1942586217287,6345.865691303295,4503.977842636498,4872.922232130269,41.79844929095582,53.456670289309116,11.658220998353293
2022-07-22 → 2023-07-22,3181.1942586217287,6345.865691303295,4501.368149738956,4881.094982192198,41.715985978316425,53.714919849675134,11.998933871358709
2022-07-23 → 2023-07-23,3181.1942586217287,6345.865691303295,4498.422375752266,4888.2028811471655,41.62290288740628,53.939521332203924,12.31661844479764
2022-07-24 → 2023-07-24,3181.1942586217287,6345.865691303295,4495.6346192039255,4894.78935046365,41.5348129669314,54.14764623415951,12.612833267228112
2022-07-25 → 2023-07-25,3181.1942586217287,6345.865691303295,4492.923716872678,4901.904215761042,41.44915155187098,54.37246784514625,12.923316293275263
2022-07-26 → 2023-07-26,3181.1942586217287,6345.865691303295,4489.52709551252,4905.8556971462685,41.3418221992854,54.49733014030964,13.15550794102424
2022-07-27 → 2023-07-27,3181.1942586217287,6345.865691303295,4485.984456901094,4908.853060169374,41.22987886845993,54.59204338580336,13.36216451734343
2022-07-28 → 2023-07-28,3181.1942586217287,6345.865691303295,4483.372313883742,4916.769999886788,41.147338134835074,54.84220963167824,13.694871496843163
2022-07-29 → 2023-07-29,3181.1942586217287,6345.865691303295,4481.2167568019995,4927.150414647459,41.07922499489005,55.170218873126565,14.090993878236517
2022-07-30 → 2023-07-30,3181.1942586217287,6345.865691303295,4479.145902754659,4937.195073292366,41.01378837401513,55.48761860509166,14.473830231076533
2022-07-31 → 2023-07-31,3181.1942586217287,6345.865691303295,4476.930738520556,4946.492407036777,40.94379171618749,55.78140372440602,14.837612008218528
2022-08-01 → 2023-08-01,3181.1942586217287,6345.865691303295,4474.494548397604,4955.4780212727555,40.86681089290856,56.06533886355456,15.198527970645998
2022-08-02 → 2023-08-02,3181.1942586217287,6345.865691303295,4472.159237640314,4964.6683461737575,40.79301774227771,56.3557426257301,15.56272488345239
2022-08-03 → 2023-08-03,3181.1942586217287,6345.865691303295,4469.655582454696,4973.209465179242,40.71390510013221,56.625632223660574,15.911727123528365
2022-08-04 → 2023-08-04,3181.1942586217287,6345.865691303295,4467.080147726147,4981.452907879175,40.63252430647532,56.886115590584616,16.253591284109298
2022-08-05 → 2023-08-05,3181.1942586217287,6345.865691303295,4464.4100256971,4989.416653803402,40.54815150235187,57.13776085909452,16.58960935674265
2022-08-06 → 2023-08-06,3181.1942586217287,6345.865691303295,4462.063870303093,4999.091415203323,40.47401567359638,57.44347226091682,16.969456587320444
2022-08-07 → 2023-08-07,3181.1942586217287,6345.865691303295,4459.551062696198,5007.85676539136,40.39461382539991,57.72044730791591,17.325833482516003
2022-08-08 → 2023-08-08,3181.1942586217287,6345.865691303295,4456.925493220289,5017.275421814204,40.31164883103132,58.01806608519489,17.70641725416357
2022-08-09 → 2023-08-09,3181.1942586217287,6345.865691303295,4454.683115748373,5028.215549301179,40.240792265993974,58.36376160903337,18.122969343039394
2022-08-10 → 2023-08-10,3181.1942586217287,6345.865691303295,4452.183065594372,5037.251019274567,40.161793538726975,58.6492721324981,18.487478593771122
2022-08-11 → 2023-08-11,3181.1942586217287,6345.865691303295,4450.055518921476,5048.582813500398,40.09456549568512,59.007343877602736,18.91277838191762
2022-08-12 → 2023-08-12,3181.1942586217287,6345.865691303295,4447.928363921767,5059.351487624572,40.02734982906832,59.34762167115078,19.320271842082462
2022-08-13 → 2023-08-13,3181.1942586217287,6345.865691303295,4446.05843600911,5071.1665910854845,39.968262244387425,59.72096543565342,19.752703191265994
2022-08-14 → 2023-08-14,3181.1942586217287,6345.865691303295,4444.163250236038,5082.67246536682,39.90837654018761,60.08453791153556,20.176161371347952
2022-08-15 → 2023-08-15,3181.1942586217287,6345.865691303295,4442.29341265708,5094.002575335808,39.849291809948376,60.4425564360491,20.593264626100726
2022-08-16 → 2023-08-16,3181.1942586217287,6345.865691303295,4440.450788359068,5105.0477996014715,39.79106698828179,60.79157289796675,21.00050590968496
2022-08-17 → 2023-08-17,3181.1942586217287,6345.865691303295,4439.252133475569,5115.933270106563,39.753190864045955,61.13554132365155,21.382350459605597
2022-08-18 → 2023-08-18,3181.1942586217287,6345.865691303295,4438.037581055771,5125.916395411987,39.71481239583419,61.45099667242261,21.736184276588425
2022-08-19 → 2023-08-19,3181.1942586217287,6345.865691303295,4436.742188084696,5136.163574265435,39.673879458604205,61.7747958114936,22.100916352889392
2022-08-20 → 2023-08-20,3181.1942586217287,6345.865691303295,4434.111270111151,5140.385330572643,39.590745457823715,61.90819848526283,22.317453027439115
2022-08-21 → 2023-08-21,3181.1942586217287,6345.865691303295,4431.64760562585,5145.672925735109,39.512896476098206,62.07528044858643,22.562383972488227
2022-08-22 → 2023-08-22,3181.1942586217287,6345.865691303295,4429.488777966241,5152.239746199323,39.44467998963094,62.28278446926924,22.838104479638297
2022-08-23 → 2023-08-23,3181.1942586217287,6345.865691303295,4426.990985792078,5158.105437050883,39.365752611945915,62.4681335955951,23.102380983649184
2022-08-24 → 2023-08-24,3181.1942586217287,6345.865691303295,4424.760876926389,5164.726869888687,39.295283720842114,62.67736330486049,23.382079584018378
2022-08-25 → 2023-08-25,3181.1942586217287,6345.865691303295,4422.500399665624,5171.079678595212,39.223855223165515,62.878104798619326,23.65424957545381
2022-08-26 → 2023-08-26,3181.1942586217287,6345.865691303295,4420.350135295784,5177.974398788615,39.15590932686695,63.095970075949595,23.940060749082647
2022-08-27 → 2023-08-27,3181.1942586217287,6345.865691303295,4417.32886190864,5180.690033786469,39.06044054119955,63.18178103786526,24.12134049666571
2022-08-28 → 2023-08-28,3181.1942586217287,6345.865691303295,4414.1646823785595,5182.732191875653,38.9604560847595,63.24631089926239,24.28585481450289
2022-08-29 → 2023-08-29,3181.1942586217287,6345.865691303295,4410.150374184997,5183.481691848366,38.833608534264805,63.269994241709014,24.43638570744421
2022-08-30 → 2023-08-30,3181.1942586217287,6345.865691303295,4406.680354406599,5186.293021367055,38.72395987555844,63.358829041102624,24.63486916554418
2022-08-31 → 2023-08-31,3181.1942586217287,6345.865691303295,4403.425774232272,5187.58942067864,38.621118862089645,63.399793777542456,24.77867491545281
2022-09-01 → 2023-09-01,3181.1942586217287,6345.865691303295,4400.370338208145,5189.577455598829,38.52457057614206,63.462613408663046,24.938042832520985
2022-09-02 → 2023-09-02,3181.1942586217287,6345.865691303295,4397.3429153035495,5191.8479373880655,38.42890747275221,63.534358038004,25.105450565251793
2022-09-03 → 2023-09-03,3181.1942586217287,6345.865691303295,4394.170465976751,5193.5871222484475,38.328661700188384,63.58931429167449,25.260652591486107
2022-09-04 → 2023-09-04,3181.1942586217287,6345.865691303295,4390.964216757165,5194.82130649705,38.2273478896463,63.628313103236934,25.40096521359063
2022-09-05 → 2023-09-05,3181.1942586217287,6345.865691303295,4387.874272376912,5196.6038347156955,38.12970917908877,63.68463895748637,25.5549297783976
2022-09-06 → 2023-09-06,3181.1942586217287,6345.865691303295,4384.682211542646,5197.812326635058,38.02884370530524,63.72282592081161,25.693982215506367
2022-09-07 → 2023-09-07,3181.1942586217287,6345.865691303295,4380.608786061003,5195.4911106541695,37.900128116079266,63.64947814900449,25.74935003292522
2022-09-08 → 2023-09-08,3181.1942586217287,6345.865691303295,4376.99417285461,5194.825566599418,37.785910470321,63.62844771760242,25.84253724728142
2022-09-09 → 2023-09-09,3181.1942586217287,6345.865691303295,4373.402883365871,5194.2322824136,37.67242982738121,63.60970061546437,25.93727078808316
2022-09-10 → 2023-09-10,3181.1942586217287,6345.865691303295,4371.190659249048,5200.455002490111,37.60252607389901,63.80633145720829,26.20380538330928
2022-09-11 → 2023-09-11,3181.1942586217287,6345.865691303295,4369.478754358883,5207.776117290821,37.548431836105905,64.03767031675324,26.48923848064733
2022-09-12 → 2023-09-12,3181.1942586217287,6345.865691303295,4367.4724004629825,5215.209024411848,37.48503334629174,64.27254168583968,26.78750833954794
2022-09-13 → 2023-09-13,3181.1942586217287,6345.865691303295,4365.673643071892,5224.501040892671,37.428194668743274,64.56615878570237,27.137964116959097
2022-09-14 → 2023-09-14,3181.1942586217287,6345.865691303295,4362.412829190697,5226.934645116901,37.3251566772627,64.64305789753745,27.31790122027475
2022-09-15 → 2023-09-15,3181.1942586217287,6345.865691303295,4359.161478343937,5229.85209963534,37.22241770685385,64.73524612562048,27.51282841876663
2022-09-16 → 2023-09-16,3181.1942586217287,6345.865691303295,4355.5787738248655,5230.876999342826,37.109208339142775,64.76763178489941,27.658423445756632
2022-09-17 → 2023-09-17,3181.1942586217287,6345.865691303295,4352.048138046917,5232.051333796178,36.99764428413575,64.80473941134129,27.807095127205535
2022-09-18 → 2023-09-18,3181.1942586217287,6345.865691303295,4348.677287306078,5234.535066694703,36.8911292536644,64.88322253198615,27.992093278321747
2022-09-19 → 2023-09-19,3181.1942586217287,6345.865691303295,4344.652666613783,5234.573214334842,36.7639558399971,64.88442795381114,28.12047211381404
2022-09-20 → 2023-09-20,3181.1942586217287,6345.865691303295,4340.752368421776,5235.067286885151,36.640710875236174,64.90004008166764,28.259329206431467
2022-09-21 → 2023-09-21,3181.1942586217287,6345.865691303295,4336.55791074041,5232.980498014139,36.50817080684078,64.83409993857849,28.32592913173771
2022-09-22 → 2023-09-22,3181.1942586217287,6345.865691303295,4332.073304359064,5229.399199792084,36.36646237117087,64.72093500824573,28.354472637074863
2022-09-23 → 2023-09-23,3181.1942586217287,6345.865691303295,4328.281081184968,5229.2443235537385,36.246632453444356,64.71604109614016,28.469408642695804
2022-09-24 → 2023-09-24,3181.1942586217287,6345.865691303295,4324.538099628173,5228.741765232345,36.12835851454059,64.70016082761674,28.571802313076155
2022-09-25 → 2023-09-25,3181.1942586217287,6345.865691303295,4320.493889841012,5226.6918941962285,36.00056610786619,64.63538724591258,28.63482113804639
2022-09-26 → 2023-09-26,3181.1942586217287,6345.865691303295,4316.3859766725645,5224.084683971306,35.87076074715718,64.55300238289021,28.682241635733035
2022-09-27 → 2023-09-27,3181.1942586217287,6345.865691303295,4312.530909946925,5222.985377204559,35.74894504503315,64.51826554558716,28.769320500554002
2022-09-28 → 2023-09-28,3181.1942586217287,6345.865691303295,4308.337928411032,5221.492490297777,35.61645162114744,64.47109202572773,28.854640404580287
2022-09-29 → 2023-09-29,3181.1942586217287,6345.865691303295,4304.446765706896,5221.253209419584,35.49349532736124,64.4635310234789,28.970035696117655
2022-09-30 → 2023-09-30,3181.1942586217287,6345.865691303295,4300.592355269205,5221.299337307391,35.37170036318622,64.46498861200865,29.093288248822432
2022-10-01 → 2023-10-01,3181.1942586217287,6345.865691303295,4296.309552405405,5220.935534661975,35.23636868800594,64.45349286424606,29.21712417624012
2022-10-02 → 2023-10-02,3181.1942586217287,6345.865691303295,4292.073233107482,5220.089805011863,35.102505840375876,64.42676877398574,29.324262933609866
2022-10-03 → 2023-10-03,3181.1942586217287,6345.865691303295,4287.662041097227,5218.0944972162615,34.96311721491857,64.36371932831514,29.400602113396573
2022-10-04 → 2023-10-04,3181.1942586217287,6345.865691303295,4283.574951360094,5218.338464159538,34.83396985083754,64.37142840486433,29.53745855402679
2022-10-05 → 2023-10-05,3181.1942586217287,6345.865691303295,4280.104190422498,5221.003674571235,34.7242977723477,64.45564600749361,29.731348235145916
2022-10-06 → 2023-10-06,3181.1942586217287,6345.865691303295,4276.326384732044,5223.047661404318,34.60492343062488,64.52023365510766,29.91531022448278
2022-10-07 → 2023-10-07,3181.1942586217287,6345.865691303295,4272.398826879992,5224.38468328088,34.480817091764806,64.56248201816851,30.081664926403704
2022-10-08 → 2023-10-08,3181.1942586217287,6345.865691303295,4268.195649994304,5224.251915656387,34.34800150647902,64.55828671299014,30.210285206511116
2022-10-09 → 2023-10-09,3181.1942586217287,6345.865691303295,4264.026197256475,5223.641220426435,34.2162515657183,64.5389894417586,30.3227378760403
2022-10-10 → 2023-10-10,3181.1942586217287,6345.865691303295,4259.927527971696,5223.04141226829,34.086738301167294,64.52003618955202,30.433297888384722
2022-10-11 → 2023-10-11,3181.1942586217287,6345.865691303295,4255.847455671989,5221.390857603121,33.95781268008791,64.46788054874447,30.510067868656563
2022-10-12 → 2023-10-12,3181.1942586217287,6345.865691303295,4251.714202709583,5219.257829173158,33.827206610853615,64.40047928844506,30.57327267759144
2022-10-13 → 2023-10-13,3181.1942586217287,6345.865691303295,4247.630581639303,5217.517656256347,33.69816885268042,64.34549181332079,30.647322960640373
2022-10-14 → 2023-10-14,3181.1942586217287,6345.865691303295,4243.709430423524,5216.587761691728,33.57426495620367,64.31610820796395,30.74184325176028
2022-10-15 → 2023-10-15,3181.1942586217287,6345.865691303295,4239.5332654040085,5214.837586654311,33.44230291501391,64.26080467726112,30.81850176224721
2022-10-16 → 2023-10-16,3181.1942586217287,6345.865691303295,4234.790267712684,5212.630425881222,33.29242960929428,64.19106091965345,30.89863131035917
2022-10-17 → 2023-10-17,3181.1942586217287,6345.865691303295,4230.21479872818,5211.091887455511,33.14785001922204,64.1424448639763,30.994594844754253
2022-10-18 → 2023-10-18,3181.1942586217287,6345.865691303295,4225.889153711435,5210.590662994899,33.011164580978004,64.12660674392895,31.11544216295094
2022-10-19 → 2023-10-19,3181.1942586217287,6345.865691303295,4221.285976124475,5209.26682086274,32.86570943073958,64.08477484572659,31.219065414987007
2022-10-20 → 2023-10-20,3181.1942586217287,6345.865691303295,4216.203012729355,5207.1163951967055,32.70509359736651,64.01682385265264,31.311730255286122
2022-10-21 → 2023-10-21,3181.1942586217287,6345.865691303295,4210.979058886604,5204.537298823518,32.54002262700281,63.93532735521049,31.395304728207677
2022-10-22 → 2023-10-22,3181.1942586217287,6345.865691303295,4205.8422743218325,5202.433723389253,32.377706106187276,63.86885677590987,31.491150669722593
2022-10-23 → 2023-10-23,3034.5174188335154,6345.865691303295,4199.908538335042,5200.394028592628,35.19385530028577,65.40769594566648,30.213840645380706
2022-10-24 → 2023-10-24,2951.5105202628943,6345.865691303295,4194.008129405807,5199.614775874176,36.60482025403595,66.23067246443212,29.625852210396168
2022-10-25 → 2023-10-25,2899.5038696278198,6345.865691303295,4187.803931090358,5197.976742725174,37.381451168589756,66.69273256920928,29.311281400619528
2022-10-26 → 2023-10-26,2899.5038696278198,6345.865691303295,4182.200619351289,5198.964556519227,37.21886488110747,66.72139507898525,29.502530197877782
2022-10-27 → 2023-10-27,2899.5038696278198,6345.865691303295,4177.123406869282,5202.211056841387,37.07154394544499,66.81559587652607,29.74405193108108
2022-10-28 → 2023-10-28,2899.5038696278198,6345.865691303295,4171.665349330694,5203.524862324117,36.91317236924367,66.85371739570223,29.940545026458565
2022-10-29 → 2023-10-29,2892.318597915702,6345.865691303295,4166.30752603096,5206.016692656637,36.88928784421465,66.994832622115,30.10554477790035
2022-10-30 → 2023-10-30,2892.318597915702,6345.865691303295,4161.09487845351,5208.942139063236,36.73835179393088,67.07954107772576,30.341189283794883
2022-10-31 → 2023-10-31,2887.133869769527,6345.865691303295,4155.730665017335,5211.195654773485,36.67809071954157,67.1940440867531,30.515953367211523
2022-11-01 → 2023-11-01,2822.3091552635588,6345.865691303295,4150.107943912178,5213.118868807571,37.683481875985,67.85217404886987,30.168692172884867
2022-11-02 → 2023-11-02,2822.3091552635588,6345.865691303295,4144.602112538619,5215.041336799612,37.52722409163433,67.90673449007119,30.379510398436857
2022-11-03 → 2023-11-03,2822.3091552635588,6345.865691303295,4138.913478713952,5215.884876830914,37.36577829769057,67.93067450700224,30.56489620931167
2022-11-04 → 2023-11-04,2822.3091552635588,6345.865691303295,4133.172411394552,5216.956450447344,37.20284441935829,67.96108621192222,30.75824179256393
2022-11-05 → 2023-11-05,2822.3091552635588,6345.865691303295,4128.041483345424,5220.9249109433185,37.057226547283655,68.07371277134831,31.016486224064657
2022-11-06 → 2023-11-06,2822.3091552635588,6345.865691303295,4123.006553946244,5224.642952103826,36.914333156822,68.17923232588018,31.264899169058175
2022-11-07 → 2023-11-07,2822.3091552635588,6345.865691303295,4117.677009962242,5227.369952345995,36.76307848190788,68.2566257269588,31.49354724505092
2022-11-08 → 2023-11-08,2793.4603722437123,6345.865691303295,4112.02584198815,5229.176854579054,37.117540126122144,68.56527517474107,31.44773504861893
2022-11-09 → 2023-11-09,2726.6287644820013,6345.865691303295,4104.723502810806,5224.386696088661,38.07694180273407,69.01338547626924,30.936443673535166
2022-11-10 → 2023-11-10,2676.1227018244203,6337.931910887333,4094.696882620973,5206.200703372761,38.73970760916781,69.09365991233084,30.353952303163027
2022-11-11 → 2023-11-11,2676.1227018244203,6337.931910887333,4086.5095118025642,5196.681458920475,38.516119476882125,68.83369976943956,30.317580292557437
2022-11-12 → 2023-11-12,2676.1227018244203,6337.931910887333,4077.732315613001,5184.106692225195,38.27642385953975,68.49029665973745,30.213872800197706
2022-11-13 → 2023-11-13,2676.1227018244203,6337.931910887333,4068.917820371564,5170.6420609844245,38.03570964593132,68.12259232365555,30.086882677724233
2022-11-14 → 2023-11-14,2676.1227018244203,6337.931910887333,4059.8535039238604,5154.713437201571,37.78817308872158,67.68759904919902,29.899425960477444
2022-11-15 → 2023-11-15,2642.667476515675,6337.931910887333,4050.6438038334963,5140.1369304947975,38.10218056985232,67.58567616295075,29.483495593098425
2022-11-16 → 2023-11-16,2642.667476515675,6337.931910887333,4041.9899984232316,5126.471143786323,37.8679942060898,67.2158572514444,29.347863045354607
2022-11-17 → 2023-11-17,2642.667476515675,6337.931910887333,4033.060928887791,5111.648991230405,37.62635873739678,66.81474515732607,29.188386419929294
2022-11-18 → 2023-11-18,2642.667476515675,6337.931910887333,4024.145599975264,5096.698061041409,37.385095112807406,66.41014812632798,29.025053013520576
2022-11-19 → 2023-11-19,2642.667476515675,6337.931910887333,4015.0442153531512,5081.47042240966,37.13879651134723,65.99806290476418,28.859266393416952
2022-11-20 → 2023-11-20,2642.667476515675,6337.931910887333,4005.9624358398346,5066.20206854016,36.89302845673003,65.58487586116641,28.69184740443638
2022-11-21 → 2023-11-21,2642.667476515675,6337.931910887333,3996.7275613668053,5048.437924562109,36.64311739794,65.10414858728537,28.461031189345363
2022-11-22 → 2023-11-22,2642.667476515675,6183.187052707353,3986.7156704938793,5027.908289112429,37.96189132850143,67.36979590894997,29.407904580448538
2022-11-23 → 2023-11-23,2642.667476515675,6168.0492102574,3977.1444574665557,5009.246016739839,37.85340373720353,67.12971016935393,29.2763064321504
2022-11-24 → 2023-11-24,2642.667476515675,6168.0492102574,3967.9031319954793,4992.401818959788,37.591266863269375,66.65191232922687,29.0606454659575
2022-11-25 → 2023-11-25,2642.667476515675,6168.0492102574,3958.655625227616,4975.376222510563,37.328954652385804,66.16896898478643,28.840014332400628
2022-11-26 → 2023-11-26,2642.667476515675,6168.0492102574,3949.4083669455376,4957.812789998796,37.06664948998106,65.67076953184021,28.604120041859147
2022-11-27 → 2023-11-27,2642.667476515675,6168.0492102574,3940.1365933631996,4939.639710097262,36.80364893337191,65.15527699020711,28.351628056835203
2022-11-28 → 2023-11-28,2642.667476515675,6168.0492102574,3930.7358630948756,4921.158990497073,36.53699042719232,64.63105802624904,28.094067599056714
2022-11-29 → 2023-11-29,2642.22760279978,6088.602048497233,3921.102470724773,4901.273304760931,37.10783282767126,65.54846948744657,28.440636659775308
2022-11-30 → 2023-11-30,2642.22760279978,6088.602048497233,3911.7309520757894,4882.320770967025,36.835908845044145,64.99854277192189,28.162633926877746
2022-12-01 → 2023-12-01,2583.742072407147,6088.602048497233,3902.8838738380114,4866.703725657975,37.63750365007329,65.13702883496161,27.49952518488832
2022-12-02 → 2023-12-02,2534.0654464057834,6088.602048497233,3893.6988686443424,4849.846728626893,38.25065189759379,65.15001929811413,26.89936740052034
2022-12-03 → 2023-12-03,2501.3618282727634,6088.602048497233,3884.5318847299995,4833.301251431868,38.55805498218586,65.0065030496671,26.448448067481245
2022-12-04 → 2023-12-04,2386.048327903929,6088.602048497233,3874.8835680105894,4815.682753597799,40.21103682644439,65.62050436109651,25.409467534652116
2022-12-05 → 2023-12-05,2269.2715086736393,6088.602048497233,3865.1260135965617,4798.877398867127,41.78361857616626,66.23165666908538,24.44803809291912
2022-12-06 → 2023-12-06,2269.2715086736393,6088.602048497233,3855.263104965217,4781.077775491359,41.525381994427505,65.76561626775916,24.24023427333165
2022-12-07 → 2023-12-07,2269.2715086736393,6088.602048497233,3845.5700516415786,4763.55947954783,41.27159266609967,65.306941749781,24.035349083681332
2022-12-08 → 2023-12-08,2262.184863561168,6088.602048497233,3835.5341253463926,4744.7311576100565,41.11807954394584,64.87913298691629,23.76105344297045
2022-12-09 → 2023-12-09,2262.184863561168,6088.602048497233,3825.924552954418,4727.476210699262,40.86694194113018,64.42819034065377,23.561248399523592
2022-12-10 → 2023-12-10,2262.184863561168,6088.602048497233,3816.2278343459766,4709.540854182757,40.61352684968079,63.959465796265015,23.345938946584226
2022-12-11 → 2023-12-11,2262.184863561168,6088.602048497233,3806.902473215816,4691.325220986823,40.36981685467885,63.48341647086354,23.113599616184686
2022-12-12 → 2023-12-12,2262.184863561168,6088.602048497233,3797.5080957344576,4672.722743379442,40.12430317890031,62.9972573118305,22.87295413293019
2022-12-13 → 2023-12-13,2262.184863561168,6088.602048497233,3787.981908144418,4654.338286656323,39.87534476350476,62.51679593413506,22.641451170630297
2022-12-14 → 2023-12-14,2262.184863561168,6088.602048497233,3778.959736502134,4638.324625934657,39.639558355326315,62.09829319520974,22.458734839883427
2022-12-15 → 2023-12-15,2262.184863561168,6088.602048497233,3770.127180693078,4622.594252553334,39.40872738781373,61.68719391823464,22.278466530420914
2022-12-16 → 2023-12-16,2262.184863561168,6088.602048497233,3760.848009183021,4604.730773433065,39.166224517332495,61.220347825482555,22.05412330815006
2022-12-17 → 2023-12-17,2262.184863561168,6088.602048497233,3750.9898336936885,4582.588535535453,38.90858989431902,60.64168018869736,21.733090294378336
2022-12-18 → 2023-12-18,2262.184863561168,6088.602048497233,3741.109998093853,4560.98609305014,38.65038920363818,60.07711962352015,21.42673041988197
2022-12-19 → 2023-12-19,2262.184863561168,6088.602048497233,3731.2870047445385,4539.113821019846,38.39367403447195,59.50550730387029,21.11183326939834
2022-12-20 → 2023-12-20,2262.184863561168,6051.723669797238,3720.9173456113544,4515.184016969958,38.493667874562846,59.4531226254037,20.959454750840855
2022-12-21 → 2023-12-21,2262.184863561168,6051.723669797238,3710.9799849466235,4493.321785985601,38.231436474573535,58.876212555281704,20.64477608070817
2022-12-22 → 2023-12-22,2262.184863561168,6051.723669797238,3700.925461636135,4470.682263531513,37.96611333567487,58.27879097942048,20.31267764374561
2022-12-23 → 2023-12-23,2262.184863561168,6051.723669797238,3690.918319874807,4447.820539943331,37.702040521725586,57.67550586328548,19.973465341559894
2022-12-24 → 2023-12-24,2262.184863561168,6051.723669797238,3680.975728579573,4424.507601814495,37.439671093581126,57.060313901391005,19.62064280780988
2022-12-25 → 2023-12-25,2262.184863561168,6051.723669797238,3671.011916717329,4401.170475430422,37.17674168787487,56.44448364928567,19.2677419614108
2022-12-26 → 2023-12-26,2262.184863561168,6051.723669797238,3661.2027349036616,4377.486119197433,36.917892727217044,55.819490544741825,18.90159781752478
2022-12-27 → 2023-12-27,2262.184863561168,6051.723669797238,3651.3065453625404,4353.758661015738,36.65674776876363,55.19336004720874,18.536612278445112
2022-12-28 → 2023-12-28,2262.184863561168,6051.723669797238,3641.3478437786384,4328.851554558058,36.39395321530731,54.53610047734517,18.14214726203786
2022-12-29 → 2023-12-29,2262.184863561168,6051.723669797238,3631.330705641695,4302.826890410715,36.12961661264582,53.849350308577506,17.719733695931687
2022-12-30 → 2023-12-30,2262.184863561168,6051.723669797238,3621.3755182435893,4276.949144257251,35.866914793054384,53.166477075801,17.299562282746614
2022-12-31 → 2023-12-31,2262.184863561168,6051.723669797238,3611.381850351851,4250.563664708769,35.6031975334424,52.47020555312753,16.86700801968513
2023-01-01 → 2024-01-01,2262.184863561168,6021.647083039849,3601.049749316081,4223.479491779028,35.61320230372128,52.16955281678105,16.55635051305977
2023-01-02 → 2024-01-02,2225.1316811079096,5998.772393091455,3590.6767564146276,4196.460973087014,36.18640934655764,52.239453685110135,16.053044338552496
2023-01-03 → 2024-01-03,2225.1316811079096,5998.772393091455,3580.6926479229514,4169.540108877641,35.92183438424152,51.526061333689825,15.604226949448304
2023-01-04 → 2024-01-04,2225.1316811079096,5943.606991729443,3570.477010086185,4142.174238522366,36.180025859937864,51.55453236272874,15.37450650279088
2023-01-05 → 2024-01-05,2225.1316811079096,5943.606991729443,3560.4494163878403,4115.348706323302,35.910356362074005,50.833120225812344,14.92276386373834
2023-01-06 → 2024-01-06,2225.1316811079096,5902.271862594121,3550.4312873521903,4088.079762354777,36.04158505887112,50.66296059711025,14.621375538239128
2023-01-07 → 2024-01-07,2225.1316811079096,5902.271862594121,3540.551052109584,4061.120158677953,35.772891597241575,49.92979290846566,14.156901311224082
2023-01-08 → 2024-01-08,2128.5053474108918,5861.925872751207,3530.2402146364057,4034.009293893237,37.54559278043666,51.03909226268186,13.493499482245205
2023-01-09 → 2024-01-09,2128.5053474108918,5819.935891112184,3520.1528495530765,4007.110740351337,37.699409095391495,50.890985776392824,13.19157668100133
2023-01-10 → 2024-01-10,2128.5053474108918,5735.946407352113,3510.0872415404433,3980.7919158702653,38.298114125031965,51.34627392885399,13.048159803822024
2023-01-11 → 2024-01-11,2128.5053474108918,5607.3579589897745,3500.3061346538157,3955.648265421417,39.43256413557371,52.521423642068974,13.088859506495261
2023-01-12 → 2024-01-12,2128.5053474108918,5299.500057546061,3491.3666250771603,3932.6297995141886,42.978983008400355,56.89459040524205,13.915607396841693
2023-01-13 → 2024-01-13,2128.5053474108918,5033.035651812386,3483.263860347024,3914.1161200701836,46.64294639595069,61.47674789116147,14.833801495210786
2023-01-14 → 2024-01-14,2128.5053474108918,4940.612187726725,3476.0351015726874,3900.2207321424476,47.91886762063606,63.003132005204,15.084264384567945
2023-01-15 → 2024-01-15,2128.5053474108918,4940.612187726725,3469.4556260460845,3890.0119993259505,47.68489800638542,62.64010409068314,14.955206084297721
2023-01-16 → 2024-01-16,2128.5053474108918,4940.612187726725,3462.6964950656647,3879.993289160293,47.444539749596686,62.283833481685505,14.83929373208882
2023-01-17 → 2024-01-17,2128.5053474108918,4940.612187726725,3456.196942193646,3870.4618023656176,47.21341222702757,61.94488879231499,14.731476565287423
2023-01-18 → 2024-01-18,2128.5053474108918,4940.612187726725,3449.91751152905,3861.010242392392,46.99011236606315,61.608786342801935,14.618673976738783
2023-01-19 → 2024-01-19,2128.5053474108918,4940.612187726725,3443.2912484082367,3850.4917404818198,46.754478960325656,61.23474287618206,14.480263915856405
2023-01-20 → 2024-01-20,2128.5053474108918,4940.612187726725,3436.881991316451,3840.4049026399857,46.52656240324827,60.8760496111459,14.349487207897631
2023-01-21 → 2024-01-21,2128.5053474108918,4940.612187726725,3431.4026540452583,3833.495756412583,46.33171428465483,60.6303567331816,14.29864244852677
2023-01-22 → 2024-01-22,2128.5053474108918,4940.612187726725,3426.3244000188884,3827.275116431464,46.15112889744388,60.40914749987878,14.258018602434895
2023-01-23 → 2024-01-23,2128.5053474108918,4940.612187726725,3421.1724782111455,3820.912608959496,45.9679238451364,60.182893383898836,14.214969538762439
2023-01-24 → 2024-01-24,2128.5053474108918,4940.612187726725,3416.069652121678,3814.8084457355717,45.786464662422894,59.96582612541449,14.179361462991594
2023-01-25 → 2024-01-25,2128.5053474108918,4940.612187726725,3410.8307325996248,3808.2036737204708,45.60016592558455,59.730956954712596,14.130791029128048
2023-01-26 → 2024-01-26,2128.5053474108918,4940.612187726725,3405.5344789898745,3802.228803829522,45.41182835839754,59.51848743523027,14.106659076832727
2023-01-27 → 2024-01-27,2128.5053474108918,4940.612187726725,3400.1456433902954,3796.158041266333,45.22019852690175,59.302607921829306,14.08240939492756
2023-01-28 → 2024-01-28,2128.5053474108918,4940.612187726725,3394.8106021172257,3790.100440636914,45.03048164998285,59.08719645372382,14.056714803740967
2023-01-29 → 2024-01-29,2128.5053474108918,4940.612187726725,3389.257789846124,3783.8999262272705,44.83302072170326,58.866702896340094,14.033682174636837
2023-01-30 → 2024-01-30,2128.5053474108918,4940.612187726725,3384.127151287912,3778.7711033247388,44.65057251295612,58.684319253265016,14.0337467403089
2023-01-31 → 2024-01-31,2128.5053474108918,4940.612187726725,3378.558635141627,3772.34628059242,44.45255314660588,58.45584917381393,14.003296027208052
2023-02-01 → 2024-02-01,2128.5053474108918,4940.612187726725,3373.0971623695395,3766.087526732448,44.25834029900746,58.23328459090965,13.97494429190219
2023-02-02 → 2024-02-02,2128.5053474108918,4940.612187726725,3367.9131079134836,3760.7482337539686,44.07399259280602,58.04341652110758,13.969423928301559
2023-02-03 → 2024-02-03,2128.5053474108918,4940.612187726725,3362.645977605576,3755.17555668771,43.886690665567855,57.84524919025209,13.958558524684236
2023-02-04 → 2024-02-04,2128.5053474108918,4940.612187726725,3357.4098332593985,3749.4181885963008,43.70049061544497,57.640514149290325,13.940023533845356
2023-02-05 → 2024-02-05,2128.5053474108918,4940.612187726725,3352.1221665547055,3743.463261962647,43.51245840312336,57.42875382253882,13.916295419415462
2023-02-06 → 2024-02-06,2128.5053474108918,4940.612187726725,3346.559633249738,3736.8255816640176,43.31465178976074,57.19271441594631,13.878062626185574
2023-02-07 → 2024-02-07,2128.5053474108918,4940.612187726725,3340.721363912337,3729.6551655120866,43.1070398578917,56.93773064189007,13.83069078399837
2023-02-08 → 2024-02-08,2128.5053474108918,4940.612187726725,3335.0051756191824,3723.1547026841004,42.903769192239736,56.706570760807594,13.802801568567858
2023-02-09 → 2024-02-09,2119.6784657802627,4940.612187726725,3328.885013423053,3716.213748923136,42.86547174913524,56.59598702096601,13.730515271830768
2023-02-10 → 2024-02-10,2092.361121125474,4940.612187726725,3322.0790882474957,3707.2335202452114,43.17449334230969,56.696982160590416,13.522488818280728
2023-02-11 → 2024-02-11,2074.654422592821,4940.612187726725,3315.1103144091667,3697.2813094425433,43.2824205194939,56.61726444785587,13.33484392836197
2023-02-12 → 2024-02-12,2000.4079345267212,4940.612187726725,3308.0798769223575,3687.57293797878,44.475547607701635,57.38257815305906,12.907030545357422
2023-02-13 → 2024-02-13,2000.4079345267212,4940.612187726725,3301.036055567274,3677.7287769697286,44.23597849112013,57.047766005286086,12.811787514165957
2023-02-14 → 2024-02-14,1928.852615572766,4940.612187726725,3293.7721932653258,3667.752447786934,45.31967260309536,57.73700690757785,12.417334304482488
2023-02-15 → 2024-02-15,1925.330029735177,4940.612187726725,3286.7376825433935,3658.479610658387,45.150257305108646,57.47885239627608,12.328595091167436
2023-02-16 → 2024-02-16,1917.276703934811,4940.612187726725,3280.734489731628,3652.6396230264254,45.09779986727597,57.39895318911468,12.301153321838711
2023-02-17 → 2024-02-17,1917.276703934811,4940.612187726725,3274.514033967923,3646.485361967921,44.89205175241895,57.195394533732326,12.303342781313376
2023-02-18 → 2024-02-18,1917.276703934811,4940.612187726725,3268.6500664143887,3641.2723446601653,44.69809485994139,57.022968505072825,12.324873645131433
2023-02-19 → 2024-02-19,1917.276703934811,4940.612187726725,3262.8339711355293,3636.226281295785,44.50572139328381,56.85606465363351,12.350343260349703
2023-02-20 → 2024-02-20,1911.7515169723924,4940.612187726725,3256.8444600253288,3630.7818674625987,44.40920495421611,56.75501574201116,12.345810787795052
2023-02-21 → 2024-02-21,1911.7515169723924,4940.612187726725,3251.1066742359044,3625.7916835097703,44.219767855150224,56.59026125194788,12.370493396797656
2023-02-22 → 2024-02-22,1911.7515169723924,4940.612187726725,3245.2359478906924,3620.3574578391967,44.02594162861238,56.41084640718316,12.384904778570778
2023-02-23 → 2024-02-23,1911.7515169723924,4940.612187726725,3239.3083313397347,3614.495199900178,43.83023713126812,56.21729977112879,12.387062639860673
2023-02-24 → 2024-02-24,1911.7515169723924,4940.612187726725,3233.178434601219,3608.1500471334366,43.627854208946744,56.00781001717583,12.379955808229084
2023-02-25 → 2024-02-25,1911.7515169723924,4940.612187726725,3226.669302043363,3600.643434043281,43.41295054498141,55.75997382046211,12.347023275480694
2023-02-26 → 2024-02-26,1833.1192094185187,4940.612187726725,3219.8804919593495,3592.6949476024574,44.626368980431835,56.62364325411586,11.997274273684027
2023-02-27 → 2024-02-27,1752.8518130268437,4940.612187726725,3213.063939352399,3585.1855273664823,45.806834726811296,57.480283928560596,11.6734492017493
2023-02-28 → 2024-02-28,1601.0056718456406,4940.612187726725,3205.8137890699845,3577.5245643958833,48.053808423024634,59.184184817916496,11.130376394891861
2023-03-01 → 2024-03-01,1599.3755572837013,4940.612187726725,3194.10249277572,3567.0905324348746,47.72864396858265,58.89181739547338,11.16317342689073
2023-03-02 → 2024-03-02,1599.3755572837013,4940.612187726725,3186.9532784841276,3559.4010718433324,47.51467485827022,58.66167923280986,11.147004374539641
2023-03-03 → 2024-03-03,1587.5172303164088,4940.612187726725,3179.6692551633023,3551.546469631615,47.48305804248844,58.57362419679512,11.090566154306686
2023-03-04 → 2024-03-04,1468.6047803456822,4940.612187726725,3171.4794761846297,3541.654758171655,49.04582554227431,59.70753326789955,10.661707725625241
2023-03-05 → 2024-03-05,1468.6047803456822,4940.612187726725,3163.5402057236124,3531.453424496438,48.81716040624553,59.41371668059819,10.596556274352665
2023-03-06 → 2024-03-06,1468.6047803456822,4940.612187726725,3155.5086919703567,3521.080886106687,48.58583849903468,59.11496909245365,10.52913059341897
2023-03-07 → 2024-03-07,1468.6047803456822,4940.612187726725,3147.4149967521007,3510.670409093252,48.352725654832504,58.81512880434529,10.462403149512788
2023-03-08 → 2024-03-08,1463.1923369313529,4940.612187726725,3139.114010333572,3499.7176213286143,48.19440117416061,58.56426234903609,10.369861174875481
2023-03-09 → 2024-03-09,1459.8006234184531,4940.612187726725,3130.535807929097,3487.7666733538967,47.998438112597526,58.261299483428175,10.262861370830649
2023-03-10 → 2024-03-10,1451.7527818164933,4940.612187726725,3121.101756144357,3472.7080931743403,47.84798640781961,57.925960213079634,10.077973805260022
2023-03-11 → 2024-03-11,1385.0782398168576,4857.8509431341545,3111.413652744058,3455.9770660180875,49.710578848945474,59.63243215494769,9.92185330600222
2023-03-12 → 2024-03-12,1385.0782398168576,4531.863068719684,3101.9914935802717,3439.9897820645583,54.56087235434022,65.30194004285246,10.741067688512246
2023-03-13 → 2024-03-13,1368.333930422572,4140.027471070253,3093.3715231761926,3427.1035376717036,62.237674095474446,74.27839972409231,12.040725628617864
2023-03-14 → 2024-03-14,1368.333930422572,4096.714959686975,3085.9014163438633,3418.5920683725953,62.95189225767207,75.14559425384923,12.193701996177154
2023-03-15 → 2024-03-15,1368.333930422572,4096.714959686975,3078.8254034336164,3411.6346166303147,62.692543844296154,74.89059131739512,12.198047473098967
2023-03-16 → 2024-03-16,1368.333930422572,3993.093729267595,3071.8269019366303,3404.606667838417,64.90090911418443,77.57939367678021,12.678484562595784
2023-03-17 → 2024-03-17,1368.333930422572,3984.447048889108,3064.936860583392,3397.681079806343,64.85204780270752,77.57107806459437,12.719030261886857
2023-03-18 → 2024-03-18,1368.333930422572,3984.447048889108,3059.031291084963,3393.574278373903,64.6263094943468,77.41409703027094,12.787787535924139
2023-03-19 → 2024-03-19,1368.333930422572,3984.447048889108,3053.331129450953,3389.79848801763,64.40842282905798,77.26976877742818,12.8613459483702
2023-03-20 → 2024-03-20,1368.333930422572,3984.447048889108,3047.6796843895095,3386.086470862926,64.1923983375499,77.1278782326921,12.935479895142194
2023-03-21 → 2024-03-21,1368.333930422572,3984.447048889108,3042.0532222702764,3382.5965208163716,63.97732881018439,76.99447612473585,13.017147314551465
2023-03-22 → 2024-03-22,1368.333930422572,3984.447048889108,3036.6734261574575,3379.4158926384453,63.77168800379708,76.87289773596225,13.101209732165174
2023-03-23 → 2024-03-23,1368.333930422572,3984.447048889108,3030.9412570125874,3375.3945792467093,63.55257786270998,76.71918445180224,13.166606589092254
2023-03-24 → 2024-03-24,1368.333930422572,3984.447048889108,3025.392171555851,3371.8872282955035,63.34046603094067,76.5851172004113,13.244651169470636
2023-03-25 → 2024-03-25,1368.333930422572,3984.447048889108,3019.3611109060703,3367.5955468293314,63.10993086764025,76.421069192094,13.311138324453744
2023-03-26 → 2024-03-26,1368.333930422572,3984.447048889108,3013.337400335634,3363.2896125123016,62.879676658526876,76.25647637358645,13.376799715059576
2023-03-27 → 2024-03-27,1368.333930422572,3984.447048889108,3007.556830041857,3359.4914509670525,62.658716400617045,76.1112929899461,13.452576589329048
2023-03-28 → 2024-03-28,1368.333930422572,3984.447048889108,3001.369716813563,3354.833789726299,62.42221618261726,75.93325553400139,13.511039351384127
2023-03-29 → 2024-03-29,1368.333930422572,3984.447048889108,2995.280097695561,3350.281942477739,62.18944264255063,75.75926278053711,13.569820137986483
2023-03-30 → 2024-03-30,1368.333930422572,3984.447048889108,2989.5935230430455,3346.610563822154,61.97207533483082,75.61892562807724,13.646850293246416
2023-03-31 → 2024-03-31,1368.333930422572,3984.447048889108,2983.6950820941,3342.550743260659,61.74660951275648,75.46374042095307,13.717130908196594
2023-04-01 → 2024-04-01,1368.333930422572,3984.447048889108,2978.04350510764,3339.031979271998,61.53057997846123,75.32923691023623,13.798656931775
2023-04-02 → 2024-04-02,1368.333930422572,3984.447048889108,2972.638845322299,3335.8734532245626,61.32398876697306,75.20850336759467,13.884514600621614
2023-04-03 → 2024-04-03,1368.333930422572,3984.447048889108,2967.0837598459166,3332.1354066984677,61.11164758657186,75.06561785933017,13.953970272758312
2023-04-04 → 2024-04-04,1368.333930422572,3984.447048889108,2961.2816773446884,3327.8916614347627,60.88986503212983,74.90340219542217,14.013537163292341
2023-04-05 → 2024-04-05,1368.333930422572,3984.447048889108,2955.6023738185254,3323.923217262186,60.672775660646835,74.75170981849227,14.078934157845438
2023-04-06 → 2024-04-06,1368.333930422572,3984.447048889108,2949.8778641296117,3319.883101113908,60.45395829955852,74.59727780560416,14.143319506045643
2023-04-07 → 2024-04-07,1368.333930422572,3984.447048889108,2944.090109639767,3315.7605876129173,60.232723428291294,74.43969618300952,14.206972754718223
2023-04-08 → 2024-04-08,1368.333930422572,3984.447048889108,2938.1362779398564,3311.3160548748883,60.00514031432409,74.26980548880918,14.264665174485096
2023-04-09 → 2024-04-09,1368.333930422572,3984.447048889108,2932.337072516284,3307.206836391634,59.78346773515932,74.11273206357201,14.329264328412691
2023-04-10 → 2024-04-10,1368.333930422572,3984.447048889108,2926.589054402007,3303.102182960933,59.563751772814165,73.95583313585642,14.392081363042259
2023-04-11 → 2024-04-11,1368.333930422572,3984.447048889108,2921.3007937202315,3300.021851411602,59.36160987595018,73.83808855028832,14.47647867433814
2023-04-12 → 2024-04-12,1368.333930422572,3984.447048889108,2916.353252422671,3297.5635322362814,59.172491857213274,73.74412016803575,14.571628310822476
2023-04-13 → 2024-04-13,1368.333930422572,3984.447048889108,2911.465294387007,3295.033572276303,58.985651387618844,73.64741334209155,14.66176195447271
2023-04-14 → 2024-04-14,1368.333930422572,3984.447048889108,2906.6441033870115,3292.4397863322656,58.801363064382215,73.54826679044865,14.746903726066435
2023-04-15 → 2024-04-15,1368.333930422572,3984.447048889108,2901.9965503590483,3290.135606268563,58.623711991301434,73.46019032129914,14.836478329997703
2023-04-16 → 2024-04-16,1368.333930422572,3984.447048889108,2897.288146822739,3287.600064875073,58.44373492903016,73.36327014703019,14.919535218000036
2023-04-17 → 2024-04-17,1368.333930422572,3984.447048889108,2892.7425199549402,3285.264582518341,58.269979947423586,73.27399715878491,15.004017211361322
2023-04-18 → 2024-04-18,1368.333930422572,3984.447048889108,2887.786697888336,3282.1194963315907,58.080545399214564,73.15377735007137,15.073231950856801
2023-04-19 → 2024-04-19,1368.333930422572,3984.447048889108,2883.087118870089,3279.4689560605093,57.90090565102959,73.05246138432159,15.151555733292
2023-04-20 → 2024-04-20,1368.333930422572,3984.447048889108,2877.822888626328,3275.8029517256373,57.69968230917172,72.91232966337287,15.212647354201152
2023-04-21 → 2024-04-21,1368.333930422572,3984.447048889108,2872.372075719198,3271.6554430879705,57.49132691090342,72.75379261050652,15.262465699603105
2023-04-22 → 2024-04-22,1368.333930422572,3984.447048889108,2866.4584462858948,3266.5743935008036,57.26528051437872,72.55957128455158,15.294290770172857
2023-04-23 → 2024-04-23,1368.333930422572,3984.447048889108,2860.771242491069,3261.8397309442303,57.04788915791631,72.37859048050484,15.330701322588531
2023-04-24 → 2024-04-24,1368.333930422572,3984.447048889108,2855.1453635417643,3257.158829001624,56.83284192201534,72.1996646569399,15.366822734924561
2023-04-25 → 2024-04-25,1368.333930422572,3984.447048889108,2849.46777021869,3252.2506747826747,56.615817922441416,72.01205219537226,15.396234272930847
2023-04-26 → 2024-04-26,1368.333930422572,3984.447048889108,2844.1127817908114,3247.9630905482427,56.41112538104941,71.84816080229116,15.437035421241752
2023-04-27 → 2024-04-27,1368.333930422572,3984.447048889108,2838.8089007453477,3243.799208292232,56.208386401300224,71.68899787364641,15.48061147234619
2023-04-28 → 2024-04-28,1368.333930422572,3984.447048889108,2833.8880504019153,3240.3612026961,56.020288634858204,71.55758132396194,15.537292689103737
2023-04-29 → 2024-04-29,1368.333930422572,3984.447048889108,2828.868102247055,3236.7864588180846,55.8284028895735,71.4209380017454,15.592535112171895
2023-04-30 → 2024-04-30,1368.333930422572,3984.447048889108,2824.0371494431747,3233.3909020009787,55.64374142483103,71.2911440416472,15.647402616816173
2023-05-01 → 2024-05-01,1368.333930422572,3984.447048889108,2819.443637674983,3230.217424598948,55.46815605981883,71.16983898875672,15.701682928937892
2023-05-02 → 2024-05-02,1368.333930422572,3984.447048889108,2814.3570338492395,3226.0649483402426,55.27372242505593,71.01111205033062,15.737389625274695
2023-05-03 → 2024-05-03,1368.333930422572,3984.447048889108,2809.18605034124,3221.883548162518,55.07606340673983,70.8512795053153,15.775216098575477
2023-05-04 → 2024-05-04,1368.333930422572,3984.447048889108,2804.0701897896543,3217.8963794279925,54.880511443964444,70.69887138861802,15.818359944653572
2023-05-05 → 2024-05-05,1368.333930422572,3984.447048889108,2798.8804092630035,3213.7786483433265,54.6821339162491,70.54147257219836,15.859338655949259
2023-05-06 → 2024-05-06,1368.333930422572,3984.447048889108,2793.9698383805257,3210.15849512315,54.494429078571585,70.40309349391528,15.908664415343694
2023-05-07 → 2024-05-07,1368.333930422572,3984.447048889108,2788.908174201194,3206.226650209529,54.300948752984645,70.25280011073292,15.951851357748275
2023-05-08 → 2024-05-08,1368.333930422572,3984.447048889108,2783.895572753712,3202.2250219591265,54.109343832994774,70.09983928414802,15.990495451153244
2023-05-09 → 2024-05-09,1368.333930422572,3984.447048889108,2778.393621519521,3197.3586113237366,53.8990336902355,69.91382245631901,16.014788766083512
2023-05-10 → 2024-05-10,1368.333930422572,3984.447048889108,2773.0107862792524,3192.4849689857033,53.69327671427479,69.72752919921055,16.034252484935763
2023-05-11 → 2024-05-11,1368.333930422572,3984.447048889108,2767.63312907082,3187.5607025928352,53.48771766675222,69.53930085548531,16.05158318873309
2023-05-12 → 2024-05-12,1368.333930422572,3984.447048889108,2761.9716779095597,3182.07836357999,53.271310695612584,69.32974038296037,16.058429687347783
2023-05-13 → 2024-05-13,1368.333930422572,3984.447048889108,2756.1272557737857,3176.1762897238737,53.04790972359347,69.10413569429248,16.05622597069901
2023-05-14 → 2024-05-14,1368.333930422572,3984.447048889108,2750.4023514497044,3170.3417550485137,52.82907727771524,68.88111266695566,16.052035389240416
2023-05-15 → 2024-05-15,1368.333930422572,3984.447048889108,2744.3908139145046,3164.2383427995574,52.599288378574535,68.64781188932973,16.048523510755196
2023-05-16 → 2024-05-16,1368.333930422572,3984.447048889108,2738.5595151864663,3158.4594449241754,52.37638904418122,68.42691555902238,16.05052651484116
2023-05-17 → 2024-05-17,1368.333930422572,3984.447048889108,2732.5467879566513,3152.433703393901,52.146554669384024,68.19658371718647,16.050029047802447
2023-05-18 → 2024-05-18,1368.333930422572,3984.447048889108,2726.6708764794885,3146.6461171409237,51.92195002841166,67.97535527671408,16.053405248302425
2023-05-19 → 2024-05-19,1368.333930422572,3984.447048889108,2720.6324155242537,3140.531434379829,51.69113199104886,67.74162368774216,16.0504916966933
2023-05-20 → 2024-05-20,1368.333930422572,3984.447048889108,2714.3259514745373,3133.9290928262044,51.4500696300523,67.4892515136561,16.039181883603803
2023-05-21 → 2024-05-21,1368.333930422572,3984.447048889108,2708.152194911042,3127.647517928503,51.21407996584718,67.24914053170501,16.035060565857826
2023-05-22 → 2024-05-22,1368.333930422572,3984.447048889108,2701.9210475112354,3121.20966573507,50.97589655719324,67.00305590531825,16.02715934812501
2023-05-23 → 2024-05-23,1368.333930422572,3984.447048889108,2695.7974543913992,3114.8154798003334,50.74182437290536,66.75864040624823,16.01681603334287
2023-05-24 → 2024-05-24,1368.333930422572,3984.447048889108,2689.76118886257,3108.562580326499,50.51109025494156,66.51962553224692,16.008535277305363
2023-05-25 → 2024-05-25,1368.333930422572,3984.447048889108,2683.349904978657,3101.6243442882114,50.26602119280287,66.25441391011513,15.988392717312266
2023-05-26 → 2024-05-26,1368.333930422572,3984.447048889108,2677.0427699806983,3094.6412756220034,50.024933185046706,65.98748857661498,15.962555391568273
2023-05-27 → 2024-05-27,1368.333930422572,3984.447048889108,2670.77450099301,3087.7393801115845,49.78533081680651,65.7236660583263,15.938335241519795
2023-05-28 → 2024-05-28,1368.333930422572,3984.447048889108,2664.6149543872157,3081.0970626509334,49.54988432321586,65.46976581931277,15.919881496096906
2023-05-29 → 2024-05-29,1368.333930422572,3984.447048889108,2658.9490185913423,3075.4457361890477,49.33330592850201,65.2537458612309,15.92043993272889
2023-05-30 → 2024-05-30,1368.333930422572,3984.447048889108,2653.1203138511573,3069.641096681805,49.110505748378245,65.03186556613703,15.921359817758784
2023-05-31 → 2024-05-31,1368.333930422572,3984.447048889108,2647.331998254062,3063.826301825022,48.88924942898452,64.80959708639364,15.920347657409117
2023-06-01 → 2024-06-01,1368.333930422572,3984.447048889108,2641.3448314815764,3057.5460975941614,48.660392093641356,64.56953849769846,15.909146404057104
2023-06-02 → 2024-06-02,1368.333930422572,3984.447048889108,2635.2058471163855,3050.842462705792,48.425731584435646,64.31329442166634,15.887562837230696
2023-06-03 → 2024-06-03,1368.333930422572,3984.447048889108,2629.1670577140007,3044.2475038093844,48.19490099229655,64.061204447045,15.866303454748447
2023-06-04 → 2024-06-04,1368.333930422572,3984.447048889108,2622.9668109406825,3037.458494655362,47.95789874917671,63.80169696986061,15.843798220683901
2023-06-05 → 2024-06-05,1368.333930422572,3984.447048889108,2616.7668012402137,3030.660777351915,47.7209055680828,63.54185662674,15.8209510586572
2023-06-06 → 2024-06-06,1368.333930422572,3984.447048889108,2610.0489895212495,3022.8003891841076,47.46411958770815,63.24139606514109,15.777276477432942
2023-06-07 → 2024-06-07,1368.333930422572,3984.447048889108,2603.966147835765,3015.848963955972,47.23160511260585,62.97568029088549,15.744075178279644
2023-06-08 → 2024-06-08,1368.333930422572,3984.447048889108,2597.5525867525553,3008.4944735805902,46.98644900532832,62.694557493730116,15.708108488401798
2023-06-09 → 2024-06-09,1368.333930422572,3984.447048889108,2591.1912112843465,3001.0025150263054,46.74328767475338,62.4081800239869,15.664892349233519
2023-06-10 → 2024-06-10,1368.333930422572,3984.447048889108,2584.8200653897015,2993.5134219658044,46.49975287307861,62.121912086731534,15.622159213652921
2023-06-11 → 2024-06-11,1368.333930422572,3984.447048889108,2578.329283291991,2985.6758944464455,46.25164501979454,61.8223253653457,15.57068034555116
2023-06-12 → 2024-06-12,1368.333930422572,3984.447048889108,2571.8061008577156,2977.4507383277896,46.00229867508834,61.507921677653584,15.505623002565244
2023-06-13 → 2024-06-13,1368.333930422572,3984.447048889108,2565.3684400353773,2969.3710543900306,45.756221363794104,61.1990786126987,15.442857248904595
2023-06-14 → 2024-06-14,1368.333930422572,3984.447048889108,2558.9698060429046,2961.26352253445,45.51163583928807,60.889171070920355,15.377535231632287
2023-06-15 → 2024-06-15,1368.333930422572,3978.509780532298,2552.228702689681,2952.3129213166244,45.35689701585971,60.68476155840096,15.32786454254125
2023-06-16 → 2024-06-16,1368.333930422572,3978.509780532298,2545.6578524406373,2943.396009108701,45.10515726243399,60.343140429405054,15.237983166971063
2023-06-17 → 2024-06-17,1368.333930422572,3978.509780532298,2539.4083632115735,2935.344066161162,44.86572936224861,60.03465765238447,15.16892829013586
2023-06-18 → 2024-06-18,1368.333930422572,3978.509780532298,2533.3163858744933,2927.7968152200892,44.632335993873674,59.74551043110604,15.113174437232367
2023-06-19 → 2024-06-19,1368.333930422572,3978.509780532298,2527.1769902423202,2920.1258339457854,44.39712595498243,59.45162290341395,15.05449694843152
2023-06-20 → 2024-06-20,1368.333930422572,3978.509780532298,2521.200114585455,2912.6956364388207,44.16814231556158,59.166960185894254,14.998817870332672
2023-06-21 → 2024-06-21,1368.333930422572,3978.509780532298,2515.82548185251,2906.579377340745,43.962231563122465,58.93263654452663,14.970404981404165
2023-06-22 → 2024-06-22,1368.333930422572,3978.509780532298,2511.0132490202955,2901.824402209678,43.77786724789779,58.750465863157885,14.972598615260097
2023-06-23 → 2024-06-23,1368.333930422572,3978.509780532298,2506.217711677758,2897.2847884878774,43.594142563511646,58.57654602087563,14.982403457363986
2023-06-24 → 2024-06-24,1368.333930422572,3978.509780532298,2501.846107964574,2893.314753273626,43.42665945263235,58.424447639684786,14.997788187052436
2023-06-25 → 2024-06-25,1368.333930422572,3978.509780532298,2497.340049208609,2889.1832409892977,43.254025154610794,58.266162814386334,15.01213765977554
2023-06-26 → 2024-06-26,1368.333930422572,3978.509780532298,2492.878724760451,2885.042890062572,43.08310469927172,58.10753936660018,15.024434667328457
2023-06-27 → 2024-06-27,1368.333930422572,3978.509780532298,2488.2984185839864,2880.7132230618445,42.90762586414757,57.94166291806337,15.034037053915803
2023-06-28 → 2024-06-28,1368.333930422572,3978.509780532298,2483.931818111715,2876.610794387415,42.7403344354077,57.78449233224797,15.044157896840268
2023-06-29 → 2024-06-29,1368.333930422572,3978.509780532298,2479.355553667462,2872.2268293609477,42.56501044549107,57.61653563974073,15.051525194249663
2023-06-30 → 2024-06-30,1368.333930422572,3978.509780532298,2474.751683606397,2867.805173900525,42.3886288403639,57.4471349665931,15.058506126229197
2023-07-01 → 2024-07-01,1368.333930422572,3978.509780532298,2470.1497881219793,2863.3902681220225,42.21232288441752,57.27799288452545,15.065670000107936
2023-07-02 → 2024-07-02,1368.333930422572,3978.509780532298,2465.632699640465,2859.0479517007084,42.03926602001796,57.111631816510375,15.072365796492413
2023-07-03 → 2024-07-03,1368.333930422572,3978.509780532298,2461.2514618814935,2854.8184606560762,41.87141381347841,56.94959326863038,15.078179455151968
2023-07-04 → 2024-07-04,1368.333930422572,3978.509780532298,2457.2455332165796,2851.0212237469646,41.7179402969433,56.80411506611954,15.086174769176246
2023-07-05 → 2024-07-05,1368.333930422572,3978.509780532298,2453.202636881632,2847.1587962532644,41.563050490006425,56.65613930833533,15.093088818328901
2023-07-06 → 2024-07-06,1368.333930422572,3978.509780532298,2448.945263037313,2843.030303509804,41.39994370759788,56.49797016646365,15.098026458865775
2023-07-07 → 2024-07-07,1368.333930422572,3978.509780532298,2444.71241481277,2838.6329108733435,41.237776540800866,56.32949904080077,15.091722499999904
2023-07-08 → 2024-07-08,1368.333930422572,3978.509780532298,2440.534871549959,2834.3585988710947,41.077728195298185,56.16574333054588,15.088015135247694
2023-07-09 → 2024-07-09,1368.333930422572,3978.509780532298,2436.2307643456493,2830.029577150329,40.91283098332955,55.999891603713614,15.087060620384065
2023-07-10 → 2024-07-10,1368.333930422572,3978.509780532298,2431.917809482829,2825.587335500215,40.747594803451506,55.82970224080432,15.082107437352818
2023-07-11 → 2024-07-11,1368.333930422572,3978.509780532298,2427.70776516331,2821.2402560861256,40.586301290627766,55.66315869493914,15.076857404311376
2023-07-12 → 2024-07-12,1368.333930422572,3978.509780532298,2423.51729199562,2817.004572676876,40.42575757984621,55.500882907693935,15.075125327847722
2023-07-13 → 2024-07-13,1368.333930422572,3978.509780532298,2419.142588066959,2812.611965325664,40.258155694767204,55.33259511394139,15.074439419174183
2023-07-14 → 2024-07-14,1368.333930422572,3978.509780532298,2414.9402612921067,2808.5902784686914,40.097157853388985,55.17851787593446,15.081360022545475
2023-07-15 → 2024-07-15,1368.333930422572,3978.509780532298,2410.1598718537657,2803.996961446291,39.914013509373234,55.00254057455045,15.088527065177217
2023-07-16 → 2024-07-16,1368.333930422572,3978.509780532298,2405.348786462295,2799.1284647854213,39.7296931544336,54.81602070231023,15.086327547876635
2023-07-17 → 2024-07-17,1368.333930422572,3978.509780532298,2400.5852693135,2794.2157456982536,39.54719521474135,54.62780659838457,15.080611383643223
2023-07-18 → 2024-07-18,1368.333930422572,3978.509780532298,2395.804467273508,2789.215726115006,39.36403506329827,54.43624787321143,15.072212809913161
2023-07-19 → 2024-07-19,1368.333930422572,3978.509780532298,2390.7535502634096,2783.891297342586,39.170526376522005,54.23226051457441,15.061734138052408
2023-07-20 → 2024-07-20,1368.333930422572,3978.509780532298,2385.7001214511815,2778.5009157147883,38.976921458599875,54.0257463968543,15.048824938254427
2023-07-21 → 2024-07-21,1368.333930422572,3978.509780532298,2380.561950595066,2772.991378609411,38.78006993781442,53.81466724273732,15.034597304922904
2023-07-22 → 2024-07-22,1368.333930422572,3978.509780532298,2375.4895504357773,2767.5199585397304,38.585738197327466,53.605048413053844,15.019310215726378
2023-07-23 → 2024-07-23,1368.333930422572,3978.509780532298,2370.456895511326,2762.023034288129,38.39292916018003,53.39445247748229,15.001523317302258
2023-07-24 → 2024-07-24,1368.333930422572,3978.509780532298,2365.5636797971556,2756.667312834382,38.20546226158143,53.189266246312386,14.983803984730955
2023-07-25 → 2024-07-25,1368.333930422572,3978.509780532298,2360.3712047150907,2750.839821453812,38.00653025928562,52.96600575678158,14.959475497495959
2023-07-26 → 2024-07-26,1368.333930422572,3978.509780532298,2355.058730658131,2744.703674526221,37.80300090486545,52.73092018094451,14.92791927607906
2023-07-27 → 2024-07-27,1368.333930422572,3978.509780532298,2349.781092892515,2738.63359176704,37.60080618432989,52.498365628770316,14.897559444440425
2023-07-28 → 2024-07-28,1368.333930422572,3978.509780532298,2344.4471604352334,2732.4724730705575,37.39645472436762,52.262323344637494,14.865868620269872
2023-07-29 → 2024-07-29,1368.333930422572,3978.509780532298,2339.22762944943,2726.404217686862,37.19648616724593,52.02983880213281,14.833352634886879
2023-07-30 → 2024-07-30,1368.333930422572,3978.509780532298,2334.0639284987424,2720.4105424220024,36.99865654781739,51.80021154293464,14.80155499511725
2023-07-31 → 2024-07-31,1368.333930422572,3978.509780532298,2328.964514697312,2714.4385013831775,36.80328987161372,51.571413125442035,14.768123253828314
2023-08-01 → 2024-08-01,1368.333930422572,3978.509780532298,2323.8198939241593,2708.3460759575755,36.60619124421907,51.338002590081146,14.731811345862077
2023-08-02 → 2024-08-02,1368.333930422572,3978.509780532298,2319.013243744236,2702.6285028416733,36.422040809307916,51.11895324458735,14.696912435279437
2023-08-03 → 2024-08-03,1368.333930422572,3978.509780532298,2314.1533738232415,2696.7892469478675,36.235851441231794,50.8952420377903,14.659390596558502
2023-08-04 → 2024-08-04,1368.333930422572,3978.509780532298,2309.492681700079,2691.015740511714,36.05729289227555,50.67404979758506,14.616756905309515
2023-08-05 → 2024-08-05,1368.333930422572,3978.509780532298,2305.1293591780304,2685.4087720522693,35.89012704703699,50.45923789289256,14.569110845855569
2023-08-06 → 2024-08-06,1368.333930422572,3978.509780532298,2300.6122687568704,2679.7182164963147,35.71707010832652,50.241223633212876,14.524153524886358
2023-08-07 → 2024-08-07,1368.333930422572,3978.509780532298,2296.1744766163524,2673.967491639103,35.54705121322673,50.02090419163311,14.473852978406377
2023-08-08 → 2024-08-08,1368.333930422572,3978.509780532298,2291.232887384246,2668.1695406470144,35.357731048001135,49.79877544150139,14.441044393500256
2023-08-09 → 2024-08-09,1368.333930422572,3978.509780532298,2286.5703937795297,2662.521993339672,35.17910348141322,49.58240889642341,14.403305415010188
2023-08-10 → 2024-08-10,1368.333930422572,3978.509780532298,2281.8359994711695,2656.8624146763964,34.99772128418842,49.365581410909826,14.367860126721403
2023-08-11 → 2024-08-11,1368.333930422572,3978.509780532298,2277.2086474765088,2651.0937615713606,34.82044004873195,49.14457510956069,14.324135060828738
2023-08-12 → 2024-08-12,1368.333930422572,3978.509780532298,2272.528216096713,2645.2579307598985,34.641125257370334,48.92099512313116,14.27986986576083
2023-08-13 → 2024-08-13,1368.333930422572,3978.509780532298,2267.7662588152943,2639.370313838624,34.45868707868522,48.69543112823684,14.236744049551618
2023-08-14 → 2024-08-14,1368.333930422572,3978.509780532298,2263.093011770353,2633.4135868707485,34.27964753065075,48.46721941722798,14.187571886577231
2023-08-15 → 2024-08-15,1368.333930422572,3978.509780532298,2258.5547484960493,2627.5360260239577,34.10577942616604,48.24204068658637,14.136261260420333
2023-08-16 → 2024-08-16,1368.333930422572,3978.509780532298,2253.836887304497,2621.5225636869704,33.92503063901616,48.01165535309497,14.086624714078816
2023-08-17 → 2024-08-17,1368.333930422572,3978.509780532298,2248.9468171429166,2615.1526916920793,33.73768425155438,47.76761539714245,14.029931145588073
2023-08-18 → 2024-08-18,1368.333930422572,3978.509780532298,2243.361035756696,2607.242541421725,33.52368405743007,47.46456492374152,13.940880866311453
2023-08-19 → 2024-08-19,1368.333930422572,3978.509780532298,2237.4824008548267,2597.751075921103,33.29846417802531,47.100931741700435,13.802467563675123
2023-08-20 → 2024-08-20,1368.333930422572,3978.509780532298,2231.6488293656053,2587.7794546938003,33.07497074983441,46.718903027930686,13.64393227809628
2023-08-21 → 2024-08-21,1368.333930422572,3978.509780532298,2225.6966564912377,2577.8413253709764,32.84693351341153,46.33815744244049,13.491223929028962
2023-08-22 → 2024-08-22,1368.333930422572,3978.509780532298,2219.780039329026,2567.856955380721,32.62025847303204,45.95564030322799,13.33538183019595
2023-08-23 → 2024-08-23,1368.333930422572,3978.509780532298,2213.541665712442,2557.563668550699,32.381256429689955,45.56128806716736,13.180031637477406
2023-08-24 → 2024-08-24,1368.333930422572,3978.509780532298,2207.496783785577,2547.4887267721333,32.14966736159667,45.17530097828437,13.0256336166877
2023-08-25 → 2024-08-25,1368.333930422572,3978.509780532298,2201.2922794728634,2537.4157051228167,31.91196290530677,44.789387452615465,12.877424547308696
2023-08-26 → 2024-08-26,1368.333930422572,3978.509780532298,2195.1549580655683,2526.977784951063,31.67683233327895,44.38949408254559,12.71266174926664
2023-08-27 → 2024-08-27,1368.333930422572,3978.509780532298,2189.253259354099,2516.5075596586016,31.450728842542063,43.988363051775345,12.537634209233282
2023-08-28 → 2024-08-28,1368.333930422572,3978.509780532298,2183.4183939328173,2506.0633461933203,31.22718584175012,43.588228575592744,12.361042733842623
2023-08-29 → 2024-08-29,1368.333930422572,3978.509780532298,2177.5717267760247,2495.6552894944734,31.003190697647216,43.18947932280162,12.1862886251544
2023-08-30 → 2024-08-30,1368.333930422572,3978.509780532298,2172.3321809831955,2486.6053110185894,30.802455341345116,42.842760212841895,12.04030487149678
2023-08-31 → 2024-08-31,1368.333930422572,3978.509780532298,2166.9723147922964,2478.2725311880495,30.59711031868414,42.52351812690391,11.926407808219768
2023-09-01 → 2024-09-01,1368.333930422572,3978.509780532298,2161.2253532608333,2468.6710022527495,30.37693505611624,42.15566823913116,11.778733183014921
2023-09-02 → 2024-09-02,1368.333930422572,3978.509780532298,2155.271154574626,2457.7290051620735,30.148820207610648,41.736462878303996,11.587642670693349
2023-09-03 → 2024-09-03,1368.333930422572,3978.509780532298,2149.4652619566104,2446.6554678843445,29.92638720112292,41.31221800310666,11.385830801983737
2023-09-04 → 2024-09-04,1368.333930422572,3978.509780532298,2143.6653805631354,2435.705550380458,29.704184494235136,40.892709198616494,11.188524704381358
2023-09-05 → 2024-09-05,1368.333930422572,3978.509780532298,2137.959875032023,2424.6679484004244,29.485597477162216,40.469841061989996,10.98424358482778
2023-09-06 → 2024-09-06,1368.333930422572,3978.509780532298,2132.4524381861747,2413.490410510841,29.27459878733768,40.041611757473454,10.767012970135774
2023-09-07 → 2024-09-07,1368.333930422572,3978.509780532298,2126.912392836185,2402.285856060218,29.062350813709507,39.61234740541259,10.549996591703085
2023-09-08 → 2024-09-08,1368.333930422572,3978.509780532298,2121.48350105092,2391.470677581477,28.85436131043383,39.198000667882,10.343639357448168
2023-09-09 → 2024-09-09,1368.333930422572,3978.509780532298,2115.733945496013,2380.733333969497,28.63408666669037,38.7866359082422,10.152549241551828
2023-09-10 → 2024-09-10,1368.333930422572,3978.509780532298,2109.9365701670595,2369.5921143230903,28.41197997113153,38.35979801354869,9.947818042417161
2023-09-11 → 2024-09-11,1368.333930422572,3978.509780532298,2104.134481579674,2358.303525198585,28.189692703124596,37.92731415909762,9.737621455973024
2023-09-12 → 2024-09-12,1368.333930422572,3867.020615587954,2097.9817048198793,2346.1759031278953,29.20125115042239,39.134237137882785,9.932985987460395
2023-09-13 → 2024-09-13,1368.333930422572,3817.589774909385,2091.9459144634893,2333.9546059728164,29.544156673944126,39.425063646324325,9.880906972380199
2023-09-14 → 2024-09-14,1368.333930422572,3817.589774909385,2086.09736825128,2322.755741222287,29.305367973066907,38.96782824661148,9.662460273544575
2023-09-15 → 2024-09-15,1368.333930422572,3817.589774909385,2080.444975668019,2312.1549943595937,29.074587975298034,38.53501323928772,9.460425263989688
2023-09-16 → 2024-09-16,1368.333930422572,3817.589774909385,2074.9088423621247,2301.9149011390136,28.848554695910085,38.11692326132033,9.268368565410245
2023-09-17 → 2024-09-17,1368.333930422572,3817.589774909385,2069.1715037277672,2291.611253141819,28.614306458949784,37.696238422682995,9.081931963733211
2023-09-18 → 2024-09-18,1368.333930422572,3817.589774909385,2063.3347650068695,2281.0681170451867,28.37599984292043,37.26577558964069,8.889775746720261
2023-09-19 → 2024-09-19,1368.333930422572,3817.589774909385,2057.4796242631696,2270.606639536113,28.136941895712525,36.83864677283611,8.701704877123582
2023-09-20 → 2024-09-20,1368.333930422572,3817.589774909385,2051.7820623066814,2260.6670845482167,27.904317689902697,36.43282738854149,8.528509698638793
2023-09-21 → 2024-09-21,1368.333930422572,3817.589774909385,2046.0398175779928,2250.9646135814046,27.669869143352766,36.03668784319133,8.366818699838564
2023-09-22 → 2024-09-22,1368.333930422572,3817.589774909385,2040.0714347574622,2240.675206934806,27.42618766622308,35.616584460779904,8.190396794556825
2023-09-23 → 2024-09-23,1368.333930422572,3817.589774909385,2034.1227038738969,2229.8187549691197,27.183308552676987,35.17332933942851,7.990020786751526
2023-09-24 → 2024-09-24,1368.333930422572,3817.589774909385,2028.1045854871184,2218.880979104485,26.937596435654793,34.72675386674952,7.789157431094726
2023-09-25 → 2024-09-25,1368.333930422572,3817.589774909385,2022.059863394899,2207.646052195779,26.690798123186703,34.268046094999356,7.577247971812653
2023-09-26 → 2024-09-26,1368.333930422572,3817.589774909385,2015.8832833606261,2196.0095060952867,26.438616218704325,33.792940722619186,7.35432450391486
2023-09-27 → 2024-09-27,1368.333930422572,3797.071930895616,2009.6241911110612,2184.194121071153,26.40425853112133,33.59193912598544,7.187680594864112
2023-09-28 → 2024-09-28,1368.333930422572,3739.5283018644486,2003.4208285073046,2172.3345216803714,26.783417915189666,33.90698801165349,7.123570096463823
2023-09-29 → 2024-09-29,1368.333930422572,3739.5283018644486,1997.4939984409,2161.177432533751,26.53346666118089,33.4364618801396,6.902995218958715
2023-09-30 → 2024-09-30,1368.333930422572,3739.5283018644486,1991.676175059301,2150.600149937823,26.288112528610924,32.99038783731468,6.702275308703754
2023-10-01 → 2024-10-01,1368.333930422572,3739.5283018644486,1986.0532772224346,2140.0040789326786,26.050978959782185,32.543521433920624,6.492542474138439
2023-10-02 → 2024-10-02,1368.333930422572,3739.5283018644486,1980.7944894727682,2130.202483816507,25.829200947274984,32.13016033479608,6.300959387521097
2023-10-03 → 2024-10-03,1368.333930422572,3739.5283018644486,1975.3939607364766,2120.8985273281774,25.601445314867348,31.73778606972594,6.13634075485859
2023-10-04 → 2024-10-04,1368.333930422572,3739.5283018644486,1969.854749738312,2111.1114818606784,25.36784105766779,31.325038570601787,5.957197512933998
2023-10-05 → 2024-10-05,1368.333930422572,3739.5283018644486,1964.445031357437,2101.428876013403,25.13969787185273,30.91669558683418,5.7769977149814515
2023-10-06 → 2024-10-06,1368.333930422572,3739.5283018644486,1958.849619942909,2091.7216268732154,24.90372348350574,30.507313325426193,5.603589841920453
2023-10-07 → 2024-10-07,1368.333930422572,3739.5283018644486,1953.4634991129403,2082.041779543074,24.676575473421128,30.099086676159338,5.42251120273821
2023-10-08 → 2024-10-08,1368.333930422572,3739.5283018644486,1948.108501930669,2072.788356641239,24.450740035940097,29.708843555929242,5.258103519989145
2023-10-09 → 2024-10-09,1368.333930422572,3739.5283018644486,1942.850139211506,2063.5489729686483,24.228979948176164,29.31919250986286,5.090212561686695
2023-10-10 → 2024-10-10,1368.333930422572,3739.5283018644486,1937.4992464509567,2054.0339422224447,24.00331760581426,28.91791664396167,4.914599038147411
2023-10-11 → 2024-10-11,1368.333930422572,3739.5283018644486,1931.9242043899771,2044.0118413540463,23.768202250948203,28.495256191107092,4.727053940158889
2023-10-12 → 2024-10-12,1368.333930422572,3739.5283018644486,1926.078922116572,2033.2950823224708,23.521690098937196,28.043300030926986,4.52160993198979
2023-10-13 → 2024-10-13,1368.333930422572,3725.442797957194,1920.2311229765137,2021.8676487947675,23.4141579184329,27.726072705998856,4.311914787565957
2023-10-14 → 2024-10-14,1368.333930422572,3722.732486993116,1914.202923899059,2010.3108475206204,23.18507170135242,27.26713008324142,4.082058381888999
2023-10-15 → 2024-10-15,1368.333930422572,3685.9148358231714,1908.1301094536873,1998.7799884165288,23.291362893663912,27.202763731995056,3.9114008383311436
2023-10-16 → 2024-10-16,1368.333930422572,3530.0669011531536,1902.113757350667,1987.4005663196758,24.69221842639048,28.637516486963854,3.945298060573375
2023-10-17 → 2024-10-17,1368.333930422572,3530.0669011531536,1896.6018006817592,1977.2941488702943,24.43723981693508,28.17000187779518,3.7327620608601
2023-10-18 → 2024-10-18,1368.333930422572,3530.0669011531536,1891.0028249333284,1968.083644278741,24.178235775999415,27.743931465017024,3.565695689017609
2023-10-19 → 2024-10-19,1368.333930422572,3485.4915319071238,1885.3701869036888,1958.7274644497118,24.421245547264448,27.88614005934918,3.464894512084733
2023-10-20 → 2024-10-20,1368.333930422572,3366.438285136628,1879.821207094887,1949.4857447037482,25.598626791717937,29.08515828565638,3.4865314939384433
2023-10-21 → 2024-10-21,1368.333930422572,3341.9615646466395,1874.688648706187,1941.0761191899287,25.656041165165817,29.019769425377472,3.363728260211655
2023-10-22 → 2024-10-22,1368.333930422572,3335.094338773462,1869.6236656652757,1933.2138001408227,25.488093674970326,28.721336229861226,3.2332425548909
2023-10-23 → 2024-10-23,1368.333930422572,3034.5174188335154,1864.62459710418,1925.4865501771446,29.786075191209925,33.4388513407929,3.6527761495829765
2023-10-24 → 2024-10-24,1368.333930422572,2951.5105202628943,1860.3555053602856,1919.1199587271358,31.078123444671355,34.78993005828336,3.711806613612005
2023-10-25 → 2024-10-25,1368.333930422572,2950.1189293651382,1856.4254252899423,1913.9546489067588,30.85700617932669,34.49398741604819,3.6369812367215033
2023-10-26 → 2024-10-26,1368.333930422572,2950.1189293651382,1852.5903127234744,1909.1116475263339,30.614551448182343,34.18781423931036,3.5732627911280197
2023-10-27 → 2024-10-27,1368.333930422572,2950.1189293651382,1848.6258038264289,1904.2229304065077,30.363916317637052,33.87875092646479,3.514834608827737
2023-10-28 → 2024-10-28,1368.333930422572,2933.2748292840115,1844.4875578415522,1899.064347012996,30.426300939888662,33.91376741297724,3.487466473088581
2023-10-29 → 2024-10-29,1368.333930422572,2898.962039392315,1840.244076840817,1893.7668509070193,30.831143349110775,34.3279283455805,3.496784996469728
2023-10-30 → 2024-10-30,1368.333930422572,2898.962039392315,1836.1240175332007,1888.6725497398697,30.56196893087868,33.995104118892385,3.433135188013704
2023-10-31 → 2024-10-31,1368.333930422572,2887.133869769527,1832.0971973729474,1883.7517306988027,30.53484892485457,33.93585862913895,3.4010097042843803
2023-11-01 → 2024-11-01,1368.333930422572,2881.161712759552,1828.1518431758257,1878.8702317742873,30.39459733102853,33.74715267081169,3.3525553397831587
2023-11-02 → 2024-11-02,1368.333930422572,2881.161712759552,1824.3968232611574,1874.249179231575,30.14638534295493,33.44169473325492,3.295309390299991
2023-11-03 → 2024-11-03,1368.333930422572,2881.161712759552,1820.5493193254767,1869.606341072893,29.89206003371602,33.13479673647766,3.24273670276164
2023-11-04 → 2024-11-04,1368.333930422572,2855.6974541619375,1816.7188544944956,1864.8189536048858,30.1462901916973,33.38020700777346,3.2339168160761567
2023-11-05 → 2024-11-05,1368.333930422572,2855.6974541619375,1812.8723552819495,1859.9903970787198,29.887678282022673,33.05556838049109,3.1678900984684155
2023-11-06 → 2024-11-06,1321.0731296676338,2855.6974541619375,1808.7101740121093,1854.9597333522247,31.77566239249882,34.78940058248586,3.0137381899870412
2023-11-07 → 2024-11-07,1316.2692961945663,2823.3851023641114,1804.5155468786832,1849.897397796461,32.396067288620216,35.40723940505628,3.0111721164360645
2023-11-08 → 2024-11-08,1307.062297812276,2809.7240621563824,1800.383877111512,1844.9000932587687,32.82984840667486,35.79233918161566,2.9624907749407967
2023-11-09 → 2024-11-09,1302.0960025420998,2809.7240621563824,1796.32021397881,1840.0792243537865,32.781574227475865,35.68408125471785,2.902507027241988
2023-11-10 → 2024-11-10,1243.6374487309906,2809.7240621563824,1792.2793657070088,1835.3430922924967,35.03266755955548,37.78243415715748,2.7497665976020045
2023-11-11 → 2024-11-11,1125.3657635148375,2809.7240621563824,1788.0538699622962,1830.5030675511762,39.34365431523237,41.863854300183064,2.5201999849506933
2023-11-12 → 2024-11-12,1125.3657635148375,2809.7240621563824,1783.7802052167397,1825.8442983178247,39.089927732889215,41.58726414492282,2.4973364120336043
2023-11-13 → 2024-11-13,1106.569479848316,2809.7240621563824,1779.4416698475643,1820.973859668707,39.507405668802605,41.94595060492106,2.438544936118454
2023-11-14 → 2024-11-14,1106.569479848316,2809.7240621563824,1775.1099283800852,1816.2750393975264,39.25306930306833,41.67006136268839,2.416992059620057
2023-11-15 → 2024-11-15,1097.2241010698879,2775.077235554889,1770.4437159520564,1810.797293217297,40.12387026286458,42.528942341931064,2.4050720790664855
2023-11-16 → 2024-11-16,1097.2241010698879,2775.077235554889,1766.2515605738372,1805.9214463225444,39.87401791929185,42.23834200304925,2.3643240837573956
2023-11-17 → 2024-11-17,1097.2241010698879,2775.077235554889,1761.7528188540084,1801.0676159468867,39.605893038313546,41.94905384809118,2.343160809777636
2023-11-18 → 2024-11-18,1097.2241010698879,2775.077235554889,1757.3097652360364,1795.859245551602,39.34108716665209,41.6386351178557,2.2975479512036117
2023-11-19 → 2024-11-19,1083.9622106839906,2775.077235554889,1752.8139490935082,1790.6136022631545,39.55093110597716,41.78612224399759,2.2351911380204257
2023-11-20 → 2024-11-20,1062.0216311675938,2775.077235554889,1748.430505213244,1785.4948769364346,40.06926992256954,42.232910824141285,2.163640901571746
2023-11-21 → 2024-11-21,1014.758970257484,2775.077235554889,1743.9325029652614,1780.2544381776352,41.42282376332577,43.48619695716337,2.0633731938375988
2023-11-22 → 2024-11-22,1010.7304241467481,2686.060364902005,1739.1250184655119,1774.8441731671649,43.477680222822,45.60974709709695,2.1320668742749476
2023-11-23 → 2024-11-23,1010.7304241467481,2686.060364902005,1734.6287998417695,1769.6431429075287,43.20930212520885,45.29929897979705,2.0899968545882004
2023-11-24 → 2024-11-24,1010.7304241467481,2686.060364902005,1730.106977493129,1764.5835764567705,42.93939574804461,44.99729479974418,2.0578990516995717
2023-11-25 → 2024-11-25,1010.7304241467481,2686.060364902005,1725.8021228759967,1760.1450049119098,42.682440117251566,44.73235764098609,2.0499175237345213
2023-11-26 → 2024-11-26,1010.7304241467481,2686.060364902005,1721.559438410779,1755.652727620747,42.42919540634375,44.46421480046969,2.035019394125939
2023-11-27 → 2024-11-27,1010.7304241467481,2686.060364902005,1717.1286158055811,1750.4646182677373,42.16472077973973,44.15453792866073,1.9898171489209986
2023-11-28 → 2024-11-28,1010.7304241467481,2651.6258332629036,1712.6557482719866,1745.4387489192036,42.77696922214685,44.77484187539994,1.99787265325309
2023-11-29 → 2024-11-29,1010.7304241467481,2651.6258332629036,1708.2502803500222,1740.312968281792,42.50848971409964,44.46246482754334,1.953975113443704
2023-11-30 → 2024-11-30,1010.7304241467481,2651.6258332629036,1703.8754372714288,1735.5150664197283,42.241876555558974,44.17006947830849,1.928192922749517
2023-12-01 → 2024-12-01,1010.7304241467481,2583.742072407147,1699.4458324617792,1730.505135627274,43.783236384592875,45.75774834703407,1.9745119624411913
2023-12-02 → 2024-12-02,1010.7304241467481,2534.0654464057834,1695.2521032357113,1725.9797543491597,44.93572780030025,46.952858022113226,2.0171302218129767
2023-12-03 → 2024-12-03,1010.7304241467481,2526.713689303726,1691.185299982417,1721.5824126968687,44.885381750253615,46.890490474940236,2.0051087246866217
2023-12-04 → 2024-12-04,1010.7304241467481,2526.713689303726,1687.1241378609893,1717.0204993612629,44.61749210959804,46.5895693869272,1.9720772773291628
2023-12-05 → 2024-12-05,1010.7304241467481,2526.713689303726,1683.433169898251,1713.3190948654883,44.37402187825903,46.34541072232669,1.9713888440676612
2023-12-06 → 2024-12-06,1000.469163430156,2526.713689303726,1679.9759427994948,1709.596579899138,44.52148838865859,46.462241432977585,1.9407530443189955
2023-12-07 → 2024-12-07,1000.2230474567828,2526.713689303726,1676.4726488190768,1706.1983675193155,44.30093331879722,46.24825732363178,1.947324004834563
2023-12-08 → 2024-12-08,992.0734958226994,2526.713689303726,1672.880488652922,1702.6156984441732,44.362645766884754,46.30024716150239,1.9376013946176371
2023-12-09 → 2024-12-09,992.0734958226994,2526.713689303726,1669.5143101948704,1699.644575046393,44.143299338168056,46.10664325288581,1.963343914717754
2023-12-10 → 2024-12-10,992.0734958226994,2526.713689303726,1666.0986224361907,1696.4993007390551,43.920726791639616,45.901691348152795,1.9809645565131788
2023-12-11 → 2024-12-11,987.0674238606069,2526.713689303726,1662.557613106513,1692.639923148603,43.87307684934345,45.826922399277755,1.9538455499343073
2023-12-12 → 2024-12-12,987.0674238606069,2526.713689303726,1658.6679407329227,1688.9010625130857,43.62044269168707,45.58408346156622,1.9636407698791558
2023-12-13 → 2024-12-13,987.0674238606069,2526.713689303726,1654.787084435279,1684.6807022817784,43.368381138020595,45.30997113290788,1.9415899948872877
2023-12-14 → 2024-12-14,986.5155977930698,2526.713689303726,1651.1294106763391,1680.8197228344275,43.15119052195444,45.07888490891264,1.9276943869582013
2023-12-15 → 2024-12-15,956.467645851043,2526.713689303726,1647.4037350273707,1676.7264161681305,44.001772337352044,45.86916638448397,1.8673940471319241
2023-12-16 → 2024-12-16,944.6824897842039,2526.713689303726,1643.486808039385,1672.5668065651228,44.171336094219555,46.00947926956082,1.8381431753412656
2023-12-17 → 2024-12-17,942.3657531713039,2526.713689303726,1639.59819215965,1668.4109211905848,44.00753288386714,45.826118837989696,1.818585954122554
2023-12-18 → 2024-12-18,942.3657531713039,2526.713689303726,1635.7331694153452,1665.013737774391,43.763582508058924,45.61169728709687,1.8481147790379424
2023-12-19 → 2024-12-19,942.3657531713039,2526.713689303726,1632.1313218525997,1661.6787664887631,43.53624307834136,45.40120240717996,1.8649593288386015
2023-12-20 → 2024-12-20,942.3657531713039,2526.713689303726,1628.4767369171796,1658.1157158077087,43.3055750001955,45.17631173766249,1.8707367374669843
2023-12-21 → 2024-12-21,942.3657531713039,2526.713689303726,1625.0343209996588,1654.7450496422691,43.08829848920865,44.963563887990794,1.8752653987821475
2023-12-22 → 2024-12-22,942.3657531713039,2526.713689303726,1621.6869977227198,1651.7622146101173,42.87702398311056,44.775294950081026,1.8982709669704647
2023-12-23 → 2024-12-23,942.3657531713039,2526.713689303726,1618.36985144376,1648.696502863069,42.66765417214231,44.581795045348485,1.914140873206172
2023-12-24 → 2024-12-24,942.3657531713039,2526.713689303726,1614.9068505131895,1645.0308672473209,42.449078387644875,44.35042947645101,1.9013510888061376
2023-12-25 → 2024-12-25,942.3657531713039,2526.713689303726,1611.3302883532326,1641.3902850179625,42.22333490804735,44.12064521339036,1.8973103053430123
2023-12-26 → 2024-12-26,942.3657531713039,2526.713689303726,1607.9335206170701,1638.2707053407153,42.00893959381767,43.9237453023227,1.9148057085050283
2023-12-27 → 2024-12-27,942.3657531713039,2526.713689303726,1604.4128482550088,1635.0226454792582,41.78672373568643,43.718736049785285,1.9320123140988557
2023-12-28 → 2024-12-28,942.3657531713039,2526.713689303726,1601.0043390299265,1631.5473546766734,41.57158732862909,43.499384559918205,1.9277972312891123
2023-12-29 → 2024-12-29,942.3657531713039,2526.713689303726,1597.5342425955646,1628.2814602483381,41.35256369403322,43.29324963501605,1.9406859409828314
2023-12-30 → 2024-12-30,942.3657531713039,2526.713689303726,1593.9914057410379,1624.8322073472855,41.12894886967998,43.075541591070056,1.9465927213900756
2023-12-31 → 2024-12-31,942.3657531713039,2526.713689303726,1590.4528920527641,1621.1455858521488,40.905606912552074,42.842851447001316,1.937244534449242
2024-01-01 → 2025-01-01,942.3657531713039,2526.713689303726,1586.8833856752913,1617.3791411007176,40.68030877594539,42.605123062627264,1.9248142866818725
2024-01-02 → 2025-01-02,942.3657531713039,2526.713689303726,1583.51100140776,1613.6875162310307,40.46745248405261,42.3721171183207,1.9046646342680944
2024-01-03 → 2025-01-03,942.3657531713039,2526.713689303726,1580.2249562286959,1610.2738542686386,40.26004569516975,42.156655483629194,1.8966097884594433
2024-01-04 → 2025-01-04,942.3657531713039,2526.713689303726,1576.6285818276467,1606.683265022462,40.03305171745622,41.93002665013308,1.8969749326768621
2024-01-05 → 2025-01-05,942.3657531713039,2526.713689303726,1573.2396397669452,1603.0736480784476,39.81915033989806,41.70219683688979,1.8830464969917315
2024-01-06 → 2025-01-06,942.3657531713039,2526.713689303726,1569.7341219279426,1599.1990003134238,39.59789099660255,41.457638954327564,1.8597479577250127
2024-01-07 → 2025-01-07,942.3657531713039,2526.713689303726,1566.33963115609,1596.019404531728,39.383639398551495,41.25695097985035,1.8733115812988572
2024-01-08 → 2025-01-08,942.3657531713039,2526.713689303726,1562.9919279198314,1592.825051578077,39.17234091039044,41.055331570325386,1.882990659934947
2024-01-09 → 2025-01-09,942.3657531713039,2526.713689303726,1560.1428178529945,1590.2590166175987,38.992512351154154,40.893369989667654,1.9008576385135
2024-01-10 → 2025-01-10,942.3657531713039,2526.713689303726,1557.105643863788,1587.3471754756688,38.80081367689572,40.70958200500072,1.9087683281049976
2024-01-11 → 2025-01-11,942.3657531713039,2526.713689303726,1554.1658247273442,1584.541704683721,38.61525979258795,40.532507845470064,1.9172480528821154
2024-01-12 → 2025-01-12,942.3657531713039,2526.713689303726,1551.178848482657,1581.7589153153976,38.426729471907336,40.35686527953746,1.9301358076301227
2024-01-13 → 2025-01-13,942.3657531713039,2526.713689303726,1547.7022735508087,1578.4602660722608,38.207296931077,40.14866295428374,1.94136602320674
2024-01-14 → 2025-01-14,942.3657531713039,2526.713689303726,1544.1644962548512,1574.5181772290925,37.98400145315354,39.899848362913666,1.915846909760127
2024-01-15 → 2025-01-15,942.3657531713039,2526.713689303726,1540.3796705518835,1570.1431525382854,37.74511291000897,39.623707965275564,1.8785950552665938
2024-01-16 → 2025-01-16,942.3657531713039,2526.713689303726,1536.6981488948807,1565.8932707710678,37.512744654713366,39.35546626973032,1.8427216150169556
2024-01-17 → 2025-01-17,942.3657531713039,2526.713689303726,1532.999125316708,1561.4438773056472,37.279271722801546,39.07463190475604,1.7953601819544929
2024-01-18 → 2025-01-18,942.3657531713039,2526.713689303726,1529.2262756896455,1557.1572534430861,37.04113907901673,38.80407114188313,1.7629320628663976
2024-01-19 → 2025-01-19,942.3657531713039,2526.713689303726,1525.3216482104058,1552.9534301164495,36.79468895337252,38.53873653761062,1.7440475842380962
2024-01-20 → 2025-01-20,942.3657531713039,2526.713689303726,1521.4287686443424,1548.2389942225336,36.54898032603866,38.24117337068251,1.692193044643851
2024-01-21 → 2025-01-21,942.3657531713039,2526.713689303726,1517.4604323794758,1543.3083956917949,36.29850906436909,37.929966569556804,1.6314575051877114
2024-01-22 → 2025-01-22,942.3657531713039,2526.713689303726,1513.5257944382663,1538.787262016327,36.050164754923124,37.644604145536206,1.5944393906130827
2024-01-23 → 2025-01-23,942.3657531713039,2516.5263834787474,1509.2563691284242,1533.7021727854076,36.01224710126329,37.565189233490855,1.5529421322275638
2024-01-24 → 2025-01-24,942.3657531713039,2505.1567934795335,1505.0014273846057,1528.2349495874894,36.00197721266261,37.48864571815272,1.4866685054901083
2024-01-25 → 2025-01-25,942.3657531713039,2505.1567934795335,1500.8050977810199,1522.8990585408137,35.73346213320847,37.14721228853546,1.4137501553269871
2024-01-26 → 2025-01-26,942.3657531713039,2388.8737129411197,1496.628776779449,1517.8434864045869,38.31731584085755,39.78393131862608,1.4666154777685279
2024-01-27 → 2025-01-27,942.3657531713039,2381.915339734976,1492.7933785483008,1513.1736046640594,38.23610041047038,39.65183671479651,1.4157363043261313
2024-01-28 → 2025-01-28,942.3657531713039,2381.915339734976,1489.01919975843,1508.9033557723217,37.973922655351835,39.355198868376,1.3812762130241651
2024-01-29 → 2025-01-29,942.3657531713039,2348.7250048023193,1485.1510103581916,1504.237272189615,38.59506428086538,39.95220413039445,1.3571398495290694
2024-01-30 → 2025-01-30,942.3657531713039,2348.7250048023193,1481.4416444254823,1499.8029367679549,38.33130763913906,39.63689810766111,1.3055904685220483
2024-01-31 → 2025-01-31,942.3657531713039,2348.7250048023193,1477.7620384118038,1495.9034846866798,38.069667093921964,39.3596252787767,1.2899581848547328
2024-02-01 → 2025-02-01,942.3657531713039,2348.7250048023193,1474.0724905472216,1491.9612147656262,37.807319627561334,39.07930786226441,1.2719882347030733
2024-02-02 → 2025-02-02,942.3657531713039,2348.7250048023193,1470.5355752791293,1488.3409139284731,37.55582519155642,38.82188424643122,1.2660590548747948
2024-02-03 → 2025-02-03,942.3657531713039,2348.7250048023193,1466.9040071672337,1484.03546777116,37.29760040953975,38.515742970486265,1.218142560946518
2024-02-04 → 2025-02-04,942.3657531713039,2348.7250048023193,1463.3493939349796,1480.371759747058,37.044847549405915,38.255232861148755,1.21038531174284
2024-02-05 → 2025-02-05,942.3657531713039,2346.3562367939194,1459.771485677169,1476.6040026881524,36.852509938018976,38.05141528725978,1.1989053492408033
2024-02-06 → 2025-02-06,942.3657531713039,2320.0399387718735,1456.2005589028877,1472.676577838808,37.29726600833329,38.49319601182232,1.195930003489032
2024-02-07 → 2025-02-07,942.3657531713039,2259.7321962169453,1452.7059416462723,1468.8245792616617,38.73942525020634,39.962975288275054,1.2235500380687157
2024-02-08 → 2025-02-08,942.3657531713039,2205.9427776628186,1449.3692357441862,1465.1769003306047,40.124461963599664,41.375486972762026,1.2510250091623618
2024-02-09 → 2025-02-09,942.3657531713039,2119.6784657802627,1446.1876925863414,1461.863635943757,42.79423249397804,44.12573458255034,1.3315020885723001
2024-02-10 → 2025-02-10,942.3657531713039,2092.361121125474,1443.210245162769,1458.7826719938937,43.55187037687485,44.90599990339876,1.3541295265239057
2024-02-11 → 2025-02-11,942.3657531713039,2074.654422592821,1440.3530572378666,1456.1327210120025,43.9805958953014,45.37420374463171,1.3936078493303086
2024-02-12 → 2025-02-12,942.3657531713039,2014.9877142579796,1437.487377353719,1453.3132647394468,46.15993725140648,47.63537668485744,1.4754394334509584
2024-02-13 → 2025-02-13,942.3657531713039,2014.9877142579796,1434.8592808032752,1450.8795674712696,45.91492114640511,47.40848432608906,1.493563179683946
2024-02-14 → 2025-02-14,942.3657531713039,1968.9247297129186,1432.1659701632225,1448.3861013637875,47.712818082991355,49.292866728146564,1.580048645155209
2024-02-15 → 2025-02-15,942.3657531713039,1968.9247297129186,1429.7025191800774,1446.0737371352407,47.47284638731302,49.06761281859166,1.594766431278643
2024-02-16 → 2025-02-16,942.3657531713039,1968.9247297129186,1427.2893384449035,1444.010106903217,47.237771658016534,48.86658878790462,1.628817129888084
2024-02-17 → 2025-02-17,942.3657531713039,1968.9247297129186,1424.9096873142043,1441.9613362843074,47.005963141888614,48.66701227396562,1.6610491320770038
2024-02-18 → 2025-02-18,942.3657531713039,1968.9247297129186,1422.491583239768,1439.8938926682463,46.77040881625379,48.46561677080357,1.6952079545497796
2024-02-19 → 2025-02-19,942.3657531713039,1968.9247297129186,1420.0857706420231,1437.7041880015365,46.53605183796795,48.252311474493496,1.7162596365255425
2024-02-20 → 2025-02-20,942.3657531713039,1968.9247297129186,1417.5953555347135,1435.3805756251256,46.29345349104203,48.02596185118798,1.7325083601459497
2024-02-21 → 2025-02-21,942.3657531713039,1968.9247297129186,1415.2231043219888,1433.331499372889,46.062365821757155,47.82635556464615,1.7639897428889952
2024-02-22 → 2025-02-22,942.3657531713039,1968.9247297129186,1412.7777536713802,1431.1563223066123,45.824157330429486,47.61446544279414,1.7903081123646558
2024-02-23 → 2025-02-23,942.3657531713039,1968.9247297129186,1410.3010886115342,1428.9657628666246,45.58289841433781,47.40107688061259,1.8181784662747802
2024-02-24 → 2025-02-24,942.3657531713039,1938.8022905793323,1407.9021076242543,1427.091888584821,46.7201208482301,48.6459616057844,1.9258407575542975
2024-02-25 → 2025-02-25,942.3657531713039,1932.4986355847361,1405.6887772893515,1425.4462282450431,46.79402455443208,48.78945883468073,1.9954342802486522
2024-02-26 → 2025-02-26,942.3657531713039,1857.3912301252,1403.6673852638544,1424.2266062180747,50.41407520457414,52.660922038026435,2.2468468334522953
2024-02-27 → 2025-02-27,942.3657531713039,1857.3912301252,1401.892341224189,1423.047541450524,50.22008672180813,52.532066088411156,2.311979366603026
2024-02-28 → 2025-02-28,942.3657531713039,1857.3912301252,1400.3505959179122,1422.1060310735566,50.05159465846042,52.42917164441143,2.3775769859510163
2024-02-29 → 2025-02-28,942.3657531713039,1857.3912301252,1399.8023580055415,1421.7763611350006,49.99167961498034,52.39314314609537,2.401463531115027
2024-03-01 → 2025-03-01,942.3657531713039,1857.3912301252,1398.5348603465145,1421.0515835880374,49.85315913757829,52.3139346906788,2.460775553100511
2024-03-02 → 2025-03-02,942.3657531713039,1857.3912301252,1397.0615132007847,1419.8748510015694,49.692142074902115,52.18533361714527,2.493191542243153
2024-03-03 → 2025-03-03,942.3657531713039,1857.3912301252,1395.823592805762,1418.9637230205542,49.556853995367575,52.085759561125734,2.5289055657581585
2024-03-04 → 2025-03-04,942.3657531713039,1857.3912301252,1394.6149790844238,1418.0932317374995,49.42476874181139,51.990626550627205,2.5658578088158137
2024-03-05 → 2025-03-05,942.3657531713039,1857.3912301252,1393.6174697249635,1417.241756408129,49.315754360836884,51.89757172856859,2.581817367731709
2024-03-06 → 2025-03-06,942.3657531713039,1857.3912301252,1392.3733916537592,1416.278201387238,49.179793329965285,51.79226810094734,2.612474770982054
2024-03-07 → 2025-03-07,942.3657531713039,1857.3912301252,1391.3968326853017,1415.5581754722436,49.0730685454589,51.71357893511217,2.640510389653265
2024-03-08 → 2025-03-08,942.3657531713039,1857.3912301252,1390.4938499630375,1414.9044533907513,48.974384656867066,51.6421358881198,2.667751231252737
2024-03-09 → 2025-03-09,942.3657531713039,1857.3912301252,1389.883924134565,1414.607283570922,48.90772795234524,51.60965921645174,2.7019312641064985
2024-03-10 → 2025-03-10,942.3657531713039,1857.3912301252,1389.35366913186,1414.4440214819692,48.84977819946293,51.591816861996634,2.7420386625337017
2024-03-11 → 2025-03-11,942.3657531713039,1857.3912301252,1388.6890459239942,1414.148549017334,48.777143805710494,51.55952568846354,2.782381882753043
2024-03-12 → 2025-03-12,942.3657531713039,1857.3912301252,1388.1717307707042,1413.8238085332794,48.72060820464591,51.5240359133443,2.8034277086983863
2024-03-13 → 2025-03-13,942.3657531713039,1857.3912301252,1387.715366501989,1413.5199160584593,48.67073371697213,51.49082454574045,2.820090828768322
2024-03-14 → 2025-03-14,942.3657531713039,1857.3912301252,1387.2253234386894,1413.1969554671741,48.617178589203355,51.45552928900506,2.838350699801701
2024-03-15 → 2025-03-15,942.3657531713039,1857.3912301252,1386.6433500852397,1412.778385572617,48.553576714926905,51.409785219020186,2.8562085040932814
2024-03-16 → 2025-03-16,942.3657531713039,1857.3912301252,1386.0199406805114,1412.3393768403153,48.485446436543434,51.36180745847048,2.876361021927046
2024-03-17 → 2025-03-17,942.3657531713039,1857.3912301252,1385.0964806916916,1411.7304255132512,48.384524657633634,51.29525725386949,2.910732596235853
2024-03-18 → 2025-03-18,942.3657531713039,1857.3912301252,1384.3998194633466,1411.2198489553748,48.30838893836775,51.239458090814914,2.931069152447165
2024-03-19 → 2025-03-19,942.3657531713039,1857.3912301252,1383.5169122036195,1410.5995932752494,48.21189902830904,51.171672472190366,2.959773443881325
2024-03-20 → 2025-03-20,942.3657531713039,1857.3912301252,1382.3557253570843,1409.7543892484732,48.08499689544157,51.07930301931023,2.994306123868661
2024-03-21 → 2025-03-21,942.3657531713039,1857.3912301252,1381.5787113353088,1409.1372313580162,48.00007969462633,51.0118559475072,3.011776252880871
2024-03-22 → 2025-03-22,942.3657531713039,1857.3912301252,1380.6640719464929,1408.4659557493,47.900121888876406,50.93849453565332,3.0383726467769137
2024-03-23 → 2025-03-23,942.3657531713039,1857.3912301252,1379.5462970772908,1407.6300253820482,47.77796410230601,50.84713856925611,3.069174466950102
2024-03-24 → 2025-03-24,942.3657531713039,1857.3912301252,1378.4300380231916,1406.7429022495958,47.65597197397586,50.75018792090853,3.094215946932671
2024-03-25 → 2025-03-25,942.3657531713039,1857.3912301252,1377.4949322706802,1405.9674776525776,47.55377746944421,50.665444422880526,3.1116669534363126
2024-03-26 → 2025-03-26,942.3657531713039,1857.3912301252,1376.7404862671278,1405.321186476418,47.471326650034904,50.594813474077746,3.1234868240428426
2024-03-27 → 2025-03-27,942.3657531713039,1857.3912301252,1375.9741396267598,1404.6655468237475,47.38757525079308,50.52316086229987,3.135585611506791
2024-03-28 → 2025-03-28,942.3657531713039,1857.3912301252,1375.2704278242245,1404.064876633914,47.31066899842534,50.457515674820165,3.146846676394823
2024-03-29 → 2025-03-29,942.3657531713039,1857.3912301252,1374.724716501155,1403.592917910185,47.25103007723528,50.40593692257599,3.1549068453407116
2024-03-30 → 2025-03-30,942.3657531713039,1857.3912301252,1374.1401124573924,1403.1172434718962,47.18714070382584,50.35395209261561,3.1668113887897675
2024-03-31 → 2025-03-31,942.3657531713039,1857.3912301252,1373.531385322588,1402.6336597296258,47.12061500042894,50.301102881916,3.1804878814870605
2024-04-01 → 2025-04-01,942.3657531713039,1857.3912301252,1372.9012977621273,1402.144273872816,47.05175488928119,50.247619577993255,3.1958646887120636
2024-04-02 → 2025-04-02,942.3657531713039,1857.3912301252,1372.2960184905278,1401.621854264798,46.985605991043464,50.19052612855651,3.2049201375130494
2024-04-03 → 2025-04-03,942.3657531713039,1857.3912301252,1371.421374732877,1400.9586335845966,46.89001917082044,50.11804501224822,3.2280258414277796
2024-04-04 → 2025-04-04,942.3657531713039,1857.3912301252,1370.5512030663022,1400.263271180214,46.79492109011217,50.04205123700412,3.247130146891948
2024-04-05 → 2025-04-05,942.3657531713039,1857.3912301252,1369.83884033581,1399.6743960363665,46.71706940746135,49.97769508969685,3.2606256822354993
2024-04-06 → 2025-04-06,942.3657531713039,1857.3912301252,1369.320373306805,1399.1918944032052,46.66040792184559,49.92496413899507,3.264556217149483
2024-04-07 → 2025-04-07,942.3657531713039,1857.3912301252,1368.8085621719872,1398.79789342146,46.60447383610607,49.88190512133178,3.277431285225717
2024-04-08 → 2025-04-08,942.3657531713039,1857.3912301252,1368.449707107741,1398.4553447070011,46.56525579537557,49.844469145712914,3.2792133503373435
2024-04-09 → 2025-04-09,942.3657531713039,1857.3912301252,1367.9427055049246,1398.198072570146,46.509847326913665,49.816352755149495,3.3065054282358304
2024-04-10 → 2025-04-10,942.3657531713039,1857.3912301252,1367.4214435997974,1397.7737846132989,46.452880398860195,49.76998377772391,3.317103378863713
2024-04-11 → 2025-04-11,942.3657531713039,1857.3912301252,1366.8279312432894,1397.3932705481398,46.38801746646581,49.72839869897552,3.3403812325097064
2024-04-12 → 2025-04-12,942.3657531713039,1857.3912301252,1366.1315753207577,1396.932991782061,46.31191511302645,49.67809640929381,3.3661812962673565
2024-04-13 → 2025-04-13,942.3657531713039,1857.3912301252,1365.3290118236112,1396.334394976799,46.224205697566425,49.612677814911656,3.3884721173452306
2024-04-14 → 2025-04-14,942.3657531713039,1857.3912301252,1364.3263867873166,1395.5808011473782,46.114632241794205,49.5303201266941,3.4156878848998957
2024-04-15 → 2025-04-15,942.3657531713039,1857.3912301252,1363.4299262723814,1394.8463047749337,46.01666114289984,49.45004953413206,3.4333883912322207
2024-04-16 → 2025-04-16,942.3657531713039,1857.3912301252,1362.3667549599552,1394.0022810419089,45.90047079200759,49.35780907151297,3.457338279505379
2024-04-17 → 2025-04-17,942.3657531713039,1857.3912301252,1361.29987627134,1393.1229360684017,45.78387527467109,49.26170847151279,3.4778331968417007
2024-04-18 → 2025-04-18,942.3657531713039,1857.3912301252,1360.0803928058115,1392.0983018776449,45.65060210400614,49.149729710640706,3.4991276066345662
2024-04-19 → 2025-04-19,942.3657531713039,1857.3912301252,1358.9880301696357,1391.1450009800014,45.5312215333348,49.04554672102419,3.514325187689387
2024-04-20 → 2025-04-20,942.3657531713039,1857.3912301252,1357.9135692576679,1390.2360808986614,45.41379738078062,48.946213958797074,3.532416578016452
2024-04-21 → 2025-04-21,942.3657531713039,1857.3912301252,1356.8317028703598,1389.3553039860737,45.295563909193625,48.84995686707983,3.5543929578862077
2024-04-22 → 2025-04-22,942.3657531713039,1857.3912301252,1355.5485175766948,1388.3861241291197,45.155328983939235,48.74403852039288,3.588709536453642
2024-04-23 → 2025-04-23,942.3657531713039,1857.3912301252,1354.3832493448565,1387.457555635036,45.027980810452576,48.64255845044172,3.614577639989143
2024-04-24 → 2025-04-24,942.3657531713039,1857.3912301252,1353.1788063609827,1386.493005994617,44.89635136250722,48.537146124259294,3.640794761752076
2024-04-25 → 2025-04-25,942.3657531713039,1857.3912301252,1351.8052945383229,1385.3772672110042,44.74624496030821,48.41521085450843,3.6689658942002197
2024-04-26 → 2025-04-26,942.3657531713039,1857.3912301252,1350.4555939952052,1384.2274534083867,44.59874081128595,48.28955164265291,3.69081083136696
2024-04-27 → 2025-04-27,942.3657531713039,1857.3912301252,1349.0840092146718,1383.049627300915,44.44884500891996,48.160831061954696,3.7119860530347353
2024-04-28 → 2025-04-28,942.3657531713039,1857.3912301252,1347.6505183144282,1381.7939341219235,44.292183698787284,48.023600655740026,3.7314169569527422
2024-04-29 → 2025-04-29,942.3657531713039,1857.3912301252,1346.2156157236946,1380.5231311464,44.135368109836655,47.88471895162026,3.7493508417836026
2024-04-30 → 2025-04-30,942.3657531713039,1857.3912301252,1344.8397073354395,1379.284995497514,43.98499979519306,47.74940734772836,3.764407552535296
2024-05-01 → 2025-05-01,942.3657531713039,1857.3912301252,1343.1676899193262,1377.7975205237208,43.80227073920225,47.58684630311733,3.7845755639150838
2024-05-02 → 2025-05-02,942.3657531713039,1857.3912301252,1341.2897529406655,1376.0128805456957,43.597037439588306,47.39180911311841,3.794771673530107
2024-05-03 → 2025-05-03,942.3657531713039,1857.3912301252,1339.519906933263,1374.2396213486136,43.40361703196268,47.198015689684425,3.794398657721743
2024-05-04 → 2025-05-04,942.3657531713039,1857.3912301252,1338.076895532172,1372.8391969215209,43.245915258904446,47.04496810113479,3.7990528422303456
2024-05-05 → 2025-05-05,942.3657531713039,1857.3912301252,1336.6803034924064,1371.5535757164325,43.09328649883813,46.90446696346503,3.8111804646269007
2024-05-06 → 2025-05-06,942.3657531713039,1857.3912301252,1335.2418085415575,1370.235064248434,42.936078313155946,46.76037136162584,3.8242930484698974
2024-05-07 → 2025-05-07,942.3657531713039,1857.3912301252,1333.7333239839118,1368.8598872504997,42.77122120309302,46.61008297812508,3.8388617750320577
2024-05-08 → 2025-05-08,942.3657531713039,1857.3912301252,1332.0053939136556,1367.2302883106554,42.58238164465706,46.43198969210323,3.849608047446168
2024-05-09 → 2025-05-09,942.3657531713039,1857.3912301252,1330.186310659983,1365.5204365423592,42.38358026704645,46.245125849362125,3.861545582315678
2024-05-10 → 2025-05-10,942.3657531713039,1857.3912301252,1328.4618307447658,1363.8459067968258,42.195117764236365,46.062122229494854,3.867004465258489
2024-05-11 → 2025-05-11,942.3657531713039,1857.3912301252,1326.6029030334432,1362.1155376532706,41.991961922334454,45.87301611309298,3.881054190758526
2024-05-12 → 2025-05-12,942.3657531713039,1857.3912301252,1324.7670253693136,1360.3533828587153,41.79132514113343,45.68043625177355,3.8891111106401226
2024-05-13 → 2025-05-13,942.3657531713039,1857.3912301252,1322.942866400309,1358.5621346259888,41.59196905598078,45.484676868254574,3.892707812273791
2024-05-14 → 2025-05-14,942.3657531713039,1857.3912301252,1321.2361721569002,1356.9246332419052,41.405450288318676,45.305719951171255,3.9002696628525797
2024-05-15 → 2025-05-15,942.3657531713039,1857.3912301252,1319.4318560835718,1355.2206404359638,41.208262765263584,45.119496414356306,3.911233649092722
2024-05-16 → 2025-05-16,942.3657531713039,1857.3912301252,1317.9478382275522,1353.7879060234518,41.04607953721185,44.96291777817652,3.9168382409646654
2024-05-17 → 2025-05-17,942.3657531713039,1857.3912301252,1316.4095075147886,1352.3872060476162,40.87796064309268,44.80984007584866,3.9318794327559843
2024-05-18 → 2025-05-18,942.3657531713039,1857.3912301252,1314.9060876032388,1350.91509835693,40.713657030852865,44.6489584689685,3.935301438115637
2024-05-19 → 2025-05-19,942.3657531713039,1857.3912301252,1313.4137141314725,1349.52748272525,40.550560646177935,44.497310709793595,3.94675006361566
2024-05-20 → 2025-05-20,935.5120639280841,1857.3912301252,1311.8462109734069,1348.0410536013549,40.82250264942587,44.74870512314668,3.9262024737208066
2024-05-21 → 2025-05-21,911.5366811731703,1857.3912301252,1310.4994507171264,1346.6609306953346,42.18013964049667,46.00329405871813,3.8231544182214634
2024-05-22 → 2025-05-22,897.0459084351565,1857.3912301252,1309.059271839629,1345.2372207984379,42.9026261802785,46.66980743703122,3.767181256752714
2024-05-23 → 2025-05-23,897.0459084351565,1857.3912301252,1307.6503465139053,1344.0263893668298,42.755915898684776,46.543724516204655,3.787808617519879
2024-05-24 → 2025-05-24,897.0459084351565,1857.3912301252,1306.149829215401,1342.630185030729,42.59966821729204,46.39833886121509,3.798670643923046
2024-05-25 → 2025-05-25,897.0459084351565,1857.3912301252,1304.6760954921422,1341.2124516446254,42.446209488439656,46.250711403249376,3.8045019148097197
2024-05-26 → 2025-05-26,897.0459084351565,1857.3912301252,1303.2306066473566,1339.8285794614917,42.295691876478806,46.10660988561004,3.8109180091312354
2024-05-27 → 2025-05-27,897.0459084351565,1857.3912301252,1301.7438475237755,1338.4467156881847,42.14087682297652,45.96271750209999,3.8218406791234685
2024-05-28 → 2025-05-28,897.0459084351565,1857.3912301252,1300.336243852706,1337.16077846301,41.99430416423829,45.82881387429749,3.8345097100592014
2024-05-29 → 2025-05-29,897.0459084351565,1857.3912301252,1298.9224935966552,1335.946190693488,41.84709146645964,45.70233980897018,3.855248342510542
2024-05-30 → 2025-05-30,897.0459084351565,1857.3912301252,1297.5074033479068,1334.728295284846,41.69973923629956,45.575521321793204,3.875782085493647
2024-05-31 → 2025-05-31,897.0459084351565,1857.3912301252,1296.1208334042235,1333.4378679211995,41.555356802984505,45.441150139417324,3.885793336432819
2024-06-01 → 2025-06-01,897.0459084351565,1857.3912301252,1294.6494012997885,1332.0543374267363,41.40213773988275,45.29708420154943,3.8949464616666845
2024-06-02 → 2025-06-02,897.0459084351565,1857.3912301252,1293.1944777379347,1330.6824095248976,41.25063769828382,45.1542264324894,3.9035887342055844
2024-06-03 → 2025-06-03,897.0459084351565,1857.3912301252,1291.7551451501581,1329.3474465487443,41.10076113250397,45.01521779195123,3.9144566594472607
2024-06-04 → 2025-06-04,897.0459084351565,1857.3912301252,1290.393313313578,1328.0957868874327,40.95895465874683,44.88488345980611,3.9259288010592783
2024-06-05 → 2025-06-05,897.0459084351565,1857.3912301252,1289.2081489791512,1327.1030465799242,40.835544432481456,44.78151019551391,3.9459657630324543
2024-06-06 → 2025-06-06,897.0459084351565,1857.3912301252,1287.9812175707518,1325.9125399406782,40.707785033785136,44.657543679266304,3.949758645481168
2024-06-07 → 2025-06-07,897.0459084351565,1857.3912301252,1286.7067558792428,1324.686047912676,40.575076344241445,44.52983003290379,3.9547536886623433
2024-06-08 → 2025-06-08,897.0459084351565,1857.3912301252,1285.350521522981,1323.4164180986927,40.43385273168975,44.3976244829513,3.963771751261554
2024-06-09 → 2025-06-09,897.0459084351565,1857.3912301252,1283.8878581496565,1321.9006540909313,40.28154674963421,44.239789173763356,3.9582424241291463
2024-06-10 → 2025-06-10,897.0459084351565,1857.3912301252,1282.4468889909047,1320.4821575028018,40.131499769011036,44.09208224417336,3.960582475162326
2024-06-11 → 2025-06-11,897.0459084351565,1857.3912301252,1281.0284949496881,1319.1527433506453,39.983803517550115,43.95365139829629,3.9698478807461726
2024-06-12 → 2025-06-12,897.0459084351565,1857.3912301252,1279.5504260459686,1317.8677475432985,39.82989336977969,43.819845799588784,3.989952429809094
2024-06-13 → 2025-06-13,897.0459084351565,1857.3912301252,1278.1220027756308,1316.5314873409054,39.681152782610056,43.68070207990663,3.999549297296575
2024-06-14 → 2025-06-14,897.0459084351565,1857.3912301252,1276.6214203608865,1315.1651865266738,39.52489832071468,43.538430255035635,4.013531934320959
2024-06-15 → 2025-06-15,897.0459084351565,1857.3912301252,1275.0700317456951,1313.7150960070808,39.36335344928643,43.38743347431085,4.024080025024425
2024-06-16 → 2025-06-16,897.0459084351565,1857.3912301252,1273.490773709874,1312.1581995819347,39.198906557095405,43.22531507898133,4.0264085218859265
2024-06-17 → 2025-06-17,897.0459084351565,1857.3912301252,1272.0010778605183,1310.8114648143178,39.04378570465724,43.085080651093776,4.041294946436537
2024-06-18 → 2025-06-18,897.0459084351565,1857.3912301252,1270.498216500307,1309.410062944051,38.88729393796997,42.9391537809758,4.051859843005829
2024-06-19 → 2025-06-19,897.0459084351565,1857.3912301252,1268.911355462624,1307.9334568745169,38.72205535119886,42.78539595697395,4.063340605775089
2024-06-20 → 2025-06-20,897.0459084351565,1857.3912301252,1267.3456487959347,1306.4921194584945,38.55901955237455,42.635310630011986,4.0762910776374355
2024-06-21 → 2025-06-21,897.0459084351565,1857.3912301252,1265.826160936588,1305.1220989919395,38.400796481461605,42.49265148068183,4.091854999220224
2024-06-22 → 2025-06-22,897.0459084351565,1857.3912301252,1264.2706576115565,1303.70452056952,38.23882314854695,42.34504015896216,4.1062170104152145
2024-06-23 → 2025-06-23,897.0459084351565,1857.3912301252,1262.608558005934,1302.0078190929798,38.06575002910928,42.16836397402963,4.10261394492035
2024-06-24 → 2025-06-24,897.0459084351565,1857.3912301252,1260.873749633798,1300.2742860123121,37.8851058032299,41.987852543243775,4.1027467400138775
2024-06-25 → 2025-06-25,897.0459084351565,1857.3912301252,1258.8858209040802,1298.2368357318917,37.67810435439486,41.77569445443934,4.097590100044478
2024-06-26 → 2025-06-26,897.0459084351565,1857.3912301252,1257.0135891818722,1296.2333458957696,37.48315034359038,41.56707263988243,4.083922296292052
2024-06-27 → 2025-06-27,897.0459084351565,1857.3912301252,1255.0706912457156,1294.2104943655231,37.2808379157298,41.35643470740554,4.075596791675743
2024-06-28 → 2025-06-28,897.0459084351565,1857.3912301252,1253.1780591233662,1292.2012709829323,37.083759627367996,41.14721586318241,4.063456235814414
2024-06-29 → 2025-06-29,897.0459084351565,1857.3912301252,1251.1686559681962,1290.0698990040619,36.87452206356815,40.92527778208471,4.050755718516562
2024-06-30 → 2025-06-30,897.0459084351565,1857.3912301252,1249.2312795542734,1288.018182998775,36.67278458745765,40.711634214615025,4.038849627157376
2024-07-01 → 2025-07-01,897.0459084351565,1857.3912301252,1247.466206270173,1286.2153371556901,36.48898890019442,40.52390530061228,4.034916400417856
2024-07-02 → 2025-07-02,897.0459084351565,1857.3912301252,1245.6262753955532,1284.2607829078565,36.29739835114257,40.32037911022132,4.022980759078749
2024-07-03 → 2025-07-03,897.0459084351565,1857.3912301252,1243.7136579279575,1282.2672836052338,36.09823900456192,40.112797602028564,4.014558597466646
2024-07-04 → 2025-07-04,897.0459084351565,1857.3912301252,1241.704235081105,1280.2088350534889,35.888999390282734,39.898452979812625,4.00945358952989
2024-07-05 → 2025-07-05,897.0459084351565,1857.3912301252,1239.4698777462443,1277.7830934274443,35.65633752538931,39.64586241980702,3.9895248944177055
2024-07-06 → 2025-07-06,897.0459084351565,1857.3912301252,1237.1554044926193,1275.0338013175592,35.41533325313942,39.3595808034144,3.94424755027498
2024-07-07 → 2025-07-07,897.0459084351565,1857.3912301252,1234.989629037333,1272.4483454561816,35.189812765209645,39.090359326203725,3.90054656099408
2024-07-08 → 2025-07-08,897.0459084351565,1857.3912301252,1232.6280567944432,1269.7177334822095,34.94390411239984,38.806022857612746,3.8621187452129035
2024-07-09 → 2025-07-09,897.0459084351565,1857.3912301252,1230.260872926121,1266.7037765110827,34.69741112546507,38.49218189821464,3.7947707727495725
2024-07-10 → 2025-07-10,863.0070855869632,1857.3912301252,1227.9065478406542,1263.7032986199997,36.69602580229592,40.29591735084515,3.5998915485492304
2024-07-11 → 2025-07-11,850.2056279783346,1857.3912301252,1225.4960676914104,1260.7811604001708,37.26129910049606,40.76463479488531,3.50333569438925
2024-07-12 → 2025-07-12,850.2056279783346,1857.3912301252,1223.0560426906623,1257.8479337856456,37.01903739664057,40.4734047963356,3.4543673996950304
2024-07-13 → 2025-07-13,841.0447527676909,1857.3912301252,1220.6317496896013,1254.8529312997878,37.348188376549786,40.71526666850798,3.367078291958194
2024-07-14 → 2025-07-14,834.2294612452506,1857.3912301252,1218.305832094503,1252.0443880065839,37.53818628990596,40.83566640871593,3.297480118809972
2024-07-15 → 2025-07-15,834.2294612452506,1857.3912301252,1216.1489980243102,1249.668764613173,37.32738540427925,40.60348187390757,3.276096469628321
2024-07-16 → 2025-07-16,834.2294612452506,1857.3912301252,1214.2295463309865,1247.542936403462,37.13978538327524,40.395711384981055,3.2559260017058165
2024-07-17 → 2025-07-17,834.2294612452506,1857.3912301252,1212.3201316526386,1245.542937391523,36.95316634253077,40.20023897066986,3.2470726281390867
2024-07-18 → 2025-07-18,834.2294612452506,1857.3912301252,1210.3806686925236,1243.6247970816362,36.763610495243974,40.01276711937241,3.249156624128439
2024-07-19 → 2025-07-19,834.2294612452506,1857.3912301252,1208.4277499954953,1241.628387684354,36.572739534617085,39.81764554055623,3.244906005939143
2024-07-20 → 2025-07-20,834.2294612452506,1857.3912301252,1206.6640234441736,1239.8394402502322,36.40035950587026,39.642800517165625,3.2424410112953623
2024-07-21 → 2025-07-21,834.2294612452506,1857.3912301252,1204.923960708377,1238.1179992256893,36.2302922898423,39.47455331746549,3.244261027623189
2024-07-22 → 2025-07-22,832.861338398232,1857.3912301252,1203.1848802930365,1236.2824703680274,36.145703984349325,39.376218812882136,3.2305148285328116
2024-07-23 → 2025-07-23,832.861338398232,1857.3912301252,1201.4419881107394,1234.6065077880826,35.975587700151976,39.212635242165646,3.23704754201367
2024-07-24 → 2025-07-24,832.861338398232,1857.3912301252,1199.6050623093008,1232.8234796286933,35.796293194811355,39.03860145615441,3.242308261343055
2024-07-25 → 2025-07-25,832.861338398232,1857.3912301252,1197.749256658333,1231.011322758512,35.61515590775382,38.861724540720864,3.2465686329670476
2024-07-26 → 2025-07-26,832.861338398232,1857.3912301252,1195.9077789819964,1229.1484313542578,35.43541711328755,38.67989564345813,3.244478530170582
2024-07-27 → 2025-07-27,832.861338398232,1857.3912301252,1194.172163637245,1227.3370075584553,35.26601109021624,38.503090280293065,3.2370791900768268
2024-07-28 → 2025-07-28,832.861338398232,1857.3912301252,1192.4737435192187,1225.7210501765285,35.10023553483802,38.34536356143639,3.2451280265983726
2024-07-29 → 2025-07-29,832.861338398232,1857.3912301252,1190.7837869483542,1224.092509288933,34.93528607025813,38.18640862017543,3.251122549917298
2024-07-30 → 2025-07-30,832.861338398232,1857.3912301252,1189.0184313084774,1222.4024831369977,34.76297722362203,38.02145236408353,3.258475140461499
2024-07-31 → 2025-07-31,832.861338398232,1857.3912301252,1187.2488270999909,1220.7659044011784,34.590253692295526,37.861712882684834,3.271459190389308
2024-08-01 → 2025-08-01,832.861338398232,1857.3912301252,1185.43716815174,1219.1494452828283,34.413425376901316,37.703937191472406,3.29051181457109
2024-08-02 → 2025-08-02,832.861338398232,1857.3912301252,1183.6728769955807,1217.4848325357857,34.241220429988026,37.54146142961478,3.3002409996267517
2024-08-03 → 2025-08-03,832.861338398232,1857.3912301252,1181.6218697192364,1215.4376977918905,34.041030343499955,37.34164932452875,3.300618981028798
2024-08-04 → 2025-08-04,832.861338398232,1857.3912301252,1179.4915158395227,1213.1229861773031,33.83309557293677,37.11572018051074,3.282624607573972
2024-08-05 → 2025-08-05,832.861338398232,1857.3912301252,1177.1998638049506,1210.6152499361726,33.609417176329984,36.87095072464807,3.2615335483180843
2024-08-06 → 2025-08-06,832.861338398232,1857.3912301252,1174.5472980206368,1207.3390319944558,33.35051152548142,36.55117304239867,3.2006615169172505
2024-08-07 → 2025-08-07,832.861338398232,1857.3912301252,1171.9988313419863,1203.625029318102,33.101766545053884,36.188665056409754,3.0868985113558693
2024-08-08 → 2025-08-08,832.861338398232,1857.3912301252,1169.3832477955805,1200.1066024177414,32.84647057296693,35.845246389099835,2.9987758161329054
2024-08-09 → 2025-08-09,832.861338398232,1857.3912301252,1167.3149519189951,1197.3256728607653,32.644593019828974,35.57381169701012,2.9292186771811473
2024-08-10 → 2025-08-10,832.861338398232,1857.3912301252,1165.1076401686075,1194.8403847860295,32.429146719217194,35.33123331107875,2.902086591861554
2024-08-11 → 2025-08-11,832.861338398232,1857.3912301252,1162.9200944149,1192.359285174101,32.21562969337228,35.08906374316634,2.8734340497940636
2024-08-12 → 2025-08-12,832.2630088766163,1857.3912301252,1160.5502210475872,1189.6135874797942,32.024014690681746,34.8591104211269,2.835095730445154
2024-08-13 → 2025-08-13,810.0925882684495,1857.3912301252,1158.16340535424,1186.5665232708047,33.23510631778319,35.94714248219652,2.712036164413327
2024-08-14 → 2025-08-14,810.0925882684495,1857.3912301252,1155.9554977498176,1184.0762781673056,33.02428702363152,35.70936454532417,2.685077521692648
2024-08-15 → 2025-08-15,810.0925882684495,1857.3912301252,1153.6410933784614,1181.5016627591588,32.803299018982436,35.463530615511914,2.660231596529478
2024-08-16 → 2025-08-16,810.0925882684495,1857.3912301252,1151.2273113670253,1178.5777865959558,32.572822064753154,35.18434795964412,2.611525894890967
2024-08-17 → 2025-08-17,810.0925882684495,1857.3912301252,1148.9139753901081,1175.6464282829143,32.351936074409856,34.90445088006379,2.552514805653935
2024-08-18 → 2025-08-18,810.0925882684495,1857.3912301252,1146.6644231182386,1172.981552091553,32.13714039131021,34.64999851233833,2.512858121028117
2024-08-19 → 2025-08-19,810.0925882684495,1857.3912301252,1144.4375702503507,1170.4986501811104,31.924512132388777,34.412921731064095,2.488409598675318
2024-08-20 → 2025-08-20,810.0925882684495,1857.3912301252,1142.2296166698006,1167.828601662194,31.7136884482641,34.15797549011579,2.4442870418516875
2024-08-21 → 2025-08-21,810.0925882684495,1857.3912301252,1140.0403217673017,1165.319816647468,31.504646364659607,33.91842729302484,2.4137809283652345
2024-08-22 → 2025-08-22,810.0925882684495,1857.3912301252,1137.9102129628714,1162.6698297608898,31.30125559155081,33.665396611930845,2.3641410203800355
2024-08-23 → 2025-08-23,810.0925882684495,1857.3912301252,1135.7563036141985,1160.2714807364312,31.095592253264204,33.436393257146904,2.3408010038826994
2024-08-24 → 2025-08-24,810.0925882684495,1857.3912301252,1133.9012087584465,1158.2187991113917,30.91846084283259,33.24039552135301,2.3219346785204174
2024-08-25 → 2025-08-25,810.0925882684495,1857.3912301252,1132.115466732766,1156.5652504018826,30.74795150057711,33.08250849243664,2.334556991859529
2024-08-26 → 2025-08-26,810.0925882684495,1857.3912301252,1130.3210880177091,1154.764152162715,30.57661749484637,32.910532881356446,2.333915386510075
2024-08-27 → 2025-08-27,810.0925882684495,1857.3912301252,1128.4389538708276,1152.9251336754896,30.396904271544113,32.734936502852136,2.3380322313080235
2024-08-28 → 2025-08-28,810.0925882684495,1857.3912301252,1126.2797203154862,1150.656055046873,30.190732558047635,32.51827637001803,2.3275438119703935
2024-08-29 → 2025-08-29,810.0925882684495,1857.3912301252,1124.1755137352932,1148.2416596496282,29.98981502640045,32.28774084741253,2.297925821012079
2024-08-30 → 2025-08-30,810.0925882684495,1857.3912301252,1122.0836091796666,1145.7431312273743,29.790072138171563,32.04917198821642,2.2590998500448585
2024-08-31 → 2025-08-31,810.0925882684495,1857.3912301252,1119.9863467252098,1143.2561377911752,29.589817657678918,31.81170453272637,2.2218868750474527
2024-09-01 → 2025-09-01,810.0925882684495,1857.3912301252,1117.8591023253082,1140.6812344926802,29.38670038865141,31.565843114064553,2.1791427254131435
2024-09-02 → 2025-09-02,810.0925882684495,1857.3912301252,1115.5532315039811,1137.8044928630898,29.166527199346113,31.291161040144328,2.1246338407982144
2024-09-03 → 2025-09-03,810.0925882684495,1857.3912301252,1113.3790491951443,1134.9072518098255,28.95892812283225,31.01452160441206,2.055593481579809
2024-09-04 → 2025-09-04,810.0925882684495,1857.3912301252,1111.1023684041027,1132.0905855151325,28.741542107033997,30.745575748653152,2.0040336416191558
2024-09-05 → 2025-09-05,810.0925882684495,1857.3912301252,1108.8622183302875,1129.1334727312062,28.527644181047613,30.463219535655146,1.9355753546075327
2024-09-06 → 2025-09-06,810.0925882684495,1857.3912301252,1106.471404113486,1126.0093888656288,28.299360277942103,30.16492029790967,1.8655600199675675
2024-09-07 → 2025-09-07,810.0925882684495,1849.5761906814546,1103.8512361650762,1122.227258957669,28.260055975362203,30.027859021984156,1.7678030466219532
2024-09-08 → 2025-09-08,810.0925882684495,1822.846369082129,1101.234805859359,1118.0300240719125,28.747581406903894,30.405952723874897,1.658371316971003
2024-09-09 → 2025-09-09,810.0925882684495,1750.2167203219933,1098.7050901479581,1114.024362340112,30.69940362546411,32.328898249614596,1.6294946241504853
2024-09-10 → 2025-09-10,810.0925882684495,1741.8812419239014,1096.3212361983053,1110.38475357456,30.718194174930876,32.22749752618792,1.5093033512570422
2024-09-11 → 2025-09-11,810.0925882684495,1741.8812419239014,1093.9497554346176,1107.0930907435097,30.463685735234353,31.87423471083415,1.410548975599795
2024-09-12 → 2025-09-12,810.0925882684495,1720.4407096877485,1091.5428716678064,1103.8178009767144,30.916775327723574,32.26515283519516,1.3483775074715858
2024-09-13 → 2025-09-13,810.0925882684495,1717.402626844845,1089.1982918176168,1100.6036577337795,30.761888624873475,32.01894138867384,1.2570527638003632
2024-09-14 → 2025-09-14,810.0925882684495,1717.402626844845,1087.052652771618,1097.7710250422417,30.525405068561756,31.706740203731332,1.1813351351695758
2024-09-15 → 2025-09-15,810.0925882684495,1717.402626844845,1084.8666594899848,1095.1385380755303,30.284473833516323,31.41659826164041,1.1321244281240865
2024-09-16 → 2025-09-16,810.0925882684495,1717.402626844845,1082.5851879925149,1092.298635415861,30.03301938019079,31.10359581055708,1.070576430366291
2024-09-17 → 2025-09-17,810.0925882684495,1660.5470722749678,1080.2365773562155,1089.281734513118,31.764661621290895,32.828229081631676,1.0635674603407814
2024-09-18 → 2025-09-18,810.0925882684495,1660.5470722749678,1078.0358117891078,1086.348102029767,31.505886388930442,32.483280287954855,0.9773938990244133
2024-09-19 → 2025-09-19,810.0925882684495,1660.5470722749678,1075.9423796386707,1083.811577564583,31.259731869222946,32.18502511817383,0.9252932489508865
2024-09-20 → 2025-09-20,810.0925882684495,1660.5470722749678,1073.9655212945413,1081.5012054493682,31.027284585881414,31.913361888846065,0.8860773029646509
2024-09-21 → 2025-09-21,810.0925882684495,1660.5470722749678,1072.0084547041913,1079.3649556803823,30.797164499838694,31.662172694226037,0.8650081943873431
2024-09-22 → 2025-09-22,810.0925882684495,1660.5470722749678,1070.1204848732873,1077.3739752462075,30.575169100154316,31.428064876392536,0.8528957762382205
2024-09-23 → 2025-09-23,810.0925882684495,1660.5470722749678,1068.260973699314,1075.4189629172838,30.35651998853895,31.19818633901173,0.8416663504727815
2024-09-24 → 2025-09-24,810.0925882684495,1660.5470722749678,1066.35807802044,1073.390579199833,30.13276954513962,30.95968048648273,0.8269109413431082
2024-09-25 → 2025-09-25,810.0925882684495,1660.5470722749678,1064.6145192711788,1071.6064978314373,29.927754605239816,30.749900727313168,0.8221461220733524
2024-09-26 → 2025-09-26,810.0925882684495,1660.5470722749678,1062.7730798208386,1069.7485847147914,29.711230442575033,30.531439521971144,0.8202090793961112
2024-09-27 → 2025-09-27,810.0925882684495,1660.5470722749678,1061.0652697080945,1067.935475167669,29.51041897707502,30.318246507974578,0.8078275308995586
2024-09-28 → 2025-09-28,810.0925882684495,1660.5470722749678,1059.346693167088,1066.1813509648368,29.308341549849253,30.111989237794944,0.8036476879456913
2024-09-29 → 2025-09-29,810.0925882684495,1660.5470722749678,1057.5820428563761,1064.3786964943038,29.10084657582095,29.900025575490442,0.7991789996694934
2024-09-30 → 2025-09-30,810.0925882684495,1660.5470722749678,1055.815465906548,1062.5804376234614,28.893125059496448,29.688578766206696,0.7954537067102478
2024-10-01 → 2025-10-01,810.0925882684495,1660.5470722749678,1053.8041706139825,1060.4560284490567,28.65662853553313,29.438781838286864,0.7821533027537342
2024-10-02 → 2025-10-02,810.0925882684495,1660.5470722749678,1051.5809726681887,1057.9419555279844,28.3952156101382,29.14316661509133,0.7479510049531299
2024-10-03 → 2025-10-03,810.0925882684495,1660.5470722749678,1049.3118907760227,1055.118015871604,28.128407458163235,28.811115963411925,0.6827085052486908
2024-10-04 → 2025-10-04,810.0925882684495,1660.5470722749678,1047.0480954408613,1052.2990951758834,27.862220921701393,28.479655462146695,0.6174345404453021
2024-10-05 → 2025-10-05,809.5607943721222,1660.5470722749678,1044.8568999186584,1049.5634942148686,27.64981194836601,28.20288717630141,0.5530752279353983
2024-10-06 → 2025-10-06,801.1250765566017,1660.5470722749678,1042.6410903743822,1046.9146107185143,28.10214481605212,28.599399990509223,0.4972551744571021
2024-10-07 → 2025-10-07,801.1250765566017,1660.5470722749678,1040.5368234979912,1044.4960741466925,27.857298060107492,28.317985669736558,0.4606876096290655
2024-10-08 → 2025-10-08,801.1250765566017,1660.5470722749678,1038.3736975281574,1041.9881475058028,27.605602620543408,28.026170164270763,0.42056754372735483
2024-10-09 → 2025-10-09,801.1250765566017,1660.5470722749678,1036.2226656327382,1039.5356564062713,27.355314414500782,27.740804987239017,0.3854905727382345
2024-10-10 → 2025-10-10,801.1250765566017,1660.5470722749678,1034.1170201289265,1037.2897684411378,27.110307245228636,27.479479587572435,0.3691723423437985
2024-10-11 → 2025-10-11,801.1250765566017,1600.9595520752741,1032.042812866812,1034.8631785905905,28.87069054637411,29.223309220625364,0.3526186742512536
2024-10-12 → 2025-10-12,801.1250765566017,1593.3860174630252,1030.0413126707285,1032.3253145373726,28.894045420467705,29.18233451168947,0.28828909122176327
2024-10-13 → 2025-10-13,801.1250765566017,1593.3860174630252,1028.087361256755,1030.0787751235814,28.647415640670914,28.898773970231883,0.2513583295609685
2024-10-14 → 2025-10-14,801.1250765566017,1513.093736531245,1026.1447809729098,1027.9537506944766,31.605282235923436,31.859362200852132,0.254079964928696
2024-10-15 → 2025-10-15,801.1250765566017,1509.1711344468888,1024.475167581298,1026.137758879665,31.544570940793893,31.779384944747385,0.23481400395349183
2024-10-16 → 2025-10-16,801.1250765566017,1509.1711344468888,1022.9198669083512,1024.6665156299043,31.324909994219187,31.57159574327307,0.2466857490538814
2024-10-17 → 2025-10-17,801.1250765566017,1509.1711344468888,1021.4443118773515,1023.3168858865661,31.116511823710862,31.3809824733737,0.2644706496628366
2024-10-18 → 2025-10-18,801.1250765566017,1509.1711344468888,1019.9368706144877,1021.9481792756293,30.903610241099777,31.187674905923206,0.28406466482342907
2024-10-19 → 2025-10-19,801.1250765566017,1509.1711344468888,1018.4552209538346,1020.5609334666217,30.694351303190015,30.99174897800532,0.2973976748153042
2024-10-20 → 2025-10-20,801.1250765566017,1509.1711344468888,1016.927738620884,1019.1413052403054,30.478619245094553,30.79124955985359,0.312630314759037
2024-10-21 → 2025-10-21,801.1250765566017,1509.1711344468888,1015.4822304946782,1017.7927464384858,30.274464711629186,30.600787543041037,0.3263228314118507
2024-10-22 → 2025-10-22,801.1250765566017,1509.1711344468888,1013.9685553618226,1016.4191130777381,30.060682696181516,30.40678415223894,0.3461014560574256
2024-10-23 → 2025-10-23,801.1250765566017,1509.1711344468888,1012.3988143492414,1014.900625029819,29.838982286287504,30.19232239074795,0.3533401044604467
2024-10-24 → 2025-10-24,801.1250765566017,1509.1711344468888,1010.7601868228876,1013.2946330717766,29.607552775722002,29.965502123881738,0.35794934815973534
2024-10-25 → 2025-10-25,801.1250765566017,1509.1711344468888,1009.1978368308545,1011.7150050719508,29.38689622737706,29.74240533770197,0.3555091103249097
2024-10-26 → 2025-10-26,801.1250765566017,1492.0175577342022,1007.4594652119159,1010.0109279390547,29.864905795996645,30.234205331980863,0.3692995359842186
2024-10-27 → 2025-10-27,801.1250765566017,1475.3811197894868,1005.7777727348874,1008.2595825449988,30.35237106619445,30.720452277333727,0.36808121113927683
2024-10-28 → 2025-10-28,801.1250765566017,1475.3811197894868,1004.1781060431421,1006.6334822558338,30.11512192207475,30.479282723796125,0.36416080172137555
2024-10-29 → 2025-10-29,801.1250765566017,1475.3811197894868,1002.746428704382,1005.2376871670599,29.902787549527552,30.27227010555078,0.3694825560232289
2024-10-30 → 2025-10-30,801.1250765566017,1475.3811197894868,1001.5164821323464,1004.1195849886855,29.720372191982026,30.106442570210728,0.3860703782287018
2024-10-31 → 2025-10-31,801.1250765566017,1475.3811197894868,1000.2392499919945,1003.0369290351791,29.53094383562234,29.94587212158482,0.4149282859624783
2024-11-01 → 2025-11-01,801.1250765566017,1475.3811197894868,998.8401464488767,1001.8368799334803,29.32344053518332,29.767890906029837,0.44445037084651773
2024-11-02 → 2025-11-02,801.1250765566017,1475.3811197894868,997.383034696783,1000.5030506050068,29.107333943819725,29.57006852952163,0.46273458570190584
2024-11-03 → 2025-11-03,801.1250765566017,1475.3811197894868,996.0026721178785,999.214561416308,28.902610145974915,29.378970622186486,0.4763604762115712
2024-11-04 → 2025-11-04,801.1250765566017,1475.3811197894868,994.7239388370494,998.04686812106,28.712959153052715,29.205788148411504,0.49282899535878855
2024-11-05 → 2025-11-05,801.1250765566017,1438.0621421054163,993.3221237103922,996.7694649690798,30.175202158816838,30.716439503155897,0.5412373443390592
2024-11-06 → 2025-11-06,801.1250765566017,1321.0731296676338,992.0917258448552,995.5709332144378,36.72802468354923,37.397169870028,0.6691451864787723
2024-11-07 → 2025-11-07,801.1250765566017,1316.2692961945663,991.123907896459,994.7496472047778,36.88264841123239,37.58647836216671,0.7038299509343204
2024-11-08 → 2025-11-08,801.1250765566017,1309.7331721889386,990.1974414514445,994.0763000193551,37.17447019001436,37.93711211436048,0.76264192434612
2024-11-09 → 2025-11-09,801.1250765566017,1309.7331721889386,989.2361830294327,993.4067229474194,36.98547232893692,37.80546319298356,0.8199908640466376
2024-11-10 → 2025-11-10,801.1250765566017,1309.7331721889386,988.254124947279,992.7117165203267,36.792384941892344,37.66881447797861,0.8764295360862633
2024-11-11 → 2025-11-11,801.1250765566017,1309.7331721889386,987.5095283606613,992.1536405726229,36.645986055792825,37.55908835436863,0.9131022985758079
2024-11-12 → 2025-11-12,801.1250765566017,1309.7331721889386,987.1217995192454,991.9053319425574,36.56975273494215,37.510267143656925,0.9405144087147761
2024-11-13 → 2025-11-13,801.1250765566017,1309.7331721889386,986.749975867759,991.7281606644422,36.49664661361229,37.47543260609516,0.9787859924828695
2024-11-14 → 2025-11-14,801.1250765566017,1309.7331721889386,986.617722046227,991.6685045563745,36.4706435234791,37.46370331814636,0.9930597946672606
2024-11-15 → 2025-11-15,801.1250765566017,1309.7331721889386,986.3443192967782,991.631022411358,36.41688843153372,37.45633376478329,1.0394453332495672
2024-11-16 → 2025-11-16,801.1250765566017,1309.7331721889386,986.2474514858169,991.6600743265358,36.39784276321009,37.46204580818709,1.064203044976999
2024-11-17 → 2025-11-17,801.1250765566017,1309.7331721889386,986.2033449828607,991.739725728215,36.38917076145963,37.47770647154721,1.0885357100875765
2024-11-18 → 2025-11-18,801.1250765566017,1309.7331721889386,986.1015570857861,991.8454106779604,36.369157730218355,37.49848572194707,1.1293279917287151
2024-11-19 → 2025-11-19,801.1250765566017,1309.7331721889386,986.0773547195357,991.9712111674104,36.36439918106071,37.52321998994835,1.15882080888764
2024-11-20 → 2025-11-20,801.1250765566017,1309.7331721889386,986.2594207952014,992.1631942709544,36.40019610942839,37.56096675512819,1.1607706456997988
2024-11-21 → 2025-11-21,801.1250765566017,1309.7331721889386,986.5740887703978,992.4594975086072,36.46206456529816,37.619224427429785,1.1571598621316284
2024-11-22 → 2025-11-22,801.1250765566017,1309.7331721889386,987.0244550235172,992.8881354235283,36.55061334322501,37.70350108731821,1.1528877440931993
2024-11-23 → 2025-11-23,801.1250765566017,1309.7331721889386,987.4080135995237,993.3644798054271,36.62602672718413,37.797157556019634,1.1711308288355013
2024-11-24 → 2025-11-24,801.1250765566017,1309.7331721889386,987.7032070114828,993.8429395221424,36.6840661910649,37.89122993135617,1.2071637402912714
2024-11-25 → 2025-11-25,801.1250765566017,1309.7331721889386,988.0395412988238,994.3221518463824,36.75019456971817,37.98545028064972,1.235255710931554
2024-11-26 → 2025-11-26,801.1250765566017,1309.7331721889386,988.1331881618677,994.7282143633042,36.76860695124495,38.06528827780487,1.29668132655992
2024-11-27 → 2025-11-27,801.1250765566017,1309.7331721889386,988.1507497038816,995.0818003131934,36.77205981449364,38.13480859274394,1.3627487782502996
2024-11-28 → 2025-11-28,801.1250765566017,1309.7331721889386,988.3071299607444,995.4911451910866,36.80280652462383,38.21529195142588,1.41248542680205
2024-11-29 → 2025-11-29,801.1250765566017,1309.7331721889386,988.4609374057825,995.8917054152361,36.8330473812596,38.29404811507905,1.4610007338194535
2024-11-30 → 2025-11-30,801.1250765566017,1309.7331721889386,988.6711935094013,996.3075601832247,36.87438689304173,38.375811416048855,1.501424523007124
2024-12-01 → 2025-12-01,801.1250765566017,1309.7331721889386,988.9972787652899,996.7026832155747,36.93850015798755,38.45349854603028,1.5149983880427342
2024-12-02 → 2025-12-02,801.1250765566017,1309.7331721889386,989.1792478293833,997.1171313600823,36.974278012421244,38.534985283671055,1.560707271249811
2024-12-03 → 2025-12-03,801.1250765566017,1309.7331721889386,989.243807480041,997.4971689635913,36.98697141058226,38.60970639148915,1.6227349809068912
2024-12-04 → 2025-12-04,801.1250765566017,1309.7331721889386,989.361250805352,997.8632305862561,37.01006253443961,38.68167961130384,1.67161707686423
2024-12-05 → 2025-12-05,801.1250765566017,1309.7331721889386,989.6594978863332,998.2652995165402,37.06870239557087,38.760732409270844,1.692030013699977
2024-12-06 → 2025-12-06,801.1250765566017,1309.7331721889386,989.905388292659,998.6377337997197,37.11704814713037,38.83395858997419,1.7169104428438189
2024-12-07 → 2025-12-07,801.1250765566017,1309.7331721889386,990.2054018348432,999.0538274111702,37.176035321098006,38.915768851160294,1.7397335300622885
2024-12-08 → 2025-12-08,801.1250765566017,1309.7331721889386,990.4858371731818,999.4674805895548,37.23117312577451,38.99709928650665,1.7659261607321426
2024-12-09 → 2025-12-09,801.1250765566017,1309.7331721889386,990.7191976483908,999.8882500170158,37.277055304452546,39.079828883434885,1.8027735789823396
2024-12-10 → 2025-12-10,801.1250765566017,1309.7331721889386,990.8802479723439,1000.2497451492575,37.30872022000071,39.15090426256195,1.842184042561243
2024-12-11 → 2025-12-11,801.1250765566017,1309.7331721889386,991.0085483572584,1000.5884562313661,37.33394600504351,39.21749995480855,1.8835539497650444
2024-12-12 → 2025-12-12,801.1250765566017,1309.7331721889386,991.3363209976078,1000.9948765083619,37.39839103514903,39.297408292974225,1.899017257825193
2024-12-13 → 2025-12-13,801.1250765566017,1309.7331721889386,991.634133645319,1001.3785632842047,37.45694548016646,39.372846882949034,1.9159014027825734
2024-12-14 → 2025-12-14,801.1250765566017,1309.7331721889386,992.0381073652674,1001.7790055229734,37.536372788425496,39.45157984890209,1.9152070604765967
2024-12-15 → 2025-12-15,801.1250765566017,1309.7331721889386,992.5067614349146,1002.1829038425867,37.62851722609209,39.530992332321404,1.9024751062293106
2024-12-16 → 2025-12-16,801.1250765566017,1309.7331721889386,993.0070399840631,1002.6384935484608,37.72687951199448,39.62056811960959,1.893688607615104
2024-12-17 → 2025-12-17,801.1250765566017,1309.7331721889386,993.6007655852918,1003.1095551060879,37.843614893583435,39.71318590561659,1.8695710120331555
2024-12-18 → 2025-12-18,801.1250765566017,1309.7331721889386,994.2240600855295,1003.5861823900293,37.96616396537175,39.80689799711385,1.8407340317421017
2024-12-19 → 2025-12-19,801.1250765566017,1309.7331721889386,994.6034948946285,1003.9970317619701,38.04076655474408,39.88767716194999,1.8469106072059063
2024-12-20 → 2025-12-20,801.1250765566017,1309.7331721889386,994.901383480656,1004.3677507861089,38.09933593037644,39.96056609693201,1.861230166555572
2024-12-21 → 2025-12-21,801.1250765566017,1309.7331721889386,995.1885685502381,1004.7333802768527,38.155800833717194,40.03245435311268,1.8766535193954894
2024-12-22 → 2025-12-22,801.1250765566017,1309.7331721889386,995.4626928454737,1005.0885390235128,38.2096977924148,40.102283903548475,1.8925861111336744
2024-12-23 → 2025-12-23,801.1250765566017,1309.7331721889386,995.7185072905195,1005.4036175341839,38.259994759223346,40.16423307686618,1.904238317642836
2024-12-24 → 2025-12-24,801.1250765566017,1309.7331721889386,995.9545023074761,1005.7060099431565,38.306394928426954,40.223687971817576,1.9172930433906217
2024-12-25 → 2025-12-25,801.1250765566017,1309.7331721889386,996.3167062205571,1006.0911513404217,38.37760966452561,40.299412562238494,1.9218028977128867
2024-12-26 → 2025-12-26,801.1250765566017,1309.7331721889386,996.6918799876262,1006.4901633679112,38.451374468957724,40.3778643271467,1.9264898581889796
2024-12-27 → 2025-12-27,801.1250765566017,1309.7331721889386,996.9503361259704,1006.8217779912075,38.50219083239426,40.44306474887493,1.940873916480669
2024-12-28 → 2025-12-28,801.1250765566017,1309.7331721889386,997.1642314348612,1007.1147467056333,38.54424586665889,40.50066680376585,1.9564209371069623
2024-12-29 → 2025-12-29,801.1250765566017,1309.7331721889386,997.4276195258218,1007.4244514842455,38.59603192614603,40.56155942055113,1.9655274944050944
2024-12-30 → 2025-12-30,801.1250765566017,1309.7331721889386,997.5938846792253,1007.6985945849617,38.62872215558424,40.615460076689,1.986737921104755
2024-12-31 → 2025-12-31,801.1250765566017,1309.7331721889386,997.7628054400029,1007.943212665778,38.66193451736696,40.6635556699202,2.0016211525532412
2025-01-01 → 2026-01-01,801.1250765566017,1309.7331721889386,997.9180372002133,1008.2044029823945,38.69245541578432,40.714909613921385,2.022454198137062
2025-01-02 → 2026-01-02,801.1250765566017,1309.7331721889386,998.0632662810234,1008.4946887561398,38.72100963701226,40.771984162328714,2.0509745253164553
2025-01-03 → 2026-01-03,801.1250765566017,1309.7331721889386,998.2579817858056,1008.8417461338483,38.7592936333651,40.84022086180104,2.0809272284359466
2025-01-04 → 2026-01-04,801.1250765566017,1309.7331721889386,998.4640491603944,1009.2153534068096,38.799809578030256,40.91367766993478,2.1138680919045214
2025-01-05 → 2026-01-05,801.1250765566017,1309.7331721889386,998.5908075740476,1009.5874530893359,38.82473218833507,40.986838063117986,2.1621058747829167
2025-01-06 → 2026-01-06,801.1250765566017,1309.7331721889386,998.7344207828435,1009.9570817858202,38.852968704825685,41.05951262328689,2.2065439184612075
2025-01-07 → 2026-01-07,801.1250765566017,1309.7331721889386,999.0560444073899,1010.3919752392849,38.91620474595605,41.14501921612318,2.22881447016713
2025-01-08 → 2026-01-08,801.1250765566017,1309.7331721889386,999.2378431750691,1010.7261325549418,38.95194911755382,41.21071956940629,2.258770451852463
2025-01-09 → 2026-01-09,801.1250765566017,1309.7331721889386,999.3807189479487,1011.008292443136,38.980040643053826,41.26619644651801,2.286155803464183
2025-01-10 → 2026-01-10,801.1250765566017,1309.7331721889386,999.4442096032699,1011.2171787356976,38.99252386065622,41.30726663284721,2.3147427721909892
2025-01-11 → 2026-01-11,801.1250765566017,1309.7331721889386,999.5726776809702,1011.4747775399754,39.017782616622455,41.35791443151379,2.340131814891336
2025-01-12 → 2026-01-12,801.1250765566017,1309.7331721889386,999.6824850601489,1011.7325150896515,39.039372398641596,41.40858950961212,2.3692171109705242
2025-01-13 → 2026-01-13,801.1250765566017,1309.7331721889386,999.6535982058948,1011.9799459314585,39.03369280869756,41.45723813395211,2.423545325254551
2025-01-14 → 2026-01-14,801.1250765566017,1309.7331721889386,999.573997203178,1012.220056892197,39.01804205453136,41.5044475595984,2.48640550506704
2025-01-15 → 2026-01-15,801.1250765566017,1309.7331721889386,999.6043000997307,1012.5041231596213,39.02400005968561,41.56029925953468,2.5362991998490685
2025-01-16 → 2026-01-16,801.1250765566017,1309.7331721889386,999.7380725335154,1012.8608228580979,39.05030173182442,41.630431784270286,2.580130052445867
2025-01-17 → 2026-01-17,801.1250765566017,1309.7331721889386,999.8780309538821,1013.2044508373746,39.077819661949526,41.697994212439944,2.620174550490418
2025-01-18 → 2026-01-18,801.1250765566017,1309.7331721889386,1000.1569279401551,1013.6205907975798,39.132655003476344,41.77981358648822,2.6471585830118727
2025-01-19 → 2026-01-19,801.1250765566017,1309.7331721889386,1000.4927288861805,1014.0222508142986,39.198678519206645,41.85878598589908,2.6601074666924376
2025-01-20 → 2026-01-20,801.1250765566017,1309.7331721889386,1000.88281767469,1014.3673427699754,39.27537584114457,41.926636253844144,2.651260412699571
2025-01-21 → 2026-01-21,801.1250765566017,1309.7331721889386,1001.2689269333251,1014.7486766284298,39.351290727665415,42.001612224877476,2.6503214972120617
2025-01-22 → 2026-01-22,801.1250765566017,1309.7331721889386,1001.7473914103746,1015.181574921912,39.44536403895523,42.086726539258166,2.6413625003029324
2025-01-23 → 2026-01-23,801.1250765566017,1309.7331721889386,1002.1697885448185,1015.5704861518343,39.528413667553615,42.16319233546984,2.6347786679162226
2025-01-24 → 2026-01-24,801.1250765566017,1309.7331721889386,1002.610853297689,1015.9713752925257,39.615133630656466,42.24201316906138,2.626879538404914
2025-01-25 → 2026-01-25,801.1250765566017,1309.7331721889386,1003.1623100396848,1016.380919159843,39.723558318885274,42.32253565205647,2.5989773331711987
2025-01-26 → 2026-01-26,801.1250765566017,1309.7331721889386,1003.6498114276468,1016.7935258946744,39.81940842275667,42.403660340863965,2.5842519181072916
2025-01-27 → 2026-01-27,801.1250765566017,1309.7331721889386,1004.0538302549696,1017.1745350269956,39.898844599803866,42.47857246585629,2.5797278660524228
2025-01-28 → 2026-01-28,801.1250765566017,1309.7331721889386,1004.4365430635581,1017.543507775063,39.97409169317006,42.55111805670235,2.5770263635322905
2025-01-29 → 2026-01-29,801.1250765566017,1309.7331721889386,1004.9676898290859,1017.900247166484,40.07852313460581,42.62125838566771,2.542735251061899
2025-01-30 → 2026-01-30,801.1250765566017,1309.7331721889386,1005.5904903689631,1018.3121498827029,40.20097508635912,42.70224465382903,2.5012695674699046
2025-01-31 → 2026-01-31,801.1250765566017,1309.7331721889386,1006.4596561773391,1018.739600090885,40.371866154716066,42.78628779271195,2.4144216379958863
2025-02-01 → 2026-02-01,801.1250765566017,1309.7331721889386,1007.3403471063996,1019.1270814800547,40.54502323511322,42.86247246072986,2.3174492256166417
2025-02-02 → 2026-02-02,801.1250765566017,1309.7331721889386,1008.0956638495678,1019.5023297945278,40.69352986519924,42.93625192230263,2.242722057103393
2025-02-03 → 2026-02-03,801.1250765566017,1321.2698571773274,1008.9012293173049,1019.8288131515615,39.9458305652417,42.046704060735756,2.1008734954940564
2025-02-04 → 2026-02-04,801.1250765566017,1368.079048652256,1009.9494714883402,1020.2540785104728,36.83268928513768,38.6502278384074,1.8175385532697206
2025-02-05 → 2026-02-05,801.1250765566017,1574.9348874371487,1011.4602451383433,1020.6116369251606,27.181765548099396,28.364406509500956,1.1826409614015603
2025-02-06 → 2026-02-06,801.1250765566017,1574.9348874371487,1012.4980637423578,1020.9521773612919,27.315883594862523,28.408414795690007,1.0925312008274837
2025-02-07 → 2026-02-07,801.1250765566017,1574.9348874371487,1013.6181881524959,1021.3089873227476,27.460638080317228,28.454525604371756,0.9938875240545286
2025-02-08 → 2026-02-08,801.1250765566017,1574.9348874371487,1014.6577235822779,1021.6906101614305,27.594977993712615,28.50384299907481,0.9088650053621947
2025-02-09 → 2026-02-09,801.1250765566017,1574.9348874371487,1015.7190512900496,1022.0925049330825,27.732134138911142,28.555780150297366,0.8236460113862236
2025-02-10 → 2026-02-10,801.1250765566017,1574.9348874371487,1016.8598303210124,1022.5035529832813,27.879557835912944,28.608900186308677,0.7293423503957328
2025-02-11 → 2026-02-11,801.1250765566017,1574.9348874371487,1018.1325384287155,1022.9576822418196,28.044030822660794,28.667587637947666,0.6235568152868716
2025-02-12 → 2026-02-12,801.1250765566017,1574.9348874371487,1019.4066078822183,1023.3904271102901,28.208679737108255,28.72351156943389,0.5148318323256333
2025-02-13 → 2026-02-13,801.1250765566017,1574.9348874371487,1020.5794337153081,1023.8829971087309,28.360244865463923,28.787166745617338,0.42692188015341515
2025-02-14 → 2026-02-14,801.1250765566017,1574.9348874371487,1021.6636077139796,1024.3618184680724,28.500353453314176,28.849045175253245,0.34869172193906905
2025-02-15 → 2026-02-15,801.1250765566017,1574.9348874371487,1022.8399653016781,1024.8767725792877,28.652374992865344,28.915593066475935,0.2632180736105916
2025-02-16 → 2026-02-16,801.1250765566017,1574.9348874371487,1024.0143739232585,1025.4117617925062,28.804144666119285,28.98473010838159,0.18058544226230566
2025-02-17 → 2026-02-17,801.1250765566017,1574.9348874371487,1025.2231838318219,1025.9300438010796,28.960360042503286,29.051708066180232,0.09134802367694661
2025-02-18 → 2026-02-18,801.1250765566017,1574.9348874371487,1026.48689167791,1026.450999158771,29.123669918950856,29.11903150281367,-0.0046384161371868515
2025-02-19 → 2026-02-19,801.1250765566017,1574.9348874371487,1027.7063216152196,1026.9752693528458,29.28125772930982,29.18678331814386,-0.09447441116596167
2025-02-20 → 2026-02-20,801.1250765566017,1574.9348874371487,1028.898659397092,1027.5418091863435,29.435344400880386,29.25999766946528,-0.17534673141510382
2025-02-21 → 2026-02-21,801.1250765566017,1574.9348874371487,1030.1385525159399,1028.163464825785,29.595576682949414,29.340334676143208,-0.25524200680620623
2025-02-22 → 2026-02-22,801.1250765566017,1574.9348874371487,1031.3386865337482,1028.7422093732894,29.750670867713318,29.415126251458823,-0.33554461625449505
2025-02-23 → 2026-02-23,801.1250765566017,1574.9348874371487,1032.7340432605458,1029.3464175076801,29.930993823971765,29.493208504474357,-0.43778531949740795
2025-02-24 → 2026-02-24,801.1250765566017,1574.9348874371487,1034.151560284458,1029.9510345666754,30.114180571410266,29.571343603111476,-0.5428369682987899
2025-02-25 → 2026-02-25,801.1250765566017,1574.9348874371487,1035.193245824018,1030.4557330354787,30.248798345043138,29.636566150267996,-0.6122321947751423
2025-02-26 → 2026-02-26,801.1250765566017,1574.9348874371487,1036.1619581983143,1030.8564597845002,30.373985743894277,29.68835235708353,-0.6856333868107463
2025-02-27 → 2026-02-27,801.1250765566017,1574.9348874371487,1037.0571199449548,1031.0644196615,30.48966814208226,29.71522716198724,-0.7744409800950187
2025-02-28 → 2026-02-28,801.1250765566017,1574.9348874371487,1037.908554891711,1031.2493561716915,30.59969969438156,29.739126640591802,-0.8605730537897571
2025-03-01 → 2026-03-01,801.1250765566017,1574.9348874371487,1038.8218405189211,1031.4374440768515,30.7177242547281,29.76343337624122,-0.95429087848688
2025-03-02 → 2026-03-02,801.1250765566017,1574.9348874371487,1039.6032711413611,1031.703849388243,30.81870909770273,29.79786112678736,-1.0208479709153693
2025-03-03 → 2026-03-03,801.1250765566017,1574.9348874371487,1040.699423570056,1032.323166163612,30.96036566670482,29.877895880374204,-1.0824697863306163
2025-03-04 → 2026-03-04,801.1250765566017,1574.9348874371487,1041.2939509346656,1032.7313258573595,31.037196866858903,29.930642651997964,-1.1065542148609389
2025-03-05 → 2026-03-05,801.1250765566017,1574.9348874371487,1042.0139934248023,1033.1129793370708,31.13024847721743,29.979964006463216,-1.1502844707542152
2025-03-06 → 2026-03-06,801.1250765566017,1574.9348874371487,1043.0035709476567,1033.6379387568177,31.258132294266527,30.047804890924155,-1.2103274033423723
2025-03-07 → 2026-03-07,801.1250765566017,1574.9348874371487,1044.03407513507,1034.178634759578,31.391305093696488,30.117679425358535,-1.273625668337953
2025-03-08 → 2026-03-08,801.1250765566017,1574.9348874371487,1045.0044546698366,1034.598275266716,31.51670794089771,30.17190987077773,-1.3447980701199818
2025-03-09 → 2026-03-09,801.1250765566017,1574.9348874371487,1045.820756841348,1034.9765483418716,31.622199259311262,30.220794373124015,-1.4014048861872475
2025-03-10 → 2026-03-10,801.1250765566017,1574.9348874371487,1046.3421312626588,1035.1171471533671,31.689576851838495,30.238964058945843,-1.4506127928926524
2025-03-11 → 2026-03-11,801.1250765566017,1574.9348874371487,1046.770482742586,1035.0440562370138,31.744933022554367,30.229518467105887,-1.51541455544848
2025-03-12 → 2026-03-12,801.1250765566017,1574.9348874371487,1047.3419929382267,1035.1473691708086,31.81878969736059,30.242869672058593,-1.575920025301997
2025-03-13 → 2026-03-13,801.1250765566017,1574.9348874371487,1047.9269643326036,1035.3924557792398,31.894385972588896,30.274542391244236,-1.6198435813446608
2025-03-14 → 2026-03-14,801.1250765566017,1574.9348874371487,1048.3992716293446,1035.5410136962607,31.955422585216436,30.293740638013933,-1.6616819472025028
2025-03-15 → 2026-03-15,801.1250765566017,1574.9348874371487,1048.9083095425285,1035.7901166841227,32.02120592190024,30.32593239681039,-1.6952735250898492
2025-03-16 → 2026-03-16,801.1250765566017,1574.9348874371487,1049.325694425517,1036.1177548011788,32.07514487138365,30.36827330699906,-1.7068715643845884
2025-03-17 → 2026-03-17,801.1250765566017,1574.9348874371487,1049.7015009434854,1036.3711604227037,32.123710618765514,30.40102109824722,-1.7226895205182942
2025-03-18 → 2026-03-18,801.1250765566017,1574.9348874371487,1050.28388415977,1036.6669251052035,32.198972421872135,30.439242981498253,-1.7597294403738815
2025-03-19 → 2026-03-19,801.1250765566017,1574.9348874371487,1050.885371607455,1036.9372753996217,32.27670307858229,30.4741805450464,-1.8025225335358854
2025-03-20 → 2026-03-20,801.1250765566017,1574.9348874371487,1051.611640189199,1037.3788042916826,32.37055929125005,30.531239642237022,-1.8393196490130315
2025-03-21 → 2026-03-21,801.1250765566017,1574.9348874371487,1052.283395933586,1037.7654225568178,32.45737077062669,30.581202599503648,-1.876168171123041
2025-03-22 → 2026-03-22,801.1250765566017,1574.9348874371487,1053.050342438763,1038.118543230175,32.55648382068019,30.62683663882338,-1.9296471818568115
2025-03-23 → 2026-03-23,801.1250765566017,1574.9348874371487,1053.6538606126348,1038.4632655183937,32.63447690960021,30.671385348774006,-1.9630915608262036
2025-03-24 → 2026-03-24,801.1250765566017,1574.9348874371487,1054.337458505894,1038.896858420418,32.72281875841718,30.72741887224808,-1.9953998861691034
2025-03-25 → 2026-03-25,801.1250765566017,1574.9348874371487,1055.0415930814863,1039.4255999650436,32.81381457750497,30.795748523435083,-2.0180660540698874
2025-03-26 → 2026-03-26,801.1250765566017,1574.9348874371487,1055.8920075969547,1039.9763733336908,32.923714258732936,30.866925363131713,-2.0567888956012226
2025-03-27 → 2026-03-27,801.1250765566017,1574.9348874371487,1056.8719627086025,1040.5108022755373,33.05035456464126,30.935990000763848,-2.1143645638774125
2025-03-28 → 2026-03-28,801.1250765566017,1574.9348874371487,1057.8569205167203,1041.0598930576348,33.17764137262279,31.006949398587015,-2.1706919740357726
2025-03-29 → 2026-03-29,801.1250765566017,1574.9348874371487,1058.7580223557216,1041.498239819716,33.29409141323107,31.063597266825127,-2.2304941464059453
2025-03-30 → 2026-03-30,801.1250765566017,1574.9348874371487,1059.5454122552576,1041.8102445956258,33.39584637788319,31.103917869061327,-2.2919285088218615
2025-03-31 → 2026-03-31,801.1250765566017,1574.9348874371487,1060.2275289623647,1042.0704411456368,33.48399681194538,31.13754325689595,-2.3464535550494325
2025-04-01 → 2026-04-01,801.1250765566017,1574.9348874371487,1060.9252840976021,1042.3406829728683,33.57416821135468,31.172466803151327,-2.4017014082033548
2025-04-02 → 2026-04-02,801.1250765566017,1574.9348874371487,1061.8029929887332,1042.760685444809,33.68759516443664,31.22674402554307,-2.4608511388935668
2025-04-03 → 2026-04-03,801.1250765566017,1574.9348874371487,1062.5779887070444,1043.1104153198619,33.78774842010928,31.27193986955219,-2.5158085505570895
2025-04-04 → 2026-04-04,801.1250765566017,1574.9348874371487,1063.3435079528276,1043.4230020429254,33.88667702440188,31.312335677238814,-2.574341347163063
2025-04-05 → 2026-04-05,801.1250765566017,1574.9348874371487,1064.0463341600032,1043.7899075895746,33.97750376209544,31.359751145676935,-2.617752616418503
2025-04-06 → 2026-04-06,801.1250765566017,1574.9348874371487,1064.740996745076,1044.155474945995,34.06727550901635,31.406993678826566,-2.6602818301897813
2025-04-07 → 2026-04-07,801.1250765566017,1574.9348874371487,1065.0276065486044,1044.2264413451855,34.10431430065459,31.416164717781196,-2.688149582873397
2025-04-08 → 2026-04-08,801.1250765566017,1574.9348874371487,1065.431063694956,1044.2106202569912,34.15645335868651,31.41412014714228,-2.7423332115442314
2025-04-09 → 2026-04-09,801.1250765566017,1574.9348874371487,1065.658506616342,1044.043621925376,34.18584597146913,31.39253883229373,-2.793307139175397
2025-04-10 → 2026-04-10,801.1250765566017,1574.9348874371487,1066.1011456473107,1044.206360009805,34.243048532711526,31.413569592325537,-2.8294789403859895
2025-04-11 → 2026-04-11,801.1250765566017,1574.9348874371487,1066.403610195514,1044.3658192376065,34.28213624443995,31.43417662335039,-2.847959621089558
2025-04-12 → 2026-04-12,801.1250765566017,1574.9348874371487,1066.9913215153176,1044.661995395801,34.358086602207436,31.472451681902232,-2.885634920305204
2025-04-13 → 2026-04-13,801.1250765566017,1574.9348874371487,1067.4479846568952,1045.1429429185264,34.41710150937925,31.534604877165833,-2.8824966322134173
2025-04-14 → 2026-04-14,801.1250765566017,1574.9348874371487,1067.8621202225377,1045.5818059237731,34.47062054723834,31.591319459880584,-2.8793010873577565
2025-04-15 → 2026-04-15,801.1250765566017,1574.9348874371487,1068.2866890480132,1046.0403182840573,34.525487882791026,31.65057334291968,-2.8749145398713445
2025-04-16 → 2026-04-16,801.1250765566017,1574.9348874371487,1068.6595881584306,1046.4762950375737,34.573677903798014,31.7069149332415,-2.8667629705565147
2025-04-17 → 2026-04-17,801.1250765566017,1574.9348874371487,1068.9558746348828,1046.921594793516,34.61196721885788,31.76446134189141,-2.847505876966469
2025-04-18 → 2026-04-18,801.1250765566017,1574.9348874371487,1069.344141909069,1047.4162167319985,34.66214327875359,31.828381691766474,-2.8337615869871158
2025-04-19 → 2026-04-19,801.1250765566017,1574.9348874371487,1069.805176100857,1047.9054862084054,34.72172305989687,31.891610339106848,-2.8301127207900194
2025-04-20 → 2026-04-20,801.1250765566017,1574.9348874371487,1070.1993515078468,1048.420483297879,34.77266263205625,31.958163784440853,-2.8144988476154005
2025-04-21 → 2026-04-21,801.1250765566017,1574.9348874371487,1070.5787720302599,1048.947689507102,34.821695419839244,32.02629502312639,-2.795400396712857
2025-04-22 → 2026-04-22,801.1250765566017,1574.9348874371487,1070.9398940804144,1049.5764733659125,34.8683634828538,32.107553214734864,-2.760810268118938
2025-04-23 → 2026-04-23,801.1250765566017,1574.9348874371487,1071.5099838952817,1050.462582622805,34.942036600828175,32.222065753143255,-2.7199708476849196
2025-04-24 → 2026-04-24,801.1250765566017,1574.9348874371487,1072.121914906868,1051.364212365042,35.02111688683409,32.338584015067454,-2.6825328717666395
2025-04-25 → 2026-04-25,801.1250765566017,1574.9348874371487,1072.7304343364813,1052.2715255197597,35.09975629164093,32.45583674848593,-2.6439195431550004
2025-04-26 → 2026-04-26,801.1250765566017,1574.9348874371487,1073.3262975685143,1053.2059182069522,35.176760126905684,32.576588989418255,-2.600171137487429
2025-04-27 → 2026-04-27,801.1250765566017,1574.9348874371487,1073.977569289644,1054.1387857562972,35.2609244411819,32.69714413568649,-2.5637803054954063
2025-04-28 → 2026-04-28,801.1250765566017,1574.9348874371487,1074.64626056216,1055.0472577910157,35.34733989664829,32.81454663200334,-2.532793264644951
2025-04-29 → 2026-04-29,801.1250765566017,1574.9348874371487,1075.37699149159,1055.9927273156663,35.44177278172614,32.936730340629985,-2.505042441096151
2025-04-30 → 2026-04-30,801.1250765566017,1574.9348874371487,1076.054465269358,1056.9108015715,35.52932320668096,33.055373738907534,-2.473949467773423
2025-05-01 → 2026-05-01,801.1250765566017,1574.9348874371487,1076.6520539053545,1057.8320234870232,35.60655001714444,33.17442391151711,-2.432126105627333
2025-05-02 → 2026-05-02,801.1250765566017,1574.9348874371487,1077.2892876810924,1058.8142055043866,35.68890019761228,33.3013520020573,-2.3875481955549773
2025-05-03 → 2026-05-03,801.1250765566017,1574.9348874371487,1077.9419118678038,1059.804563118057,35.77323929199113,33.42933663080523,-2.3439026611859006
2025-05-04 → 2026-05-04,801.1250765566017,1574.9348874371487,1078.5168957528576,1060.770489236026,35.84754487418574,33.55416395974148,-2.2933809144442634
2025-05-05 → 2026-05-05,801.1250765566017,1574.9348874371487,1078.9976642908912,1061.6940509580043,35.90967493912851,33.673516507226935,-2.236158431901572
2025-05-06 → 2026-05-06,801.1250765566017,1574.9348874371487,1079.4752069661038,1062.631559319134,35.97138812349214,33.794671388949496,-2.1767167345426444
2025-05-07 → 2026-05-07,801.1250765566017,1574.9348874371487,1080.0648507421074,1063.6199436735417,36.047588213968204,33.92240101197958,-2.1251872019886235
2025-05-08 → 2026-05-08,801.1250765566017,1574.9348874371487,1080.659738026636,1064.6164570087153,36.12446592683302,34.051181149057406,-2.073284777775612
2025-05-09 → 2026-05-09,801.1250765566017,1574.9348874371487,1081.3960695605135,1065.7541552163325,36.21962258206329,34.1982067090361,-2.0214158730271876
2025-05-10 → 2026-05-10,801.1250765566017,1574.9348874371487,1082.0634825263674,1066.854381390721,36.30587284103769,34.340389731132525,-1.9654831099051648
2025-05-11 → 2026-05-11,801.1250765566017,1574.9348874371487,1082.794601143935,1067.9863583556437,36.40035582733322,34.48667593079114,-1.9136798965420851
2025-05-12 → 2026-05-12,801.1250765566017,1574.9348874371487,1083.5598539924026,1069.095233749108,36.49925000490855,34.6299766977073,-1.8692733072012544
2025-05-13 → 2026-05-13,801.1250765566017,1574.9348874371487,1084.3509330871486,1070.1855809334252,36.601481726918614,34.770883050791184,-1.8305986761274298
2025-05-14 → 2026-05-14,801.1250765566017,1574.9348874371487,1085.0932846291623,1071.3042079461782,36.697416352142476,34.91544402650175,-1.781972325640723
2025-05-15 → 2026-05-15,801.1250765566017,1574.9348874371487,1085.9110504694295,1072.4039878519102,36.803096821525074,35.057569376977796,-1.7455274445472782
2025-05-16 → 2026-05-16,801.1250765566017,1574.9348874371487,1086.772210264451,1073.5080885575999,36.914385122980114,35.20025310754892,-1.714132015431197
2025-05-17 → 2026-05-17,801.1250765566017,1574.9348874371487,1087.65962988892,1074.607229473931,37.029067001135594,35.3422958809638,-1.686771120171791
2025-05-18 → 2026-05-18,801.1250765566017,1574.9348874371487,1088.5613292066691,1075.6985956202195,37.14559425435341,35.48333391523821,-1.6622603391151998
2025-05-19 → 2026-05-19,801.1250765566017,1574.9348874371487,1089.5413845154628,1076.8451423474355,37.27224750881117,35.631502975786994,-1.6407445330241757
2025-05-20 → 2026-05-20,801.1250765566017,1574.9348874371487,1090.4840771196618,1077.9616744627556,37.394072354004884,35.77579322639127,-1.6182791276136115
2025-05-21 → 2026-05-21,801.1250765566017,1574.9348874371487,1091.4491709822498,1079.1030238378867,37.518792129977975,35.923290629381334,-1.5955015005966402
2025-05-22 → 2026-05-22,801.1250765566017,1574.9348874371487,1092.5742605327262,1080.2819470528239,37.66418826409988,36.0756437267911,-1.5885445373087776
2025-05-23 → 2026-05-23,801.1250765566017,1574.9348874371487,1093.689284096256,1081.4675135828043,37.8082835634682,36.22885534459565,-1.5794282188725504
2025-05-24 → 2026-05-24,801.1250765566017,1574.9348874371487,1094.6933593490444,1082.576691629697,37.93804093261371,36.37219522363267,-1.565845708981037
2025-05-25 → 2026-05-25,801.1250765566017,1574.9348874371487,1095.6986984098642,1083.7262819342695,38.06796162458268,36.52075760787853,-1.5472040167041499
2025-05-26 → 2026-05-26,801.1250765566017,1574.9348874371487,1096.7938728981596,1084.8855552135303,38.20949181364157,36.67057132992757,-1.5389204837140014
2025-05-27 → 2026-05-27,801.1250765566017,1574.9348874371487,1097.9746104663468,1086.0420442031725,38.36207938123051,36.82002523622092,-1.5420541450095868
2025-05-28 → 2026-05-28,801.1250765566017,1574.9348874371487,1099.1867997634781,1087.1894685727461,38.518731478436656,36.96830771512461,-1.5504237633120468
2025-05-29 → 2026-05-29,801.1250765566017,1574.9348874371487,1100.3808077929448,1088.3195878424583,38.673033997308565,37.11435384349124,-1.5586801538173276
2025-05-30 → 2026-05-30,801.1250765566017,1574.9348874371487,1101.5023757538152,1089.4197220101923,38.81797503386561,37.25652497550133,-1.5614500583642794
2025-05-31 → 2026-05-31,801.1250765566017,1574.9348874371487,1102.587054452964,1090.5013481652259,38.95814884452258,37.39630430368053,-1.5618445408420527
2025-06-01 → 2026-06-01,801.1250765566017,1574.9348874371487,1103.8081788701038,1091.610164807302,39.115955633732234,37.53959747811242,-1.5763581556198147
2025-06-02 → 2026-06-02,801.1250765566017,1574.9348874371487,1105.3306234917895,1092.7337000610464,39.31270225031407,37.684792749346556,-1.6279095009675117
2025-06-03 → 2026-06-03,801.1250765566017,1574.9348874371487,1107.0042643808117,1093.8506855947999,39.528988069579874,37.82914159554203,-1.699846474037841
2025-06-04 → 2026-06-04,801.1250765566017,1574.9348874371487,1108.7073957603993,1094.9590715835811,39.74908496621259,37.972379116338004,-1.7767058498745882
2025-06-05 → 2026-06-05,801.1250765566017,1641.831083178168,1110.5857465474091,1096.0575769088427,36.80961805356857,35.081526482420074,-1.7280915711484965
2025-06-06 → 2026-06-06,801.1250765566017,1645.505160012569,1112.3942793879228,1097.0959765862724,36.86363628537114,35.051857075819456,-1.8117792095516876
2025-06-07 → 2026-06-07,801.1250765566017,1645.505160012569,1114.1037412108021,1098.2169941988955,37.066087984123044,35.18461928025645,-1.8814687038665951
2025-06-08 → 2026-06-08,801.1250765566017,1645.505160012569,1115.8478361111777,1099.3415231994013,37.272641280979265,35.317797338637845,-1.9548439423414194
2025-06-09 → 2026-06-09,801.1250765566017,1645.505160012569,1117.6961570972119,1100.4571327623871,37.49153808139516,35.44991906732899,-2.041619014066171
2025-06-10 → 2026-06-10,801.1250765566017,1645.505160012569,1119.6641308797439,1101.6571789180707,37.72460537195432,35.59204062836487,-2.132564743589448
2025-06-11 → 2026-06-11,801.1250765566017,1645.505160012569,1121.4863623183007,1102.8095959158409,37.940412385201085,35.728521464465764,-2.2118909207353212
2025-06-12 → 2026-06-12,801.1250765566017,1645.505160012569,1123.2759396546955,1103.941138514603,38.152352170548724,35.8625301438428,-2.2898220267059273
2025-06-13 → 2026-06-13,801.1250765566017,1645.505160012569,1124.939388524713,1105.040956759287,38.349354551657605,35.992781705459755,-2.3565728461978495
2025-06-14 → 2026-06-14,801.1250765566017,1645.505160012569,1126.5264344540637,1106.1654910875955,38.537308526466575,36.12596039481325,-2.4113481316533267
2025-06-15 → 2026-06-15,801.1250765566017,1645.505160012569,1128.061669157562,1107.280634072777,38.7191264937041,36.25802686665818,-2.4610996270459253
2025-06-16 → 2026-06-16,801.1250765566017,1645.505160012569,1129.6347621417888,1108.4014430783727,38.905428020119594,36.39076436574843,-2.5146636543711622
2025-06-17 → 2026-06-17,801.1250765566017,1645.505160012569,1131.329636103711,1109.5572412609565,39.106152077345726,36.52764563583396,-2.578506441511763
2025-06-18 → 2026-06-18,801.1250765566017,1645.505160012569,1133.066523018666,1110.6486652219694,39.31185173191906,36.6569030617725,-2.6549486701465597
2025-06-19 → 2026-06-19,801.1250765566017,1645.505160012569,1134.775595209898,1111.7687460117959,39.51425728656419,36.78955431821168,-2.72470296835251
2025-06-20 → 2026-06-20,801.1250765566017,1645.505160012569,1136.4207130531493,1112.88641185957,39.70908872272478,36.92191957287278,-2.787169149851998
2025-06-21 → 2026-06-21,801.1250765566017,1645.505160012569,1138.086993031873,1113.9762039178488,39.90642639226143,37.05098373244159,-2.8554426598198432
2025-06-22 → 2026-06-22,801.1250765566017,1645.505160012569,1139.6706378559045,1115.0395407750962,40.09397757389872,37.17691480046195,-2.9170627734367685
2025-06-23 → 2026-06-23,801.1250765566017,1645.505160012569,1141.3278128047978,1116.1029449583039,40.29023693403315,37.30285384190112,-2.987383092132035
2025-06-24 → 2026-06-24,801.1250765566017,1645.505160012569,1143.223770903973,1117.283024018528,40.51477540152226,37.44261069824409,-3.072164703278169
2025-06-25 → 2026-06-25,801.1250765566017,1670.4691792209805,1145.209434907646,1118.426973988147,39.579765629799454,36.49899924081542,-3.0807663889840313
2025-06-26 → 2026-06-26,801.1250765566017,1670.4691792209805,1147.2198557395407,1119.594011562918,39.81102282999591,36.633242697600174,-3.177780132395739
2025-06-27 → 2026-06-27,801.1250765566017,1670.4691792209805,1149.223774880155,1120.7429579138902,40.04153214552156,36.765405134482286,-3.2761270110392715
2025-06-28 → 2026-06-28,801.1250765566017,1680.2014269617425,1151.2631622694842,1121.899304390015,39.8302247070478,36.489916681933,-3.340308025114794
2025-06-29 → 2026-06-29,801.1250765566017,1680.2014269617425,1153.258628652824,1123.0631471860256,40.05722050581092,36.62231050591362,-3.4349099998973003
2025-06-30 → 2026-06-30,801.1250765566017,1708.6693076829465,1155.4056975787046,1124.2454344837342,39.037284230478605,35.60381376961769,-3.4334704608609172
2025-07-01 → 2026-07-01,801.1250765566017,1708.6693076829465,1157.404611053405,1125.3952477905261,39.25753944296776,35.73050878539283,-3.527030657574933
2025-07-02 → 2026-07-02,801.1250765566017,1708.6693076829465,1159.263574554576,1126.5292554753348,39.462373922369814,35.8554622197176,-3.606911702652212
2025-07-03 → 2026-07-03,801.1250765566017,1708.6693076829465,1161.1223250721446,1127.7482482008888,39.6671849336482,35.98977994041327,-3.67740499323493
2025-07-04 → 2026-07-04,801.1250765566017,1708.6693076829465,1162.9608110010527,1128.9427408520278,39.86976304123271,36.12139805996834,-3.7483649812643662
2025-07-05 → 2026-07-05,801.1250765566017,1708.6693076829465,1164.7274970175276,1130.1034978183764,40.06442969833683,36.24929892986952,-3.815130768467313
2025-07-06 → 2026-07-06,801.1250765566017,1708.6693076829465,1166.4682891803607,1131.2953720050914,40.256243177297804,36.380628527462335,-3.8756146498354695
2025-07-07 → 2026-07-07,801.1250765566017,1708.6693076829465,1168.27135974994,1132.5053842420525,40.4549189561457,36.51395671086772,-3.94096224527798
2025-07-08 → 2026-07-08,801.1250765566017,1708.6693076829465,1170.139014176897,1133.6898076931657,40.66071106664581,36.64446533077743,-4.016245735868381
2025-07-09 → 2026-07-09,801.1250765566017,1708.6693076829465,1171.9552652350544,1134.901791317288,40.86083917014367,36.77801073634053,-4.082828433803137
2025-07-10 → 2026-07-10,801.1250765566017,1708.6693076829465,1173.7642234313573,1136.1532202621743,41.06016369166675,36.91590252188284,-4.14426116978391
2025-07-11 → 2026-07-11,801.1250765566017,1708.6693076829465,1175.682575152113,1137.4499872090278,41.27154200855328,37.05878998701984,-4.21275202153344
2025-07-12 → 2026-07-12,801.1250765566017,1708.6693076829465,1177.645323591412,1138.7249077635029,41.48781228739833,37.199270253518016,-4.2885420338803115
2025-07-13 → 2026-07-13,801.1250765566017,1708.6693076829465,1179.7155464721159,1139.9833069851056,41.71592490270684,37.33793007619586,-4.377994826510978
2025-07-14 → 2026-07-14,801.1250765566017,1708.6693076829465,1181.6253005884832,1141.26734877944,41.92635587134372,37.47941538900984,-4.446940482333886
2025-07-15 → 2026-07-15,801.1250765566017,1708.6693076829465,1183.564680563088,1142.5489865213178,42.14005123825689,37.62063580537315,-4.51941543288374
2025-07-16 → 2026-07-16,801.1250765566017,1708.6693076829465,1185.5273774854124,1143.7986605594133,42.356315840577004,37.75833422218139,-4.597981618395615
2025-07-17 → 2026-07-17,801.1250765566017,1708.6693076829465,1187.500901247291,1145.0938947905738,42.573773424922976,37.90105280125858,-4.6727206236643966
2025-07-18 → 2026-07-18,801.1250765566017,1708.6693076829465,1189.4324138476761,1146.3944469955497,42.786601905799095,38.04435735439995,-4.742244551399146
2025-07-19 → 2026-07-19,801.1250765566017,1708.6693076829465,1191.342145400677,1147.6693386312597,42.99703038823579,38.18483443441265,-4.812195953823142
2025-07-20 → 2026-07-20,801.1250765566017,1708.6693076829465,1193.2166059504787,1148.9674429530364,43.20357244817211,38.32786926150484,-4.875703186667273
2025-07-21 → 2026-07-21,801.1250765566017,1708.6693076829465,1195.002071075056,1150.2597579814878,43.40030832763017,38.47026618102991,-4.9300421466002575
2025-07-22 → 2026-07-22,801.1250765566017,1708.6693076829465,1196.8162353432654,1151.5637781581536,43.600206493029546,38.61395286118734,-4.986253631842203
2025-07-23 → 2026-07-23,801.1250765566017,1708.6693076829465,1198.738008227206,1152.9065862821362,43.81196177922154,38.761913487008975,-5.050048292212566
2025-07-24 → 2026-07-24,801.1250765566017,1708.6693076829465,1200.6977043908855,1154.1973462536912,44.02789573554756,38.904139058753614,-5.1237566767939455
2025-07-25 → 2026-07-25,801.1250765566017,1708.6693076829465,1202.6367604072464,1155.508986297001,44.24155540632242,39.04866535271528,-5.192890053607137
2025-07-26 → 2026-07-26,801.1250765566017,1708.6693076829465,1204.4941401218734,1156.8145132225918,44.44621537229697,39.19251805772014,-5.253697314576826
2025-07-27 → 2026-07-27,801.1250765566017,1708.6693076829465,1206.466355879006,1158.1432443530798,44.663528830913165,39.3389275752859,-5.324601255627265
2025-07-28 → 2026-07-28,801.1250765566017,1708.6693076829465,1208.4660951116439,1159.4874495938222,44.883875031577794,39.48704214586437,-5.3968328857134225
2025-07-29 → 2026-07-29,801.1250765566017,1708.6693076829465,1210.4265771015903,1160.7916940019863,45.09989557610963,39.63075353352263,-5.469142042587002
2025-07-30 → 2026-07-30,801.1250765566017,1708.6693076829465,1212.3232195708586,1162.1175127032707,45.30888180556474,39.77684213789168,-5.532039667673061
2025-07-31 → 2026-07-31,801.1250765566017,1708.6693076829465,1214.3480027162163,1163.4472251038096,45.531987531535236,39.923359779118776,-5.60862775241646
2025-08-01 → 2026-08-01,801.1250765566017,1708.6693076829465,1216.3435771801712,1164.752769454571,45.75187482688812,40.06721440415906,-5.68466042272906
2025-08-02 → 2026-08-02,801.1250765566017,1708.6693076829465,1218.2381119246506,1166.046262644852,45.96062881148765,40.20974114235182,-5.750887669135835
2025-08-03 → 2026-08-03,801.1250765566017,1708.6693076829465,1220.1158890425372,1167.3665578295384,46.16753631566032,40.35522112441811,-5.812315191242213
2025-08-04 → 2026-08-04,801.1250765566017,1708.6693076829465,1221.983099794194,1168.7303613825015,46.37327953870295,40.50549518337726,-5.867784355325689
2025-08-05 → 2026-08-05,801.1250765566017,1708.6693076829465,1223.8401615601458,1170.0847246995336,46.57790447071834,40.654729046651475,-5.923175424066862
2025-08-06 → 2026-08-06,801.1250765566017,1708.6693076829465,1225.7008115379663,1171.4083887257561,46.78292477871051,40.800580232833305,-5.982344545877204
2025-08-07 → 2026-08-07,801.1250765566017,1708.6693076829465,1227.5375910858759,1172.7662765236614,46.985314864495095,40.95020244972735,-6.035112414767745
2025-08-08 → 2026-08-08,801.1250765566017,1708.6693076829465,1229.420661823918,1174.149755422169,47.192805659263854,41.10264448517399,-6.0901611740898645
2025-08-09 → 2026-08-09,801.1250765566017,1708.6693076829465,1231.2924263299096,1175.486609370994,47.39905064896189,41.249949035517055,-6.149101613444834
2025-08-10 → 2026-08-10,801.1250765566017,1708.6693076829465,1233.2226784398854,1176.8340542546891,47.611740239592656,41.39842057414639,-6.213319665446264
2025-08-11 → 2026-08-11,801.1250765566017,1708.6693076829465,1235.2298516462306,1178.2282250852086,47.83290557098969,41.55204072649855,-6.280864844491141
2025-08-12 → 2026-08-12,801.1250765566017,1708.6693076829465,1237.2411526261847,1179.5730756990833,48.05452573130494,41.70022640910772,-6.354299322197221
2025-08-13 → 2026-08-13,801.1250765566017,1708.6693076829465,1239.2770768329592,1180.9472150326778,48.27885906261242,41.85163934155389,-6.427219721058528
2025-08-14 → 2026-08-14,801.1250765566017,1708.6693076829465,1241.40578840863,1182.3457158509623,48.51341639906631,42.00573660428992,-6.5076797947763865
2025-08-15 → 2026-08-15,801.1250765566017,1708.6693076829465,1243.4348206388,1183.639223301037,48.73699032092922,42.148264913733236,-6.588725407195987
2025-08-16 → 2026-08-16,801.1250765566017,1708.6693076829465,1245.4551936856474,1184.9941994690557,48.95961010931574,42.297566305505306,-6.662043803810434
2025-08-17 → 2026-08-17,801.1250765566017,1708.6693076829465,1247.3695003445498,1186.3723982075721,49.17054271108288,42.449426533497274,-6.721116177585607
2025-08-18 → 2026-08-18,801.1250765566017,1708.6693076829465,1249.2693917663905,1187.7572558646643,49.37988693439228,42.602020490859935,-6.777866443532346
2025-08-19 → 2026-08-19,801.1250765566017,1708.6693076829465,1250.8648068534976,1189.1198467081279,49.55568168162207,42.75216092443113,-6.803520757190938
2025-08-20 → 2026-08-20,801.1250765566017,1708.6693076829465,1252.1836172984426,1190.4464606153265,49.700998063977146,42.89833715052561,-6.802660913451533
2025-08-21 → 2026-08-21,801.1250765566017,1708.6693076829465,1253.2795477512489,1191.8569621480137,49.82175586455796,43.05375674158363,-6.767999122974324
2025-08-22 → 2026-08-22,801.1250765566017,1708.6693076829465,1254.3950210915975,1193.210091513536,49.94466704641455,43.20285463886661,-6.74181240754794
