window,min_sats_per_dollar,max_sats_per_dollar,uniform_sats_per_dollar,dynamic_sats_per_dollar,uniform_percentile,dynamic_percentile,excess_percentile
2016-01-01 → 2017-01-01,100275.01847945956,272969.2071151107,186496.47341994694,237658.5800222933,49.927247478139954,79.55308897665603,29.625841498516074
2016-01-02 → 2017-01-02,98320.88709000811,272969.2071151107,186137.52393541028,237979.96906339505,50.28198200405254,79.96588913842024,29.6839071343677
2016-01-03 → 2017-01-03,96842.07173230938,272969.2071151107,185774.20138438346,238307.8533111039,50.493144885815376,80.32026483104235,29.827119945226976
2016-01-04 → 2017-01-04,88144.83325140158,272969.2071151107,185380.9052563922,238543.08456221,52.60998318148948,81.37360249991336,28.763619318423878
2016-01-05 → 2017-01-05,88144.83325140158,272969.2071151107,185024.61791834253,238867.4714404129,52.41721242804308,81.54911337622349,29.13190094818041
2016-01-06 → 2017-01-06,88144.83325140158,272969.2071151107,184700.1657403096,239185.05050964467,52.241666220986986,81.7209408590348,29.479274638047812
2016-01-07 → 2017-01-07,88144.83325140158,272969.2071151107,184369.08755776478,239465.71279403917,52.06253498649463,81.87279436110668,29.810259374612052
2016-01-08 → 2017-01-08,88144.83325140158,272969.2071151107,184074.33291946893,240412.0643787902,51.90305675744179,82.38482184155626,30.48176508411447
2016-01-09 → 2017-01-09,88144.83325140158,272969.2071151107,183775.91467847806,241285.91969148893,51.741596320837836,82.85762491099509,31.11602859015725
2016-01-10 → 2017-01-10,88144.83325140158,272969.2071151107,183470.78072528774,242099.0295801259,51.57650232007832,83.29756141484418,31.721059094765863
2016-01-11 → 2017-01-11,88144.83325140158,272969.2071151107,183209.00233455587,242915.7714322553,51.43486602760268,83.73946300772157,32.30459698011889
2016-01-12 → 2017-01-12,88144.83325140158,272969.2071151107,182939.78740908127,243774.598318535,51.28920616692157,84.20413488423121,32.914928717309635
2016-01-13 → 2017-01-13,88144.83325140158,272969.2071151107,182652.5746569847,244500.43885434337,51.13380850692011,84.59685393996767,33.46304543304756
2016-01-14 → 2017-01-14,88144.83325140158,272969.2071151107,182354.5620087385,245028.7909761115,50.97256751796593,84.88272106383398,33.910153545868056
2016-01-15 → 2017-01-15,88144.83325140158,272969.2071151107,182051.08767611842,245515.33426859032,50.808371461852765,85.14596734586257,34.33759588400981
2016-01-16 → 2017-01-16,88144.83325140158,272969.2071151107,181638.25567589968,244236.6534386869,50.585006982596816,84.45413173826769,33.869124755670875
2016-01-17 → 2017-01-17,88144.83325140158,272969.2071151107,181236.85877774152,243544.5034198403,50.3678295131067,84.0796410775516,33.7118115644449
2016-01-18 → 2017-01-18,88144.83325140158,272969.2071151107,180833.65376554205,242647.8105989521,50.149673755957046,83.59448167885161,33.44480792289456
2016-01-19 → 2017-01-19,88144.83325140158,272969.2071151107,180427.6621177894,241782.2640574102,49.930010277993894,83.12617410477581,33.19616382678192
2016-01-20 → 2017-01-20,88144.83325140158,272969.2071151107,180011.51207552457,240666.65029158987,49.7048505582203,82.52256661378387,32.817716055563565
2016-01-21 → 2017-01-21,88144.83325140158,272969.2071151107,179658.4539306847,240712.8776165086,49.51382697325729,82.54757810115014,33.03375112789285
2016-01-22 → 2017-01-22,88144.83325140158,272969.2071151107,179288.1118690071,240457.92205087692,49.31345185284666,82.40963332671272,33.09618147386606
2016-01-23 → 2017-01-23,88144.83325140158,272969.2071151107,178869.48798663827,239364.37477889605,49.08695365154475,81.81796500444518,32.73101135290043
2016-01-24 → 2017-01-24,88144.83325140158,272969.2071151107,178471.19459783638,238384.13752380913,48.87145534876376,81.28760354042652,32.41614819166276
2016-01-25 → 2017-01-25,88144.83325140158,272969.2071151107,178100.02753893973,237855.51719291555,48.67063386015948,81.0015913008918,32.33095744073233
2016-01-26 → 2017-01-26,88144.83325140158,272969.2071151107,177702.15213039084,236970.4186231751,48.455361707341424,80.52270502023646,32.067343312895034
2016-01-27 → 2017-01-27,88144.83325140158,272969.2071151107,177301.55531699804,236017.8767758201,48.238617127057765,80.00732827233122,31.768711145273457
2016-01-28 → 2017-01-28,88144.83325140158,272969.2071151107,176906.36533985625,235122.6380523273,48.02479793812697,79.52295561910478,31.498157680977805
2016-01-29 → 2017-01-29,88144.83325140158,272969.2071151107,176484.82036363002,233706.45863970977,47.796719266784045,78.75672582862173,30.96000656183768
2016-01-30 → 2017-01-30,88144.83325140158,272969.2071151107,176061.94953927456,232228.38170147102,47.56792323976908,77.95700612318467,30.38908288341559
2016-01-31 → 2017-01-31,88144.83325140158,272969.2071151107,175621.03759689184,230627.2892239787,47.329365990437964,77.09072834605935,29.761362355621387
2016-02-01 → 2017-02-01,88144.83325140158,271666.63190916245,175153.1718576791,228594.00369680667,47.41035628608583,76.52996617983273,29.119609893746897
2016-02-02 → 2017-02-02,88144.83325140158,271666.63190916245,174689.56397988112,226632.38073054803,47.15773895060378,75.46108881452489,28.303349863921106
2016-02-03 → 2017-02-03,88144.83325140158,271666.63190916245,174227.28691707904,224638.63243772357,46.90584676875776,74.37470653873731,27.468859769979552
2016-02-04 → 2017-02-04,88144.83325140158,269676.7261346181,173750.62530778316,222395.39413919934,47.15743922278918,73.95425605690352,26.79681683411434
2016-02-05 → 2017-02-05,88144.83325140158,269676.7261346181,173320.03043205698,220737.10201231536,46.92023854753197,73.04075700142306,26.120518453891087
2016-02-06 → 2017-02-06,88144.83325140158,269676.7261346181,172877.45448803622,218842.10274711353,46.67643789245618,71.99686370250785,25.320425810051674
2016-02-07 → 2017-02-07,88144.83325140158,269676.7261346181,172408.739359175,216553.52369807853,46.41823801285555,70.73616013539015,24.317922122534604
2016-02-08 → 2017-02-08,88144.83325140158,269676.7261346181,171941.34580854315,214179.92463331175,46.160766147604555,69.4286218141246,23.267855666520042
2016-02-09 → 2017-02-09,88144.83325140158,267729.2928968212,171483.7936330867,211559.29541681244,46.406554635202646,68.72223933467653,22.315684699473884
2016-02-10 → 2017-02-10,88144.83325140158,264803.0427971326,171027.68141976124,210342.34038888427,46.917065661137016,69.17171155063119,22.25464588949417
2016-02-11 → 2017-02-11,88144.83325140158,264803.0427971326,170578.30953782197,208798.27243878404,46.662692041538584,68.29766898330826,21.634976941769672
2016-02-12 → 2017-02-12,88144.83325140158,261578.47259009586,170127.5500022797,207542.46385606183,47.270366385367765,68.84340953688435,21.573043151516586
2016-02-13 → 2017-02-13,88144.83325140158,256674.54400532218,169687.29444132908,206471.0138302812,48.384620625731735,70.21087264052457,21.826252014792836
2016-02-14 → 2017-02-14,88144.83325140158,251689.8114505232,169257.1005626437,206056.0172455969,49.59630567958201,72.09709848176101,22.500792802179
2016-02-15 → 2017-02-15,88144.83325140158,251689.8114505232,168854.9606051403,205707.47806861057,49.350416162256835,71.88398330034471,22.533567138087875
2016-02-16 → 2017-02-16,88144.83325140158,251689.8114505232,168435.3186451904,205504.29241158644,49.09382500025919,71.75974490472933,22.665919904470144
2016-02-17 → 2017-02-17,88144.83325140158,251689.8114505232,168023.27291295203,205313.42254744694,48.84187857134672,71.64303703253339,22.801158461186667
2016-02-18 → 2017-02-18,88144.83325140158,251689.8114505232,167624.10213999957,205135.1902771094,48.59780456959629,71.53405644976027,22.93625188016398
2016-02-19 → 2017-02-19,88144.83325140158,251689.8114505232,167234.67811188666,204965.76559260237,48.3596902401922,71.4304612881279,23.0707710479357
2016-02-20 → 2017-02-20,88144.83325140158,251689.8114505232,166835.62225223015,204799.35480467064,48.11568650247386,71.32870898135324,23.213022478879388
2016-02-21 → 2017-02-21,88144.83325140158,251689.8114505232,166458.00278892898,204660.146212695,47.884790104761535,71.24358952766622,23.35879942290468
2016-02-22 → 2017-02-22,88144.83325140158,251689.8114505232,166078.1183243448,204518.9777418248,47.65250876615531,71.15727170095906,23.50476293480375
2016-02-23 → 2017-02-23,84114.06710114426,251689.8114505232,165684.55177646494,204373.96283385286,48.67678493210464,71.76450040524871,23.087715473144073
2016-02-24 → 2017-02-24,84114.06710114426,251689.8114505232,165265.68698425943,204204.5754890059,48.426829430589926,71.6634193415753,23.23658991098538
2016-02-25 → 2017-02-25,84114.06710114426,251689.8114505232,164859.64767736723,204043.67504550103,48.18452747426046,71.56740279447324,23.382875320212776
2016-02-26 → 2017-02-26,84114.06710114426,251689.8114505232,164447.72546434795,203879.8733534127,47.93871492267755,71.4696549415699,23.530940018892352
2016-02-27 → 2017-02-27,83741.40168431975,251689.8114505232,164044.81661026474,203726.60899048593,47.81433479348405,71.44170490997467,23.627370116490624
2016-02-28 → 2017-02-28,83741.40168431975,251689.8114505232,163644.740461663,203355.35378786307,47.57612107704656,71.22065178828115,23.644530711234587
2016-02-29 → 2017-02-28,83741.40168431975,251689.8114505232,163461.003818709,203064.10252089237,47.466720432402305,71.0472346851504,23.580514252748095
2016-03-01 → 2017-03-01,81402.75502744006,251689.8114505232,163059.29716565687,202713.3628922069,47.95228941848566,71.23888944522425,23.286600026738583
2016-03-02 → 2017-03-02,79180.86023057195,251689.8114505232,162644.35578767446,202355.0026602885,48.38212450244707,71.40159484980454,23.01947034735747
2016-03-03 → 2017-03-03,77557.66620995408,251689.8114505232,162210.46406959204,202187.91538808492,48.61411300175932,71.57222407496913,22.958111073209807
2016-03-04 → 2017-03-04,77557.66620995408,251689.8114505232,161774.11278519878,202018.72501143842,48.36352671064667,71.47506201657218,23.111535305925514
2016-03-05 → 2017-03-05,77557.66620995408,251689.8114505232,161318.50936009956,201833.659201475,48.10188436743095,71.36878306979429,23.266898702363342
2016-03-06 → 2017-03-06,77557.66620995408,247705.51160938002,160843.91323223722,201632.65502357352,48.94933980901537,72.92186893248666,23.97252912347129
2016-03-07 → 2017-03-07,77557.66620995408,244557.62237222082,160388.45008512968,201441.2420496066,49.59928480142381,74.18180141273818,24.582516611314368
2016-03-08 → 2017-03-08,77557.66620995408,244557.62237222082,159964.40281601672,201263.59350265417,49.34536421434238,74.0754250093936,24.730060795051216
2016-03-09 → 2017-03-09,77557.66620995408,244557.62237222082,159529.2476262797,201083.29855331237,49.08479217603946,73.96746393354363,24.88267175750417
2016-03-10 → 2017-03-10,77557.66620995408,244557.62237222082,159115.6694984099,200924.73438845732,48.837140537455824,73.87251530690986,25.035374769454037
2016-03-11 → 2017-03-11,77557.66620995408,244557.62237222082,158691.58966148514,200770.49291325363,48.58320044868556,73.78015511787255,25.196954669186994
2016-03-12 → 2017-03-12,77557.66620995408,244557.62237222082,158262.11745525664,200614.7298738451,48.326031395412755,73.68688381230575,25.360852416892996
2016-03-13 → 2017-03-13,77557.66620995408,244557.62237222082,157816.5957324435,200447.87549884696,48.059251850644344,73.58697098667841,25.527719136034065
2016-03-14 → 2017-03-14,77557.66620995408,244557.62237222082,157372.30451991284,200282.9211716068,47.793209138573836,73.48819591449822,25.694986775924384
2016-03-15 → 2017-03-15,77557.66620995408,244557.62237222082,156931.0529169142,200096.84419993832,47.52898655244938,73.376772548921,25.847785996471615
2016-03-16 → 2017-03-16,77557.66620995408,244557.62237222082,156505.038914342,199911.1016806147,47.27388828035268,73.26554945426153,25.991661173908852
2016-03-17 → 2017-03-17,77557.66620995408,244557.62237222082,156104.7168271074,199732.06145385365,47.03417439273606,73.15833970949545,26.124165316759388
2016-03-18 → 2017-03-18,77557.66620995408,244557.62237222082,155735.86482722234,199422.56236651845,46.81330487374849,72.97301086603487,26.159705992286376
2016-03-19 → 2017-03-19,77557.66620995408,244424.4163880815,155335.4834824195,199256.5018902533,46.61073412734348,72.93174676823739,26.321012640893912
2016-03-20 → 2017-03-20,77557.66620995408,242953.27742632237,154930.94063184116,199090.72393985456,46.78073006463782,73.48021923684094,26.699489172203116
2016-03-21 → 2017-03-21,77557.66620995408,242953.27742632237,154513.61237670376,198928.41725673352,46.528408825840586,73.38208683663552,26.853678010794937
2016-03-22 → 2017-03-22,77557.66620995408,242261.1505855176,154113.2042067826,198762.90577860252,46.480824790727254,73.58996685963933,27.109142068912078
2016-03-23 → 2017-03-23,77557.66620995408,242261.1505855176,153723.07014429895,198603.47172198028,46.24395423272858,73.49316620164069,27.249211968912107
2016-03-24 → 2017-03-24,77557.66620995408,242261.1505855176,153360.64886194014,198445.11555778395,46.02390953620449,73.39701998785736,27.37311045165287
2016-03-25 → 2017-03-25,77557.66620995408,242261.1505855176,152982.0835370066,198282.156516554,45.79406295683869,73.29807912947311,27.504016172634422
2016-03-26 → 2017-03-26,77557.66620995408,242261.1505855176,152609.61783349092,198122.63135034835,45.56791977296628,73.2012231541363,27.633303381170023
2016-03-27 → 2017-03-27,77557.66620995408,242261.1505855176,152216.10629041004,197963.58777226662,45.32899857189225,73.10465957584607,27.77566100395382
2016-03-28 → 2017-03-28,77557.66620995408,242261.1505855176,151835.33130675694,197814.71157663863,45.097810394485606,73.01426914106419,27.916458746578584
2016-03-29 → 2017-03-29,77557.66620995408,242261.1505855176,151452.07960787194,197652.26342941285,44.86511847522354,72.91563847284144,28.050519997617897
2016-03-30 → 2017-03-30,77557.66620995408,242261.1505855176,151058.30073214302,197480.3140349311,44.626034962678645,72.81123910622594,28.185204143547296
2016-03-31 → 2017-03-31,77557.66620995408,240409.57450928085,150648.9624896463,197316.43604165313,44.88206312286386,73.5384504132299,28.656387290366034
2016-04-01 → 2017-04-01,77557.66620995408,239692.8133775258,150242.87932354756,197156.44471241522,44.830016429732574,73.76486874795388,28.93485231822131
2016-04-02 → 2017-04-02,77557.66620995408,238866.74323962914,149835.11659807578,196986.1618766684,44.80680921311405,74.0370584630794,29.230249249965354
2016-04-03 → 2017-04-03,77557.66620995408,238866.74323962914,149422.90945737428,196810.93761036417,44.55127049930338,73.92843204878778,29.377161549484406
2016-04-04 → 2017-04-04,77557.66620995408,238866.74323962914,149011.75680091424,196636.06615108374,44.29638548971126,73.82002434941928,29.523638859708022
2016-04-05 → 2017-04-05,77557.66620995408,238866.74323962914,148601.06523158267,196460.36521340004,44.04178632090193,73.71110243323265,29.669316112330726
2016-04-06 → 2017-04-06,77557.66620995408,238866.74323962914,148183.09979545747,196288.7243193466,43.78267787900791,73.60469745143374,29.822019572425823
2016-04-07 → 2017-04-07,77557.66620995408,238866.74323962914,147764.7734862579,196116.201348629,43.523345721820874,73.49774564568638,29.974399923865505
2016-04-08 → 2017-04-08,77557.66620995408,238866.74323962914,147347.18686351244,195943.13120035935,43.26447211691602,73.39045462929937,30.125982512383352
2016-04-09 → 2017-04-09,77557.66620995408,238801.04565286302,146919.67432659454,195765.87251108457,43.016965010460666,73.31042471916449,30.29345970870382
2016-04-10 → 2017-04-10,77557.66620995408,236992.38357409684,146492.70997448184,195588.59256794717,43.23715995123118,74.03088129696054,30.793721345729367
2016-04-11 → 2017-04-11,77557.66620995408,236254.11874277255,146067.36201675693,195335.6151660281,43.17027552499009,74.21586751078603,31.045591985795937
2016-04-12 → 2017-04-12,77557.66620995408,235364.71702839778,145646.52865475765,195085.45651811367,43.14690762654166,74.47562684849537,31.328719221953705
2016-04-13 → 2017-04-13,77557.66620995408,235364.71702839778,145240.31523243774,194881.8483154798,42.889496173622966,74.34660333428741,31.457107160664442
2016-04-14 → 2017-04-14,77557.66620995408,234820.83213053396,144829.9053633345,194717.99001827196,42.7768567163107,74.49953275612263,31.722676039811937
2016-04-15 → 2017-04-15,77557.66620995408,232915.65491887127,144420.73828800503,194555.44008238098,43.03806494516826,75.30850189599005,32.27043695082179
2016-04-16 → 2017-04-16,77557.66620995408,232915.65491887127,144019.1925620273,194357.20319079034,42.77960013797378,75.18090183291119,32.40130169493741
2016-04-17 → 2017-04-17,77557.66620995408,232915.65491887127,143616.27983094438,194161.58852946587,42.520255424237924,75.05498963299787,32.53473420875995
2016-04-18 → 2017-04-18,77557.66620995408,232743.82923860825,143207.1812597443,193960.18275184615,42.30371688335927,75.00830890470502,32.704592021345746
2016-04-19 → 2017-04-19,77557.66620995408,228535.52828649737,142797.1561238473,193759.13281657614,43.21129536250677,76.96589752192267,33.7546021594159
2016-04-20 → 2017-04-20,77557.66620995408,228454.3622158911,142393.83238885493,193572.7713556048,42.967253687482916,76.88379415615975,33.916540468676835
2016-04-21 → 2017-04-21,77557.66620995408,228454.3622158911,141995.6484617856,193395.55767645512,42.70337519470686,76.76635375896065,34.06297856425379
2016-04-22 → 2017-04-22,77557.66620995408,228454.3622158911,141611.10355694042,193266.09659006665,42.448535350612424,76.68055924535288,34.23202389474046
2016-04-23 → 2017-04-23,77557.66620995408,228454.3622158911,141219.99037165163,193098.15470041265,42.18934267400577,76.56926330972325,34.37992063571748
2016-04-24 → 2017-04-24,77557.66620995408,228454.3622158911,140835.38284525563,192940.14329936606,41.934461330294404,76.46454835888008,34.530087028585676
2016-04-25 → 2017-04-25,77557.66620995408,228454.3622158911,140459.2325524254,192797.98822279088,41.68518463783758,76.37034147407886,34.685156836241276
2016-04-26 → 2017-04-26,77131.60176632316,228454.3622158911,140082.79508307547,192594.9982238703,41.60061125618466,76.30272942055414,34.70211816436948
2016-04-27 → 2017-04-27,74300.27958732945,228454.3622158911,139703.98924925373,192403.79711694384,42.42749108339625,76.61394075055927,34.18644966716302
2016-04-28 → 2017-04-28,74184.79320063037,228454.3622158911,139293.7141730579,192258.40743163845,42.204643072534154,76.53720366544094,34.33256059290679
2016-04-29 → 2017-04-29,73653.14615724926,228454.3622158911,138889.21466747063,191992.96190406274,42.14183206772008,76.44630885973399,34.30447679201391
2016-04-30 → 2017-04-30,72361.18448066026,228454.3622158911,138489.07143012152,191746.49278114995,42.36436717409203,76.48336079299638,34.11899361890435
2016-05-01 → 2017-05-01,69592.25607570364,228454.3622158911,138071.91536327,191474.7141763836,43.10635239037852,76.72217186465164,33.615819474273124
2016-05-02 → 2017-05-02,68314.45371497168,228454.3622158911,137658.0886346295,191132.72065957484,43.30190741882415,76.69435314052151,33.392445721697364
2016-05-03 → 2017-05-03,65815.06602518205,228454.3622158911,137223.83223191212,190738.34647323296,43.90621939423357,76.81002277676315,32.90380338252958
2016-05-04 → 2017-05-04,64942.23170889377,228454.3622158911,136796.295289266,190402.3882244459,43.944179161250254,76.72834799873345,32.7841688374832
2016-05-05 → 2017-05-05,64942.23170889377,228454.3622158911,136365.51596923565,190049.71746811102,43.680725117385336,76.51266323256878,32.83193811518345
2016-05-06 → 2017-05-06,63561.25406921095,228454.3622158911,135931.11892539836,189699.22122694144,43.888956712375766,76.49680970627641,32.60785299390064
2016-05-07 → 2017-05-07,63561.25406921095,228454.3622158911,135518.34724081433,189328.81286645614,43.638629885970836,76.27217426538472,32.633544379413884
2016-05-08 → 2017-05-08,59344.134688936545,228454.3622158911,135088.27763275505,188953.28504274055,44.78980606406292,76.64181655313872,31.852010489075802
2016-05-09 → 2017-05-09,58165.64132931377,228454.3622158911,134655.00995643224,188574.53002250864,44.91746031615626,76.58104894689716,31.663588630740897
2016-05-10 → 2017-05-10,56101.013240400134,228454.3622158911,134218.76323817114,188203.83871974814,45.3241845674142,76.64650920019741,31.322324632783214
2016-05-11 → 2017-05-11,54481.43742359763,228454.3622158911,133761.9083436119,187760.95481286655,45.57058002828161,76.6093445565691,31.038764528287487
2016-05-12 → 2017-05-12,54481.43742359763,228454.3622158911,133320.23629568738,187330.35386588133,45.316706014005064,76.36183423420181,31.045128220196744
2016-05-13 → 2017-05-13,54481.43742359763,228454.3622158911,132874.05468828027,186905.75683616468,45.060239895533,76.11777497600197,31.057535080468966
2016-05-14 → 2017-05-14,54481.43742359763,228454.3622158911,132428.75498488918,186486.77165878654,44.80428069732861,75.87694142223008,31.072660724901468
2016-05-15 → 2017-05-15,54481.43742359763,228454.3622158911,131989.65870474358,184989.3939420117,44.55188723974327,75.01624558777046,30.464358348027183
2016-05-16 → 2017-05-16,54481.43742359763,228454.3622158911,131552.30246067003,183485.1210608236,44.300493958521095,74.15158639842589,29.851092439904797
2016-05-17 → 2017-05-17,54481.43742359763,228454.3622158911,131103.1628004203,181792.24548689165,44.04232754510593,73.17851798795164,29.13619044284571
2016-05-18 → 2017-05-18,52791.41845486765,228454.3622158911,130644.98386074562,179988.0880292227,44.3198569595828,72.40950587017191,28.089648910589112
2016-05-19 → 2017-05-19,50824.74462526852,228454.3622158911,130182.67799733016,178125.94563968966,44.67607060606041,71.6666526343643,26.99058202830389
2016-05-20 → 2017-05-20,48825.319499160396,226984.52458407832,129691.88826313142,175798.42498932246,45.39005925931626,71.26946117077786,25.8794019114616
2016-05-21 → 2017-05-21,48825.319499160396,226984.52458407832,129207.8801140744,173480.11306702776,45.11838755488407,69.96820260196593,24.849815047081854
2016-05-22 → 2017-05-22,48101.35532716232,226984.52458407832,128724.04348786769,171100.78103119857,45.07002447218121,68.75964139889635,23.68961692671514
2016-05-23 → 2017-05-23,44300.94160883688,225121.25506433824,128224.90801525774,168536.92288637368,46.41290837440892,68.70687197880034,22.293963604391415
2016-05-24 → 2017-05-24,41407.743586205004,224379.02574822176,127722.9585303448,165947.22025128943,47.174187076915004,68.06504014920093,20.89085307228592
2016-05-25 → 2017-05-25,41407.743586205004,221951.18176363033,127227.69030579564,163280.37689499574,47.53423751421686,67.50321946844889,19.968981954232028
2016-05-26 → 2017-05-26,41407.743586205004,220054.09166218038,126741.13198540594,162390.8432484947,47.76665703958865,67.72212304661137,19.95546600702272
2016-05-27 → 2017-05-27,41407.743586205004,211945.18065971642,126273.54290320154,161793.07025851292,49.76373561918519,70.59172973287674,20.827994113691553
2016-05-28 → 2017-05-28,41407.743586205004,189760.1087175169,125817.2163646463,159916.58957533713,56.897962296541415,79.8833546632275,22.985392366686078
2016-05-29 → 2017-05-29,41407.743586205004,189760.1087175169,125422.1712561914,158865.79922817743,56.63167391744801,79.1750475551948,22.543373637746782
2016-05-30 → 2017-05-30,41407.743586205004,189760.1087175169,125030.32841338968,157738.83876946146,56.36754409218039,78.41539639781793,22.04785230563754
2016-05-31 → 2017-05-31,41407.743586205004,189760.1087175169,124637.00917185123,157605.5569551428,56.10241906960975,78.32555501632011,22.223135946710357
2016-06-01 → 2017-06-01,41407.743586205004,189760.1087175169,124236.25706389236,157467.5846505474,55.83228376869687,78.2325519122083,22.400268143511425
2016-06-02 → 2017-06-02,40331.94978424217,189760.1087175169,123838.23733121523,157342.1920304952,55.88390310307025,78.30534959512048,22.421446492050222
2016-06-03 → 2017-06-03,39222.577888792635,189760.1087175169,123438.2784440616,157241.36484794668,55.943325290147286,78.39824813749019,22.4549228473429
2016-06-04 → 2017-06-04,39222.577888792635,189760.1087175169,123067.29377412598,157183.3011182624,55.696885304122986,78.35967720480342,22.662791900680432
2016-06-05 → 2017-06-05,37239.52465292951,189760.1087175169,122693.2616833651,157130.4497433439,56.02767492304434,78.60638996743191,22.57871504438757
2016-06-06 → 2017-06-06,34826.92456587288,189760.1087175169,122313.35868003289,157078.73399907714,56.46720203499521,78.90614919109117,22.438947156095963
2016-06-07 → 2017-06-07,34826.92456587288,189760.1087175169,121947.93372086949,157040.35676383766,56.23134232478249,78.88137900680198,22.65003668201949
2016-06-08 → 2017-06-08,34826.92456587288,189760.1087175169,121573.10196858001,156992.89104755106,55.989411098530404,78.85074275766884,22.861331659138436
2016-06-09 → 2017-06-09,34826.92456587288,189760.1087175169,121201.93903666805,156951.24411419834,55.749847873941484,78.82386218099913,23.074014307057645
2016-06-10 → 2017-06-10,34289.697457821,189760.1087175169,120822.1849758407,156902.18448745654,55.658492710536976,78.86548059927951,23.206987888742532
2016-06-11 → 2017-06-11,33622.32213224221,189760.1087175169,120442.82299637339,156856.52053832018,55.60505420429674,78.92656934698736,23.32151514269062
2016-06-12 → 2017-06-12,33622.32213224221,189760.1087175169,120094.0547632026,156841.3739656708,55.381682116861455,78.91686857372764,23.535186456866185
2016-06-13 → 2017-06-13,33622.32213224221,189760.1087175169,119787.42363785229,156892.94639207353,55.18529715966671,78.94989864769668,23.764601488029975
2016-06-14 → 2017-06-14,33622.32213224221,189760.1087175169,119511.30044151639,156974.60251236876,55.00845130936058,79.00219612294661,23.993744813586034
2016-06-15 → 2017-06-15,33622.32213224221,189760.1087175169,119225.77942873082,157039.6620692452,54.82558653394016,79.04386416391178,24.218277629971617
2016-06-16 → 2017-06-16,33622.32213224221,189760.1087175169,118942.9851048362,157241.39503710243,54.644468093568165,79.17306605172453,24.528597958156368
2016-06-17 → 2017-06-17,33622.32213224221,189760.1087175169,118689.95209071519,157313.45372099394,54.4824105803583,79.2192167532731,24.736806172914804
2016-06-18 → 2017-06-18,33622.32213224221,189760.1087175169,118434.59217623038,157379.2829416796,54.31886278064273,79.261377733088,24.942514952445265
2016-06-19 → 2017-06-19,33622.32213224221,189760.1087175169,118179.7820484338,157447.96917823283,54.15566709728557,79.3053685171611,25.149701419875527
2016-06-20 → 2017-06-20,33622.32213224221,189760.1087175169,117923.4134767814,157519.51109775787,53.99147329304436,79.35118825182602,25.35971495878166
2016-06-21 → 2017-06-21,33622.32213224221,189760.1087175169,117648.7702991354,157575.13005425772,53.81557533544393,79.38680996628491,25.571234630840983
2016-06-22 → 2017-06-22,33622.32213224221,189760.1087175169,117342.42919396165,157608.91442357164,53.61937612455885,79.40844750198512,25.789071377426275
2016-06-23 → 2017-06-23,33622.32213224221,189760.1087175169,116984.82662088469,157605.2276613189,53.390345996171796,79.40608627839322,26.015740282221422
2016-06-24 → 2017-06-24,33622.32213224221,189760.1087175169,116656.17014862015,157619.1251688587,53.17985468625109,79.41498707546722,26.235132389216133
2016-06-25 → 2017-06-25,33622.32213224221,189760.1087175169,116354.15582228912,157650.48895894224,52.98642660395528,79.4350743270989,26.448647723143623
2016-06-26 → 2017-06-26,33622.32213224221,189760.1087175169,116058.27776399466,157683.98116514637,52.79692855561906,79.45652474402655,26.65959618840749
2016-06-27 → 2017-06-27,33622.32213224221,189760.1087175169,115732.86647589519,157699.7705150779,52.58851565620747,79.46663719039641,26.878121534188942
2016-06-28 → 2017-06-28,33622.32213224221,189760.1087175169,115420.58033608914,157722.2099382716,52.38850888870055,79.48100874239832,27.092499853697767
2016-06-29 → 2017-06-29,33622.32213224221,189760.1087175169,115105.97910836241,157743.09677964385,52.18701940008472,79.49438592791441,27.307366527829686
2016-06-30 → 2017-06-30,33622.32213224221,189760.1087175169,114789.51817875457,157761.29555700827,51.98433884688309,79.50604151607307,27.521702669189978
2016-07-01 → 2017-07-01,33622.32213224221,189760.1087175169,114497.5722591171,157789.8878285234,51.797359175899956,79.52435372104308,27.72699454514313
2016-07-02 → 2017-07-02,33622.32213224221,189760.1087175169,114202.76769535121,157819.27274522543,51.608548657822794,79.54317358351499,27.93462492569219
2016-07-03 → 2017-07-03,33622.32213224221,189760.1087175169,113921.03487967857,157855.3844964049,51.42811007096043,79.5663017141035,28.138191643143074
2016-07-04 → 2017-07-04,33622.32213224221,189760.1087175169,113613.74889378024,157880.35249492805,51.23130570180761,79.58229271735084,28.350987015543232
2016-07-05 → 2017-07-05,33622.32213224221,189760.1087175169,113316.61532349097,157910.11753454682,51.041003548313846,79.60135603332944,28.560352485015592
2016-07-06 → 2017-07-06,33622.32213224221,189760.1087175169,113012.65607479951,157936.53383958162,50.84632982112773,79.61827461890218,28.771944797774445
2016-07-07 → 2017-07-07,33622.32213224221,189760.1087175169,112718.93778440983,157965.69445975588,50.6582150176498,79.63695082842966,28.97873581077986
2016-07-08 → 2017-07-08,33622.32213224221,189760.1087175169,112399.06079045495,157983.53971445124,50.45334661202514,79.64837999947508,29.19503338744994
2016-07-09 → 2017-07-09,33622.32213224221,189760.1087175169,112097.24992676539,158008.84930427992,50.26004883940382,79.66458977827509,29.404540938871264
2016-07-10 → 2017-07-10,33622.32213224221,189760.1087175169,111795.95843948635,158241.4957454914,50.06708370657578,79.8135905078867,29.74650680131092
2016-07-11 → 2017-07-11,33622.32213224221,189760.1087175169,111493.39872397472,158462.01621502265,49.8733063243491,79.95482503820381,30.081518713854706
2016-07-12 → 2017-07-12,33622.32213224221,189760.1087175169,111188.27746206697,158695.36388745732,49.67788837422906,80.10427487833411,30.426386504105047
2016-07-13 → 2017-07-13,33622.32213224221,189760.1087175169,110897.070629851,159145.96994744646,49.49138205914374,80.39287001590066,30.901487956756917
2016-07-14 → 2017-07-14,33622.32213224221,189760.1087175169,110605.40838843989,159495.54074033297,49.30458407270513,80.61675611069654,31.31217203799141
2016-07-15 → 2017-07-15,33622.32213224221,189760.1087175169,110329.32386346892,159887.53825203833,49.127762989859704,80.86781481998038,31.740051830120677
2016-07-16 → 2017-07-16,33622.32213224221,189760.1087175169,110062.5374729432,160357.4108854512,48.95689698979634,81.16874942632325,32.211852436526904
2016-07-17 → 2017-07-17,33622.32213224221,189760.1087175169,109775.15463504939,160832.61078664497,48.772839789948144,81.4730959343572,32.70025614440906
2016-07-18 → 2017-07-18,33622.32213224221,189760.1087175169,109492.59648708116,161487.49885332398,48.59187261079967,81.8925255170363,33.300652906236635
2016-07-19 → 2017-07-19,33622.32213224221,189760.1087175169,109208.94401162685,162111.09055160635,48.41020455871711,82.29191102897437,33.88170647025726
2016-07-20 → 2017-07-20,33622.32213224221,189760.1087175169,108900.7180976335,162752.79644119213,48.21279820325745,82.70289795508614,34.490099751828694
2016-07-21 → 2017-07-21,33622.32213224221,189760.1087175169,108593.75356546517,163347.66180788015,48.016199712346555,83.0838854019417,35.067685689595145
2016-07-22 → 2017-07-22,33622.32213224221,189760.1087175169,108280.58523213908,163962.0355814678,47.815627935216206,83.47736720223104,35.66173926701483
2016-07-23 → 2017-07-23,33622.32213224221,189760.1087175169,107959.84139938687,164429.5892391984,47.610204354053145,83.77681659750937,36.16661224345622
2016-07-24 → 2017-07-24,33622.32213224221,189760.1087175169,107643.38250618664,164989.9602147517,47.40752510508903,84.13571176812029,36.72818666303126
2016-07-25 → 2017-07-25,33622.32213224221,189760.1087175169,107337.06185369605,165616.64269691054,47.211338993328496,84.53707680336532,37.32573781003683
2016-07-26 → 2017-07-26,33622.32213224221,189760.1087175169,107028.32436274124,166203.83267239612,47.01360499331039,84.91314846950547,37.899543476195085
2016-07-27 → 2017-07-27,33622.32213224221,189760.1087175169,106713.46773435599,166810.35942547978,46.81195193079993,85.30160456738439,38.48965263658446
2016-07-28 → 2017-07-28,33622.32213224221,189760.1087175169,106394.93768063268,167459.87640199703,46.60794618645735,85.71759418189228,39.10964799543493
2016-07-29 → 2017-07-29,33622.32213224221,189760.1087175169,106079.5152029786,168136.09919919923,46.40593072014882,86.15068780515361,39.74475708500479
2016-07-30 → 2017-07-30,33622.32213224221,189760.1087175169,105763.37814591452,168854.67767929717,46.20345759434245,86.61090854723868,40.40745095289623
2016-07-31 → 2017-07-31,33622.32213224221,189760.1087175169,105441.91817832396,169579.688900299,45.99757535749199,87.07524920228302,41.07767384479103
2016-08-01 → 2017-08-01,33622.32213224221,189760.1087175169,105104.80078518411,169994.90014856646,45.781665166555776,87.34117538027499,41.559510213719214
2016-08-02 → 2017-08-02,33622.32213224221,189760.1087175169,104755.8793659698,170206.60954299537,45.55819496959372,87.4767667698156,41.918571800221876
2016-08-03 → 2017-08-03,33622.32213224221,176502.4288620446,104335.34779365723,169291.65530138888,49.49116240173235,94.95326975483587,45.46210735310352
2016-08-04 → 2017-08-04,33622.32213224221,176502.4288620446,103951.82280138404,168994.12076990827,49.222738055578645,94.74502905688955,45.522291001310904
2016-08-05 → 2017-08-05,30888.7620734845,176502.4288620446,103568.00186579906,168862.73282209394,49.91237525654048,94.75344848568098,44.8410732291405
2016-08-06 → 2017-08-06,30888.7620734845,176502.4288620446,103182.54952868025,168694.60575239363,49.64766635550132,94.63798743493741,44.99032107943609
2016-08-07 → 2017-08-07,29476.244696469792,176502.4288620446,102800.61758893688,168644.00695300603,49.87164246192516,94.65508681080321,44.78344434887805
2016-08-08 → 2017-08-08,29191.31348109993,176502.4288620446,102420.96852668705,168641.20780744863,49.71088220750767,94.66352485739658,44.95264264988891
2016-08-09 → 2017-08-09,29191.31348109993,176502.4288620446,102040.77949777806,168597.064562691,49.45279643582247,94.63355886016448,45.180762424342014
2016-08-10 → 2017-08-10,29094.868909214892,176502.4288620446,101655.55330018316,168500.67503786983,49.22453394804692,94.57168015891769,45.34714621087077
2016-08-11 → 2017-08-11,27318.519041579882,176502.4288620446,101267.07794015518,168424.87443122346,49.568722918958656,94.58550560811682,45.01678268915816
2016-08-12 → 2017-08-12,25832.56813132209,176502.4288620446,100874.24186004877,168339.13993864538,49.80536476557932,94.58200274175029,44.77663797617097
2016-08-13 → 2017-08-13,24607.503837601485,176502.4288620446,100476.1690581057,168216.5413178983,49.948123815391035,94.54498723850524,44.59686342311421
2016-08-14 → 2017-08-14,23230.941010615752,176502.4288620446,100072.88202152257,168062.51128511401,50.134530621502336,94.49348492975311,44.35895430825077
2016-08-15 → 2017-08-15,23230.941010615752,176502.4288620446,99660.3835843899,167710.82525657816,49.86540135100649,94.26403192876393,44.39863057775744
2016-08-16 → 2017-08-16,22911.19455649011,175376.7550333047,99240.73540322718,167273.3265594476,50.06346391147428,94.68507612570683,44.62161221423255
2016-08-17 → 2017-08-17,22911.19455649011,175376.7550333047,98831.78341102037,166980.93573948808,49.795238096458824,94.4933011313769,44.69806303491807
2016-08-18 → 2017-08-18,22911.19455649011,175376.7550333047,98422.00634971786,166609.6511221063,49.52647113031842,94.24978081359454,44.72330968327612
2016-08-19 → 2017-08-19,22911.19455649011,175376.7550333047,98011.06808480731,166214.1488293143,49.256942547190924,93.99037646578307,44.73343391859215
2016-08-20 → 2017-08-20,22911.19455649011,175376.7550333047,97601.9050012879,165809.92998698095,48.98857828037564,93.72525505667979,44.736676776304144
2016-08-21 → 2017-08-21,22911.19455649011,175376.7550333047,97200.71630064867,165493.65828201768,48.725444298258914,93.5178169283745,44.79237263011559
2016-08-22 → 2017-08-22,22911.19455649011,175376.7550333047,96797.34276760578,165147.5066418699,48.460877315537445,93.29078097411357,44.82990365857613
2016-08-23 → 2017-08-23,22911.19455649011,175376.7550333047,96396.1567744407,164840.41994405634,48.19774510921463,93.08936716180528,44.891622052590655
2016-08-24 → 2017-08-24,22911.19455649011,175376.7550333047,95990.36673368503,164486.17173804773,47.93159317333704,92.8570207847607,44.925427611423665
2016-08-25 → 2017-08-25,22911.19455649011,175376.7550333047,95580.99899637907,164061.79116357336,47.66309467700402,92.57867558132776,44.91558090432374
2016-08-26 → 2017-08-26,22911.19455649011,175376.7550333047,95169.60539148838,163580.6576941504,47.39326744283775,92.26310695853958,44.869839515701834
2016-08-27 → 2017-08-27,22911.19455649011,175376.7550333047,94760.49747185479,163115.48851254067,47.12493935723326,91.95800908584296,44.8330697286097
2016-08-28 → 2017-08-28,22832.28087422883,174757.44041604584,94343.70929109228,162508.18670464845,47.07016838588879,91.9373106150823,44.867142229193504
2016-08-29 → 2017-08-29,21736.97171260791,174757.44041604584,93928.01462109815,161940.10312263147,47.177376673966705,91.62377595493119,44.446399280964485
2016-08-30 → 2017-08-30,21736.97171260791,174757.44041604584,93511.11041972938,161322.35059438043,46.90492671684577,91.22007014126761,44.31514342442184
2016-08-31 → 2017-08-31,21095.461059745205,174757.44041604584,93094.15026257977,160706.5712524577,46.85523999133777,90.85598843484377,44.000748443506
2016-09-01 → 2017-09-01,20332.78157361623,174757.44041604584,92672.26756432417,160014.25237834256,46.844517276558165,90.45282783966077,43.608310563102606
2016-09-02 → 2017-09-02,20332.78157361623,173356.26314228034,92254.2491228289,159290.2182831828,47.0002817946214,90.80791737653291,43.80763558191151
2016-09-03 → 2017-09-03,20332.78157361623,167907.8649604284,91839.66981494456,158596.11633464822,48.45458094975296,93.69016204356603,45.235581093813074
2016-09-04 → 2017-09-04,20332.78157361623,167907.8649604284,91447.03511861521,158180.26312485154,48.188523369219396,93.40837110687606,45.219847737656664
2016-09-05 → 2017-09-05,20332.78157361623,167907.8649604284,91060.86500966953,157869.7037044483,47.92684632992308,93.19792947047243,45.27108314054935
2016-09-06 → 2017-09-06,20332.78157361623,167907.8649604284,90670.43309289361,157505.50735756816,47.66228139943779,92.95114231743689,45.2888609179991
2016-09-07 → 2017-09-07,20332.78157361623,167907.8649604284,90283.66016009459,157189.85548327732,47.400195873939396,92.7372499264948,45.3370540525554
2016-09-08 → 2017-09-08,20332.78157361623,167907.8649604284,89902.74533585005,156891.1612170029,47.14207992678718,92.5348483696605,45.39276844287331
2016-09-09 → 2017-09-09,20332.78157361623,167907.8649604284,89532.45361682292,156751.07667789867,46.89116242057339,92.43992412100732,45.548761700433936
2016-09-10 → 2017-09-10,20332.78157361623,167907.8649604284,89157.98553583353,156514.2461408028,46.63741492309926,92.27944273643978,45.64202781334052
2016-09-11 → 2017-09-11,20332.78157361623,167907.8649604284,88785.51355549545,156284.84283341383,46.385020025674876,92.12399419992249,45.738974174247616
2016-09-12 → 2017-09-12,20332.78157361623,167907.8649604284,88401.92488383412,155844.33278879922,46.12509222291979,91.82549527008622,45.70040304716643
2016-09-13 → 2017-09-13,20332.78157361623,167907.8649604284,88022.61645226052,155376.89350679604,45.86806480144148,91.50874851902529,45.64068371758381
2016-09-14 → 2017-09-14,20332.78157361623,167907.8649604284,87657.8818452116,154904.15870967382,45.62091291192303,91.1884134148376,45.56750050291457
2016-09-15 → 2017-09-15,20332.78157361623,167907.8649604284,87283.40205405733,154406.79718496706,45.367157479393335,90.85139071880218,45.484233239408844
2016-09-16 → 2017-09-16,20332.78157361623,167907.8649604284,86906.95296882153,153857.78352922725,45.112067611512934,90.47936744553674,45.367299834023804
2016-09-17 → 2017-09-17,20332.78157361623,167907.8649604284,86531.03667463754,153290.58407808474,44.85733877412603,90.0950210923954,45.23768231826937
2016-09-18 → 2017-09-18,20332.78157361623,167907.8649604284,86148.15702456822,152685.52658676307,44.59789141940847,89.68502132994516,45.08712991053669
2016-09-19 → 2017-09-19,20332.78157361623,167907.8649604284,85770.97008277291,152105.31869614284,44.34230156430626,89.29186018288388,44.94955861857762
2016-09-20 → 2017-09-20,20332.78157361623,167907.8649604284,85392.36489309809,151463.20224907846,44.08575067442301,88.8567484876519,44.77099781322889
2016-09-21 → 2017-09-21,20332.78157361623,167907.8649604284,85018.79161131325,150787.21340926376,43.83260951182874,88.39868414216691,44.56607463033817
2016-09-22 → 2017-09-22,20332.78157361623,167907.8649604284,84636.58096220891,149932.25353837345,43.573615486324776,87.8193452380178,44.24572975169303
2016-09-23 → 2017-09-23,20332.78157361623,166497.37910223388,84250.18202074601,149015.59550189032,43.72974135177662,88.03965946889376,44.30991811711714
2016-09-24 → 2017-09-24,20332.78157361623,166497.37910223388,83870.9151998479,148144.6041224615,43.470262088459215,87.44376183420263,43.97349974574342
2016-09-25 → 2017-09-25,20332.78157361623,166497.37910223388,83487.2947423853,147230.8173658139,43.2078042402874,86.81858530575589,43.61078106546849
2016-09-26 → 2017-09-26,20332.78157361623,165374.95202535225,83102.61977198199,146249.18304663716,43.27695731721896,86.81364949300773,43.53669217578877
2016-09-27 → 2017-09-27,20332.78157361623,165374.95202535225,82717.2666532091,145292.70025010902,43.01127381457093,86.1541979738053,43.14292415923437
2016-09-28 → 2017-09-28,20332.78157361623,165374.95202535225,82331.01313852055,144272.8455729754,42.74496952976496,85.45105441634388,42.70608488657892
2016-09-29 → 2017-09-29,20332.78157361623,165233.93370551994,81944.92673973694,143199.36667653738,42.52012096497003,84.79338038049245,42.27325941552242
2016-09-30 → 2017-09-30,20332.78157361623,164239.7935792421,81556.50198720922,142076.2902471827,42.543945260429375,84.5987328739805,42.05478761355112
2016-10-01 → 2017-10-01,20332.78157361623,163932.3081821811,81170.10959303066,140947.0791439883,42.36596697512083,83.99352032625582,41.62755335113499
2016-10-02 → 2017-10-02,20332.78157361623,163932.3081821811,80788.41988665314,139844.76909171251,42.10016546769806,83.22589241110221,41.125726943404146
2016-10-03 → 2017-10-03,20332.78157361623,163932.3081821811,80405.2355055662,138648.64899910716,41.833323097018486,82.39293695445518,40.559613857436695
2016-10-04 → 2017-10-04,20332.78157361623,163932.3081821811,80024.01716088045,137407.73568137738,41.56784983698128,81.52878834126903,39.96093850428775
2016-10-05 → 2017-10-05,20332.78157361623,163462.56533502,79639.36946505475,136069.27249265835,41.43553237689658,80.86122110823136,39.42568873133478
2016-10-06 → 2017-10-06,20332.78157361623,163462.56533502,79255.61388113127,134695.0634130483,41.167415166181584,79.9011071169318,38.73369195075021
2016-10-07 → 2017-10-07,20332.78157361623,162048.01694379977,78870.54765742399,133249.68893448074,41.3066145858612,79.67873536384916,38.37212077798796
2016-10-08 → 2017-10-08,20332.78157361623,162048.01694379977,78487.7570668826,131805.33969191212,41.03650206793644,78.65954413942241,37.62304207148597
2016-10-09 → 2017-10-09,20332.78157361623,162048.01694379977,78103.76506815258,130307.26995540301,40.76554178781768,77.60244556240923,36.83690377459155
2016-10-10 → 2017-10-10,20332.78157361623,161789.99270650712,77718.6400214824,128721.93949147215,40.567644440519516,76.62328208636218,36.055637645842666
2016-10-11 → 2017-10-11,20332.78157361623,159083.95611787314,77333.3355982769,127069.36565202296,41.08113261879411,76.92661660630583,35.84548398751172
2016-10-12 → 2017-10-12,18540.255310375847,159083.95611787314,76959.05898085325,125598.19255363014,41.56629100758749,76.17412707090413,34.60783606331665
2016-10-13 → 2017-10-13,17812.365386786605,159083.95611787314,76578.53259745955,123999.62330164899,41.59800771447076,75.16533038620064,33.567322671729876
2016-10-14 → 2017-10-14,17283.878833646555,159083.95611787314,76195.78293287662,122314.43779063429,41.545748935768216,74.06946524187192,32.52371630610371
2016-10-15 → 2017-10-15,17283.878833646555,159083.95611787314,75816.61351121926,120609.57327608348,41.27835174606334,72.86716370071441,31.58881195465107
2016-10-16 → 2017-10-16,17283.878833646555,159083.95611787314,75435.34781589481,118792.98362189168,41.009476225946216,71.58607155395161,30.576595328005396
2016-10-17 → 2017-10-17,17283.878833646555,159083.95611787314,75059.24323952901,116967.78545810762,40.744240421023534,70.29890852926187,29.55466810823833
2016-10-18 → 2017-10-18,17283.878833646555,159083.95611787314,74680.68553050622,115009.14337684803,40.47727462222217,68.91763842083051,28.440363798608345
2016-10-19 → 2017-10-19,17283.878833646555,159083.95611787314,74298.66596868388,112911.08710830494,40.20786746170518,67.43805088553057,27.230183423825395
2016-10-20 → 2017-10-20,16664.21388787295,159083.95611787314,73910.2601734528,110635.71833757442,40.195302553722215,65.98207732881764,25.786774775095424
2016-10-21 → 2017-10-21,16583.176198648463,158502.16634850728,73520.91378023087,108257.91446906286,40.119886367186815,64.59652663368786,24.476640266501043
2016-10-22 → 2017-10-22,16583.176198648463,153839.72401933954,73133.41092584106,105803.0914461262,41.20039125642922,65.00230164904967,23.80191039262045
2016-10-23 → 2017-10-23,16583.176198648463,153839.72401933954,72762.36338827573,103504.24924249257,40.93005986353271,63.32745098426626,22.397391120733545
2016-10-24 → 2017-10-24,16583.176198648463,153839.72401933954,72392.80071933528,101100.11805666017,40.660810290519095,61.57589069515487,20.915080404635773
2016-10-25 → 2017-10-25,16583.176198648463,152487.25660119782,72020.10665818462,98518.2868361459,40.79121855306432,60.28892612701896,19.497707573954642
2016-10-26 → 2017-10-26,16583.176198648463,148124.03809366442,71649.78147577462,95880.30496046864,41.86273716305383,60.28326682632503,18.420529663271203
2016-10-27 → 2017-10-27,16583.176198648463,145661.47435691042,71292.40755276986,93347.29013125732,42.384531044128586,59.470968418323075,17.08643737419449
2016-10-28 → 2017-10-28,16583.176198648463,144940.306322558,70941.84044996226,90803.19938271637,42.34954785825973,57.8230621956253,15.473514337365565
2016-10-29 → 2017-10-29,16195.043136795806,144940.306322558,70590.33638876736,89552.25478492095,42.2503258807172,56.978571353169315,14.728245472452116
2016-10-30 → 2017-10-30,16195.043136795806,144940.306322558,70253.09266860379,88418.10274139643,41.98837937346824,56.09764415207449,14.109264778606246
2016-10-31 → 2017-10-31,15555.692978218314,144940.306322558,69904.90245515628,87168.15204662448,42.00592950901733,55.34851263791257,13.342583128895242
2016-11-01 → 2017-11-01,14866.76737300191,144940.306322558,69554.58637935953,85892.295791543,42.04376958450108,54.60413316353724,12.560363579036164
2016-11-02 → 2017-11-02,14196.926829193488,144940.306322558,69219.39264358737,84710.47070927871,42.084322760822005,53.932783559158295,11.84846079833629
2016-11-03 → 2017-11-03,13891.528065535027,144940.306322558,68888.30900850662,84379.89456043899,41.96664911679502,53.78788526868732,11.8212361518923
2016-11-04 → 2017-11-04,13476.184339737121,142120.86837985623,68529.11741838962,84015.30868776416,42.79456511509151,54.832521743400385,12.037956628308876
2016-11-05 → 2017-11-05,13476.184339737121,142120.86837985623,68178.86965880754,83680.34167809776,42.522305315010804,54.57214020321802,12.049834888207215
2016-11-06 → 2017-11-06,13476.184339737121,142120.86837985623,67831.42971557194,83378.35549534987,42.25222812851218,54.33739581016271,12.085167681650532
2016-11-07 → 2017-11-07,13476.184339737121,142120.86837985623,67488.16077601665,83044.7125534281,41.98539320865786,54.07804351402141,12.092650305363549
2016-11-08 → 2017-11-08,13420.634044814447,142120.86837985623,67137.92559105673,82745.47908830925,41.738301273330656,53.86536038700858,12.127059113677923
2016-11-09 → 2017-11-09,13420.634044814447,142120.86837985623,66792.48182199991,82499.64745289962,41.46989168507961,53.67434936307395,12.204457677994341
2016-11-10 → 2017-11-10,13420.634044814447,142120.86837985623,66455.06268861954,82285.15730002387,41.20771723363146,53.507690651080175,12.299973417448712
2016-11-11 → 2017-11-11,13420.634044814447,142120.86837985623,66115.12784528242,82059.36378962424,40.94358807715132,53.33224923749904,12.388661160347723
2016-11-12 → 2017-11-12,13420.634044814447,142120.86837985623,65780.24427133767,81871.06999580647,40.6833837537676,53.185945079786634,12.502561326019034
2016-11-13 → 2017-11-13,13420.634044814447,142120.86837985623,65433.96697052639,81550.73168361948,40.41432651187492,52.937042415512494,12.522715903637575
2016-11-14 → 2017-11-14,13420.634044814447,141714.6024488478,65087.104055216885,81294.58953320372,40.2719400242499,52.90502455628726,12.633084532037358
2016-11-15 → 2017-11-15,13420.634044814447,140380.99205152437,64737.55347526232,80992.19040744443,40.4196398278396,53.22256287199409,12.80292304415449
2016-11-16 → 2017-11-16,12765.352694951169,137411.5022823112,64388.87686499846,80693.72458691282,41.4160600555625,54.49696770966285,13.08090765410035
2016-11-17 → 2017-11-17,12765.352694951169,137411.5022823112,64056.025612381265,80442.44608156837,41.1490231244426,54.29537423391064,13.146351109468043
2016-11-18 → 2017-11-18,12765.352694951169,137411.5022823112,63719.4990251496,80185.79793471198,40.87903757868308,54.089472850108564,13.210435271425482
2016-11-19 → 2017-11-19,12471.439330631027,137411.5022823112,63389.070530562196,79925.8083098414,40.753646186030224,53.989382897380125,13.235736711349901
2016-11-20 → 2017-11-20,12092.082284067676,137411.5022823112,63058.39891960857,79663.44493683724,40.669129043411814,53.91930688293694,13.250177839525122
2016-11-21 → 2017-11-21,12092.082284067676,137411.5022823112,62718.06390678645,79417.98066159947,40.39755500259125,53.7234359834058,13.325880980814553
2016-11-22 → 2017-11-22,12092.082284067676,137411.5022823112,62380.21080867051,79160.45953903833,40.127961432719424,53.51794419086099,13.389982758141564
2016-11-23 → 2017-11-23,12092.082284067676,137411.5022823112,62048.78664375556,78924.51379050147,39.863497900315906,53.32966870367778,13.466170803361877
2016-11-24 → 2017-11-24,12092.082284067676,137411.5022823112,61713.37156074459,78671.58601535484,39.59584977122652,53.12784222287363,13.531992451647113
2016-11-25 → 2017-11-25,11415.30952360433,137411.5022823112,61374.0147862036,78396.92337156144,39.65096418292124,53.16161733254309,13.510653149621845
2016-11-26 → 2017-11-26,10729.725043603205,137411.5022823112,61033.952158492626,78118.05557181427,39.70912645162892,53.19496773496508,13.485841283336164
2016-11-27 → 2017-11-27,10276.722773957541,137411.5022823112,60690.12162417405,77841.69740117877,39.65350712462123,53.14436764550469,13.490860520883459
2016-11-28 → 2017-11-28,10068.268721653438,136970.82483894035,60342.189292041105,77570.88552935379,39.61616070516586,53.19248002011287,13.576319314947007
2016-11-29 → 2017-11-29,10068.268721653438,136678.03889858827,59995.83199178437,77315.34522616956,39.434210488146434,53.11365498139643,13.679444493249996
2016-11-30 → 2017-11-30,10003.286107549318,134733.76483100094,59649.72610984163,77051.86961713883,39.80297398871272,53.75477124420204,13.951797255489318
2016-12-01 → 2017-12-01,9251.58529835599,132860.22229042108,59306.878624779754,76770.33913689807,40.49498040305792,54.62300651602231,14.128026112964385
2016-12-02 → 2017-12-02,9145.0645121153,132860.22229042108,58969.34273123886,76510.00818236954,40.273382109253994,54.45164915924885,14.178267049994858
2016-12-03 → 2017-12-03,8917.470248634596,132860.22229042108,58639.92881961684,76252.40394734553,40.11727814000664,54.3274476235685,14.210169483561863
2016-12-04 → 2017-12-04,8648.926486261997,132860.22229042108,58306.921846476085,75992.0177915401,39.97864690060769,54.21655966898237,14.237912768374677
2016-12-05 → 2017-12-05,8520.243282540958,132860.22229042108,57973.68877228857,75736.3016711823,39.7727632611338,54.05828352631576,14.285520265181965
2016-12-06 → 2017-12-06,7146.873513619082,131731.94261899721,57630.20967726999,75430.50865668156,40.521176836166816,54.80884317309801,14.287666336931196
2016-12-07 → 2017-12-07,5871.199948835439,130721.06456691156,57286.32786669578,75117.01310157836,41.18156481398083,55.463266511798295,14.281701697817468
2016-12-08 → 2017-12-08,5871.199948835439,130266.13475215387,56945.93025506806,74854.27252229655,41.058528940094845,55.45488864360165,14.396359703506803
2016-12-09 → 2017-12-09,5871.199948835439,129786.5017697024,56608.166249132606,74606.01306637187,40.94487569714591,55.46918912153406,14.524313424388147
2016-12-10 → 2017-12-10,5871.199948835439,129786.5017697024,56271.86014362466,74349.58929301161,40.673475716218526,55.26225440920051,14.588778692981982
2016-12-11 → 2017-12-11,5871.199948835439,129786.5017697024,55935.72123196192,74085.28620422324,40.40221066119839,55.048961066970314,14.646750405771925
2016-12-12 → 2017-12-12,5735.941108283111,128836.6288701362,55596.78527387061,73822.85561936989,40.50411502334316,55.30993835128337,14.80582332794021
2016-12-13 → 2017-12-13,5735.941108283111,128836.6288701362,55262.369926176616,73572.66266203561,40.23245500764857,55.106695817156925,14.874240809508358
2016-12-14 → 2017-12-14,5735.941108283111,128836.6288701362,54928.05823306431,70907.01529698342,39.960879195043,52.941275449880756,12.980396254837757
2016-12-15 → 2017-12-15,5649.078506920944,128836.6288701362,54591.83686751783,70640.01077485715,39.73027973710853,52.75771137287181,13.027431635763278
2016-12-16 → 2017-12-16,5091.516474246202,127839.60267414433,54253.735467529055,67807.58607693808,40.0513120124912,51.09331765919127,11.04200564670007
2016-12-17 → 2017-12-17,5091.516474246202,126852.89971468727,53918.64004764785,64902.15776582397,40.100664327197386,49.1211907255277,9.020526398330311
2016-12-18 → 2017-12-18,5091.516474246202,126852.89971468727,53587.00673860084,61922.85482069115,39.828301037440625,46.67435342305585,6.846052385615224
2016-12-19 → 2017-12-19,5091.516474246202,126852.89971468727,53256.90760173141,58827.92745538226,39.55719773023066,44.132556276092295,4.575358545861633
2016-12-20 → 2017-12-20,5091.516474246202,126852.89971468727,52927.782198440385,55598.97953421996,39.28689412942391,41.480690934856696,2.1937968054327897
2016-12-21 → 2017-12-21,5091.516474246202,126852.89971468727,52603.633596604355,52298.0971804556,39.02067786839808,38.769747394369695,-0.25093047402838664
2016-12-22 → 2017-12-22,5091.516474246202,126852.89971468727,52292.94445352289,49060.39196190233,38.76551557078526,36.11068987351367,-2.6548256972715905
2016-12-23 → 2017-12-23,5091.516474246202,126852.89971468727,51993.011339427576,48814.60752206174,38.51918696797772,35.90883240992422,-2.610354558053494
2016-12-24 → 2017-12-24,5091.516474246202,126852.89971468727,51714.06860782786,48597.36247011422,38.29009731395425,35.73041373056466,-2.5596835833895852
2016-12-25 → 2017-12-25,5091.516474246202,126852.89971468727,51426.87709715519,48362.05087909559,38.05423311544596,35.5371573920144,-2.51707572343156
2016-12-26 → 2017-12-26,5091.516474246202,126852.89971468727,51139.31343203429,48104.76976166257,37.81806327450957,35.325857954880895,-2.492205319628674
2016-12-27 → 2017-12-27,5091.516474246202,126852.89971468727,50854.56166026583,47868.30972429959,37.584202780984974,35.13165842209796,-2.4525443588870104
2016-12-28 → 2017-12-28,5091.516474246202,126852.89971468727,50578.60830330053,47645.129736734285,37.357568235925335,34.94836550801814,-2.409202727907193
2016-12-29 → 2017-12-29,5091.516474246202,126852.89971468727,50318.547416847025,47420.818192689156,37.14398583440156,34.76414327098738,-2.3798425634141793
2016-12-30 → 2017-12-30,5091.516474246202,126852.89971468727,50058.97552086303,47225.42912411424,36.930805030212255,34.603674439757796,-2.327130590454459
2016-12-31 → 2017-12-31,5091.516474246202,126852.89971468727,49794.34340624592,46991.635940461085,36.71346837751134,34.411665136453905,-2.301803241057435
2017-01-01 → 2018-01-01,5091.516474246202,126852.89971468727,49532.66184021449,46787.846057229865,36.49855494677715,34.244296897191376,-2.254258049585772
2017-01-02 → 2018-01-02,5091.516474246202,126852.89971468727,49277.20461745417,46559.877235493,36.28875343503194,34.057071016809665,-2.2316824182222774
2017-01-03 → 2018-01-03,5091.516474246202,126852.89971468727,49026.770767954185,46346.463552252455,36.08307751148773,33.88179895800009,-2.20127855348764
2017-01-04 → 2018-01-04,5091.516474246202,126852.89971468727,48780.304909723236,46138.91974566635,35.880660413659385,33.711347702386256,-2.169312711273129
2017-01-05 → 2018-01-05,5091.516474246202,126852.89971468727,48555.54665622784,45912.77447935191,35.69607130378408,33.5256194687739,-2.1704518350101836
2017-01-06 → 2018-01-06,5091.516474246202,126852.89971468727,48298.433306731335,45688.720813827706,35.4849096508413,33.3416090218149,-2.143300629026406
2017-01-07 → 2018-01-07,5091.516474246202,126852.89971468727,48009.12030921453,45461.20362830842,35.24730312090767,33.15475406052556,-2.0925490603821046
2017-01-08 → 2018-01-08,5091.516474246202,126852.89971468727,47724.98967903202,45249.068368491106,35.01395275758152,32.980531943322426,-2.0334208142590953
2017-01-09 → 2018-01-09,5091.516474246202,126852.89971468727,47444.563295826134,45033.492708340105,34.78364461246779,32.80348429946862,-1.9801603129991676
2017-01-10 → 2018-01-10,5091.516474246202,126852.89971468727,47160.78578689773,44798.411985999264,34.550584260017594,32.61041756838802,-1.940166691629571
2017-01-11 → 2018-01-11,5091.516474246202,126852.89971468727,46880.09956478095,44586.78621907832,34.32006271480608,32.4366138867207,-1.8834488280853776
2017-01-12 → 2018-01-12,5091.516474246202,123898.8745316759,46553.32094311429,44289.09811924813,34.89834733032787,32.992553900621544,-1.9057934297063284
2017-01-13 → 2018-01-13,5091.516474246202,121944.50404673119,46233.99834042546,43979.0526275437,35.20875479598517,33.279026031897736,-1.9297287640874359
2017-01-14 → 2018-01-14,5091.516474246202,121944.50404673119,45923.48843296166,43703.4095230629,34.9430278223627,33.04313723674834,-1.899890585614358
2017-01-15 → 2018-01-15,5091.516474246202,121278.70466654166,45610.40900505359,43415.39097475046,34.87380421303135,32.9845958894163,-1.8892083236150512
2017-01-16 → 2018-01-16,5091.516474246202,120360.40212327345,45302.94836478336,43215.6186637191,34.88489687752656,33.07406155166091,-1.8108353258656464
2017-01-17 → 2018-01-17,5091.516474246202,113473.91343140576,44998.57810695389,42960.679791437135,36.82061179038309,34.940326455558576,-1.8802853348245137
2017-01-18 → 2018-01-18,5091.516474246202,113473.91343140576,44721.31037866611,42710.86585015093,36.5647882101043,34.70983336046219,-1.8549548496421053
2017-01-19 → 2018-01-19,5091.516474246202,112645.18916941338,44435.15505090809,42431.18759457038,36.58046963042459,34.71724412996452,-1.863225500460068
2017-01-20 → 2018-01-20,5091.516474246202,112645.18916941338,44153.73294644987,42101.43491722952,36.31881226679756,34.41065052969253,-1.9081617371050257
2017-01-21 → 2018-01-21,5091.516474246202,112645.18916941338,43872.434232624626,41885.40113820348,36.05726962787484,34.20978916102656,-1.8474804668482747
2017-01-22 → 2018-01-22,5091.516474246202,112645.18916941338,43602.3331237111,41668.73969595476,35.80613816751173,34.008344210966335,-1.797793956545398
2017-01-23 → 2018-01-23,5091.516474246202,112645.18916941338,43331.32807902185,41409.656251864464,35.55416625628064,33.76745662656501,-1.7867096297156309
2017-01-24 → 2018-01-24,5091.516474246202,112645.18916941338,43058.39843290259,41125.961147171925,35.30040491156784,33.50368589927743,-1.79671901229041
2017-01-25 → 2018-01-25,5091.516474246202,111645.7661547798,42775.172098153795,40859.437634027054,35.36569938495097,33.56780350574351,-1.7978958792074593
2017-01-26 → 2018-01-26,5091.516474246202,109214.17935623451,42494.88754523305,40600.15948372877,35.92241115978708,34.10270351011648,-1.8197076496706046
2017-01-27 → 2018-01-27,5091.516474246202,109214.17935623451,42220.95954400881,40323.83327755536,35.659329143209476,33.837318243811296,-1.8220108993981796
2017-01-28 → 2018-01-28,5091.516474246202,109214.17935623451,41947.64495669113,40043.10075422666,35.396836252850484,33.56770112534893,-1.8291351275015515
2017-01-29 → 2018-01-29,5091.516474246202,109214.17935623451,41676.09817927744,39809.38904459654,35.13604117721795,33.34324306486405,-1.7927981123538999
2017-01-30 → 2018-01-30,5091.516474246202,108658.65380979302,41405.13216353951,39637.582271146566,35.06287479168314,33.356204183740914,-1.706670607942229
2017-01-31 → 2018-01-31,5091.516474246202,106944.60900920314,41135.43680862412,39386.59038917992,35.38814525637237,33.671116960109316,-1.7170282962630523
2017-02-01 → 2018-02-01,5091.516474246202,106944.60900920314,40883.55037260546,39242.89285164454,35.14084158620427,33.530033823643855,-1.6108077625604125
2017-02-02 → 2018-02-02,5091.516474246202,106944.60900920314,40637.97431418717,39054.23306606921,34.89973348402858,33.344806472289186,-1.5549270117393945
2017-02-03 → 2018-02-03,5091.516474246202,106944.60900920314,40396.758275058135,38809.1688251352,34.66290607591993,33.10420087570418,-1.5587052002157478
2017-02-04 → 2018-02-04,5091.516474246202,106944.60900920314,40160.7680554951,38682.7087120909,34.43120940997723,32.980041549858576,-1.4511678601186517
2017-02-05 → 2018-02-05,5091.516474246202,106944.60900920314,39936.36284729587,38691.21698324965,34.21088698027563,32.98839502342231,-1.2224919568533252
2017-02-06 → 2018-02-06,5091.516474246202,106944.60900920314,39702.368395354184,38384.82508861508,33.98114977140161,32.687577554841845,-1.2935722165597667
2017-02-07 → 2018-02-07,5091.516474246202,106944.60900920314,39471.20464281995,38202.30186007034,33.75419176081896,32.508375113362625,-1.245816647456337
2017-02-08 → 2018-02-08,5091.516474246202,106944.60900920314,39245.13107392338,37933.217129097735,33.53223132420387,32.2441860501977,-1.2880452740061727
2017-02-09 → 2018-02-09,5091.516474246202,106944.60900920314,39017.0516026183,37671.83171069307,33.30830148012299,31.987556220018554,-1.320745260104438
2017-02-10 → 2018-02-10,5091.516474246202,106944.60900920314,38771.06211976789,37465.62348450704,33.06678747526744,31.785099700482583,-1.2816877747848565
2017-02-11 → 2018-02-11,5091.516474246202,106944.60900920314,38530.66473378917,37328.470344648835,32.83076382591559,31.650441894377053,-1.1803219315385363
2017-02-12 → 2018-02-12,5091.516474246202,106944.60900920314,38291.186640924374,37046.08204442216,32.595642744263,31.373191304141162,-1.2224514401218407
2017-02-13 → 2018-02-13,5091.516474246202,106944.60900920314,38051.72580397313,36891.49268122203,32.36053860457372,31.22141450546706,-1.1391240991066596
2017-02-14 → 2018-02-14,5091.516474246202,106944.60900920314,37807.34872952097,36589.42139757742,32.120607672316275,30.9248390396402,-1.1957686326760744
2017-02-15 → 2018-02-15,5091.516474246202,106944.60900920314,37564.45529660618,36313.47207300251,31.88213338855172,30.653910275763735,-1.2282231127879832
2017-02-16 → 2018-02-16,5091.516474246202,106944.60900920314,37321.79277876163,36087.60423620149,31.643885818639916,30.432151828200155,-1.211733990439761
2017-02-17 → 2018-02-17,5091.516474246202,106944.60900920314,37082.91500325642,35799.96836941777,31.409354132306266,30.149749144467208,-1.259604987839058
2017-02-18 → 2018-02-18,5091.516474246202,106944.60900920314,36850.973240155785,35637.90641491325,31.181632266108604,29.990635709154574,-1.1909965569540297
2017-02-19 → 2018-02-19,5091.516474246202,106944.60900920314,36617.90505187607,35373.57620429149,30.952804468661295,29.731114663653635,-1.2216898050076601
2017-02-20 → 2018-02-20,5091.516474246202,106944.60900920314,36384.146438874006,35148.20987340497,30.723298807925627,29.50984859771738,-1.2134502102082472
2017-02-21 → 2018-02-21,5091.516474246202,106944.60900920314,36159.30387684464,35012.829489473814,30.502546981512307,29.376931294411452,-1.1256156871008542
2017-02-22 → 2018-02-22,5091.516474246202,106944.60900920314,35944.926910802336,34888.34106618427,30.292070342357995,29.254707785835294,-1.0373625565227016
2017-02-23 → 2018-02-23,5091.516474246202,106944.60900920314,35729.96649934187,34681.61866575334,30.08102087286183,29.05174644682639,-1.0292744260354425
2017-02-24 → 2018-02-24,5091.516474246202,106944.60900920314,35528.35303141064,34559.76320189439,29.883075515569875,28.932107994201957,-0.9509675213679181
2017-02-25 → 2018-02-25,5091.516474246202,106944.60900920314,35326.33057663727,34403.23125982676,29.68472861245151,28.778423959508647,-0.9063046529428647
2017-02-26 → 2018-02-26,5091.516474246202,106944.60900920314,35115.57032064734,34139.01055714332,29.477802881730476,28.519010429582934,-0.9587924521475415
2017-02-27 → 2018-02-27,5091.516474246202,106944.60900920314,34910.004699449804,33895.54247316669,29.27597727577061,28.279971949830273,-0.9960053259403381
2017-02-28 → 2018-02-28,5091.516474246202,106944.60900920314,34707.71158193159,33629.080761306686,29.077364634285242,28.018358183151022,-1.0590064511342199
2017-03-01 → 2018-03-01,5091.516474246202,106944.60900920314,34502.81461252774,33268.50178735073,28.8761955148169,27.664339502930584,-1.211856011886315
2017-03-02 → 2018-03-02,5091.516474246202,106944.60900920314,34305.2095587724,32911.58768178882,28.682185643503942,27.31391901330292,-1.3682666302010205
2017-03-03 → 2018-03-03,5091.516474246202,106944.60900920314,34112.78156327103,32537.225487493903,28.493258640197368,26.946367881591893,-1.5468907586054748
2017-03-04 → 2018-03-04,5091.516474246202,106944.60900920314,33924.71153812368,32155.032492993632,28.308610319300477,26.57112842151453,-1.7374818977859476
2017-03-05 → 2018-03-05,5091.516474246202,106944.60900920314,33733.06979687103,31809.909048068665,28.120455265307516,26.23228407586393,-1.888171189443586
2017-03-06 → 2018-03-06,5091.516474246202,106944.60900920314,33544.58016699946,31560.48967995988,27.93539497388153,25.987402588320315,-1.9479923855612142
2017-03-07 → 2018-03-07,5091.516474246202,106944.60900920314,33359.08900508852,31331.838170843457,27.75327859695632,25.76291111395693,-1.9903674829993925
2017-03-08 → 2018-03-08,5091.516474246202,106944.60900920314,33167.0441080425,31083.96987948632,27.564727722096922,25.519552483219172,-2.04517523887775
2017-03-09 → 2018-03-09,5091.516474246202,106944.60900920314,32959.347303957846,30739.746511826965,27.360809707517863,25.1815918390284,-2.179217868489463
2017-03-10 → 2018-03-10,5091.516474246202,106944.60900920314,32761.507727164862,30477.460811275694,27.166569580027293,24.924078106235996,-2.242491473791297
2017-03-11 → 2018-03-11,5091.516474246202,106944.60900920314,32541.509395807727,29991.19207634627,26.950573849429695,24.446656436626377,-2.503917412803318
2017-03-12 → 2018-03-12,5091.516474246202,106944.60900920314,32339.20592803113,29684.092483232977,26.751951045996243,24.145144145276078,-2.6068069007201657
2017-03-13 → 2018-03-13,5091.516474246202,106944.60900920314,32147.21404211656,29349.854493631286,26.56345221779554,23.816987207393232,-2.746465010402307
2017-03-14 → 2018-03-14,5091.516474246202,106944.60900920314,31959.995079055705,29240.256589338835,26.379639474950643,23.709383303020044,-2.6702561719305997
2017-03-15 → 2018-03-15,5091.516474246202,106944.60900920314,31773.85214452729,28980.409921048282,26.196883183614144,23.45426422727733,-2.7426189563368126
2017-03-16 → 2018-03-16,5091.516474246202,106944.60900920314,31589.391670446897,28703.054143041572,26.01577874241411,23.181954598670306,-2.8338241437438043
2017-03-17 → 2018-03-17,5091.516474246202,106944.60900920314,31392.122630247934,28518.234271938672,25.822098771301537,23.000497299237335,-2.821601472064202
2017-03-18 → 2018-03-18,5091.516474246202,106944.60900920314,31170.63377229679,28139.682008872733,25.604639632419595,22.628832331935516,-2.975807300484078
2017-03-19 → 2018-03-19,5091.516474246202,106944.60900920314,30918.789633208296,27693.610579102467,25.357377489640715,22.19087662664638,-3.1665008629943365
2017-03-20 → 2018-03-20,5091.516474246202,106944.60900920314,30681.695450789004,27265.381367204405,25.124596946096673,21.770438521881825,-3.354158424214848
2017-03-21 → 2018-03-21,5091.516474246202,106944.60900920314,30449.181906406397,26905.164291528446,24.896313701478636,21.416775155644487,-3.4795385458341492
2017-03-22 → 2018-03-22,5091.516474246202,106944.60900920314,30234.803280071163,26605.402013290255,24.685835432238395,21.122466685692714,-3.563368746545681
2017-03-23 → 2018-03-23,5091.516474246202,106944.60900920314,30002.552873644374,26239.08598146383,24.457810538102684,20.762815326357998,-3.6949952117446863
2017-03-24 → 2018-03-24,5091.516474246202,106944.60900920314,29768.545108726295,25908.645589697888,24.2280602584656,20.438386893659665,-3.7896733648059353
2017-03-25 → 2018-03-25,5091.516474246202,103846.68316917396,29508.71689739438,25542.086346978853,24.724985274519604,20.70835436479804,-4.016630909721563
2017-03-26 → 2018-03-26,5091.516474246202,103846.68316917396,29260.056500965486,25250.380640941214,24.47319045228306,20.412971636177097,-4.060218816105962
2017-03-27 → 2018-03-27,5091.516474246202,96340.25886455341,29011.18455983931,24982.44799505227,26.213696166111706,21.798581547266295,-4.415114618845411
2017-03-28 → 2018-03-28,5091.516474246202,96340.25886455341,28783.64315295061,24654.584405497986,25.96433228346726,21.439274031386375,-4.5250582520808855
2017-03-29 → 2018-03-29,5091.516474246202,96340.25886455341,28560.661358523117,24663.410991794655,25.719965305264196,21.448947135985357,-4.27101816927884
2017-03-30 → 2018-03-30,5091.516474246202,96340.25886455341,28337.858186361325,24567.639877796933,25.47579408018717,21.34399104400102,-4.131803036186152
2017-03-31 → 2018-03-31,5091.516474246202,92443.3538317219,28114.10366663688,24359.323018866096,26.35615676654152,22.057700361549326,-4.298456404992194
2017-04-01 → 2018-04-01,5091.516474246202,91783.13571714156,27901.679484641896,24215.699651837902,26.3118433011217,22.06001381057257,-4.251829490549131
2017-04-02 → 2018-04-02,5091.516474246202,90451.65585485799,27689.75331742051,23963.52262515574,26.47399243622503,22.108687131778535,-4.365305304446494
2017-04-03 → 2018-04-03,5091.516474246202,88042.76708027783,27479.436320860605,23658.154191554764,26.989249327829317,22.382589269797613,-4.606660058031704
2017-04-04 → 2018-04-04,5091.516474246202,88042.76708027783,27281.03811882528,23656.23361981486,26.750074872247453,22.380273968068135,-4.369800904179318
2017-04-05 → 2018-04-05,5091.516474246202,88042.76708027783,27081.960612538573,23482.814739035908,26.5100814968224,22.171212767047088,-4.338868729775314
2017-04-06 → 2018-04-06,5091.516474246202,85283.60305459557,26882.738479156644,23373.237449667984,27.173781022740297,22.797412756063164,-4.376368266677133
2017-04-07 → 2018-04-07,5091.516474246202,85283.60305459557,26693.69736550641,23120.65083979671,26.93804565069604,22.482435779353388,-4.455609871342652
2017-04-08 → 2018-04-08,5091.516474246202,85283.60305459557,26503.40725910914,22903.73613013747,26.7007527774066,22.211941870404026,-4.4888109070025735
2017-04-09 → 2018-04-09,5091.516474246202,85283.60305459557,26313.28148300148,22812.748108554428,26.463664824947397,22.098479276446113,-4.365185548501284
2017-04-10 → 2018-04-10,5091.516474246202,85283.60305459557,26128.234106297365,22623.95758597336,26.232909666184067,21.863056392927664,-4.369853273256403
2017-04-11 → 2018-04-11,5091.516474246202,85283.60305459557,25942.07891313317,22411.902683217464,26.000773053829334,21.598622691550627,-4.402150362278707
2017-04-12 → 2018-04-12,5091.516474246202,85283.60305459557,25754.473072069413,21957.072242763374,25.76682747507727,21.03144647772513,-4.7353809973521415
2017-04-13 → 2018-04-13,5091.516474246202,85283.60305459557,25564.305437202256,21740.684093497053,25.529687324500667,20.76160919265897,-4.768078131841698
2017-04-14 → 2018-04-14,5091.516474246202,85201.27327591275,25365.415756730825,21508.094967875255,25.307653014948183,20.49260807803068,-4.815044936917502
2017-04-15 → 2018-04-15,5091.516474246202,85201.27327591275,25165.504386420682,21218.481907854788,25.058106170354616,20.13108774444949,-4.927018425905125
2017-04-16 → 2018-04-16,5091.516474246202,85201.27327591275,24967.03809258644,21075.92688748608,24.810363196517358,19.95313810877447,-4.857225087742886
2017-04-17 → 2018-04-17,5091.516474246202,83899.57143881709,24768.886815743583,20918.744647396394,24.96872984664268,20.083262022220335,-4.885467824422346
2017-04-18 → 2018-04-18,5091.516474246202,83185.57785964316,24573.124724297657,20674.288789491213,24.94633766568885,19.9538505730205,-4.992487092668352
2017-04-19 → 2018-04-19,5091.516474246202,82674.6295002957,24378.86784859569,20464.230186619334,24.86024422334474,19.814510030309755,-5.045734193034985
2017-04-20 → 2018-04-20,5091.516474246202,80919.04127930474,24183.89032431401,20151.830481426776,25.17868531137144,19.861276028590456,-5.317409282780982
2017-04-21 → 2018-04-21,5091.516474246202,80414.91570979715,23993.625656567983,19943.166822031006,25.09460456399638,19.71718018373122,-5.377424380265161
2017-04-22 → 2018-04-22,5091.516474246202,80414.91570979715,23805.624406257146,19786.05913477876,24.845012468818993,19.508602651587537,-5.336409817231456
2017-04-23 → 2018-04-23,5091.516474246202,79999.90507363711,23616.505031213113,19605.337331410374,24.730192310020595,19.37542794410369,-5.354764365916903
2017-04-24 → 2018-04-24,5091.516474246202,79539.34361187399,23426.23293417901,19309.53699894988,24.627604545178173,19.097965745084235,-5.529638800093938
2017-04-25 → 2018-04-25,5091.516474246202,78133.25786637832,23239.76589082985,19299.413101107923,24.84640846547305,19.451749583276175,-5.394658882196875
2017-04-26 → 2018-04-26,5091.516474246202,77131.60176632316,23055.77782478411,19082.749041764037,24.936479846885515,19.42145475091019,-5.515025095975325
2017-04-27 → 2018-04-27,5091.516474246202,74300.27958732945,22875.457075226655,18997.922564505578,25.696082115963392,20.093418036581706,-5.602664079381686
2017-04-28 → 2018-04-28,5091.516474246202,74184.79320063037,22701.6982426105,18795.59892022692,25.487547562843577,19.834176486158217,-5.65337107668536
2017-04-29 → 2018-04-29,5091.516474246202,73653.14615724926,22528.083225236966,18645.366872451224,25.431960750655,19.76885680937238,-5.663103941282621
2017-04-30 → 2018-04-30,5091.516474246202,72361.18448066026,22356.450944082513,18546.772672583298,25.665258922030254,20.00196611205835,-5.663292809971903
2017-05-01 → 2018-05-01,5091.516474246202,69592.25607570364,22188.859518301415,18456.540649112445,26.507204645555543,20.720730114797398,-5.786474530758145
2017-05-02 → 2018-05-02,5091.516474246202,68314.45371497168,22028.40168941257,18316.28735509451,26.789146399000835,20.91767870653356,-5.871467692467274
2017-05-03 → 2018-05-03,5091.516474246202,65815.06602518205,21869.77114319032,18094.805775827554,27.630556502416344,21.413915025955443,-6.2166414764609
2017-05-04 → 2018-05-04,5091.516474246202,65519.30261083969,21718.125737498565,17979.313511480017,27.514840980056565,21.32760086246036,-6.187240117596204
2017-05-05 → 2018-05-05,5091.516474246202,65519.30261083969,21568.57954599033,17831.346798434668,27.267361796936747,21.082735507454835,-6.184626289481912
2017-05-06 → 2018-05-06,5091.516474246202,65519.30261083969,21418.45969332098,17741.28462992667,27.01893328040957,20.933694521070827,-6.085238759338743
2017-05-07 → 2018-05-07,5091.516474246202,65519.30261083969,21274.049706441074,17662.451871078716,26.77995383715564,20.803236723610308,-5.976717113545334
2017-05-08 → 2018-05-08,5091.516474246202,59344.134688936545,21124.693607593712,17576.054373087638,29.55281728505796,23.011862486409758,-6.540954798648201
2017-05-09 → 2018-05-09,5091.516474246202,58662.668056652576,20991.952088606027,17434.30846039587,29.6809666111075,23.039997501571797,-6.640969109535703
2017-05-10 → 2018-05-10,5091.516474246202,58662.668056652576,20863.26172858653,17378.063757684555,29.440743363672667,22.935006846993844,-6.505736516678823
2017-05-11 → 2018-05-11,5091.516474246202,58662.668056652576,20742.430613407785,17425.197012978548,29.21519078246135,23.022989378452944,-6.192201404008404
2017-05-12 → 2018-05-12,5091.516474246202,58662.668056652576,20625.772115249878,17333.227872302894,28.997427126627933,22.851312761544342,-6.146114365083591
2017-05-13 → 2018-05-13,5091.516474246202,57574.40706134547,20496.91171274105,17175.196989193766,29.35317598966552,23.024037700236416,-6.329138289429103
2017-05-14 → 2018-05-14,5091.516474246202,57574.40706134547,20374.911109019202,17082.564966414095,29.120718130814588,22.847538232041266,-6.273179898773321
2017-05-15 → 2018-05-15,5091.516474246202,57574.40706134547,20254.850374544996,17030.91697923558,28.891956465572548,22.749129042683066,-6.142827422889482
2017-05-16 → 2018-05-16,5091.516474246202,56914.32341518506,20130.352094182046,16977.681036965147,29.01972414785487,22.936165106350384,-6.083559041504486
2017-05-17 → 2018-05-17,5091.516474246202,55286.92056429757,20008.787176830792,16963.882780891563,29.718399469048528,23.65229749987896,-6.066101969169569
2017-05-18 → 2018-05-18,5091.516474246202,52791.41845486765,19890.916118434725,16836.07464325493,31.02605881706198,24.62176583461339,-6.404292982448588
2017-05-19 → 2018-05-19,5091.516474246202,52335.482920267066,19779.877903317385,16753.141398280502,31.090449287007978,24.68383965465394,-6.406609632354037
2017-05-20 → 2018-05-20,5091.516474246202,52335.482920267066,19673.11324878208,16599.003592933077,30.864463489102356,24.357580415765653,-6.506883073336702
2017-05-21 → 2018-05-21,5091.516474246202,52335.482920267066,19572.24274079517,16540.406141558167,30.650953668536886,24.233548807535087,-6.417404861001799
2017-05-22 → 2018-05-22,5091.516474246202,52335.482920267066,19472.772289955996,16565.583601439546,30.44040731029911,24.286841242051874,-6.153566068247237
2017-05-23 → 2018-05-23,5091.516474246202,52335.482920267066,19377.676614665525,16650.704251774958,30.239120918736024,24.467013773570088,-5.772107145165936
2017-05-24 → 2018-05-24,5091.516474246202,52335.482920267066,19292.701997973934,16596.929463696688,30.059257492601642,24.353190163650055,-5.706067328951587
2017-05-25 → 2018-05-25,5091.516474246202,52335.482920267066,19216.36207581601,16604.265804116603,29.89767088609783,24.3687187929583,-5.52895209313953
2017-05-26 → 2018-05-26,5091.516474246202,52335.482920267066,19135.866428833706,16600.087269219453,29.72728797154243,24.359874203455167,-5.367413768087264
2017-05-27 → 2018-05-27,5091.516474246202,52335.482920267066,19053.233905519595,16557.96215121758,29.552381989826177,24.270709128693706,-5.281672861132471
2017-05-28 → 2018-05-28,5091.516474246202,52335.482920267066,18958.005983265644,16583.984645999022,29.35081567476507,24.325790225263304,-5.025025449501765
2017-05-29 → 2018-05-29,5091.516474246202,52335.482920267066,18871.903817904396,16436.31246957117,29.168565597478217,24.013216604679233,-5.155348992798984
2017-05-30 → 2018-05-30,5091.516474246202,52335.482920267066,18789.36504875303,16409.818860199593,28.99385806261094,23.95713831285789,-5.0367197497530505
2017-05-31 → 2018-05-31,5091.516474246202,52335.482920267066,18699.829851396047,16323.863310784847,28.804341381238974,23.775198573498884,-5.02914280774009
2017-06-01 → 2018-06-01,5091.516474246202,52335.482920267066,18617.341254669118,16257.78217979038,28.629740044957913,23.63532646714226,-4.994413577815653
2017-06-02 → 2018-06-02,5091.516474246202,52335.482920267066,18539.26683065058,16169.600053973143,28.46448206623222,23.448673794958204,-5.015808271274018
2017-06-03 → 2018-06-03,5091.516474246202,52335.482920267066,18464.543947039856,16096.064570455104,28.306318200596387,23.293023266330263,-5.013294934266124
2017-06-04 → 2018-06-04,5091.516474246202,52335.482920267066,18393.873251384324,16111.819179768714,28.1567314893784,23.32637061308958,-4.830360876288822
2017-06-05 → 2018-06-05,5091.516474246202,52335.482920267066,18321.563311872145,16030.629056323076,28.003675035926722,23.154517719369483,-4.849157316557239
2017-06-06 → 2018-06-06,5091.516474246202,52335.482920267066,18255.527916380794,15973.235639991673,27.863899736647397,23.033034658888145,-4.830865077759253
2017-06-07 → 2018-06-07,5091.516474246202,52335.482920267066,18196.01364498861,15926.953708163932,27.73792752078744,22.9350709710157,-4.8028565497717395
2017-06-08 → 2018-06-08,5091.516474246202,52335.482920267066,18130.916214859702,15894.137065699633,27.600137586906076,22.86560888954167,-4.734528697364407
2017-06-09 → 2018-06-09,5091.516474246202,52335.482920267066,18069.584514225735,15873.39275214411,27.470318468725047,22.82169997351273,-4.648618495212318
2017-06-10 → 2018-06-10,5091.516474246202,52335.482920267066,18012.683230687107,16105.897880788514,27.349877092144947,23.313837162946342,-4.036039929198605
2017-06-11 → 2018-06-11,5091.516474246202,52335.482920267066,17958.885441615486,16083.856321787112,27.23600479665704,23.26718240328177,-3.9688223933752695
2017-06-12 → 2018-06-12,5091.516474246202,52335.482920267066,17908.88368550088,16198.883899050243,27.130167459371364,23.5106581016962,-3.619509357675163
2017-06-13 → 2018-06-13,5091.516474246202,52335.482920267066,17849.70136324757,16291.487619208077,27.00489787109297,23.70666984059971,-3.298228030493263
2017-06-14 → 2018-06-14,5091.516474246202,52335.482920267066,17789.985780113515,16179.186652898003,26.87849954422454,23.468965484344217,-3.409534059880322
2017-06-15 → 2018-06-15,5091.516474246202,52335.482920267066,17720.877382209128,16237.817234886255,26.73221970554218,23.593067219229756,-3.139152486312426
2017-06-16 → 2018-06-16,5091.516474246202,52335.482920267066,17649.565867900546,16191.119701977674,26.581276591165746,23.494223840018705,-3.0870527511470414
2017-06-17 → 2018-06-17,5091.516474246202,52335.482920267066,17581.588661649912,16187.567193021747,26.43739111463976,23.48670434234912,-2.950686772290638
2017-06-18 → 2018-06-18,5091.516474246202,52335.482920267066,17519.348856154353,16079.889512698788,26.305649835958867,23.258785967955248,-3.0468638680036193
2017-06-19 → 2018-06-19,5091.516474246202,52335.482920267066,17450.999951511443,16029.321793042911,26.160977595703592,23.151750671260473,-3.0092269244431193
2017-06-20 → 2018-06-20,5091.516474246202,52335.482920267066,17385.951882819125,15984.676597023059,26.023292143812842,23.05725141690413,-2.9660407269087123
2017-06-21 → 2018-06-21,5091.516474246202,52335.482920267066,17326.644043523695,15962.417596697138,25.897756877075253,23.010136405188604,-2.887620471886649
2017-06-22 → 2018-06-22,5091.516474246202,52335.482920267066,17268.210753010873,16185.979950309193,25.77407274361117,23.483344669502078,-2.2907280741090936
2017-06-23 → 2018-06-23,5091.516474246202,52335.482920267066,17210.76609091304,16156.040715414732,25.652481212630242,23.419973117224245,-2.232508095405997
2017-06-24 → 2018-06-24,5091.516474246202,52335.482920267066,17153.491714272484,16163.392575009766,25.53125012017742,23.43553459554219,-2.095715524635228
2017-06-25 → 2018-06-25,5091.516474246202,52335.482920267066,17090.615871717244,16114.19204183415,25.398162559404806,23.33139318474039,-2.0667693746644176
2017-06-26 → 2018-06-26,5091.516474246202,52335.482920267066,17026.046153132826,16151.924918369503,25.261489617986577,23.411261323200915,-1.850228294785662
2017-06-27 → 2018-06-27,5091.516474246202,52335.482920267066,16957.944734736084,16119.99416245801,25.11734122503877,23.343674373345685,-1.7736668516930862
2017-06-28 → 2018-06-28,5091.516474246202,52335.482920267066,16896.601909277153,16223.766799241326,24.987498559247744,23.563327049845412,-1.4241715094023313
2017-06-29 → 2018-06-29,5091.516474246202,52335.482920267066,16833.910295028574,16073.799337638357,24.854800949447753,23.2458950624734,-1.6089058869743518
2017-06-30 → 2018-06-30,5091.516474246202,52335.482920267066,16769.21556808644,15979.068954827744,24.717863406288565,23.045381875421572,-1.6724815308669925
2017-07-01 → 2018-07-01,5091.516474246202,52335.482920267066,16700.76914619008,15939.113514230792,24.572984753954056,22.960809296947232,-1.612175457006824
2017-07-02 → 2018-07-02,5091.516474246202,52335.482920267066,16628.85454266882,15806.689399446752,24.420765097284406,22.680510827648845,-1.7402542696355603
2017-07-03 → 2018-07-03,5091.516474246202,52335.482920267066,16562.429171494678,15791.189281356063,24.280164347239342,22.647702155437972,-1.6324621918013698
2017-07-04 → 2018-07-04,5091.516474246202,52335.482920267066,16496.89103202122,15721.576209592145,24.141441576050475,22.500354087524464,-1.6410874885260114
2017-07-05 → 2018-07-05,5091.516474246202,52335.482920267066,16433.601975734407,15692.958852069141,24.00747937717557,22.43978051659938,-1.56769886057619
2017-07-06 → 2018-07-06,5091.516474246202,52335.482920267066,16370.24961836404,15632.208906369517,23.873383190644002,22.31119278303337,-1.5621904076106325
2017-07-07 → 2018-07-07,5091.516474246202,52335.482920267066,16305.843033689136,15542.288569771972,23.73705555027009,22.12086088805947,-1.6161946622106171
2017-07-08 → 2018-07-08,5091.516474246202,52335.482920267066,16237.11844826568,15499.233058495414,23.59158811687417,22.029726475529245,-1.561861641344926
2017-07-09 → 2018-07-09,5091.516474246202,52335.482920267066,16171.118240487636,15465.105735368139,23.451887298456533,21.957490112466317,-1.4943971859902163
2017-07-10 → 2018-07-10,5091.516474246202,52335.482920267066,16105.40427754326,15537.766270104714,23.31279236657892,22.11128866115421,-1.2015037054247095
2017-07-11 → 2018-07-11,5091.516474246202,52335.482920267066,16030.441818530046,15499.00689724137,23.154121398300116,22.029247766244108,-1.1248736320560084
2017-07-12 → 2018-07-12,5091.516474246202,52335.482920267066,15956.988949243923,15560.803801925103,22.998645736936993,22.160051568999197,-0.8385941679377957
2017-07-13 → 2018-07-13,5091.516474246202,52335.482920267066,15885.946356146704,15538.541958128213,22.848271840667316,22.112930538587143,-0.7353413020801725
2017-07-14 → 2018-07-14,5091.516474246202,52335.482920267066,15813.050301420853,15509.255881447156,22.69397477331769,22.05094150827463,-0.6430332650430621
2017-07-15 → 2018-07-15,5091.516474246202,52335.482920267066,15732.732503462508,15453.617667860413,22.52396830688327,21.933173637005158,-0.590794669878111
2017-07-16 → 2018-07-16,5091.516474246202,52335.482920267066,15636.122710839723,15290.600226559412,22.319477024947474,21.588119117742348,-0.7313579072051262
2017-07-17 → 2018-07-17,5091.516474246202,45131.520776584344,15530.452244276077,15068.024898323201,26.071265355534166,24.916352028200002,-1.1549133273341639
2017-07-18 → 2018-07-18,5091.516474246202,44305.32109133738,15444.18419095683,14960.957590873673,26.400569436709187,25.168282478578767,-1.2322869581304197
2017-07-19 → 2018-07-19,5091.516474246202,44305.32109133738,15362.175775599055,14863.669301844373,26.191437942944273,24.920185437296276,-1.2712525056479969
2017-07-20 → 2018-07-20,5091.516474246202,39645.96712288297,15278.411708584079,14806.441115882117,29.480703767865478,28.114828797080545,-1.3658749707849331
2017-07-21 → 2018-07-21,5091.516474246202,39645.96712288297,15218.527013958204,14743.294129549544,29.307398467095965,27.932082478886468,-1.375315988209497
2017-07-22 → 2018-07-22,5091.516474246202,39645.96712288297,15152.97249116855,14689.127528660112,29.11768477881818,27.77532524538211,-1.3423595334360705
2017-07-23 → 2018-07-23,5091.516474246202,39645.96712288297,15091.827836261697,14598.27032819001,28.94073317415053,27.512386032734877,-1.428347141415653
2017-07-24 → 2018-07-24,5091.516474246202,39645.96712288297,15025.126601260277,14454.343020349042,28.747700919985462,27.09586282041564,-1.6518380995698223
2017-07-25 → 2018-07-25,5091.516474246202,39645.96712288297,14959.267416780143,14379.20139045893,28.557105545890778,26.87840420515886,-1.6787013407319193
2017-07-26 → 2018-07-26,5091.516474246202,39645.96712288297,14887.009199052462,14331.118572443014,28.34799147701892,26.739253337142348,-1.6087381398765714
2017-07-27 → 2018-07-27,5091.516474246202,37521.37480402425,14812.113796395874,14244.094142471859,29.974220742197733,28.222687793308953,-1.75153294888878
2017-07-28 → 2018-07-28,5091.516474246202,37172.70817032268,14742.955601426564,14174.029614455967,30.08441587399239,28.31102169225389,-1.7733941817384995
2017-07-29 → 2018-07-29,5091.516474246202,37172.70817032268,14678.360345688863,14106.187957989036,29.8830665714177,28.09955306256695,-1.7835135088507492
2017-07-30 → 2018-07-30,5091.516474246202,37172.70817032268,14610.842276678102,14044.223328591843,29.672606593339584,27.906403662182395,-1.7662029311571885
2017-07-31 → 2018-07-31,5091.516474246202,37172.70817032268,14546.834036865688,14026.532648259548,29.47308707293398,27.85126019837379,-1.6218268745601883
2017-08-01 → 2018-08-01,5091.516474246202,37172.70817032268,14487.354458466167,14002.978644476847,29.287683803120924,27.777840220693907,-1.5098435824270169
2017-08-02 → 2018-08-02,5091.516474246202,37172.70817032268,14423.400251584291,13973.250471752752,29.08833270828707,27.68517479540133,-1.4031579128857388
2017-08-03 → 2018-08-03,5091.516474246202,35845.55325111955,14358.701127936829,13951.464162329317,30.133230056678066,28.8090560350298,-1.3241740216482647
2017-08-04 → 2018-08-04,5091.516474246202,34961.6996280641,14299.782152531317,13968.061707767265,30.82761706169233,29.717076684166543,-1.110540377525787
2017-08-05 → 2018-08-05,5091.516474246202,30958.6336998795,14243.115047210438,13956.974875378459,35.379275135829054,34.273082399560685,-1.106192736268369
2017-08-06 → 2018-08-06,5091.516474246202,30958.6336998795,14198.145843158816,13966.151043693333,35.20542814832223,34.30855665915766,-0.8968714891645675
2017-08-07 → 2018-08-07,5091.516474246202,30793.214049387676,14154.202157690857,13993.179524579404,35.261039302750305,34.63453347510725,-0.626505827643058
2017-08-08 → 2018-08-08,5091.516474246202,30793.214049387676,14117.260528741795,14068.83439352138,35.11730704988623,34.928890953716554,-0.18841609616967503
2017-08-09 → 2018-08-09,5091.516474246202,30793.214049387676,14079.164934701123,14072.823847368687,34.969084957048594,34.94441309514571,-0.024671861902881176
2017-08-10 → 2018-08-10,5091.516474246202,30793.214049387676,14042.067508117865,14142.971977104087,34.824746527749134,35.2173449881863,0.3925984604371635
2017-08-11 → 2018-08-11,5091.516474246202,30793.214049387676,14005.847783115889,14159.33752011688,34.683823054129995,35.281019937924334,0.5971968837943393
2017-08-12 → 2018-08-12,5091.516474246202,30793.214049387676,13974.475015189046,14182.860689951201,34.56175808999632,35.37254373616976,0.8107856461734428
2017-08-13 → 2018-08-13,5091.516474246202,30793.214049387676,13947.499505603259,14209.414758313525,34.456801950399225,35.47586013495895,1.019058184559725
2017-08-14 → 2018-08-14,5091.516474246202,30793.214049387676,13924.442379120572,14242.130692885688,34.36709143063578,35.60315108325726,1.2360596526214778
2017-08-15 → 2018-08-15,5091.516474246202,30793.214049387676,13904.544772408462,14256.945749395454,34.28967395012137,35.660793410058645,1.371119459937276
2017-08-16 → 2018-08-16,5091.516474246202,30793.214049387676,13882.29906087523,14271.260473708151,34.20312047843649,35.716489047558255,1.5133685691217664
2017-08-17 → 2018-08-17,5091.516474246202,30793.214049387676,13861.33064015429,14246.54942112969,34.12153668164783,35.62034344275446,1.4988067611066285
2017-08-18 → 2018-08-18,5091.516474246202,30793.214049387676,13840.611778968876,14272.852696789832,34.04092386949859,35.72268405890732,1.6817601894087275
2017-08-19 → 2018-08-19,5091.516474246202,30793.214049387676,13816.204345997387,14265.27248632801,33.94595958591331,35.69319102468395,1.7472314387706405
2017-08-20 → 2018-08-20,5091.516474246202,30793.214049387676,13794.086628553338,14304.235607463881,33.8599041128093,35.844788486376736,1.9848843735674322
2017-08-21 → 2018-08-21,5091.516474246202,30793.214049387676,13769.424489328208,14276.222817097616,33.76394881976678,35.73579650137509,1.9718476816083097
2017-08-22 → 2018-08-22,5091.516474246202,30793.214049387676,13743.91826643979,14293.886802188917,33.66470937142354,35.80452342122021,2.1398140497966693
2017-08-23 → 2018-08-23,5091.516474246202,30793.214049387676,13718.787024062338,14265.041738646038,33.56692889484616,35.69229323308362,2.1253643382374605
2017-08-24 → 2018-08-24,5091.516474246202,30793.214049387676,13693.694450267521,14218.786853729382,33.469298869741955,35.51232502366311,2.0430261539211543
2017-08-25 → 2018-08-25,5091.516474246202,30793.214049387676,13671.038189741656,14191.912002400657,33.38114803667099,35.40776052456668,2.02661248789569
2017-08-26 → 2018-08-26,5091.516474246202,30793.214049387676,13649.114714157304,14180.477743042851,33.295848318548266,35.363272181629895,2.067423863081629
2017-08-27 → 2018-08-27,5091.516474246202,30793.214049387676,13626.138502900692,14140.787391020098,33.206452623227214,35.208845214669,2.002392591441783
2017-08-28 → 2018-08-28,5091.516474246202,30793.214049387676,13601.77508148854,14080.343711315723,33.11165957953458,34.973671333536586,1.8620117540020047
2017-08-29 → 2018-08-29,5091.516474246202,30793.214049387676,13578.238297606073,14054.02213755466,33.020082811837995,34.87125952325009,1.8511767114120943
2017-08-30 → 2018-08-30,5091.516474246202,30793.214049387676,13558.064754447178,14040.832186404174,32.94159171956708,34.819940145952444,1.8783484263853651
2017-08-31 → 2018-08-31,5091.516474246202,30793.214049387676,13537.38744111229,14011.070411724051,32.86114056152806,34.70414322400552,1.8430026624774598
2017-09-01 → 2018-09-01,5091.516474246202,30793.214049387676,13517.737702164775,13961.191920089766,32.784687483321584,34.510076308820395,1.7253888254988112
2017-09-02 → 2018-09-02,5091.516474246202,30793.214049387676,13499.680086201837,13919.441280537842,32.714429027007,34.34763318836167,1.6332041613546693
2017-09-03 → 2018-09-03,5091.516474246202,30793.214049387676,13477.86646649803,13894.408281917129,32.62955673543936,34.25023495796259,1.6206782225232317
2017-09-04 → 2018-09-04,5091.516474246202,30793.214049387676,13455.923609922525,13850.186722015656,32.54418160988062,34.0781779964635,1.533996386582885
2017-09-05 → 2018-09-05,5091.516474246202,30793.214049387676,13433.70274561565,13898.262686539707,32.45772481362461,34.26523165073476,1.8075068371101537
2017-09-06 → 2018-09-06,5091.516474246202,30793.214049387676,13414.47166893214,13920.57537804643,32.382900663868405,34.352045727670685,1.96914506380228
2017-09-07 → 2018-09-07,5091.516474246202,30793.214049387676,13397.805645675053,13946.766323079702,32.31805660752403,34.45394928854134,2.1358926810173102
2017-09-08 → 2018-09-08,5091.516474246202,30793.214049387676,13383.014402851151,13975.935482579931,32.260506934858796,34.56744046714908,2.3069335322902873
2017-09-09 → 2018-09-09,5091.516474246202,30793.214049387676,13363.859741243252,13996.077325955992,32.18598010038843,34.645808222108364,2.459828121719937
2017-09-10 → 2018-09-10,5091.516474246202,30793.214049387676,13344.241571004075,14012.008618462518,32.10964984950978,34.70779359276316,2.598143743253381
2017-09-11 → 2018-09-11,5091.516474246202,30793.214049387676,13323.650144912908,14023.705680872918,32.0295328610075,34.7533044481306,2.723771587123096
2017-09-12 → 2018-09-12,5091.516474246202,30793.214049387676,13301.970732044372,14030.721108439786,31.94518274053334,34.780600028690436,2.835417288157096
2017-09-13 → 2018-09-13,5091.516474246202,30793.214049387676,13278.453319830565,14033.774881611298,31.853681344000872,34.792481629750384,2.9388002857495117
2017-09-14 → 2018-09-14,5091.516474246202,30793.214049387676,13250.23251109268,14027.01405807789,31.74388000245376,34.76617666093016,3.022296658476396
2017-09-15 → 2018-09-15,5091.516474246202,27645.36060268255,13207.976818053618,14009.644918908056,35.987037498295095,39.54150074761621,3.554463249321117
2017-09-16 → 2018-09-16,5091.516474246202,27645.36060268255,13176.168228578455,13997.647050014102,35.846003494095974,39.488304189079976,3.6423006949840016
2017-09-17 → 2018-09-17,5091.516474246202,27645.36060268255,13146.203240479806,13985.64412712931,35.71314371228668,39.435085221987535,3.721941509700855
2017-09-18 → 2018-09-18,5091.516474246202,27645.36060268255,13115.687684906517,13976.741680397663,35.57784280571167,39.39561325135163,3.817770445639958
2017-09-19 → 2018-09-19,5091.516474246202,27645.36060268255,13091.526614082133,13971.767756061134,35.47071662940755,39.373559696719404,3.9028430673118564
2017-09-20 → 2018-09-20,5091.516474246202,27645.36060268255,13063.971924677593,13965.202409864161,35.348543711799245,39.344450041799455,3.99590633000021
2017-09-21 → 2018-09-21,5091.516474246202,27645.36060268255,13034.369356266365,13956.12244935564,35.217290838707406,39.304191004551456,4.08690016584405
2017-09-22 → 2018-09-22,5091.516474246202,27630.31083092653,12999.581989249928,13940.92199331916,35.086461990189974,39.26299419139099,4.176532201201013
2017-09-23 → 2018-09-23,5091.516474246202,27196.84601390803,12964.84996114989,13922.55227671839,35.61735405381401,39.94980389967662,4.332449845862605
2017-09-24 → 2018-09-24,5091.516474246202,27196.84601390803,12934.029469529934,13903.786041021183,35.47792843898815,39.864909278840784,4.386980839852633
2017-09-25 → 2018-09-25,5091.516474246202,25706.339934620904,12902.302995038704,13884.183265854188,37.88917492214377,42.652156631411515,4.762981709267741
2017-09-26 → 2018-09-26,5091.516474246202,25706.339934620904,12874.854012146816,13869.729640447633,37.75602324638651,42.582043853417865,4.826020607031353
2017-09-27 → 2018-09-27,5091.516474246202,24067.330070546515,12845.532773038763,13855.261978857176,40.86262894311077,46.183766825785156,5.321137882674385
2017-09-28 → 2018-09-28,5091.516474246202,24067.330070546515,12821.85285883148,13848.079263882788,40.73783896197447,46.14591487842102,5.408075916446549
2017-09-29 → 2018-09-29,5091.516474246202,24067.330070546515,12798.10456777343,13845.159165439629,40.612688643978714,46.130526350132946,5.517837706154232
2017-09-30 → 2018-09-30,5091.516474246202,23715.312913908056,12773.716305108619,13842.358664869884,41.24937606438905,46.98742396038864,5.738047895999593
2017-10-01 → 2018-10-01,5091.516474246202,23715.312913908056,12752.320716044962,13840.265587405298,41.134492994586516,46.97618523432456,5.841692239738045
2017-10-02 → 2018-10-02,5091.516474246202,23715.312913908056,12731.948651719264,13838.30733331091,41.02510571476041,46.965670438908205,5.940564724147798
2017-10-03 → 2018-10-03,5091.516474246202,23715.312913908056,12711.932087448431,13836.166966527782,40.9176272834122,46.95417779405429,6.036550510642087
2017-10-04 → 2018-10-04,5091.516474246202,23715.312913908056,12690.232108311544,13833.681415034489,40.80110979887465,46.94083168870275,6.1397218898281025
2017-10-05 → 2018-10-05,5091.516474246202,23151.2515099685,12666.927111025401,13830.732516309825,41.9464107407721,48.39061051990733,6.444199779135225
2017-10-06 → 2018-10-06,5091.516474246202,22904.702388485464,12645.382874012994,13828.387245439,42.40603806716285,49.047210382556194,6.641172315393348
2017-10-07 → 2018-10-07,5091.516474246202,22528.327458154556,12624.422742516197,13826.279199061615,43.20116949837774,50.09380862633844,6.892639127960706
2017-10-08 → 2018-10-08,5091.516474246202,21735.634793708636,12604.238150751486,13824.4952003637,45.13739648029568,52.46885751770812,7.331461037412446
2017-10-09 → 2018-10-09,5091.516474246202,21092.249862508597,12586.308875148741,13823.409612409234,46.84030549749969,54.57183071726236,7.731525219762666
2017-10-10 → 2018-10-10,5091.516474246202,21092.249862508597,12570.966643576388,13823.018421048931,46.74442094521031,54.569385883323754,7.824964938113446
2017-10-11 → 2018-10-11,5091.516474246202,20768.573813293024,12557.69748728071,13822.432935842766,47.62488808686374,55.69231694937088,8.067428862507136
2017-10-12 → 2018-10-12,5091.516474246202,18540.255310375847,12545.080380429661,13822.065037239656,55.422028764211525,64.9172288150848,9.495200050873272
2017-10-13 → 2018-10-13,5091.516474246202,18123.245981762226,12538.508795065693,13823.660119050679,57.145080524610734,67.0067901560436,9.861709631432873
2017-10-14 → 2018-10-14,5091.516474246202,18123.245981762226,12534.031551479064,13825.99200764855,57.110724044267535,67.02468408636595,9.913960042098417
2017-10-15 → 2018-10-15,5091.516474246202,18123.245981762226,12529.216051219224,13828.89958760688,57.07377192477286,67.04699562956252,9.973223704789653
2017-10-16 → 2018-10-16,5091.516474246202,18123.245981762226,12523.478691551049,13831.671157436975,57.029745844697565,67.06826348835668,10.038517643659112
2017-10-17 → 2018-10-17,5091.516474246202,18123.245981762226,12518.420337012001,13834.774798253824,56.990930163815534,67.0920795199514,10.101149356135863
2017-10-18 → 2018-10-18,5091.516474246202,18123.245981762226,12512.261439475551,13837.584120304706,56.94366937979682,67.11363707337715,10.169967693580325
2017-10-19 → 2018-10-19,5091.516474246202,18123.245981762226,12506.134932301624,13840.488744999568,56.89665714576915,67.13592593912738,10.239268793358228
2017-10-20 → 2018-10-20,5091.516474246202,18123.245981762226,12500.906973386669,13843.847586757314,56.8565399923864,67.16170027518775,10.305160282801353
2017-10-21 → 2018-10-21,5091.516474246202,18123.245981762226,12497.965506909659,13848.06231983601,56.833968418327,67.1940423605285,10.360073942201502
2017-10-22 → 2018-10-22,5091.516474246202,18123.245981762226,12495.294017899081,13852.423924020488,56.813468537562606,67.22751147283597,10.414042935273365
2017-10-23 → 2018-10-23,5091.516474246202,18123.245981762226,12492.448881938491,13856.762490802525,56.791636163287585,67.26080380582627,10.469167642538686
2017-10-24 → 2018-10-24,5091.516474246202,18123.245981762226,12488.646689898285,13860.867996704781,56.76245974401021,67.29230772784896,10.529847983838756
2017-10-25 → 2018-10-25,5091.516474246202,17433.69763819235,12481.80537884274,13863.986194118856,59.878305191184324,71.07714271362912,11.19883752244479
2017-10-26 → 2018-10-26,5091.516474246202,17353.914729326872,12476.836193464811,13867.74701920298,60.227367971503085,71.57026188837513,11.342893916872043
2017-10-27 → 2018-10-27,5091.516474246202,17353.914729326872,12473.15813781092,13871.955670797299,60.19737338498437,71.60458349094235,11.40721010595798
2017-10-28 → 2018-10-28,5091.516474246202,17353.914729326872,12468.468629690386,13875.832414591361,60.159130391868466,71.63619838154874,11.477067989680272
2017-10-29 → 2018-10-29,5091.516474246202,17155.313387733848,12464.678378194341,13879.831224340689,61.118087090016814,72.84866293023316,11.730575840216346
2017-10-30 → 2018-10-30,5091.516474246202,17155.313387733848,12463.99096849035,13884.886815771575,61.11238896935944,72.89057006334507,11.778181093985623
2017-10-31 → 2018-10-31,5091.516474246202,17155.313387733848,12462.666545616303,13889.789752607541,61.10141047822978,72.93121180218672,11.829801323956943
2017-11-01 → 2018-11-01,5091.516474246202,17155.313387733848,12463.239697618526,13895.365201597579,61.10616148660909,72.97742817195837,11.871266685349276
2017-11-02 → 2018-11-02,5091.516474246202,17155.313387733848,12465.659936299875,13901.560793678529,61.126223484491724,73.02878507165902,11.902561587167291
2017-11-03 → 2018-11-03,5091.516474246202,17155.313387733848,12470.017283149939,13908.395517351437,61.16234268378952,73.0854399019908,11.923097218201278
2017-11-04 → 2018-11-04,5091.516474246202,17155.313387733848,12474.61775343492,13915.309989334706,61.20047719747516,73.14275578713753,11.942278589662372
2017-11-05 → 2018-11-05,5091.516474246202,17155.313387733848,12480.469186605023,13922.617709880398,61.24898127303333,73.20333141351865,11.954350140485325
2017-11-06 → 2018-11-06,5091.516474246202,17155.313387733848,12485.821003911668,13929.718042451588,61.293343900695454,73.26218794618502,11.968844045489568
2017-11-07 → 2018-11-07,5091.516474246202,17155.313387733848,12488.735499628576,13935.955993207728,61.31750292573383,73.31389596813594,11.996393042402111
2017-11-08 → 2018-11-08,5091.516474246202,17155.313387733848,12492.99790489675,13942.640247429938,61.35283512917476,73.36930351743524,12.016468388260485
2017-11-09 → 2018-11-09,5091.516474246202,17155.313387733848,12499.483462338081,13950.057613632189,61.406595628359554,73.43078802563315,12.024192397273595
2017-11-10 → 2018-11-10,5091.516474246202,17155.313387733848,12504.103430947016,13956.814659337155,61.4448917688041,73.4867989627653,12.041907193961208
2017-11-11 → 2018-11-11,5091.516474246202,17155.313387733848,12505.96092246913,13962.652738432322,61.460289006800025,73.53519234286804,12.074903336068019
2017-11-12 → 2018-11-12,5091.516474246202,17155.313387733848,12506.138452421013,13967.525352181105,61.4617605994765,73.57558272562835,12.113822126151852
2017-11-13 → 2018-11-13,5091.516474246202,17068.82007789293,12502.85674962085,13970.774216493748,61.878203313791914,74.1340291277586,12.25582581396668
2017-11-14 → 2018-11-14,5091.516474246202,17939.60626518091,12509.96297279911,13978.931571422412,57.7396844143102,69.17304627997656,11.433361865666363
2017-11-15 → 2018-11-15,5091.516474246202,18055.232592128214,12517.848741147629,13987.50679505655,57.28552059742826,68.6222240591902,11.336703461761942
2017-11-16 → 2018-11-16,5091.516474246202,18194.997211471265,12529.914060890771,13998.33889675609,56.76657779572396,67.97295009719755,11.206372301473593
2017-11-17 → 2018-11-17,5091.516474246202,18194.997211471265,12544.703282642447,14010.664955950917,56.87944262949032,68.06701715801913,11.187574528528806
2017-11-18 → 2018-11-18,5091.516474246202,18194.997211471265,12558.534845463037,14022.482381193226,56.984999031624724,68.15720254829284,11.17220351666812
2017-11-19 → 2018-11-19,5091.516474246202,20867.24249949181,12580.5031663868,14040.416696098075,47.471581847682366,56.72575834247571,9.254176494793342
2017-11-20 → 2018-11-20,5091.516474246202,23161.38729322337,12609.710674481312,14062.984004824431,41.606242100742755,49.64876406950457,8.042521968761818
2017-11-21 → 2018-11-21,5091.516474246202,23161.38729322337,12636.730387871525,14083.087152865955,41.75577119068974,49.760016375859806,8.004245185170063
2017-11-22 → 2018-11-22,5091.516474246202,23236.276306007498,12666.452762322602,14106.452218038843,41.747239193637256,49.683411780477506,7.93617258684025
2017-11-23 → 2018-11-23,5091.516474246202,23310.605513847426,12697.023258896583,14130.389336560716,41.74471494221781,49.61210103681646,7.8673860945986505
2017-11-24 → 2018-11-24,5091.516474246202,26272.11605683284,12734.955242027,14161.555490228913,36.086980153596556,42.8223902756725,6.73541012207594
2017-11-25 → 2018-11-25,5091.516474246202,26272.11605683284,12770.992297304914,14190.129659091006,36.257121962554336,42.95729754659595,6.700175584041617
2017-11-26 → 2018-11-26,5091.516474246202,27024.938125711167,12813.641555780614,14224.69684407328,35.20711544347044,41.640472311884174,6.433356868413732
2017-11-27 → 2018-11-27,5091.516474246202,27024.938125711167,12856.672778525945,14258.514585838853,35.403305638639814,41.79465592401254,6.391350285372724
2017-11-28 → 2018-11-28,5091.516474246202,27024.938125711167,12893.516636584452,14286.079558745767,35.571286078007546,41.92033158622766,6.349045508220115
2017-11-29 → 2018-11-29,5091.516474246202,27024.938125711167,12930.461939792756,14315.133751504272,35.739729031393416,42.0527969772651,6.313067945871687
2017-11-30 → 2018-11-30,5091.516474246202,27024.938125711167,12971.346441803169,14349.345632658202,35.92613178541917,42.20877757025045,6.282645784831274
2017-12-01 → 2018-12-01,5091.516474246202,27024.938125711167,13009.88275127646,14379.965815979966,36.101828537552315,42.34838270714307,6.246554169590752
2017-12-02 → 2018-12-02,5091.516474246202,27024.938125711167,13051.265582382328,14413.533471626626,36.29050329958199,42.50142611359406,6.210922814012065
2017-12-03 → 2018-12-03,5091.516474246202,27024.938125711167,13097.357553862572,14453.257331738392,36.50064822002657,42.68253720853858,6.181888988512007
2017-12-04 → 2018-12-04,5091.516474246202,27024.938125711167,13143.177170119005,14490.34243739602,36.7095514043292,42.85161755654324,6.142066152214042
2017-12-05 → 2018-12-05,5091.516474246202,27024.938125711167,13193.201030660995,14535.384544087241,36.93762279846414,43.0569758786827,6.119353080218559
2017-12-06 → 2018-12-06,5091.516474246202,28474.05558654294,13247.719643513461,14586.667138320638,34.88159746080766,40.60786819803069,5.726270737223025
2017-12-07 → 2018-12-07,5091.516474246202,29647.23620017019,13309.196044296388,14642.845565004198,33.46543966852093,38.89655525215356,5.431115583632632
2017-12-08 → 2018-12-08,5091.516474246202,29647.23620017019,13373.327036848095,14693.908395025694,33.726604860449726,39.10450203844786,5.377897177998136
2017-12-09 → 2018-12-09,5091.516474246202,29647.23620017019,13433.7356203309,14745.762729735472,33.97261102177201,39.31567212545222,5.343061103680206
2017-12-10 → 2018-12-10,5091.516474246202,29647.23620017019,13495.62125263011,14810.798142718617,34.224632273805916,39.58052045288481,5.355888179078896
2017-12-11 → 2018-12-11,5091.516474246202,29827.91500152927,13559.462452820286,14876.363251796549,34.232735898212276,39.556472890579144,5.323736992366868
2017-12-12 → 2018-12-12,5091.516474246202,29827.91500152927,13623.089709362737,14935.604123063276,34.48995707967195,39.795961558266114,5.306004478594161
2017-12-13 → 2018-12-13,5091.516474246202,30671.632855764834,13691.220014683724,15013.49271012019,33.61870373135096,38.787846340849775,5.169142609498813
2017-12-14 → 2018-12-14,5091.516474246202,31260.28195903754,13760.086781008922,15088.330838670601,33.12563717153829,38.20132199294732,5.075684821409034
2017-12-15 → 2018-12-15,5091.516474246202,31396.444360089477,13829.413003911559,15156.248956211424,33.21771710451218,38.26177560966376,5.044058505151575
2017-12-16 → 2018-12-16,5091.516474246202,31396.444360089477,13899.483401415442,15221.160800879881,33.48409455974784,38.50854247004125,5.024447910293411
2017-12-17 → 2018-12-17,5194.67899762432,31396.444360089477,13963.654985074727,15255.731468206335,33.46711897516737,38.39837633610285,4.931257360935483
2017-12-18 → 2018-12-18,5268.14182745109,31396.444360089477,14024.122892200945,15294.806533283341,33.511480716408,38.3747267672952,4.863246050887199
2017-12-19 → 2018-12-19,5664.65489242416,31396.444360089477,14083.618824371837,15341.376645087696,32.718144000544484,37.606097177280844,4.88795317673636
2017-12-20 → 2018-12-20,5846.725992123569,31396.444360089477,14135.310175237872,15358.967386697039,32.441000185373795,37.23031799246705,4.789317807093255
2017-12-21 → 2018-12-21,5846.725992123569,31396.444360089477,14189.873523430166,15416.562530744752,32.65455771820635,37.45574178469141,4.801184066485064
2017-12-22 → 2018-12-22,5846.725992123569,31396.444360089477,14241.30696585291,15452.926914794305,32.855864995578266,37.59806970989918,4.742204714320913
2017-12-23 → 2018-12-23,5846.725992123569,31396.444360089477,14291.507321854382,15497.52871839292,33.052346049805514,37.772638380114095,4.720292330308581
2017-12-24 → 2018-12-24,5846.725992123569,31396.444360089477,14340.812438152654,15533.400179801241,33.24532319181617,37.91303703692785,4.6677138451116775
2017-12-25 → 2018-12-25,5846.725992123569,31396.444360089477,14393.968462862364,15600.24841799423,33.45337254854159,38.174676861016096,4.721304312474508
2017-12-26 → 2018-12-26,5846.725992123569,31396.444360089477,14446.321110953113,15645.883118539363,33.65827753941769,38.35328822528988,4.695010685872191
2017-12-27 → 2018-12-27,5846.725992123569,31396.444360089477,14505.15167648422,15720.814522088816,33.88853669407384,38.646565053121385,4.758028359047543
2017-12-28 → 2018-12-28,5846.725992123569,31396.444360089477,14557.796602282724,15746.471746820484,34.09458564162119,38.74698582630625,4.652400184685064
2017-12-29 → 2018-12-29,5846.725992123569,31396.444360089477,14610.14182810072,15796.29026787817,34.29946158218586,38.94197240244068,4.64251082025482
2017-12-30 → 2018-12-30,5846.725992123569,31396.444360089477,14662.815081062512,15843.155144427265,34.505621400478944,39.12539859866777,4.619777198188828
2017-12-31 → 2018-12-31,5846.725992123569,31396.444360089477,14715.815292650363,15905.107627809757,34.71306091438882,39.36787674457238,4.6548158301835585
2018-01-01 → 2019-01-01,5846.725992123569,31396.444360089477,14767.937007549512,15942.628173311668,34.917062047193866,39.51472981340681,4.597667766212943
2018-01-02 → 2019-01-02,5846.725992123569,31396.444360089477,14817.734901493854,15974.957983426026,35.11196789009653,39.64126666852491,4.529298778428384
2018-01-03 → 2019-01-03,5846.725992123569,31396.444360089477,14871.414334433759,16028.990095051893,35.32206583390482,39.85274497465612,4.530679140751296
2018-01-04 → 2019-01-04,5846.725992123569,31396.444360089477,14924.595887742842,16068.799085032719,35.53021510797182,40.00855487207846,4.478339764106643
2018-01-05 → 2019-01-05,5846.725992123569,31396.444360089477,14978.393221092227,16115.44283645886,35.74077450661018,40.19111559840186,4.450341091791678
2018-01-06 → 2019-01-06,5846.725992123569,31396.444360089477,15029.848123319223,16130.279919458839,35.942165776314,40.249187013461295,4.307021237147296
2018-01-07 → 2019-01-07,6160.786042591422,31396.444360089477,15082.162088862544,16170.183097716515,35.35226200176107,39.66370494160922,4.311442939848149
2018-01-08 → 2019-01-08,6694.598724167442,31396.444360089477,15133.761560768795,16208.984138255066,34.16409834708429,38.51690094059842,4.352802593514127
2018-01-09 → 2019-01-09,6817.056260699874,31396.444360089477,15183.703666276037,16245.689228066054,34.039282718286785,38.35991737971837,4.320634661431583
2018-01-10 → 2019-01-10,6817.056260699874,31396.444360089477,15240.013345709338,16335.367000293896,34.2683758072018,38.724766870133756,4.4563910629319565
2018-01-11 → 2019-01-11,7026.801947562095,31396.444360089477,15296.777098955032,16390.514184703537,33.935562169519976,38.423675155479344,4.4881129859593685
2018-01-12 → 2019-01-12,7026.801947562095,31396.444360089477,15351.595912800987,16442.833988565133,34.16050931038477,38.6383676937445,4.477858383359731
2018-01-13 → 2019-01-13,7026.801947562095,31396.444360089477,15409.65302451156,16510.189256582064,34.39874469655821,38.91475774853786,4.516013051979648
2018-01-14 → 2019-01-14,7309.372233038978,31396.444360089477,15464.964100450088,16539.585069582292,33.858792900994125,38.32019428454117,4.461401383547042
2018-01-15 → 2019-01-15,7357.43343237105,31396.444360089477,15521.285148390121,16597.264545906626,33.9608469773008,38.436818974450794,4.475971997149998
2018-01-16 → 2019-01-16,7831.832029555435,31396.444360089477,15576.93143254672,16642.188629481054,32.86750188949855,37.38808207979524,4.520580190296691
2018-01-17 → 2019-01-17,7831.832029555435,31396.444360089477,15628.088379484641,16682.448306568167,33.08459413875926,37.558930114646834,4.474335975887577
2018-01-18 → 2019-01-18,7831.832029555435,31396.444360089477,15679.302430922477,16730.863736987612,33.3019287196107,37.76438832350822,4.462459603897521
2018-01-19 → 2019-01-19,7831.832029555435,31396.444360089477,15729.105932213028,16763.117868636928,33.51327741736126,37.90126361429127,4.387986196930008
2018-01-20 → 2019-01-20,7831.832029555435,31396.444360089477,15782.441961476794,16827.10730863053,33.73961693237486,38.172812490614966,4.433195558240108
2018-01-21 → 2019-01-21,8608.846026879573,31396.444360089477,15838.320986993534,16878.38773800336,31.725480036998714,36.28965891974682,4.564178882748106
2018-01-22 → 2019-01-22,8608.846026879573,31396.444360089477,15890.777944238658,16921.163009169206,31.955679623976142,36.47737186141082,4.5216922374346815
2018-01-23 → 2019-01-23,8608.846026879573,31396.444360089477,15942.255294832687,16969.26861813935,32.18158035226398,36.68847620100259,4.506895848738608
2018-01-24 → 2019-01-24,8608.846026879573,31396.444360089477,15993.657012582125,17013.373725279554,32.407149177016024,36.882024930865555,4.474875753849531
2018-01-25 → 2019-01-25,8608.846026879573,31396.444360089477,16046.0375068684,17058.866218213934,32.637013217624194,37.08166199778752,4.444648780163327
2018-01-26 → 2019-01-26,8608.846026879573,31396.444360089477,16098.302295751626,17103.93224644696,32.86636950220929,37.27942758753529,4.413058085326
2018-01-27 → 2019-01-27,8608.846026879573,31396.444360089477,16150.777758729811,17150.88650107995,33.096650298855195,37.48547937915635,4.388829080301157
2018-01-28 → 2019-01-28,8608.846026879573,31396.444360089477,16206.183417871507,17210.079421342663,33.33978982734578,37.7452387421097,4.405448914763916
2018-01-29 → 2019-01-29,8665.013949999768,31396.444360089477,16263.120821486695,17267.56860754457,33.42555542881448,37.844317327810664,4.418761898996188
2018-01-30 → 2019-01-30,8665.013949999768,31396.444360089477,16318.052228249458,17315.217691937905,33.667209410863855,38.05393495210318,4.386725541239322
2018-01-31 → 2019-01-31,8665.013949999768,31396.444360089477,16370.740107389045,17368.078680850635,33.89899367691779,38.28648076184362,4.38748708492583
2018-02-01 → 2019-02-01,8665.013949999768,31396.444360089477,16422.86306342347,17414.05973706821,34.128292735947916,38.48876040455879,4.360467668610873
2018-02-02 → 2019-02-02,8665.013949999768,31396.444360089477,16471.561060409345,17458.491457717428,34.34252473150355,38.68422421764771,4.341699486144158
2018-02-03 → 2019-02-03,8665.013949999768,31396.444360089477,16520.517091256683,17509.754449746117,34.557891868389085,38.90974012713458,4.351848258745498
2018-02-04 → 2019-02-04,8665.013949999768,31396.444360089477,16570.689764359973,17558.49862195275,34.77861125207125,39.12417525650064,4.3455640044293915
2018-02-05 → 2019-02-05,8665.013949999768,31396.444360089477,16617.313149117315,17603.21496867671,34.983716623428116,39.320891195257026,4.3371745718289105
2018-02-06 → 2019-02-06,8665.013949999768,31396.444360089477,16658.559183737878,17653.81790470585,35.1651659817679,39.54350338954586,4.378337407777963
2018-02-07 → 2019-02-07,8665.013949999768,31396.444360089477,16704.596683327505,17703.248044318414,35.36769392989559,39.760956223445056,4.393262293549469
2018-02-08 → 2019-02-08,8665.013949999768,31396.444360089477,16744.395500324565,17720.304268279633,35.542776695384,39.83598988236363,4.293213186979628
2018-02-09 → 2019-02-09,8665.013949999768,31396.444360089477,16786.600650381373,17750.884417794787,35.728445389766186,39.97051792993243,4.242072540166241
2018-02-10 → 2019-02-10,8665.013949999768,31396.444360089477,16830.07205179181,17781.576367911595,35.919684571050354,40.105537810173594,4.18585323912324
2018-02-11 → 2019-02-11,8665.013949999768,31396.444360089477,16874.13606309631,17819.959741764294,36.11353075894772,40.2743937649474,4.16086300599968
2018-02-12 → 2019-02-12,8665.013949999768,31396.444360089477,16916.542539457067,17855.85551987301,36.30008512704386,40.43230630041539,4.1322211733715335
2018-02-13 → 2019-02-13,8665.013949999768,31396.444360089477,16962.272753047957,17893.86786666962,36.50126126407478,40.599530034737626,4.098268770662848
2018-02-14 → 2019-02-14,8665.013949999768,31396.444360089477,17006.926162285872,17932.460804092934,36.69770032854339,40.769307900569515,4.0716075720261244
2018-02-15 → 2019-02-15,8665.013949999768,31396.444360089477,17054.70693806179,17970.760412825515,36.90789728893666,40.937795356227305,4.029898067290645
2018-02-16 → 2019-02-16,8665.013949999768,31396.444360089477,17103.89180953251,18007.45069250594,37.124271140398676,41.09920305921172,3.9749319188130414
2018-02-17 → 2019-02-17,8665.013949999768,31396.444360089477,17152.495859809755,18040.934302576356,37.338089846042784,41.24650399657619,3.908414150533403
2018-02-18 → 2019-02-18,8665.013949999768,31396.444360089477,17198.520317007256,18051.6269062964,37.540560418141375,41.29354284774895,3.7529824296075773
2018-02-19 → 2019-02-19,8665.013949999768,31396.444360089477,17242.519251116897,18071.321167047805,37.73412031875419,41.380181745504665,3.646061426750478
2018-02-20 → 2019-02-20,8665.013949999768,31396.444360089477,17287.485557395314,18091.299223430666,37.93193587838768,41.46806911564567,3.5361332372579923
2018-02-21 → 2019-02-21,8665.013949999768,31396.444360089477,17333.3869195321,18117.549094592945,38.133864931283576,41.58354742338396,3.4496824921003864
2018-02-22 → 2019-02-22,8665.013949999768,31396.444360089477,17376.463657123404,18137.307034809157,38.32336790938119,41.67046645953684,3.34709855015565
2018-02-23 → 2019-02-23,8665.013949999768,31396.444360089477,17415.279672852856,18145.60575230432,38.4941271402311,41.70697413787229,3.2128469976411864
2018-02-24 → 2019-02-24,8665.013949999768,31396.444360089477,17461.163616759623,18193.45472463956,38.69597956693276,41.917471108243326,3.221491541310563
2018-02-25 → 2019-02-25,8665.013949999768,31396.444360089477,17504.444070445148,18221.814546620353,38.88637873189827,42.042231501536506,3.155852769638237
2018-02-26 → 2019-02-26,8665.013949999768,31396.444360089477,17547.966307610375,18253.68049521936,39.077841549591916,42.18241603028866,3.1045744806967406
2018-02-27 → 2019-02-27,8665.013949999768,31396.444360089477,17593.384269442515,18284.946641810035,39.27764403017835,42.31996191291291,3.042317882734558
2018-02-28 → 2019-02-28,8665.013949999768,31396.444360089477,17639.774070645817,18316.603169849564,39.48172182188085,42.45922515974087,2.977503337860014
2018-03-01 → 2019-03-01,8665.013949999768,31396.444360089477,17684.965984999737,18346.61496863036,39.68052987548166,42.5912529214759,2.9107230459942386
2018-03-02 → 2019-03-02,8665.013949999768,31396.444360089477,17731.67284484927,18377.14635133071,39.88600247006506,42.72556643430612,2.8395639642410586
2018-03-03 → 2019-03-03,8665.013949999768,31396.444360089477,17779.10197501802,18409.310428299184,40.0946524727842,42.867062487956126,2.7724100151719284
2018-03-04 → 2019-03-04,8665.013949999768,31396.444360089477,17829.06986228786,18445.921776645377,40.31447096360675,43.02812295659228,2.7136519929855254
2018-03-05 → 2019-03-05,8665.013949999768,31396.444360089477,17876.383417755358,18474.177371762675,40.52261253065261,43.152424835565796,2.6298123049131874
2018-03-06 → 2019-03-06,9365.89585383936,31396.444360089477,17923.63898234742,18502.58593666707,38.844893607983515,41.47282161511144,2.6279280071279274
2018-03-07 → 2019-03-07,10097.863393503589,31396.444360089477,17968.907372642614,18530.490459670124,36.95572015566413,39.59243613175917,2.63671597609504
2018-03-08 → 2019-03-08,10208.325616879292,31396.444360089477,18012.483881147895,18558.709735835477,36.83270968438137,39.410691530280836,2.5779818458994654
2018-03-09 → 2019-03-09,10208.325616879292,31396.444360089477,18053.072727967847,18583.659288427538,37.02427386859172,39.528444091961454,2.5041702233697336
2018-03-10 → 2019-03-10,10208.325616879292,31396.444360089477,18093.61182236313,18608.91848059445,37.215603239955925,39.64765803668699,2.432054796731066
2018-03-11 → 2019-03-11,10208.325616879292,31396.444360089477,18133.454521326967,18635.8681136005,37.40364588520777,39.77485023025862,2.371204345050849
2018-03-12 → 2019-03-12,10208.325616879292,31396.444360089477,18175.538350841245,18663.172124878085,37.60226582888618,39.903714956799455,2.3014491279132727
2018-03-13 → 2019-03-13,10208.325616879292,31396.444360089477,18216.60213306209,18690.430834761828,37.796071530650075,40.03236587769577,2.2362943470456926
2018-03-14 → 2019-03-14,10208.325616879292,31396.444360089477,18257.673563941524,18717.611857140473,37.989913331223306,40.16065014260888,2.1707368113855736
2018-03-15 → 2019-03-15,10208.325616879292,31396.444360089477,18294.466307021317,18742.24335211305,38.16356132482625,40.27690159122072,2.1133402663944736
2018-03-16 → 2019-03-16,10208.325616879292,31396.444360089477,18329.903399760755,18766.006474733,38.33081115558715,40.38905464694004,2.05824349135289
2018-03-17 → 2019-03-17,10208.325616879292,31396.444360089477,18366.15878243581,18788.029441539707,38.5019230089539,40.49299481771978,1.9910718087658807
2018-03-18 → 2019-03-18,10208.325616879292,31396.444360089477,18400.324875595677,18810.041700466514,38.663174196819824,40.59688445130918,1.9337102544893554
2018-03-19 → 2019-03-19,10208.325616879292,31396.444360089477,18435.33169326136,18832.493478890603,38.828393290076505,40.702848452626114,1.8744551625496086
2018-03-20 → 2019-03-20,10208.325616879292,31396.444360089477,18471.113568632547,18855.34460198372,38.99727036597384,40.810697211499246,1.813426845525406
2018-03-21 → 2019-03-21,10208.325616879292,31396.444360089477,18509.11245894632,18878.558381456423,39.17661092364346,40.92025757291709,1.7436466492736287
2018-03-22 → 2019-03-22,10208.325616879292,31396.444360089477,18546.924845993388,18901.77970921397,39.35507125561221,41.02985355941772,1.6747823038055074
2018-03-23 → 2019-03-23,10208.325616879292,31396.444360089477,18584.176871274878,18924.863149133485,39.530886889519905,41.13879876686759,1.6079118773476822
2018-03-24 → 2019-03-24,10208.325616879292,31396.444360089477,18621.839295287617,18948.00416726228,39.70863945202529,41.24801572194157,1.539376269916282
2018-03-25 → 2019-03-25,10208.325616879292,31396.444360089477,18660.01936091801,18970.999071149512,39.88883508946303,41.3565430724153,1.4677079829522697
2018-03-26 → 2019-03-26,10208.325616879292,31396.444360089477,18697.388988920233,18993.82241816783,40.06520576425074,41.46426073859853,1.3990549743477914
2018-03-27 → 2019-03-27,10208.325616879292,31396.444360089477,18731.799384016296,19016.356136835922,40.227609965931414,41.570611467236546,1.3430015013051317
2018-03-28 → 2019-03-28,10208.325616879292,31396.444360089477,18765.05696476656,19038.514730361603,40.38457331484092,41.67519174543034,1.2906184305894186
2018-03-29 → 2019-03-29,10208.325616879292,31396.444360089477,18797.430051143692,19060.74982721536,40.5373621809478,41.78013309073446,1.2427709097866568
2018-03-30 → 2019-03-30,10208.325616879292,31396.444360089477,18825.766261745037,19081.953168469056,40.67109850244367,41.88020493529351,1.2091064328498433
2018-03-31 → 2019-03-31,10208.325616879292,31396.444360089477,18852.50781977411,19102.686040646247,40.797308659905816,41.97805634168058,1.1807476817747613
2018-04-01 → 2019-04-01,10208.325616879292,31396.444360089477,18879.058965852688,19123.427866643546,40.92262014414076,42.075950006751455,1.153329862610697
2018-04-02 → 2019-04-02,10208.325616879292,31396.444360089477,18894.623393420894,19143.841733873716,40.996078424023175,42.172295829037886,1.176217405014711
2018-04-03 → 2019-04-03,10208.325616879292,31396.444360089477,18910.85893084349,19164.42905263143,41.072704091546385,42.26946027769527,1.196756186148889
2018-04-04 → 2019-04-04,10208.325616879292,31396.444360089477,18929.67231423389,19185.397204318066,41.161496228396324,42.368422115415555,1.2069258870192314
2018-04-05 → 2019-04-05,10208.325616879292,31396.444360089477,18943.661099218723,19205.372176840465,41.22751806428639,42.46269651874738,1.2351784544609856
2018-04-06 → 2019-04-06,10208.325616879292,31396.444360089477,18957.63606741106,19225.28966413426,41.29347469008081,42.55669961328911,1.2632249232083055
2018-04-07 → 2019-04-07,10208.325616879292,31396.444360089477,18968.95752613704,19244.86563820976,41.3469077431196,42.64909089310377,1.3021831499841667
2018-04-08 → 2019-04-08,10208.325616879292,31396.444360089477,18980.995489284043,19264.784808005315,41.403722429184455,42.74310192842486,1.3393794992404082
2018-04-09 → 2019-04-09,10208.325616879292,31396.444360089477,18994.606947957254,19284.816656920724,41.46796342593445,42.83764476707035,1.3696813411359017
2018-04-10 → 2019-04-10,10208.325616879292,31396.444360089477,19005.488310627738,19304.388888161942,41.519319390106446,42.93001838210633,1.4106989919998867
2018-04-11 → 2019-04-11,10208.325616879292,31396.444360089477,19019.503485890174,19324.03434918869,41.58546577824168,43.0227376143555,1.4372718361138226
2018-04-12 → 2019-04-12,10208.325616879292,31396.444360089477,19033.91514015078,19343.81106743445,41.653483399037874,43.116076331612305,1.462592932574431
2018-04-13 → 2019-04-13,10208.325616879292,31396.444360089477,19053.18823572579,19364.728994689427,41.74444520555119,43.21480112878987,1.4703559232386851
2018-04-14 → 2019-04-14,10208.325616879292,31396.444360089477,19071.669388303722,19385.607551149264,41.83166933715964,43.31334011053183,1.481670773372194
2018-04-15 → 2019-04-15,10208.325616879292,31396.444360089477,19091.72372899705,19406.53781444554,41.92631832858912,43.412123129212915,1.4858048006237965
2018-04-16 → 2019-04-16,10208.325616879292,31396.444360089477,19111.45487306592,19427.757226941805,42.019441952767366,43.51227082402922,1.4928288712618567
2018-04-17 → 2019-04-17,10208.325616879292,31396.444360089477,19129.779422765165,19448.62672664923,42.10592697732915,43.61076706128536,1.5048400839562106
2018-04-18 → 2019-04-18,10208.325616879292,31396.444360089477,19146.901995524146,19469.299222130576,42.186739120051676,43.708333512237836,1.5215943921861594
2018-04-19 → 2019-04-19,10208.325616879292,31396.444360089477,19165.079919105745,19490.234131480986,42.27253212414943,43.80713845855766,1.534606334408231
2018-04-20 → 2019-04-20,10208.325616879292,31396.444360089477,19183.469944697084,19511.241589977573,42.35932617044593,43.90628580972738,1.5469596392814466
2018-04-21 → 2019-04-21,10208.325616879292,31396.444360089477,19204.1537388526,19532.737328162955,42.45694594691686,44.00773765850121,1.5507917115843526
2018-04-22 → 2019-04-22,10208.325616879292,31396.444360089477,19224.077423123308,19554.210180203958,42.55097828887309,44.10908149322879,1.558103204355703
2018-04-23 → 2019-04-23,10208.325616879292,31396.444360089477,19242.307788192662,19575.584072602716,42.637018797189555,44.20995827543773,1.5729394782481734
2018-04-24 → 2019-04-24,10208.325616879292,31396.444360089477,19262.013738159603,19597.006363252207,42.730023514624676,44.31106347929805,1.5810399646733728
2018-04-25 → 2019-04-25,10208.325616879292,31396.444360089477,19286.991075404694,19618.938624172923,42.847907209481235,44.41457555220327,1.566668342722032
2018-04-26 → 2019-04-26,10208.325616879292,31396.444360089477,19309.18902395125,19640.181639000857,42.952673228662,44.51483464120211,1.5621614125401067
2018-04-27 → 2019-04-27,10208.325616879292,31396.444360089477,19332.425796410454,19661.713849543696,43.062342108380975,44.616458625869164,1.5541165174881897
2018-04-28 → 2019-04-28,10208.325616879292,31396.444360089477,19355.071385635027,19682.96533490754,43.169220824226514,44.716757692631084,1.5475368684045705
2018-04-29 → 2019-04-29,10208.325616879292,31396.444360089477,19378.889561953267,19704.455831366282,43.2816337128218,44.81818480241461,1.5365510895928125
2018-04-30 → 2019-04-30,10208.325616879292,31396.444360089477,19401.69234789424,19725.918015732317,43.38925433840603,44.9194782897041,1.530223951298069
2018-05-01 → 2019-05-01,10208.325616879292,31396.444360089477,19423.491046150466,19747.16395261699,43.49213604546278,45.019751169718425,1.5276151242556466
2018-05-02 → 2019-05-02,10208.325616879292,31396.444360089477,19444.03582128675,19768.215870672993,43.58909970413053,45.119108353388874,1.5300086492583418
2018-05-03 → 2019-05-03,10208.325616879292,31396.444360089477,19462.637063814753,19789.301647672342,43.676890615411715,45.218625338614885,1.5417347232031702
2018-05-04 → 2019-05-04,10208.325616879292,31396.444360089477,19481.929975912954,19810.731765661338,43.76794594850674,45.31976748459168,1.5518215360849368
2018-05-05 → 2019-05-05,10208.325616879292,31396.444360089477,19501.449596530136,19832.055772654945,43.860071261063986,45.420408826336285,1.5603375652722988
2018-05-06 → 2019-05-06,10422.000538627015,31396.444360089477,19521.56203777369,19853.382534823035,43.38404191597868,44.96606478091779,1.5820228649391126
2018-05-07 → 2019-05-07,10707.198871164717,31396.444360089477,19539.986044262652,19874.48790922808,42.692650042874924,44.30944107154966,1.616791028674733
2018-05-08 → 2019-05-08,10760.738739443661,31396.444360089477,19556.79229742855,19895.324279921104,42.62540724163329,44.26592290276899,1.6405156611357015
2018-05-09 → 2019-05-09,10760.738739443661,31396.444360089477,19571.559567514396,19915.98193546685,42.696968982032764,44.3660292714365,1.6690602894037383
2018-05-10 → 2019-05-10,11064.96956217875,31396.444360089477,19585.135537419337,19936.61042872043,41.90628599218058,43.63500904249864,1.7287230503180595
2018-05-11 → 2019-05-11,11499.760738421191,31396.444360089477,19592.203168957036,19956.933300144923,40.67231798229354,42.50543820535766,1.833120223064121
2018-05-12 → 2019-05-12,11499.760738421191,31396.444360089477,19599.107410735884,19976.63420881882,40.7070184475074,42.60445424767158,1.8974358001641818
2018-05-13 → 2019-05-13,11499.760738421191,31396.444360089477,19601.94316092194,19996.12967730749,40.72127082363187,42.70243775517148,1.9811669315396117
2018-05-14 → 2019-05-14,11532.59653702185,31396.444360089477,19604.866844811186,20015.64915670376,40.63799914141063,42.70598876533202,2.0679896239213917
2018-05-15 → 2019-05-15,11748.881065347285,31396.444360089477,19606.615346219056,20035.029970978725,39.993429022185914,42.17392651356855,2.1804974913826385
2018-05-16 → 2019-05-16,11748.881065347285,31396.444360089477,19609.179823850696,20054.124747902973,40.006481417504205,42.271113002487304,2.2646315849831
2018-05-17 → 2019-05-17,11748.881065347285,31396.444360089477,19613.66141394943,20072.949937933146,40.02929132034815,42.36692737777531,2.3376360574271615
2018-05-18 → 2019-05-18,11748.881065347285,31396.444360089477,19617.26386828382,20091.379730967154,40.047626694971186,42.46072930505521,2.4131026100840245
2018-05-19 → 2019-05-19,11748.881065347285,31396.444360089477,19617.317741542916,20109.867813627767,40.047900893141666,42.55482790844569,2.506927015304022
2018-05-20 → 2019-05-20,11748.881065347285,31396.444360089477,19618.350822525957,20128.286677735625,40.05315895475238,42.64857421088304,2.5954152561306643
2018-05-21 → 2019-05-21,11906.71357595092,31396.444360089477,19620.472323883245,20147.048263571225,39.57858029629665,42.28039257641561,2.7018122801189577
2018-05-22 → 2019-05-22,11908.140809060415,31396.444360089477,19623.572496361012,20165.582284322507,39.590063173524356,42.37126876457168,2.781205591047325
2018-05-23 → 2019-05-23,11908.140809060415,31396.444360089477,19624.047988335777,20183.573810190057,39.59250305739378,42.46358837474421,2.8710853173504347
2018-05-24 → 2019-05-24,11908.140809060415,31396.444360089477,19621.927360077123,20201.04081551722,39.58162151373811,42.55321652160382,2.9715950078657087
2018-05-25 → 2019-05-25,11908.140809060415,31396.444360089477,19619.753224121163,20218.452723016504,39.57046540694684,42.64256194591791,3.072096538971074
2018-05-26 → 2019-05-26,11452.753156563938,31396.444360089477,19614.248910132526,20235.502832442875,40.92269415064872,44.03773396935854,3.1150398187098247
2018-05-27 → 2019-05-27,11342.00058454483,31396.444360089477,19607.944406899845,20252.116390936695,41.217517248894744,44.42963318313165,3.2121159342369054
2018-05-28 → 2019-05-28,11342.00058454483,31396.444360089477,19602.047430599792,20268.61826700921,41.188112412909,44.51191856714532,3.3238061542363226
2018-05-29 → 2019-05-29,11342.00058454483,31396.444360089477,19595.19031282396,20284.660397650237,41.15391990249795,44.59191146458281,3.4379915620848607
2018-05-30 → 2019-05-30,11342.00058454483,31396.444360089477,19591.56531918852,20301.04037304381,41.13584413995868,44.67358899988072,3.537744859922043
2018-05-31 → 2019-05-31,11342.00058454483,31396.444360089477,19586.44911836916,20317.178752966323,41.110332583135545,44.75406183723857,3.6437292541030217
2018-06-01 → 2019-06-01,11342.00058454483,31396.444360089477,19581.853765870746,20333.329189546355,41.08741819792573,44.834594794227016,3.747176596301287
2018-06-02 → 2019-06-02,11342.00058454483,31396.444360089477,19576.765755138797,20349.4065045386,41.062047208887606,44.91476313582845,3.8527159269408457
2018-06-03 → 2019-06-03,11342.00058454483,31396.444360089477,19574.419935956583,20365.50843522748,41.050349955109496,44.99505422177975,3.944704266670257
2018-06-04 → 2019-06-04,11342.00058454483,31396.444360089477,19574.662079970527,20381.562027073323,41.05155738831809,45.075104269666994,4.023546881348906
2018-06-05 → 2019-06-05,11342.00058454483,31396.444360089477,19573.202523642572,20397.186539142072,41.04427941868557,45.15301474299462,4.108735324309052
2018-06-06 → 2019-06-06,11342.00058454483,31396.444360089477,19572.438270767554,20412.83624615518,41.040468528273585,45.231050849048046,4.19058232077446
2018-06-07 → 2019-06-07,11342.00058454483,31396.444360089477,19570.777395835135,20429.632239677874,41.03218669831607,45.314802827964435,4.282616129648368
2018-06-08 → 2019-06-08,11342.00058454483,31396.444360089477,19569.548068713866,20446.366236449012,41.026056749587354,45.39824566466651,4.372188915079157
2018-06-09 → 2019-06-09,11342.00058454483,31396.444360089477,19569.494244960566,20462.915264243697,41.0257883614241,45.4807661672539,4.454977805829799
2018-06-10 → 2019-06-10,11342.00058454483,31396.444360089477,19567.516809608333,20479.225089750616,41.01592802635639,45.562093905332624,4.5461658789762325
2018-06-11 → 2019-06-11,11342.00058454483,31396.444360089477,19561.494751621703,20493.96195218446,40.98589947979569,45.63557817943558,4.649678699639892
2018-06-12 → 2019-06-12,11342.00058454483,31396.444360089477,19555.14261401577,20508.77065779421,40.95422501563689,45.709420694219304,4.755195678582417
2018-06-13 → 2019-06-13,11342.00058454483,31396.444360089477,19546.46744965493,20522.86596902771,40.910966950452256,45.77970592073198,4.868738970279722
2018-06-14 → 2019-06-14,11342.00058454483,31396.444360089477,19534.555610177307,20536.336352995855,40.85156944428881,45.84687499367616,4.995305549387346
2018-06-15 → 2019-06-15,11298.688400687653,31396.444360089477,19524.214651614086,20550.32102275482,40.92758548537601,46.03316231302534,5.105576827649337
2018-06-16 → 2019-06-16,11087.068179535721,31396.444360089477,19511.813756406445,20563.685430589707,41.48204997521009,46.66129164581555,5.179241670605464
2018-06-17 → 2019-06-17,10705.982243800578,31396.444360089477,19499.000288746396,20577.202216488742,42.497929700774414,47.70903577313958,5.211106072365169
2018-06-18 → 2019-06-18,10705.982243800578,31396.444360089477,19486.844599230648,20590.415695816686,42.439179492840786,47.77289843243486,5.333718939594071
2018-06-19 → 2019-06-19,10705.982243800578,31396.444360089477,19475.51429833522,20603.982546429077,42.38441850764989,47.8384689863265,5.454050478676606
2018-06-20 → 2019-06-20,10474.802060111992,31396.444360089477,19463.551178291174,20617.48103268184,42.963879170178025,48.479363269587886,5.515484099409861
2018-06-21 → 2019-06-21,9917.204911992623,31396.444360089477,19450.18895166779,20630.908939403867,44.382316528064166,49.87934537114405,5.497028843079882
2018-06-22 → 2019-06-22,9358.655780810835,31396.444360089477,19435.102967663355,20644.153602569895,45.72349512567268,51.209756283670025,5.4862611579973475
2018-06-23 → 2019-06-23,9264.03907764088,31396.444360089477,19415.324918147864,20655.807093287774,45.8661664241127,51.470989575095004,5.604823150982305
2018-06-24 → 2019-06-24,9087.433635399864,31396.444360089477,19395.901614743274,20667.608791004626,46.20764276174255,51.90806216605948,5.700419404316932
2018-06-25 → 2019-06-25,8527.865434626821,31396.444360089477,19374.74972927386,20679.200721745143,47.43138753833867,53.13550669993145,5.704119161592779
2018-06-26 → 2019-06-26,7773.957759032041,31396.444360089477,19352.22894062029,20690.89836518826,49.013769706487885,54.680698202102086,5.666928495614201
2018-06-27 → 2019-06-27,7773.957759032041,31396.444360089477,19332.002740889344,20702.139478794204,48.92814705349402,54.728284697951516,5.800137644457493
2018-06-28 → 2019-06-28,7773.957759032041,31396.444360089477,19309.60654813912,20713.357842304373,48.83333826757551,54.77577488685341,5.942436619277899
2018-06-29 → 2019-06-29,7773.957759032041,31396.444360089477,19285.84517671631,20723.753149221666,48.73275033276535,54.81978086764981,6.087030534884462
2018-06-30 → 2019-06-30,7773.957759032041,31396.444360089477,19267.124020624233,20734.952719878318,48.653498912674635,54.86719150161817,6.2136925889435375
2018-07-01 → 2019-07-01,7773.957759032041,31396.444360089477,19250.11909250863,20746.391671839323,48.58151272255509,54.91561549759365,6.334102775038559
2018-07-02 → 2019-07-02,7773.957759032041,31396.444360089477,19232.547030004727,20757.73145483147,48.50712570817907,54.96361968607584,6.45649397789677
2018-07-03 → 2019-07-03,7773.957759032041,31396.444360089477,19214.06192614416,20769.572333132055,48.42887355728256,55.013745138576056,6.584871581293498
2018-07-04 → 2019-07-04,7773.957759032041,31396.444360089477,19196.461693400506,20781.06683150349,48.354367291109604,55.062404276648834,6.708036985539231
2018-07-05 → 2019-07-05,7773.957759032041,31396.444360089477,19179.776240180392,20792.630922999215,48.28373351956005,55.11135802013496,6.827624500574906
2018-07-06 → 2019-07-06,7773.957759032041,31396.444360089477,19162.34590882093,20804.146114834963,48.20994648920279,55.16010475891069,6.950158269707899
2018-07-07 → 2019-07-07,7773.957759032041,31396.444360089477,19144.78814099409,20815.6942328985,48.135619987834154,55.20899088279157,7.073370894957414
2018-07-08 → 2019-07-08,7773.957759032041,31396.444360089477,19126.41550551167,20827.431083318555,48.057843944216486,55.2586759587883,7.200832014571816
2018-07-09 → 2019-07-09,7773.957759032041,31396.444360089477,19107.386184268253,20838.989722038197,47.97728798258217,55.30760661928501,7.330318636702842
2018-07-10 → 2019-07-10,7773.957759032041,31396.444360089477,19088.954174499893,20850.35788534249,47.89926059249558,55.355730948854045,7.456470356358466
2018-07-11 → 2019-07-11,7773.957759032041,31396.444360089477,19069.83823442062,20860.808031022418,47.81833795127618,55.39996907609446,7.58163112481828
2018-07-12 → 2019-07-12,7773.957759032041,31396.444360089477,19050.12802740085,20871.320780626127,47.73489962679899,55.44447222168303,7.709572594884037
2018-07-13 → 2019-07-13,7773.957759032041,31396.444360089477,19029.84894740581,20881.193212197286,47.649053118184064,55.486264738016665,7.837211619832601
2018-07-14 → 2019-07-14,7773.957759032041,31396.444360089477,19012.41459303903,20891.095271550526,47.57524905741257,55.52818267629501,7.95293361888244
2018-07-15 → 2019-07-15,7773.957759032041,31396.444360089477,18993.740382749078,20901.05514545473,47.49619637085452,55.570345358287,8.07414898743248
2018-07-16 → 2019-07-16,7773.957759032041,31396.444360089477,18979.544795193902,20911.162104419738,47.43610283457735,55.6131306887888,8.177027854211453
2018-07-17 → 2019-07-17,7773.957759032041,31396.444360089477,18967.071315287863,20925.63481442655,47.38329941842267,55.67439735495834,8.291097936535664
2018-07-18 → 2019-07-18,7773.957759032041,31396.444360089477,18955.331696591056,20944.088214755855,47.33360262360565,55.75251529673538,8.418912673129732
2018-07-19 → 2019-07-19,7773.957759032041,31396.444360089477,18944.231359828496,20962.643819368845,47.28661207197565,55.831065895266185,8.544453823290539
2018-07-20 → 2019-07-20,7773.957759032041,31396.444360089477,18932.793273043637,20981.416036748004,47.23819173851106,55.91053347078518,8.67234173227412
2018-07-21 → 2019-07-21,7773.957759032041,31396.444360089477,18921.305458267172,20999.104172408388,47.189560893797406,55.98541185238448,8.795850958587074
2018-07-22 → 2019-07-22,7773.957759032041,31396.444360089477,18910.91482240033,21016.921641822264,47.1455746867468,56.06083773669033,8.915263049943533
2018-07-23 → 2019-07-23,7773.957759032041,31396.444360089477,18901.68175411809,21034.61700250559,47.10648875799522,56.135746703651215,9.029257945655992
2018-07-24 → 2019-07-24,7773.957759032041,31396.444360089477,18894.172957680752,21053.25934215357,47.07470211095781,56.21466447366763,9.139962362709824
2018-07-25 → 2019-07-25,7773.957759032041,31396.444360089477,18889.243286755704,21073.739682327658,47.05383355885192,56.30136296786073,9.247529409008813
2018-07-26 → 2019-07-26,7773.957759032041,31396.444360089477,18883.710327150682,21093.622296624468,47.03041113216813,56.38553113623603,9.3551200040679
2018-07-27 → 2019-07-27,7773.957759032041,31396.444360089477,18878.108667980523,21112.617677272163,47.00669788273439,56.46594341868747,9.45924553595308
2018-07-28 → 2019-07-28,7773.957759032041,31396.444360089477,18873.35228066474,21132.251924563465,46.986562884264046,56.54906018629493,9.562497302030884
2018-07-29 → 2019-07-29,7773.957759032041,31396.444360089477,18868.74089854342,21151.84747999679,46.96704172969975,56.63201316141673,9.664971431716978
2018-07-30 → 2019-07-30,7773.957759032041,31396.444360089477,18864.033923424402,21171.464481214494,46.94711590563851,56.71505692200384,9.767941016365327
2018-07-31 → 2019-07-31,7773.957759032041,31396.444360089477,18857.761232890738,21190.832631711288,46.92056200960039,56.79704723413265,9.87648522453226
2018-08-01 → 2019-08-01,7773.957759032041,31396.444360089477,18848.663800871345,21208.83429900808,46.88205026368205,56.87325287497311,9.991202611291058
2018-08-02 → 2019-08-02,7773.957759032041,31396.444360089477,18838.64559806632,21226.35842151386,46.83964066060251,56.94743694713171,10.1077962865292
2018-08-03 → 2019-08-03,7773.957759032041,31396.444360089477,18827.69606699015,21243.63498233795,46.793288507837694,57.02057302766319,10.227284519825496
2018-08-04 → 2019-08-04,7773.957759032041,31396.444360089477,18815.699464564797,21260.40848150728,46.74250383547041,57.091579520132015,10.349075684661607
2018-08-05 → 2019-08-05,7773.957759032041,31396.444360089477,18799.85394197877,21275.67032564435,46.675425704138895,57.156186791986244,10.480761087847348
2018-08-06 → 2019-08-06,7773.957759032041,31396.444360089477,18784.915001413774,21291.028936297345,46.612185365315604,57.22120370113885,10.609018335823244
2018-08-07 → 2019-08-07,7773.957759032041,31396.444360089477,18768.319615610057,21305.929819892437,46.54193287207057,57.284282935119336,10.742350063048768
2018-08-08 → 2019-08-08,7773.957759032041,31396.444360089477,18750.56333982216,21319.891641182745,46.466766035963225,57.34338687928109,10.876620843317866
2018-08-09 → 2019-08-09,7773.957759032041,31396.444360089477,18730.009444305888,21331.820185568584,46.37975616327966,57.39388344463974,11.014127281360082
2018-08-10 → 2019-08-10,7773.957759032041,31396.444360089477,18712.51849033578,21344.946958112836,46.30571250197718,57.449452414858406,11.143739912881223
2018-08-11 → 2019-08-11,7773.957759032041,31396.444360089477,18691.685044632974,21356.096744671973,46.217519222181345,57.4966523000671,11.279133077885753
2018-08-12 → 2019-08-12,7773.957759032041,31396.444360089477,18672.40983107232,21368.060480646353,46.13592233576469,57.547297840379706,11.411375504615016
2018-08-13 → 2019-08-13,7773.957759032041,31396.444360089477,18654.284255561714,21380.36156607625,46.059192159908456,57.599371466825744,11.540179306917288
2018-08-14 → 2019-08-14,7773.957759032041,31396.444360089477,18637.934933368477,21391.79217261824,45.98998131657368,57.6477601345178,11.65777881794412
2018-08-15 → 2019-08-15,7773.957759032041,31396.444360089477,18620.25909926957,21401.777497133357,45.91515501061605,57.690030555425444,11.774875544809397
2018-08-16 → 2019-08-16,7773.957759032041,31396.444360089477,18603.023297347067,21412.040243215044,45.84219147289208,57.73347537245511,11.891283899563028
2018-08-17 → 2019-08-17,7773.957759032041,31396.444360089477,18586.35852706755,21419.38277909418,45.7716452574959,57.764558196220186,11.992912938724288
2018-08-18 → 2019-08-18,7773.957759032041,31396.444360089477,18571.1742704471,21426.872593457603,45.707366433353094,57.79626448730594,12.088898053952846
2018-08-19 → 2019-08-19,7773.957759032041,31396.444360089477,18553.58008241594,21434.3587406506,45.632885755987104,57.82795525432562,12.195069498338519
2018-08-20 → 2019-08-20,7773.957759032041,31396.444360089477,18536.85120357601,21441.980418587664,45.56206815273283,57.86021975749068,12.298151604757855
2018-08-21 → 2019-08-21,7773.957759032041,31396.444360089477,18520.355690953707,21448.967281778612,45.492238448092145,57.889796928213414,12.397558480121269
2018-08-22 → 2019-08-22,7773.957759032041,31396.444360089477,18505.145570421326,21455.939511688764,45.42785013542526,57.91931215253293,12.491462017107672
2018-08-23 → 2019-08-23,7773.957759032041,31396.444360089477,18488.455489745513,21463.027533683064,45.3571967746776,57.94931755422499,12.592120779547393
2018-08-24 → 2019-08-24,7773.957759032041,31396.444360089477,18473.453221152613,21470.442789264314,45.29368835218905,57.980708219003354,12.687019866814303
2018-08-25 → 2019-08-25,7773.957759032041,31396.444360089477,18459.710633440143,21478.24136683401,45.235512479578524,58.013721583351476,12.778209103772951
2018-08-26 → 2019-08-26,7773.957759032041,31396.444360089477,18445.571877129736,21489.648831089926,45.17565952442954,58.062012283854635,12.886352759425094
2018-08-27 → 2019-08-27,7773.957759032041,31396.444360089477,18431.60080170196,21500.7983191927,45.1165164051478,58.109210905621566,12.992694500473768
2018-08-28 → 2019-08-28,7773.957759032041,31396.444360089477,18419.746449031627,21512.41441944862,45.06633391220989,58.15838481543088,13.092050903220986
2018-08-29 → 2019-08-29,7773.957759032041,31396.444360089477,18410.04014464692,21520.248846734205,45.02524465455201,58.191549940753596,13.166305286201585
2018-08-30 → 2019-08-30,7773.957759032041,31396.444360089477,18399.72081449879,21527.90645469161,44.981560302762944,58.22396654484243,13.24240624207949
2018-08-31 → 2019-08-31,7773.957759032041,31396.444360089477,18388.9496743692,21535.367718559377,44.935963324292835,58.255551974411205,13.31958865011837
2018-09-01 → 2019-09-01,7773.957759032041,31396.444360089477,18378.04319794302,21542.886620395617,44.889793432823026,58.287381400174965,13.397587967351939
2018-09-02 → 2019-09-02,7773.957759032041,31396.444360089477,18366.383978548958,21550.5416687162,44.840436988723944,58.31978716866947,13.479350179945527
2018-09-03 → 2019-09-03,7773.957759032041,31396.444360089477,18354.61780976315,21558.307814235945,44.790627800620605,58.352663239893054,13.56203543927245
2018-09-04 → 2019-09-04,7773.957759032041,31396.444360089477,18342.80184032172,21566.577558376604,44.74060779366291,58.38767117229374,13.647063378630833
2018-09-05 → 2019-09-05,7773.957759032041,31396.444360089477,18331.497140567804,21583.983243583203,44.69275212146026,58.46135386921109,13.768601747750829
2018-09-06 → 2019-09-06,7773.957759032041,31396.444360089477,18317.710669036893,21611.453246034136,44.63439047747358,58.57764138337017,13.94325090589659
2018-09-07 → 2019-09-07,7773.957759032041,31396.444360089477,18301.633905617266,21636.129552949897,44.56633344482018,58.68210247306196,14.115769028241779
2018-09-08 → 2019-09-08,7773.957759032041,31396.444360089477,18285.2534965366,21655.198529892707,44.49699100277628,58.76282630736802,14.265835304591747
2018-09-09 → 2019-09-09,7773.957759032041,31396.444360089477,18267.541408420286,21672.398167379702,44.4220112243328,58.835636751829135,14.413625527496336
2018-09-10 → 2019-09-10,7773.957759032041,31396.444360089477,18250.909853433983,21690.069885000492,44.351605617729305,58.91044563168685,14.558840013957543
2018-09-11 → 2019-09-11,7773.957759032041,31396.444360089477,18234.44865481617,21708.076039376763,44.28192117300587,58.98667026747716,14.704749094471289
2018-09-12 → 2019-09-12,7773.957759032041,31396.444360089477,18217.193782609145,21725.86976101047,44.208876905912284,59.06199562138341,14.853118715471126
2018-09-13 → 2019-09-13,7773.957759032041,31396.444360089477,18200.42397341322,21754.75329890823,44.137886034040335,59.18426699097101,15.046380956930676
2018-09-14 → 2019-09-14,7773.957759032041,31396.444360089477,18184.69484450403,21785.648302061913,44.07130062677636,59.31505340510026,15.243752778323895
2018-09-15 → 2019-09-15,7773.957759032041,31396.444360089477,18169.136771071913,21804.920407547368,44.00543934089709,59.39663713424329,15.391197793346201
2018-09-16 → 2019-09-16,7773.957759032041,31396.444360089477,18153.89367551212,21836.100322269034,43.94091143654383,59.52862965157748,15.587718215033654
2018-09-17 → 2019-09-17,7773.957759032041,31396.444360089477,18138.640618744823,21864.890706457263,43.8763413638631,59.65050667779597,15.774165313932869
2018-09-18 → 2019-09-18,7773.957759032041,31396.444360089477,18121.87344623085,21890.932933512384,43.80536165373714,59.76075005519703,15.955388401459892
2018-09-19 → 2019-09-19,7773.957759032041,31396.444360089477,18105.38879345339,21917.941795989085,43.735577921584564,59.875085446440266,16.139507524855702
2018-09-20 → 2019-09-20,7773.957759032041,31396.444360089477,18089.455575535947,21945.44904925829,43.66812855358819,59.99153065279707,16.323402099208877
2018-09-21 → 2019-09-21,7773.957759032041,31396.444360089477,18074.771694461073,21974.18990956394,43.605967946524,60.11319803181193,16.507230085287937
2018-09-22 → 2019-09-22,7773.957759032041,31396.444360089477,18061.435428635246,22005.507167612166,43.549512137908025,60.24577195841467,16.696259820506647
2018-09-23 → 2019-09-23,7773.957759032041,31396.444360089477,18048.877545456067,22036.44870604684,43.49635142120932,60.37675536823609,16.88040394702677
2018-09-24 → 2019-09-24,7773.957759032041,31396.444360089477,18039.836734299297,22067.361527144123,43.45807936581797,60.507617210256996,17.049537844439023
2018-09-25 → 2019-09-25,7773.957759032041,31396.444360089477,18030.724905353127,22096.909876278114,43.41950667404317,60.6327028950666,17.21319622102343
2018-09-26 → 2019-09-26,7773.957759032041,31396.444360089477,18021.909040130166,22124.66346831239,43.382186872060224,60.75019091613307,17.368004044072848
2018-09-27 → 2019-09-27,7773.957759032041,31396.444360089477,18013.009378672166,22175.155402618326,43.34451233928009,60.96393612915259,17.619423789872506
2018-09-28 → 2019-09-28,7773.957759032041,31396.444360089477,18005.406682037545,22234.826504239423,43.312328188800855,61.21653909440701,17.904210905606156
2018-09-29 → 2019-09-29,7773.957759032041,31396.444360089477,17998.033464093452,22293.66464080944,43.28111548004325,61.465615906529656,18.18450042648641
2018-09-30 → 2019-09-30,7773.957759032041,31396.444360089477,17989.527074505335,22351.994183907133,43.24510576721421,61.71253971299754,18.467433945783327
2018-10-01 → 2019-10-01,7773.957759032041,31396.444360089477,17981.018553078728,22410.96728531487,43.209087029770096,61.962187865639926,18.75310083586983
2018-10-02 → 2019-10-02,7773.957759032041,31396.444360089477,17972.052470723534,22469.32428444412,43.171131320421566,62.209227900479604,19.03809658005804
2018-10-03 → 2019-10-03,7773.957759032041,31396.444360089477,17963.174977135182,22526.883273368694,43.13355062987752,62.45288975495177,19.31933912507425
2018-10-04 → 2019-10-04,7773.957759032041,31396.444360089477,17954.369415806315,22583.75624571746,43.09627444690162,62.69364752660067,19.597373079699054
2018-10-05 → 2019-10-05,7773.957759032041,31396.444360089477,17946.184648559614,22642.521397382694,43.061626243327936,62.94241537503963,19.880789131711694
2018-10-06 → 2019-10-06,7773.957759032041,31396.444360089477,17939.478892428957,22702.334013917607,43.03323907036047,63.19561740895352,20.162378338593044
2018-10-07 → 2019-10-07,7773.957759032041,31396.444360089477,17930.982939752255,22761.678202491825,42.997273539634676,63.44683646804936,20.449562928414686
2018-10-08 → 2019-10-08,7773.957759032041,31396.444360089477,17922.722137360703,22843.625197080484,42.962303459934496,63.79373895961429,20.83143549967979
2018-10-09 → 2019-10-09,7773.957759032041,31396.444360089477,17913.13032294074,22927.166422461778,42.92169886744619,64.14739023601105,21.22569136856486
2018-10-10 → 2019-10-10,7773.957759032041,31396.444360089477,17903.524001423502,23010.898908137915,42.88103286272167,64.50185116593022,21.62081830320855
2018-10-11 → 2019-10-11,7773.957759032041,31396.444360089477,17894.63574370161,23093.569163585267,42.843406604859815,64.85181540485014,22.008408799990328
2018-10-12 → 2019-10-12,7773.957759032041,31396.444360089477,17883.100435018674,23166.10984073134,42.794574706348264,65.158898559859,22.364323853510733
2018-10-13 → 2019-10-13,7773.957759032041,31396.444360089477,17871.92610149375,23240.107757168505,42.74727090758382,65.47215057979602,22.724879672212204
2018-10-14 → 2019-10-14,7773.957759032041,31396.444360089477,17860.57693127359,23314.764526467796,42.6992269805755,65.78819169164049,23.08896471106499
2018-10-15 → 2019-10-15,7773.957759032041,31396.444360089477,17849.866924654616,23361.332911017762,42.65388879582024,65.9853275196184,23.331438723798158
2018-10-16 → 2019-10-16,7773.957759032041,31396.444360089477,17841.595264228596,23418.244220368706,42.61887275129574,66.22624758155801,23.607374830262273
2018-10-17 → 2019-10-17,7773.957759032041,31396.444360089477,17833.159517863627,23470.441487775806,42.58316208921586,66.4472119037677,23.864049814551834
2018-10-18 → 2019-10-18,7773.957759032041,31396.444360089477,17825.078915467424,23522.416044239406,42.54895484197441,66.66723343385198,24.11827859187757
2018-10-19 → 2019-10-19,7773.957759032041,31396.444360089477,17816.738552233932,23573.640578037986,42.51364796097434,66.88407992704158,24.370431966067244
2018-10-20 → 2019-10-20,7773.957759032041,31396.444360089477,17807.19850951792,23584.039770042444,42.473262531289784,66.92810235440109,24.454839823111307
2018-10-21 → 2019-10-21,7773.957759032041,31396.444360089477,17797.834947041916,23594.534854945803,42.43362418739256,66.9725307208157,24.538906533423138
2018-10-22 → 2019-10-22,7773.957759032041,31396.444360089477,17789.274552053295,23605.01179765914,42.39738585595358,67.01688228672099,24.619496430767406
2018-10-23 → 2019-10-23,7773.957759032041,31396.444360089477,17783.271668999114,23615.397061643347,42.37197412366832,67.06084575322473,24.688871629556402
2018-10-24 → 2019-10-24,7773.957759032041,31396.444360089477,17777.206494026264,23625.652330049248,42.346298693832,67.104258915349,24.75796022151701
2018-10-25 → 2019-10-25,7773.957759032041,31396.444360089477,17766.169427430163,23635.935500799686,42.29957598092502,67.14779019520155,24.84821421427653
2018-10-26 → 2019-10-26,7773.957759032041,31396.444360089477,17753.03253544775,23645.79759274838,42.243964172548225,67.18953894128084,24.94557476873262
2018-10-27 → 2019-10-27,7773.957759032041,31396.444360089477,17738.95410168815,23655.61049109206,42.18436657811475,67.23107943830558,25.046712860190837
2018-10-28 → 2019-10-28,7773.957759032041,31396.444360089477,17725.643961001635,23665.37307055762,42.128021363864875,67.2724069227082,25.144385558843325
2018-10-29 → 2019-10-29,7773.957759032041,31396.444360089477,17711.967114766972,23675.57035604633,42.0701237916675,67.31557462838171,25.245450836714213
2018-10-30 → 2019-10-30,7773.957759032041,31396.444360089477,17698.096012740483,23685.13697421696,42.01140388524635,67.3560725587317,25.344668673485344
2018-10-31 → 2019-10-31,7773.957759032041,31396.444360089477,17684.378009666318,23694.7037004735,41.95333208566894,67.39657094663684,25.443238860967902
2018-11-01 → 2019-11-01,7773.957759032041,31396.444360089477,17670.58588000336,23704.429536535747,41.89494648936877,67.43774288685846,25.54279639748969
2018-11-02 → 2019-11-02,7773.957759032041,31396.444360089477,17656.889161201765,23714.332155896835,41.83696479153606,67.47966319579261,25.64269840425655
2018-11-03 → 2019-11-03,7773.957759032041,31396.444360089477,17643.516523311006,23724.212431679713,41.78035501070901,67.52148891867157,25.741133907962556
2018-11-04 → 2019-11-04,7773.957759032041,31396.444360089477,17629.379484571757,23733.937906860832,41.72050932647602,67.56265933119148,25.842150004715464
2018-11-05 → 2019-11-05,7773.957759032041,31396.444360089477,17616.10601231159,23744.162247129487,41.66431933901055,67.60594156663659,25.94162222762604
2018-11-06 → 2019-11-06,7773.957759032041,31396.444360089477,17602.640815897175,23754.22031922021,41.60731773438772,67.6485199465531,26.041202212165373
2018-11-07 → 2019-11-07,7773.957759032041,31396.444360089477,17589.88587547103,23764.46477858615,41.55332282419239,67.69188735125924,26.138564527066848
2018-11-08 → 2019-11-08,7773.957759032041,31396.444360089477,17578.935823908814,23776.075455506532,41.50696846807763,67.74103830270846,26.23406983463083
2018-11-09 → 2019-11-09,7773.957759032041,31396.444360089477,17567.299748363628,23787.021025446782,41.45770999778321,67.78737368697642,26.32966368919321
2018-11-10 → 2019-11-10,7773.957759032041,31396.444360089477,17554.360028919287,23797.070428655818,41.40293287095964,67.82991536930967,26.426982498350036
2018-11-11 → 2019-11-11,7773.957759032041,31396.444360089477,17542.7111590023,23807.52837187891,41.35362023883198,67.87418650553555,26.520566266703568
2018-11-12 → 2019-11-12,7773.957759032041,31396.444360089477,17530.67188373338,23817.81156326349,41.30265492145348,67.91771787273768,26.6150629512842
2018-11-13 → 2019-11-13,7773.957759032041,31396.444360089477,17518.61073608366,23827.830161411173,41.25159701271843,67.96012914940334,26.708532136684916
2018-11-14 → 2019-11-14,7773.957759032041,31396.444360089477,17506.623268135718,23837.42977540896,41.20085100891963,68.00076675949032,26.79991575057069
2018-11-15 → 2019-11-15,7773.957759032041,31396.444360089477,17489.881513510223,23840.954377754406,41.12997889918692,68.01568729857229,26.885708399385365
2018-11-16 → 2019-11-16,7773.957759032041,31396.444360089477,17472.778871724357,23844.12984027242,41.057579062223525,68.02912983987476,26.97155077765123
2018-11-17 → 2019-11-17,7773.957759032041,31396.444360089477,17455.190263648492,23846.260425263165,40.98312200622893,68.03814914858144,27.055027142352507
2018-11-18 → 2019-11-18,7773.957759032041,31396.444360089477,17438.910079614394,23848.384184871033,40.91420384232416,68.04713956370469,27.132935721380527
2018-11-19 → 2019-11-19,7773.957759032041,31396.444360089477,17423.389626329852,23850.888383060246,40.84850181210756,68.05774047220135,27.20923866009379
2018-11-20 → 2019-11-20,7773.957759032041,31396.444360089477,17400.204584378927,23846.341897354272,40.750353626683726,68.03849404068566,27.288140414001937
2018-11-21 → 2019-11-21,7773.957759032041,31396.444360089477,17372.814654563845,23836.166265295386,40.634405080378464,67.99541799949348,27.36101291911502
2018-11-22 → 2019-11-22,7773.957759032041,31396.444360089477,17350.300007744478,23828.835081405017,40.5390948482272,67.96438323158705,27.42528838335985
2018-11-23 → 2019-11-23,7773.957759032041,31396.444360089477,17324.113958985195,23818.41761918221,40.42824263693582,67.92028346174173,27.492040824805912
2018-11-24 → 2019-11-24,7773.957759032041,31396.444360089477,17299.77407017571,23807.78283788906,40.32520569073899,67.87526372494283,27.550058034203836
2018-11-25 → 2019-11-25,7773.957759032041,31396.444360089477,17266.264125774473,23789.875127935356,40.18334956455227,67.79945582945692,27.616106264904644
2018-11-26 → 2019-11-26,7773.957759032041,31396.444360089477,17235.169115531236,23774.226826612354,40.051716469491716,67.73321258594376,27.681496116452045
2018-11-27 → 2019-11-27,7773.957759032041,31396.444360089477,17197.63033892542,23754.428548932447,39.89280527085383,67.64940143593967,27.75659616508584
2018-11-28 → 2019-11-28,7773.957759032041,31396.444360089477,17162.024681767383,23736.051171376534,39.74207745900508,67.57160531791757,27.829527858912492
2018-11-29 → 2019-11-29,7773.957759032041,31396.444360089477,17132.367354143094,23724.11181679214,39.616530440500426,67.52106299023622,27.90453254973579
2018-11-30 → 2019-11-30,7773.957759032041,31396.444360089477,17104.072071690007,23712.526578483117,39.496749305978284,67.47201972690547,27.97527042092719
2018-12-01 → 2019-12-01,7773.957759032041,31396.444360089477,17072.141573472385,23697.315817933628,39.3615793776093,67.40762870488322,28.04604932727392
2018-12-02 → 2019-12-02,7773.957759032041,31396.444360089477,17043.60817689185,23684.498059611702,39.24079024536249,67.3533678705418,28.112577625179313
2018-12-03 → 2019-12-03,7773.957759032041,31396.444360089477,17014.34272008953,23671.092739359337,39.11690211581644,67.29661973695723,28.17971762114079
2018-12-04 → 2019-12-04,7773.957759032041,31396.444360089477,16981.133017094526,23655.94153354268,38.9763169879429,67.23248082528153,28.256163837338626
2018-12-05 → 2019-12-05,7773.957759032041,31396.444360089477,16947.850516361774,23641.175065369713,38.83542368871139,67.16997060600467,28.33454691729328
2018-12-06 → 2019-12-06,7773.957759032041,31396.444360089477,16910.460175262793,23624.623441964646,38.67714085536518,67.09990337013491,28.42276251476973
2018-12-07 → 2019-12-07,7773.957759032041,31396.444360089477,16869.03358969284,23606.22391450837,38.50177157155703,67.02201348594527,28.520241914388237
2018-12-08 → 2019-12-08,7773.957759032041,31396.444360089477,16824.3200528895,23586.24554944522,38.31248778632953,66.93743998019818,28.62495219386865
2018-12-09 → 2019-12-09,7773.957759032041,31396.444360089477,16781.370361082987,23566.66868945087,38.130670806043504,66.85456614762938,28.72389534158588
2018-12-10 → 2019-12-10,7773.957759032041,31396.444360089477,16741.97740446016,23548.553464954024,37.96391039132467,66.77787979024973,28.81396939892506
2018-12-11 → 2019-12-11,7773.957759032041,31396.444360089477,16699.88271326707,23529.02377405364,37.785712846315974,66.69520563646478,28.909492790148803
2018-12-12 → 2019-12-12,7773.957759032041,31396.444360089477,16656.371188463443,23508.771694709478,37.60151748391209,66.6094734284793,29.007955944567215
2018-12-13 → 2019-12-13,7773.957759032041,31396.444360089477,16614.264020517243,23489.24641495581,37.42326712163094,66.52681794820148,29.10355082657054
2018-12-14 → 2019-12-14,7773.957759032041,31396.444360089477,16569.10124513893,23467.736562069647,37.23208159514072,66.43576126458716,29.203679669446437
2018-12-15 → 2019-12-15,7773.957759032041,31396.444360089477,16522.111821300277,23445.418528115777,37.033163400658395,66.34128334475263,29.30811994409423
2018-12-16 → 2019-12-16,7773.957759032041,31294.843993340724,16476.02815927129,23422.894066498226,36.99720458468948,66.5320862129757,29.53488162828622
2018-12-17 → 2019-12-17,7773.957759032041,29771.88544035732,16431.86456687325,23400.496660888843,39.35782921584552,71.03641364873953,31.678584432894006
2018-12-18 → 2019-12-18,7773.957759032041,29771.88544035732,16391.288680516274,23381.768052624175,39.173375993956704,70.95127559148258,31.77789959752588
2018-12-19 → 2019-12-19,7773.957759032041,29771.88544035732,16354.861307374927,23364.734291545006,39.0077814267363,70.87384211081145,31.86606068407515
2018-12-20 → 2019-12-20,7773.957759032041,29771.88544035732,16319.002684878462,23348.074179911564,38.844772333261986,70.79810719671049,31.953334863448504
2018-12-21 → 2019-12-21,7773.957759032041,29771.88544035732,16290.0992105239,23334.747804769522,38.71338052775523,70.73752705782152,32.0241465300663
2018-12-22 → 2019-12-22,7773.957759032041,29771.88544035732,16255.460356607045,23319.40594605223,38.555916359226934,70.66778476691329,32.11186840768635
2018-12-23 → 2019-12-23,7773.957759032041,29771.88544035732,16223.86722994373,23305.163324188783,38.412297709684154,70.603039477858,32.19074176817385
2018-12-24 → 2019-12-24,7773.957759032041,29771.88544035732,16192.328859345866,23290.71073963741,38.26892797479482,70.53733972304136,32.268411748246535
2018-12-25 → 2019-12-25,7773.957759032041,29771.88544035732,16162.694269790507,23277.076274908683,38.13421260530793,70.47535904501459,32.341146439706655
2018-12-26 → 2019-12-26,7773.957759032041,29771.88544035732,16128.034956695277,23260.925116079918,37.97665543175356,70.40193777068939,32.42528233893583
2018-12-27 → 2019-12-27,7773.957759032041,29771.88544035732,16094.031476983653,23245.19490324718,37.82207959986512,70.33043006750653,32.50835046764141
2018-12-28 → 2019-12-28,7773.957759032041,29771.88544035732,16055.222064980351,23227.22935144642,37.645656563270414,70.24876077546678,32.603104212196364
2018-12-29 → 2019-12-29,7773.957759032041,29771.88544035732,16021.78687179634,23212.145013722624,37.49366409530538,70.18018914480083,32.68652504949546
2018-12-30 → 2019-12-30,7773.957759032041,29771.88544035732,15988.114441642676,23196.489148634373,37.34059317589214,70.10901941774722,32.76842624185508
2018-12-31 → 2019-12-31,7773.957759032041,29771.88544035732,15954.811338362764,23180.840871198772,37.189201173143694,70.03788418327291,32.848683010129214
2019-01-01 → 2020-01-01,7773.957759032041,29771.88544035732,15918.813855981913,23163.839411274457,37.025560838916164,69.96059753986445,32.93503670094829
2019-01-02 → 2020-01-02,7773.957759032041,29771.88544035732,15886.396842787643,23147.99918650727,36.8781968978037,69.88858973532642,33.01039283752272
2019-01-03 → 2020-01-03,7773.957759032041,29771.88544035732,15853.656623965857,23132.963930779923,36.729363701804154,69.82024122566153,33.09087752385738
2019-01-04 → 2020-01-04,7773.957759032041,29771.88544035732,15818.666897676158,23116.920098089962,36.57030450860841,69.74730784337943,33.17700333477102
2019-01-05 → 2020-01-05,7773.957759032041,29771.88544035732,15784.478847337114,23101.261034511128,36.414889640288486,69.67612357636264,33.261233936074156
2019-01-06 → 2020-01-06,7773.957759032041,29771.88544035732,15747.73454549783,23085.30520586791,36.2478543523669,69.60359025015863,33.35573589779173
2019-01-07 → 2020-01-07,7773.957759032041,29771.88544035732,15713.78677018708,23071.502637881196,36.093531746153545,69.54084539443102,33.44731364827747
2019-01-08 → 2020-01-08,7773.957759032041,29771.88544035732,15679.39817196131,23057.30993118419,35.93720521065464,69.47632701386985,33.53912180321521
2019-01-09 → 2020-01-09,7773.957759032041,29771.88544035732,15645.917887724701,23043.01819200031,35.785007764051386,69.41135844323483,33.626350679183446
2019-01-10 → 2020-01-10,7773.957759032041,29771.88544035732,15611.292174998,23028.802534680464,35.62760333383273,69.34673573183319,33.71913239800046
2019-01-11 → 2020-01-11,7773.957759032041,29771.88544035732,15569.997260588407,23010.992610076104,35.43988149472218,69.26577390278109,33.82589240805891
2019-01-12 → 2020-01-12,7773.957759032041,29771.88544035732,15528.07234944423,22993.090778341288,35.24929576432282,69.18439427468998,33.93509851036716
2019-01-13 → 2020-01-13,7773.957759032041,29771.88544035732,15486.174257509321,22975.109924306824,35.05883195090426,69.10265542048995,34.04382346958569
2019-01-14 → 2020-01-14,7773.957759032041,29771.88544035732,15439.245257338993,22955.92809531823,34.84549821851742,69.01545707496182,34.169958856444396
2019-01-15 → 2020-01-15,7773.957759032041,29771.88544035732,15395.74311665681,22938.43329381859,34.64774258756718,68.93592775859582,34.288185171028644
2019-01-16 → 2020-01-16,7773.957759032041,29771.88544035732,15350.788857506359,22920.014050530564,34.443385796319916,68.8521960382499,34.408810241929984
2019-01-17 → 2020-01-17,7773.957759032041,29771.88544035732,15305.696426265069,22901.855299719067,34.238400890948256,68.76964848615975,34.5312475952115
2019-01-18 → 2020-01-18,7773.957759032041,29771.88544035732,15261.23997045489,22884.144168760635,34.03630705531882,68.68913576143856,34.65282870611974
2019-01-19 → 2020-01-19,7773.957759032041,29771.88544035732,15216.993394294204,22866.097243647986,33.835167307967765,68.60709655586389,34.771929247896125
2019-01-20 → 2020-01-20,7773.957759032041,29771.88544035732,15174.531611178656,22847.492610126137,33.64214102053436,68.52252207325186,34.8803810527175
2019-01-21 → 2020-01-21,7773.957759032041,29771.88544035732,15128.60692624879,22826.000450768723,33.43337278747551,68.42482123675143,34.991448449275914
2019-01-22 → 2020-01-22,7773.957759032041,29771.88544035732,15082.923715765384,22804.438683008488,33.22570226893758,68.32680396861332,35.10110169967574
2019-01-23 → 2020-01-23,7773.957759032041,29771.88544035732,15039.204086994365,22783.450365360757,33.02695796263579,68.23139353745007,35.20443557481428
2019-01-24 → 2020-01-24,7773.957759032041,29771.88544035732,14994.716952452482,22762.06803879339,32.82472466508909,68.1341919879354,35.3094673228463
2019-01-25 → 2020-01-25,7773.957759032041,29771.88544035732,14950.873815980307,22740.893326692523,32.62541890725903,68.03793422944278,35.41251532218375
2019-01-26 → 2020-01-26,7773.957759032041,29771.88544035732,14906.021636544814,22719.57538297518,32.42152615842719,67.94102535681549,35.519499198388296
2019-01-27 → 2020-01-27,7773.957759032041,29771.88544035732,14859.902015467693,22698.166542787654,32.21187176849903,67.84370327949225,35.631831510993216
2019-01-28 → 2020-01-28,7773.957759032041,29771.88544035732,14812.055210602975,22676.443897712572,31.994365803583364,67.74495468194357,35.750588878360205
2019-01-29 → 2020-01-29,7773.957759032041,29771.88544035732,14761.85645555458,22653.132365016892,31.766168148896963,67.63898318756745,35.87281503867048
2019-01-30 → 2020-01-30,7773.957759032041,29771.88544035732,14710.131058252071,22629.172376791066,31.53103055752093,67.53006389038217,35.99903333286124
2019-01-31 → 2020-01-31,7773.957759032041,29771.88544035732,14659.855925657219,22605.860432622027,31.30248569946354,67.4240905254964,36.12160482603286
2019-02-01 → 2020-02-01,7773.957759032041,29771.88544035732,14608.857172339078,22582.085252223234,31.070651346442023,67.31601134302424,36.24535999658222
2019-02-02 → 2020-02-02,7773.957759032041,29771.88544035732,14558.80303289863,22558.58283601868,30.843111097353287,67.2091721145977,36.36606101724442
2019-02-03 → 2020-02-03,7773.957759032041,29771.88544035732,14509.323527073486,22535.32617188413,30.618183065304393,67.10345004626718,36.48526698096279
2019-02-04 → 2020-02-04,7773.957759032041,29771.88544035732,14459.092764394516,22511.264531783196,30.38983990768227,66.99406865157626,36.604228743893984
2019-02-05 → 2020-02-05,7773.957759032041,29771.88544035732,14407.378676282537,22487.123031448235,30.154753726560397,66.884324221625,36.72957049506459
2019-02-06 → 2020-02-06,7773.957759032041,29771.88544035732,14355.693163014312,22463.200706835043,29.91979744332785,66.77557613880673,36.855778695478875
2019-02-07 → 2020-02-07,7773.957759032041,29771.88544035732,14302.43695250311,22438.287383531013,29.677700954591725,66.66232309213369,36.98462213754196
2019-02-08 → 2020-02-08,7773.957759032041,28074.774710040525,14248.659944524521,22413.18396878949,31.89380112690901,72.11151277845602,40.217711651547006
2019-02-09 → 2020-02-09,7773.957759032041,28074.774710040525,14199.942317104817,22392.000319239134,31.65382247217175,72.007164024406,40.35334155223424
2019-02-10 → 2020-02-10,7773.957759032041,28074.774710040525,14152.168143936973,22370.92125283689,31.41849118829714,71.90333043754535,40.48483924924821
2019-02-11 → 2020-02-11,7773.957759032041,28074.774710040525,14103.74661161962,22350.12702466429,31.179971071425932,71.8008999382074,40.62092886678146
2019-02-12 → 2020-02-12,7773.957759032041,28074.774710040525,14054.025378038741,22328.60393999428,30.935048742926202,71.69487915726074,40.759830414334544
2019-02-13 → 2020-02-13,7773.957759032041,28074.774710040525,14004.567682111336,22307.018263753547,30.691424577225085,71.5885500558614,40.89712547863632
2019-02-14 → 2020-02-14,7773.957759032041,28074.774710040525,13954.533437061877,22285.23310731796,30.444960382359405,71.48123833294818,41.036277950588776
2019-02-15 → 2020-02-15,7773.957759032041,28050.436405718185,13905.392145156498,22262.443187323814,30.239147994893774,71.45464299176858,41.21549499687481
2019-02-16 → 2020-02-16,7773.957759032041,27896.057039244246,13856.205664400954,22241.225482921942,30.226706571068906,71.89740753399828,41.670700962929374
2019-02-17 → 2020-02-17,7773.957759032041,27603.28339949321,13808.20357673291,22219.613605099115,30.430917960155757,72.8499602457036,42.419042285547846
2019-02-18 → 2020-02-18,7773.957759032041,27040.460617832723,13759.583779187313,22198.527945272534,31.067527220806017,74.86864789087315,43.801120670067135
2019-02-19 → 2020-02-19,7773.957759032041,27040.460617832723,13717.26706730178,22180.678423166333,30.847888440506026,74.77600252478355,43.928114084277524
2019-02-20 → 2020-02-20,7773.957759032041,27040.460617832723,13675.546828651972,22163.167120215665,30.631345568374197,74.68511263636422,44.05376706799002
2019-02-21 → 2020-02-21,7773.957759032041,27040.460617832723,13634.21491698913,22146.08008567669,30.416818251373535,74.5964248518493,44.17960660047577
2019-02-22 → 2020-02-22,7773.957759032041,27040.460617832723,13592.257672956055,22128.516958241762,30.199045237035797,74.5052659759306,44.3062207388948
2019-02-23 → 2020-02-23,7773.957759032041,27040.460617832723,13550.454062925217,22111.204640470587,29.982069637793913,74.4154088913416,44.433339253547686
2019-02-24 → 2020-02-24,7773.957759032041,27040.460617832723,13512.297856193794,22095.8583591398,29.78402535850223,74.33575623489814,44.55173087639591
2019-02-25 → 2020-02-25,7773.957759032041,27040.460617832723,13468.758996914541,22075.889859861018,29.55804319869701,74.23211262388516,44.67406942518815
2019-02-26 → 2020-02-26,7773.957759032041,27040.460617832723,13428.324262988574,22054.71985652131,29.348172553140294,74.12223277960383,44.77406022646354
2019-02-27 → 2020-02-27,7773.957759032041,27040.460617832723,13387.473104896088,22033.060774477188,29.13614051810065,74.00981444295573,44.87367392485508
2019-02-28 → 2020-02-28,7773.957759032041,27040.460617832723,13346.783832675179,22011.411575556926,28.924948728292666,73.8974474032344,44.97249867494173
2019-03-01 → 2020-03-01,7773.957759032041,27040.460617832723,13302.22753951511,21978.808710347803,28.69368572489962,73.72822694092184,45.03454121602222
2019-03-02 → 2020-03-02,7773.957759032041,27040.460617832723,13261.316785511852,21957.269618238024,28.481344365893875,73.61643139469514,45.135087028801266
2019-03-03 → 2020-03-03,7773.957759032041,27040.460617832723,13220.866864893327,21935.640605855726,28.271394896003194,73.50416913028312,45.23277423427992
2019-03-04 → 2020-03-04,7773.957759032041,27040.460617832723,13179.945587085007,21912.334942722955,28.058998914707463,73.38320445234665,45.32420553763919
2019-03-05 → 2020-03-05,7773.957759032041,26046.86550643562,13136.332184200495,21888.43607639967,29.346037857222807,77.24265077282608,47.89661291560327
2019-03-06 → 2020-03-06,7773.957759032041,26046.86550643562,13095.165007690583,21866.154098378443,29.12074707658193,77.12071080394296,47.99996372736102
2019-03-07 → 2020-03-07,7773.957759032041,26046.86550643562,13055.049319088834,21844.04834499698,28.901210650544595,76.99973523898612,48.09852458844152
2019-03-08 → 2020-03-08,7773.957759032041,26046.86550643562,13017.98369403455,21821.97966636955,28.698365949708464,76.8789625686892,48.18059661898074
2019-03-09 → 2020-03-09,7773.957759032041,25963.445555142123,12981.518181286308,21799.55937573405,28.629505572817344,77.10828239870206,48.478776825884715
2019-03-10 → 2020-03-10,7773.957759032041,25963.445555142123,12946.284543468975,21778.400979985665,28.435802274449216,76.9919602900998,48.55615801565058
2019-03-11 → 2020-03-11,7773.957759032041,25963.445555142123,12910.808171498982,21757.07493881183,28.240764501161397,76.87471652044074,48.63395201927935
2019-03-12 → 2020-03-12,7773.957759032041,25960.826637480193,12895.006089675435,21734.80784781982,28.15794387076684,76.76335152628553,48.60540765551869
2019-03-13 → 2020-03-13,7773.957759032041,25960.826637480193,12872.81331451236,21712.604983422898,28.03591750486845,76.64126968501141,48.60535218014296
2019-03-14 → 2020-03-14,7773.957759032041,25948.527232164128,12855.033662390088,21690.2322737096,27.957063361910862,76.57003669468116,48.6129733327703
2019-03-15 → 2020-03-15,7773.957759032041,25628.446628388738,12835.178148347144,21667.836972240566,28.347047212320785,77.81728905751154,49.470241845190756
2019-03-16 → 2020-03-16,7773.957759032041,25586.972579571917,12819.70124690187,21638.85836367737,28.32616229596166,77.83578885623535,49.509626560273695
2019-03-17 → 2020-03-17,7773.957759032041,25586.972579571917,12801.710240809383,21612.347363909943,28.22516307559531,77.68695947482792,49.461796399232604
2019-03-18 → 2020-03-18,7773.957759032041,25586.972579571917,12783.555642333953,21460.264586370628,28.123245468394447,76.83318610141808,48.709940633023635
2019-03-19 → 2020-03-19,7773.957759032041,25586.972579571917,12758.834466806227,21303.02272834427,27.984463932664628,75.95045030621151,47.96598637354688
2019-03-20 → 2020-03-20,7773.957759032041,25586.972579571917,12734.781576546087,21146.40122403508,27.84943406544414,75.07119709788546,47.22176303244132
2019-03-21 → 2020-03-21,7773.957759032041,25586.972579571917,12711.300081060936,20968.624327575908,27.71761193582869,74.07318020826732,46.35556827243863
2019-03-22 → 2020-03-22,7773.957759032041,25586.972579571917,12689.506716151653,20767.503515999066,27.595266756594043,72.94411354772127,45.34884679112723
2019-03-23 → 2020-03-23,7773.957759032041,25586.972579571917,12663.11909260026,20559.42014301418,27.447129993574205,71.77595995282869,44.32882995925448
2019-03-24 → 2020-03-24,7773.957759032041,25586.972579571917,12634.905471285878,20341.290085071483,27.288742311317016,70.55140554617554,43.26266323485853
2019-03-25 → 2020-03-25,7773.957759032041,25586.972579571917,12607.011919987168,20110.281457358506,27.132151461425924,69.25455248654296,42.12240102511704
2019-03-26 → 2020-03-26,7773.957759032041,25524.76751053806,12577.63333472961,19850.614604600894,27.061726439212237,68.0343996393981,40.97267320018587
2019-03-27 → 2020-03-27,7773.957759032041,24931.82727159103,12550.06293900404,19582.223238884686,27.83623675699391,68.8212803530729,40.98504359607898
2019-03-28 → 2020-03-28,7773.957759032041,24931.82727159103,12526.12382253368,19333.39186889403,27.696714093921805,67.3710340400996,39.674319946177796
2019-03-29 → 2020-03-29,7773.957759032041,24453.100059156557,12504.33467315386,19068.980693766716,28.361032174217403,67.71944702846233,39.35841485424493
2019-03-30 → 2020-03-30,7773.957759032041,24438.57841350643,12480.03580320374,18814.52998705018,28.239935020111805,66.25156645887277,38.01163143876097
2019-03-31 → 2020-03-31,7773.957759032041,24424.09322507313,12455.806263586064,18549.520265691364,28.11898145875703,64.71756658458848,36.59858512583145
2019-04-01 → 2020-04-01,7773.957759032041,24163.82411016625,12430.272468500625,18273.420493431175,28.409717380925187,64.0606976863637,35.65098030543851
2019-04-02 → 2020-04-02,7773.957759032041,20392.68371152051,12404.544323813134,17996.99381565782,36.69614969225891,81.01480367445298,44.318653982194064
2019-04-03 → 2020-04-03,7773.957759032041,20361.333434818054,12389.33439624714,17879.844774867346,36.66671080687273,80.28589339138992,43.61918258451719
2019-04-04 → 2020-04-04,7773.957759032041,20361.333434818054,12374.121636793896,17798.046260250245,36.54585353014499,79.63604773075349,43.0901942006085
2019-04-05 → 2020-04-05,7773.957759032041,20164.08152590028,12358.765901153398,17711.538657618465,37.0037315880681,80.20566287771855,43.20193128965045
2019-04-06 → 2020-04-06,7773.957759032041,20164.08152590028,12341.96503637191,17637.6824909457,36.86813274258753,79.60957386309337,42.74144112050585
2019-04-07 → 2020-04-07,7773.957759032041,20164.08152590028,12325.858033666611,17529.96154826841,36.73813401934337,78.74016412430335,42.00203010495998
2019-04-08 → 2020-04-08,7773.957759032041,20164.08152590028,12310.308609723526,17442.485057667865,36.612635483286255,78.03414623258172,41.421510749295464
2019-04-09 → 2020-04-09,7773.957759032041,20164.08152590028,12296.064185648771,17366.6517810447,36.49766952860511,77.4221000734792,40.92443054487409
2019-04-10 → 2020-04-10,7773.957759032041,20164.08152590028,12283.340750382904,17272.631536948564,36.39497939002966,76.66326791114398,40.268288521114314
2019-04-11 → 2020-04-11,7773.957759032041,20164.08152590028,12271.629434238514,17193.345862217175,36.300458008607244,76.0233576388721,39.722899630264855
2019-04-12 → 2020-04-12,7773.957759032041,20164.08152590028,12256.72484724146,17066.077283821534,36.18016391568697,74.99618001909754,38.81601610341057
2019-04-13 → 2020-04-13,7773.957759032041,20164.08152590028,12242.816694679348,16938.687647475504,36.06791198968683,73.96802534733649,37.900113357649666
2019-04-14 → 2020-04-14,7773.957759032041,20164.08152590028,12228.754212727623,16803.997800266927,35.95441447976421,72.88095107961414,36.926536599849925
2019-04-15 → 2020-04-15,7773.957759032041,20164.08152590028,12217.041406094495,16677.420159966052,35.85988106869007,71.85934998278451,35.999468914094436
2019-04-16 → 2020-04-16,7773.957759032041,20164.08152590028,12201.23683072044,16525.200450439796,35.73232321962066,70.63079317100109,34.89846995138043
2019-04-17 → 2020-04-17,7773.957759032041,20164.08152590028,12187.375165436757,16394.374697587315,35.6204464898599,69.5749057939733,33.9544593041134
2019-04-18 → 2020-04-18,7773.957759032041,20164.08152590028,12172.756649667848,16260.967994701467,35.5024612619157,68.4981877127336,32.9957264508179
2019-04-19 → 2020-04-19,7773.957759032041,20164.08152590028,12159.24375788231,16130.081019849436,35.39339946366577,67.44180621635155,32.04840675268578
2019-04-20 → 2020-04-20,7773.957759032041,20164.08152590028,12147.493897560797,15995.124991259361,35.298566994332944,66.35258361349946,31.054016619166518
2019-04-21 → 2020-04-21,7773.957759032041,20164.08152590028,12135.877636981824,15857.909695527269,35.2048128010937,65.24512659116517,30.040313790071473
2019-04-22 → 2020-04-22,7773.957759032041,20164.08152590028,12122.674938324139,15711.493650456636,35.098254554331135,64.0634108325046,28.965156278173467
2019-04-23 → 2020-04-23,7773.957759032041,20164.08152590028,12108.449816564449,15572.524915454815,34.98344438756163,62.941801899320005,27.958357511758372
2019-04-24 → 2020-04-24,7773.957759032041,20164.08152590028,12095.608336339665,15451.840083516476,34.879801514686356,61.96776133112927,27.08795981644291
2019-04-25 → 2020-04-25,7773.957759032041,20164.08152590028,12081.594649537745,15308.627114728079,34.76669782770469,60.81189742304341,26.045199595338723
2019-04-26 → 2020-04-26,7773.957759032041,20164.08152590028,12063.915946915371,15109.264204509946,34.62401400182034,59.20285045975772,24.578836457937378
2019-04-27 → 2020-04-27,7773.957759032041,20164.08152590028,12046.043361532285,14904.905817958068,34.47976535895466,57.55348528474356,23.0737199257889
2019-04-28 → 2020-04-28,7773.957759032041,20164.08152590028,12028.528087949753,14696.84870780194,34.338400559763805,55.87426791717793,21.535867357414126
2019-04-29 → 2020-04-29,7773.957759032041,20164.08152590028,12006.704214485459,14473.835078749367,34.162261290496346,54.07433731721959,19.91207602672324
2019-04-30 → 2020-04-30,7773.957759032041,20164.08152590028,11985.27498526522,14240.972584819545,33.98930717297945,52.19491707645889,18.20560990347944
2019-05-01 → 2020-05-01,7773.957759032041,20164.08152590028,11964.307289583674,14017.614690558627,33.8200780669909,50.39220793114602,16.572129864155116
2019-05-02 → 2020-05-02,7773.957759032041,20164.08152590028,11943.394958656068,13792.318732245205,33.651295806852985,48.57385677862667,14.922560971773684
2019-05-03 → 2020-05-03,7773.957759032041,20164.08152590028,11923.498205437774,13569.519423905052,33.490710217938215,46.7756559492215,13.284945731283287
2019-05-04 → 2020-05-04,7773.957759032041,20164.08152590028,11906.021469655881,13376.466612294069,33.34965645519352,45.217537440936574,11.867880985743056
2019-05-05 → 2020-05-05,7773.957759032041,20164.08152590028,11889.159593559116,13191.099802327073,33.21356519077972,43.72145222455903,10.507887033779312
2019-05-06 → 2020-05-06,7773.957759032041,20164.08152590028,11870.996562839133,12991.22283525379,33.06697237974944,42.108256336978286,9.041283957228849
2019-05-07 → 2020-05-07,7773.957759032041,20164.08152590028,11850.388311111188,12777.497885905697,32.900644325924404,40.383294154440584,7.48264982851618
2019-05-08 → 2020-05-08,7773.957759032041,20164.08152590028,11831.25342474467,12572.843890643837,32.74620772200858,38.73154313796475,5.985335415956172
2019-05-09 → 2020-05-09,7773.957759032041,20164.08152590028,11813.768482400505,12373.203917927049,32.605087724556086,37.12026001865779,4.515172294101703
2019-05-10 → 2020-05-10,7773.957759032041,20164.08152590028,11800.729338495428,12192.065775968804,32.499849519107784,35.658304146654174,3.1584546275463907
2019-05-11 → 2020-05-11,7773.957759032041,20164.08152590028,11789.583998450253,12027.147465292825,32.40989609931243,34.32725763106586,1.9173615317534356
2019-05-12 → 2020-05-12,7773.957759032041,20164.08152590028,11783.288851452646,11949.487567747143,32.35908831792092,33.70046891606248,1.341380598141562
2019-05-13 → 2020-05-13,7773.957759032041,20164.08152590028,11773.26810690214,11834.181668541109,32.278211445832675,32.769841414871834,0.4916299690391597
2019-05-14 → 2020-05-14,7773.957759032041,20164.08152590028,11766.130363865828,11785.703053527348,32.22060311866326,32.378573208630065,0.15797008996680262
2019-05-15 → 2020-05-15,7773.957759032041,20164.08152590028,11761.094600165032,11746.50364177929,32.179959749835405,32.062196935998486,-0.11776281383691867
2019-05-16 → 2020-05-16,7773.957759032041,20164.08152590028,11756.928041420997,11723.549683150575,32.14633168588357,31.876936812204605,-0.2693948736789622
2019-05-17 → 2020-05-17,7773.957759032041,20164.08152590028,11750.411917590023,11674.597355013877,32.09374041275683,31.481845293687254,-0.611895119069576
2019-05-18 → 2020-05-18,7773.957759032041,20164.08152590028,11741.236228672067,11582.23899337896,32.01968393769165,30.736426092291648,-1.283257845400005
2019-05-19 → 2020-05-19,7773.957759032041,20164.08152590028,11731.731952173976,11481.723002494822,31.942975450537496,29.92516711881051,-2.017808331726986
2019-05-20 → 2020-05-20,7773.957759032041,20164.08152590028,11727.217278465288,11448.125544917473,31.906537770062027,29.65400390680782,-2.2525338632542073
2019-05-21 → 2020-05-21,7773.957759032041,20164.08152590028,11723.12266365058,11396.309516346622,31.873490361563512,29.23579962131545,-2.637690740248061
2019-05-22 → 2020-05-22,7773.957759032041,20164.08152590028,11718.734427270376,11342.311949469486,31.838073149735983,28.799988261452135,-3.038084888283848
2019-05-23 → 2020-05-23,7773.957759032041,20164.08152590028,11712.869374509632,11262.409324603417,31.79073663501587,28.155098618947257,-3.635638016068615
2019-05-24 → 2020-05-24,7773.957759032041,20164.08152590028,11709.30892589806,11196.220952372547,31.762000452241875,27.620895946913738,-4.141104505328137
2019-05-25 → 2020-05-25,7773.957759032041,20164.08152590028,11705.778063426487,11133.568125684655,31.733503057558742,27.115228466372272,-4.61827459118647
2019-05-26 → 2020-05-26,7773.957759032041,20164.08152590028,11702.81878591837,11073.392856698747,31.709618893334092,26.62955721628501,-5.0800616770490805
2019-05-27 → 2020-05-27,7773.957759032041,20164.08152590028,11701.32966678344,11053.803768887461,31.69760029559488,26.471454777763228,-5.226145517831654
2019-05-28 → 2020-05-28,7773.957759032041,20164.08152590028,11698.902468983988,11038.299323559188,31.67801051711387,26.346319261605323,-5.331691255508545
2019-05-29 → 2020-05-29,7773.957759032041,20164.08152590028,11696.539256510247,11016.251777869906,31.658937160638928,26.16837474624674,-5.490562414392187
2019-05-30 → 2020-05-30,7773.957759032041,20164.08152590028,11693.173493817392,10989.321171046546,31.631772277089865,25.951019315985636,-5.680752961104229
2019-05-31 → 2020-05-31,7773.957759032041,20164.08152590028,11689.114892559192,10936.791223283122,31.599015532003484,25.527053028385744,-6.0719625036177405
2019-06-01 → 2020-06-01,7773.957759032041,20164.08152590028,11683.985061404368,10900.198248574434,31.55761294998456,25.23171316417438,-6.325899785810179
2019-06-02 → 2020-06-02,7773.957759032041,20164.08152590028,11680.778846685369,10861.857706528634,31.53173576926121,24.92226878115438,-6.609466988106831
2019-06-03 → 2020-06-03,7773.957759032041,20164.08152590028,11677.877068215565,10833.318188824245,31.50831567657768,24.69192792063203,-6.816387755945652
2019-06-04 → 2020-06-04,7773.957759032041,20164.08152590028,11672.305897682749,10767.154080596414,31.46335106897858,24.157921082017896,-7.305429986960682
2019-06-05 → 2020-06-05,7773.957759032041,20164.08152590028,11664.947341135858,10660.000401962769,31.40396056824308,23.293089699782804,-8.110870868460275
2019-06-06 → 2020-06-06,7773.957759032041,20164.08152590028,11658.189242811943,10559.524740531122,31.349416332438217,22.4821562230703,-8.867260109367916
2019-06-07 → 2020-06-07,7773.957759032041,20164.08152590028,11651.104920641446,10453.064784416247,31.292239162106473,21.622923836711465,-9.669315325395008
2019-06-08 → 2020-06-08,7773.957759032041,20164.08152590028,11645.03792845984,10360.011767465514,31.243272805548923,20.87189811088651,-10.371374694662414
2019-06-09 → 2020-06-09,7773.957759032041,20164.08152590028,11638.582303185653,10256.901344249303,31.191169812910136,20.039699618310248,-11.151470194599888
2019-06-10 → 2020-06-10,7773.957759032041,20164.08152590028,11630.445067540979,10126.383561078153,31.125494636472972,18.98629784745659,-12.139196789016381
2019-06-11 → 2020-06-11,7773.957759032041,20164.08152590028,11625.726672478911,10017.042894245915,31.087412732281795,18.10381540507276,-12.983597327209036
2019-06-12 → 2020-06-12,7773.957759032041,20164.08152590028,11620.148500954843,9897.943321777502,31.042391620071562,17.142569377919337,-13.899822242152226
2019-06-13 → 2020-06-13,7773.957759032041,20164.08152590028,11615.50138930056,9789.56331213965,31.004885040301065,16.26784034633641,-14.737044693964656
2019-06-14 → 2020-06-14,7773.957759032041,20164.08152590028,11611.568642277176,9682.409808533414,30.973144057746076,15.403010376737805,-15.57013368100827
2019-06-15 → 2020-06-15,7773.957759032041,20164.08152590028,11609.102099781074,9600.22416410285,30.95323673040607,14.739694610269586,-16.21354212013648
2019-06-16 → 2020-06-16,7773.957759032041,20164.08152590028,11606.937009391002,9523.574771840262,30.93576240625233,14.121061627219387,-16.814700779032943
2019-06-17 → 2020-06-17,7773.957759032041,20164.08152590028,11605.564817406907,9453.327679743512,30.924687521046064,13.5541012528235,-17.370586268222564
2019-06-18 → 2020-06-18,7773.957759032041,20164.08152590028,11605.411290135815,9397.44900288271,30.92344841097759,13.103107558876514,-17.820340852101076
2019-06-19 → 2020-06-19,7773.957759032041,20164.08152590028,11604.636585769766,9323.475599425557,30.917195815114738,12.506072332683212,-18.411123482431528
2019-06-20 → 2020-06-20,7773.957759032041,20164.08152590028,11604.410039118955,9259.306911230042,30.915367369692614,11.988170418199472,-18.927196951493144
2019-06-21 → 2020-06-21,7773.957759032041,20164.08152590028,11605.215283525235,9205.919184270926,30.92186645252206,11.55728104240585,-19.364585410116213
2019-06-22 → 2020-06-22,7773.957759032041,20164.08152590028,11606.32821336753,9175.70116368676,30.930848847397492,11.313393078469836,-19.617455768927655
2019-06-23 → 2020-06-23,7773.957759032041,20164.08152590028,11609.176450113424,9169.683518563175,30.953836807804404,11.264824999273765,-19.689011808530637
2019-06-24 → 2020-06-24,7773.957759032041,20164.08152590028,11613.254962336632,9167.82857359258,30.986754253182262,11.24985384155575,-19.736900411626515
2019-06-25 → 2020-06-25,7773.957759032041,20164.08152590028,11617.959982797222,9174.0488308842,31.024728211708574,11.300057192294284,-19.724671019414288
2019-06-26 → 2020-06-26,7773.957759032041,20164.08152590028,11624.471795457153,9206.104461262084,31.07728468961354,11.558776402699616,-19.51850828691392
2019-06-27 → 2020-06-27,7949.689521114651,20164.08152590028,11633.557573096929,9273.925961304134,30.160060775345414,10.84160750425108,-19.318453271094334
2019-06-28 → 2020-06-28,7949.689521114651,20164.08152590028,11638.947806785984,9288.916295042647,30.20419095953259,10.96433431482536,-19.23985664470723
2019-06-29 → 2020-06-29,7949.689521114651,20164.08152590028,11646.567480849975,9345.996091880317,30.26657371309909,11.431650222283594,-18.834923490815495
2019-06-30 → 2020-06-30,7949.689521114651,20164.08152590028,11653.55389396721,9392.898294025697,30.323771919235725,11.815641518182758,-18.508130401052966
2019-07-01 → 2020-07-01,7949.689521114651,20164.08152590028,11657.908324755284,9403.262205368963,30.35942191954985,11.900491515949367,-18.458930403600483
2019-07-02 → 2020-07-02,7949.689521114651,20164.08152590028,11662.08994276576,9403.363327854566,30.393657090722005,11.901319412135795,-18.49233767858621
2019-07-03 → 2020-07-03,7949.689521114651,20164.08152590028,11666.833685486312,9411.434037278685,30.432494412454375,11.967394820727206,-18.465099591727167
2019-07-04 → 2020-07-04,7949.689521114651,20164.08152590028,11673.892695132461,9458.941864442717,30.490286970965542,12.356344406964643,-18.133942564000897
2019-07-05 → 2020-07-05,7949.689521114651,20164.08152590028,11679.524160335464,9483.710635925965,30.53639213281721,12.559127905918533,-17.977264226898676
2019-07-06 → 2020-07-06,7949.689521114651,20164.08152590028,11683.926389332364,9503.386431809637,30.572433460090597,12.72021489146773,-17.852218568622867
2019-07-07 → 2020-07-07,7949.689521114651,20164.08152590028,11689.066088426927,9525.777219760348,30.61451250170437,12.903529688814489,-17.71098281288988
2019-07-08 → 2020-07-08,7949.689521114651,20164.08152590028,11694.16257100368,9555.372680890861,30.65623772695305,13.1458296012368,-17.510408125716253
2019-07-09 → 2020-07-09,7949.689521114651,20164.08152590028,11701.561321465515,9600.160452076081,30.716811765013524,13.512509917110663,-17.20430184790286
2019-07-10 → 2020-07-10,8259.832572139929,20164.08152590028,11709.245554041227,9648.013965271648,28.976317576185153,11.661226159868036,-17.315091416317117
2019-07-11 → 2020-07-11,8356.122186429126,20164.08152590028,11716.237359956967,9688.687996863993,28.456357927112673,11.285318420604838,-17.171039506507835
2019-07-12 → 2020-07-12,8356.122186429126,20164.08152590028,11721.446026298489,9714.34233718418,28.500469413202485,11.502581535954757,-16.997887877247727
2019-07-13 → 2020-07-13,8356.122186429126,20164.08152590028,11727.880495086376,9747.190657961164,28.554962053318366,11.780769492337534,-16.774192560980833
2019-07-14 → 2020-07-14,8356.122186429126,20164.08152590028,11733.291097782037,9772.50002594925,28.600783710897886,11.995111083974649,-16.605672626923237
2019-07-15 → 2020-07-15,8356.122186429126,20164.08152590028,11736.421120811645,9776.715899532996,28.62729144978503,12.030814743366944,-16.596476706418088
2019-07-16 → 2020-07-16,8356.122186429126,20164.08152590028,11741.319299888615,9794.731323867287,28.668773461504,12.183384919265757,-16.48538854223824
2019-07-17 → 2020-07-17,8356.122186429126,20164.08152590028,11742.307993979506,9779.786913246997,28.6771465771497,12.056822740394303,-16.620323836755396
2019-07-18 → 2020-07-18,8356.122186429126,20164.08152590028,11743.839504467907,9759.476108386832,28.69011673096181,11.88481329933644,-16.805303431625372
2019-07-19 → 2020-07-19,8356.122186429126,20164.08152590028,11747.882984831911,9781.16807838376,28.724360415647336,12.068519639892816,-16.65584077575452
2019-07-20 → 2020-07-20,8356.122186429126,20164.08152590028,11751.735239471649,9792.511559639903,28.756984635709316,12.164586038243497,-16.592398597465817
2019-07-21 → 2020-07-21,8356.122186429126,20164.08152590028,11755.673622051523,9800.039496293219,28.790338261570042,12.228339108836751,-16.561999152733293
2019-07-22 → 2020-07-22,8356.122186429126,20164.08152590028,11758.531013724709,9805.059578138322,28.81453712261824,12.270853498502053,-16.543683624116188
2019-07-23 → 2020-07-23,8356.122186429126,20164.08152590028,11760.480484432828,9809.146976560118,28.83104692462613,12.305469119239607,-16.525577805386522
2019-07-24 → 2020-07-24,8356.122186429126,20164.08152590028,11761.401829767921,9811.131328562766,28.838849672828466,12.3222743261818,-16.51657534664667
2019-07-25 → 2020-07-25,8356.122186429126,20164.08152590028,11761.660890085344,9813.21338819805,28.841043619385832,12.339907005761956,-16.501136613623878
2019-07-26 → 2020-07-26,8356.122186429126,20164.08152590028,11761.559124243453,9815.900486831946,28.8401817783262,12.362663678245694,-16.47751810008051
2019-07-27 → 2020-07-27,8356.122186429126,20164.08152590028,11758.525391283325,9818.093146618494,28.81448950692765,12.381233015448762,-16.433256491478886
2019-07-28 → 2020-07-28,8356.122186429126,20164.08152590028,11754.577643712444,9818.557233215999,28.781056570233122,12.385163301657945,-16.39589326857518
2019-07-29 → 2020-07-29,8356.122186429126,20164.08152590028,11750.498120145974,9819.900870499867,28.746507640573167,12.39654238287968,-16.349965257693487
2019-07-30 → 2020-07-30,8356.122186429126,20164.08152590028,11746.29830217258,9821.032144900988,28.71093995395897,12.406122991760501,-16.30481696219847
2019-07-31 → 2020-07-31,8356.122186429126,20164.08152590028,11741.914778530681,9815.294258196067,28.67381648904963,12.357529610466065,-16.31628687858357
2019-08-01 → 2020-08-01,8356.122186429126,20164.08152590028,11737.922873952688,9817.160274949121,28.640009592673817,12.373332652290717,-16.2666769403831
2019-08-02 → 2020-08-02,8356.122186429126,20164.08152590028,11736.284628175494,9826.203857296394,28.626135512232853,12.449921519911914,-16.17621399232094
2019-08-03 → 2020-08-03,8356.122186429126,20164.08152590028,11734.657753187854,9845.447996761639,28.612357729460502,12.61289751696601,-15.999460212494492
2019-08-04 → 2020-08-04,8356.122186429126,20164.08152590028,11733.77525964992,9876.92751802832,28.604884011838656,12.879493296657197,-15.72539071518146
2019-08-05 → 2020-08-05,8356.122186429126,20164.08152590028,11732.220228776376,9916.73326113438,28.591714667087054,13.216602715496398,-15.375111951590656
2019-08-06 → 2020-08-06,8356.122186429126,20164.08152590028,11732.260905844405,9986.65135003844,28.59205915563804,13.80872949112257,-14.78332966451547
2019-08-07 → 2020-08-07,8356.122186429126,20164.08152590028,11731.900058560776,10047.387632446427,28.589003189122103,14.323096797630475,-14.265906391491628
2019-08-08 → 2020-08-08,8376.447880236941,20164.08152590028,11732.334889730779,10128.99764022564,28.469556404380324,14.867697899938213,-13.601858504442111
2019-08-09 → 2020-08-09,8432.882742158143,20164.08152590028,11732.838477561168,10213.329331134151,28.129740159005063,15.17702173322191,-12.952718425783154
2019-08-10 → 2020-08-10,8424.337559445135,20164.08152590028,11732.815193684566,10298.877126559797,28.181855104276487,15.967465495592789,-12.214389608683698
2019-08-11 → 2020-08-11,8424.337559445135,20164.08152590028,11732.627064815613,10369.424099993506,28.180252608774964,16.568389788620717,-11.611862820154247
2019-08-12 → 2020-08-12,8424.337559445135,20164.08152590028,11732.534548055233,10442.791255822962,28.179464544225652,17.193336602103983,-10.98612794212167
2019-08-13 → 2020-08-13,8424.337559445135,20164.08152590028,11731.744267486543,10514.530265514068,28.172732876389045,17.80441474738629,-10.368318129002756
2019-08-14 → 2020-08-14,8424.337559445135,20164.08152590028,11729.812034437196,10572.124914082015,28.15627397358104,18.29501018739347,-9.861263786187571
2019-08-15 → 2020-08-15,8424.337559445135,20164.08152590028,11725.59163536025,10603.721046441196,28.12032430475516,18.564148359822646,-9.556175944932516
2019-08-16 → 2020-08-16,8403.613626954813,20164.08152590028,11722.06131754612,10649.41363442328,28.216969929307524,19.096179053129692,-9.120790876177832
2019-08-17 → 2020-08-17,8119.675958083712,20164.08152590028,11717.918436095817,10699.934548696143,29.874803349588642,21.422880324679937,-8.451923024908705
2019-08-18 → 2020-08-18,8119.675958083712,20164.08152590028,11713.943940073144,10745.66814889601,29.841804659862575,21.802588563018155,-8.03921609684442
2019-08-19 → 2020-08-19,8119.675958083712,20164.08152590028,11710.78551955732,10798.910500083663,29.815581526657358,22.24463903107878,-7.570942495578578
2019-08-20 → 2020-08-20,8119.675958083712,20164.08152590028,11708.712203757033,10876.996192909035,29.798367594524205,22.892954071499062,-6.9054135230251426
2019-08-21 → 2020-08-21,8119.675958083712,20164.08152590028,11707.058703545905,10954.165328615349,29.784639227426148,23.53365929577775,-6.2509799316483985
2019-08-22 → 2020-08-22,8119.675958083712,20164.08152590028,11703.396217942867,11006.551791850832,29.754231038475552,23.96860366011785,-5.785627378357702
2019-08-23 → 2020-08-23,8119.675958083712,20164.08152590028,11699.82810847205,11062.39946314511,29.72460641772754,24.432285084492214,-5.292321333235325
2019-08-24 → 2020-08-24,8119.675958083712,20164.08152590028,11696.81131050083,11133.530372585017,29.699559121252573,25.022857272047688,-4.6767018492048855
2019-08-25 → 2020-08-25,8119.675958083712,20164.08152590028,11693.947468150593,11196.383055721255,29.675781755619102,25.544698576563242,-4.13108317905586
2019-08-26 → 2020-08-26,8119.675958083712,20164.08152590028,11690.72185012679,11260.03527970801,29.64900070772396,26.07317815679955,-3.5758225509244106
2019-08-27 → 2020-08-27,8119.675958083712,20164.08152590028,11688.509407078096,11337.979822424206,29.630631656331285,26.72032128293662,-2.9103103733946654
2019-08-28 → 2020-08-28,8119.675958083712,20164.08152590028,11685.34880252786,11411.059495808095,29.60439038994051,27.32707329715941,-2.2773170927811
2019-08-29 → 2020-08-29,8119.675958083712,20164.08152590028,11681.042685180228,11467.069213197075,29.568638377743756,27.79210012703171,-1.776538250712047
2019-08-30 → 2020-08-30,8119.675958083712,20164.08152590028,11675.598012823391,11513.708157465922,29.523433387541626,28.17932508393178,-1.344108303609847
2019-08-31 → 2020-08-31,8119.675958083712,20164.08152590028,11670.480605865238,11567.300882265255,29.48094555425388,28.62428456738305,-0.8566609868708284
2019-09-01 → 2020-09-01,8119.675958083712,20164.08152590028,11664.875010811576,11624.713652713497,29.434404485688077,29.10096039936975,-0.3334440863183268
2019-09-02 → 2020-09-02,8119.675958083712,20164.08152590028,11660.83672971784,11692.406687457216,29.40087621340432,29.66298925469657,0.262113041292249
2019-09-03 → 2020-09-03,8119.675958083712,20164.08152590028,11661.13315196534,11790.740191658952,29.403337291668674,30.479413972778868,1.0760766811101945
2019-09-04 → 2020-09-04,8119.675958083712,20164.08152590028,11661.492902719867,11903.329485121809,29.406324161817654,31.414198946839385,2.0078747850217304
2019-09-05 → 2020-09-05,8119.675958083712,20164.08152590028,11662.633853974521,12019.218243934189,29.41579703491405,32.376378094327094,2.9605810594130446
2019-09-06 → 2020-09-06,8119.675958083712,20164.08152590028,11663.454908038162,12140.341580826669,29.422613926449444,33.382017901210794,3.9594039747613508
2019-09-07 → 2020-09-07,8119.675958083712,20164.08152590028,11663.360709196593,12256.438217170831,29.421831830221954,34.34592297473622,4.924091144514264
2019-09-08 → 2020-09-08,8119.675958083712,20164.08152590028,11664.351819704909,12384.517388710032,29.430060634065665,35.409314362696755,5.97925372863109
2019-09-09 → 2020-09-09,8119.675958083712,20164.08152590028,11664.823443755136,12514.662846231844,29.433976344538642,36.48986131695715,7.055884972418511
2019-09-10 → 2020-09-10,8119.675958083712,20164.08152590028,11664.817915969363,12647.335063795645,29.43393044949017,37.59138697396682,8.15745652447665
2019-09-11 → 2020-09-11,8119.675958083712,20164.08152590028,11664.034861774973,12775.041251682185,29.427429056042563,38.651681624188335,9.224252568145772
2019-09-12 → 2020-09-12,8119.675958083712,20164.08152590028,11663.275933794604,12910.770563207425,29.421127973136514,39.77858913955727,10.357461166420755
2019-09-13 → 2020-09-13,8119.675958083712,20164.08152590028,11663.481041110907,13063.613048238563,29.42283089915596,41.04758065740805,11.624749758252086
2019-09-14 → 2020-09-14,8119.675958083712,20164.08152590028,11662.6970658304,13220.549419885405,29.416321858289706,42.350562118495546,12.93424026020584
2019-09-15 → 2020-09-15,8119.675958083712,20164.08152590028,11661.682561449945,13384.962044966953,29.407898824253344,43.715615994801986,14.307717170548642
2019-09-16 → 2020-09-16,8119.675958083712,20164.08152590028,11660.08648579332,13553.973626651548,29.394647230825683,45.11885321338424,15.724205982558559
2019-09-17 → 2020-09-17,8119.675958083712,20164.08152590028,11658.438553896958,13728.177322802669,29.380965095272522,46.56519853254722,17.1842334372747
2019-09-18 → 2020-09-18,8119.675958083712,20164.08152590028,11656.665455116192,13907.096672981057,29.36624374791517,48.05069608716687,18.6844523392517
2019-09-19 → 2020-09-19,8119.675958083712,20164.08152590028,11654.4559137241,14092.107721866743,29.347898787845107,49.586770639322836,20.23887185147773
2019-09-20 → 2020-09-20,8119.675958083712,20164.08152590028,11652.869715425137,14289.587367848135,29.33472920226422,51.2263670882258,21.89163788596158
2019-09-21 → 2020-09-21,8119.675958083712,20164.08152590028,11652.138743240874,14297.30514011775,29.32866022542558,51.2904447400963,21.96178451467072
2019-09-22 → 2020-09-22,8119.675958083712,20164.08152590028,11650.755191078973,14305.27041555626,29.317173131653202,51.356577314208494,22.03940418255529
2019-09-23 → 2020-09-23,8119.675958083712,20164.08152590028,11650.261492701973,14313.32868211269,29.31307414665788,51.42348195728993,22.11040781063205
2019-09-24 → 2020-09-24,8119.675958083712,20164.08152590028,11647.522576967898,14320.577465727994,29.290333997975132,51.483665779351476,22.193331781376344
2019-09-25 → 2020-09-25,8119.675958083712,20164.08152590028,11641.393591467253,14325.060864271081,29.239447422742042,51.52088968814334,22.2814422654013
2019-09-26 → 2020-09-26,8119.675958083712,20164.08152590028,11634.414310751488,14329.202388224636,29.18150117810201,51.55527514560935,22.37377396750734
2019-09-27 → 2020-09-27,8119.675958083712,20164.08152590028,11626.06648028812,14332.230776984583,29.112192398881938,51.58041867588069,22.468226276998756
2019-09-28 → 2020-09-28,8119.675958083712,20164.08152590028,11618.184000241345,14335.548965849857,29.046747242602596,51.60796830335372,22.561221060751127
2019-09-29 → 2020-09-29,8119.675958083712,20164.08152590028,11610.096644378915,14338.889857831246,28.979601082363356,51.63570642594165,22.656105343578293
2019-09-30 → 2020-09-30,8119.675958083712,20164.08152590028,11601.603487969702,14341.73837472318,28.90908571851753,51.65935655027444,22.750270831756907
2019-10-01 → 2020-10-01,8119.675958083712,20164.08152590028,11594.394308516865,14345.283111119454,28.849230714364392,51.688787113504105,22.839556399139713
2019-10-02 → 2020-10-02,8119.675958083712,20164.08152590028,11587.401219301373,14348.918919128768,28.791169823138862,51.71897380880295,22.927803985664088
2019-10-03 → 2020-10-03,8119.675958083712,20164.08152590028,11580.631320539671,14352.675448994929,28.734961995167748,51.75016281057652,23.01520081540877
2019-10-04 → 2020-10-04,8119.675958083712,20164.08152590028,11573.168329013202,14356.052098567936,28.67299968839845,51.77819781449592,23.10519812609747
2019-10-05 → 2020-10-05,8119.675958083712,20164.08152590028,11565.093154952547,14359.192232633453,28.605954668906303,51.80426912243916,23.198314453532856
2019-10-06 → 2020-10-06,8119.675958083712,20164.08152590028,11557.340140628,14362.220605952398,28.541584416004305,51.82941252450988,23.287828108505572
2019-10-07 → 2020-10-07,8119.675958083712,20164.08152590028,11548.193435005656,14364.203886533289,28.46564288804061,51.845878929345915,23.380236041305306
2019-10-08 → 2020-10-08,8119.675958083712,20164.08152590028,11540.061667762955,14367.450486484264,28.3981279974392,51.87283418199574,23.474706184556542
2019-10-09 → 2020-10-09,8119.675958083712,20164.08152590028,11531.397459610012,14370.543674891695,28.32619245770535,51.89851571845692,23.57232326075157
2019-10-10 → 2020-10-10,8119.675958083712,20164.08152590028,11523.814789220587,14374.912255848145,28.263236504032662,51.93478634162594,23.671549837593275
2019-10-11 → 2020-10-11,8119.675958083712,20164.08152590028,11515.997573443457,14379.200492397686,28.19833321151968,51.97038989653278,23.772056685013098
2019-10-12 → 2020-10-12,8119.675958083712,20164.08152590028,11506.723100564264,14382.551300734383,28.121330881874,51.99821035074973,23.876879468875728
2019-10-13 → 2020-10-13,8119.675958083712,20164.08152590028,11497.81653131061,14385.983772157688,28.047383112484248,52.02670882171185,23.979325709227602
2019-10-14 → 2020-10-14,8119.675958083712,20164.08152590028,11488.818925797586,14389.277630383554,27.97267950455307,52.054056441379096,24.081376936826025
2019-10-15 → 2020-10-15,8119.675958083712,20164.08152590028,11479.861002249263,14392.716527055345,27.89830536049187,52.08260825867242,24.18430289818055
2019-10-16 → 2020-10-16,8119.675958083712,20164.08152590028,11470.502141251936,14395.511227727506,27.820602389227485,52.105811567930196,24.28520917870271
2019-10-17 → 2020-10-17,8119.675958083712,20164.08152590028,11460.438566286355,14397.734553230413,27.737048452846665,52.12427097209413,24.387222519247466
2019-10-18 → 2020-10-18,8119.675958083712,20164.08152590028,11450.399747916175,14400.171673253273,27.65370006081805,52.1445054287399,24.490805367921848
2019-10-19 → 2020-10-19,8119.675958083712,20164.08152590028,11439.363792538648,14402.180123272734,27.562072829275667,52.16118080560389,24.599107976328224
2019-10-20 → 2020-10-20,8119.675958083712,20164.08152590028,11427.923969761412,14404.119802272526,27.467092444292586,52.17728520352431,24.710192759231727
2019-10-21 → 2020-10-21,7783.015373161113,20164.08152590028,11415.957342004818,14406.923261668535,29.34272318737235,53.50030285592133,24.157579668548983
2019-10-22 → 2020-10-22,7693.7876564062535,20164.08152590028,11403.739287186074,14409.687900394565,29.750314383973286,53.85518829205269,24.1048739080794
2019-10-23 → 2020-10-23,7693.7876564062535,20164.08152590028,11390.838553028612,14411.798365882005,29.646862658677374,53.872112235542126,24.22524957686475
2019-10-24 → 2020-10-24,7625.51584411094,20164.08152590028,11375.081495320612,14411.708154731017,29.904262946562028,54.122556621258134,24.218293674696106
2019-10-25 → 2020-10-25,7625.51584411094,20164.08152590028,11359.421546703938,14411.627894426849,29.779368688206638,54.12191651371948,24.342547825512845
2019-10-26 → 2020-10-26,7625.51584411094,20164.08152590028,11348.77596241986,14415.751484366425,29.694465960460526,54.154803767686374,24.460337807225848
2019-10-27 → 2020-10-27,7312.334103610285,20164.08152590028,11339.242203383734,14421.434931949369,31.33354529508729,55.316219613911024,23.982674318823733
2019-10-28 → 2020-10-28,7312.334103610285,20164.08152590028,11331.23675178032,14427.882423339577,31.271254531501867,55.36638782200253,24.095133290500662
2019-10-29 → 2020-10-29,7312.334103610285,20164.08152590028,11322.218960572234,14433.691969469352,31.20108670986817,55.411592150557084,24.210505440688912
2019-10-30 → 2020-10-30,7312.334103610285,20164.08152590028,11313.358096736503,14439.755099488513,31.13213994687497,55.45876962627254,24.32662967939757
2019-10-31 → 2020-10-31,7242.580434070226,20164.08152590028,11303.42000707435,14445.127913726,31.42699554908286,55.74079534930944,24.313799800226576
2019-11-01 → 2020-11-01,7242.580434070226,20164.08152590028,11293.493579439506,14450.396651576108,31.350174539168457,55.78157031665002,24.431395777481562
2019-11-02 → 2020-11-02,7242.580434070226,20164.08152590028,11284.082525543057,14455.892708836755,31.27734202667965,55.8241045177586,24.546762491078947
2019-11-03 → 2020-11-03,7144.431265907445,20164.08152590028,11274.25136406147,14461.498669427227,31.719900425008024,56.20018400958037,24.480283584572344
2019-11-04 → 2020-11-04,7077.567494964144,20164.08152590028,11263.949942351956,14466.835388368436,31.9900505015417,56.46475353127867,24.47470302973697
2019-11-05 → 2020-11-05,6407.600199675989,20164.08152590028,11252.478663338128,14472.67995965813,35.21887864178056,58.62749033510114,23.40861169332058
2019-11-06 → 2020-11-06,6402.469828495783,20164.08152590028,11240.721879920895,14478.238452256704,35.157597509727935,58.68330542478573,23.525707915057794
2019-11-07 → 2020-11-07,6402.469828495783,20164.08152590028,11229.923653309972,14483.823932907024,35.07913121632888,58.72389282670591,23.644761610377024
2019-11-08 → 2020-11-08,6402.469828495783,20164.08152590028,11217.920196425735,14488.997909956488,34.99190700779741,58.76149000037445,23.769582992577043
2019-11-09 → 2020-11-09,6402.469828495783,20164.08152590028,11204.712168553911,14492.990906712865,34.89592967489305,58.79050547359209,23.894575798699044
2019-11-10 → 2020-11-10,6402.469828495783,20164.08152590028,11191.573195005307,14497.027752983347,34.800454131493694,58.819839583282494,24.0193854517888
2019-11-11 → 2020-11-11,6356.777531253977,20164.08152590028,11178.762205303796,14501.693357553195,34.92343382835283,58.98990729440996,24.066473466057133
2019-11-12 → 2020-11-12,6138.805175373268,20164.08152590028,11164.217180460791,14505.379833961517,35.83110863194285,59.653545851692726,23.82243721974988
2019-11-13 → 2020-11-13,6123.675176321391,20164.08152590028,11149.900456490093,14509.257044990067,35.798289273297655,59.72463801890024,23.92634874560258
2019-11-14 → 2020-11-14,6123.675176321391,20164.08152590028,11135.741443793217,14513.0417940004,35.69744452319325,59.75159414051168,24.05414961731843
2019-11-15 → 2020-11-15,6123.675176321391,20164.08152590028,11121.268368110348,14516.436334643307,35.594362921973755,59.7757710806827,24.181408158708948
2019-11-16 → 2020-11-16,5972.626042987401,20164.08152590028,11105.356929338519,14519.237118178811,36.16775525619022,60.22364010148146,24.05588484529124
2019-11-17 → 2020-11-17,5655.414725551787,20164.08152590028,11088.62600025691,14521.982515768035,37.448039502668976,61.11221597564895,23.664176472979975
2019-11-18 → 2020-11-18,5616.4976680534255,20164.08152590028,11071.892842252413,14524.785434919686,37.50035213755712,61.235514116395336,23.735161978838214
2019-11-19 → 2020-11-19,5612.091559467427,20164.08152590028,11053.88856721122,14526.533658195698,37.39555222547852,61.25926501661463,23.86371279113611
2019-11-20 → 2020-11-20,5357.970897160188,20164.08152590028,11034.918202407358,14527.955057052082,38.34192143767767,61.93378119228738,23.591859754609708
2019-11-21 → 2020-11-21,5345.709910393248,20164.08152590028,11015.747065527083,14529.214674021601,38.26356432578794,61.97377823902094,23.710213913232998
2019-11-22 → 2020-11-22,5345.709910393248,20164.08152590028,10994.694733367052,14528.781907540866,38.12149519224023,61.97085776643485,23.849362574194615
2019-11-23 → 2020-11-23,5345.709910393248,20164.08152590028,10972.083715042812,14526.990415931368,37.96890745243366,61.958768100606655,23.989860648172993
2019-11-24 → 2020-11-24,5221.8636584287715,20164.08152590028,10949.112819125421,14525.368166926912,38.32931102660868,62.26321012726913,23.933899100660454
2019-11-25 → 2020-11-25,5221.8636584287715,20164.08152590028,10924.403238913721,14522.066004410626,38.16394347253565,62.24111057989556,24.077167107359912
2019-11-26 → 2020-11-26,5221.8636584287715,20164.08152590028,10902.157434004199,14519.613947359616,38.01506460390431,62.22470031822787,24.20963571432356
2019-11-27 → 2020-11-27,5221.8636584287715,20164.08152590028,10880.063492693815,14517.239729234238,37.867202074349834,62.20881098943853,24.3416089150887
2019-11-28 → 2020-11-28,5221.8636584287715,20164.08152590028,10859.217510513634,14516.304252403545,37.72769144503715,62.20255036040081,24.474858915363654
2019-11-29 → 2020-11-29,5221.8636584287715,20164.08152590028,10837.55479139021,14514.406973987841,37.58271484708122,62.18985292530428,24.60713807822306
2019-11-30 → 2020-11-30,5085.329901629869,20164.08152590028,10816.242358117042,14513.372098774842,38.00654456873491,62.52534979069363,24.518805221958722
2019-12-01 → 2020-12-01,5085.329901629869,20164.08152590028,10794.659656126089,14511.781259239668,37.863411353673435,62.51479958352255,24.65138822984912
2019-12-02 → 2020-12-02,5085.329901629869,20164.08152590028,10772.10675087388,14509.762753150026,37.71384389733369,62.501413156449935,24.787569259116246
2019-12-03 → 2020-12-03,5085.329901629869,20164.08152590028,10748.868801311522,14507.312264495056,37.55973333074704,62.48516188634463,24.92542855559759
2019-12-04 → 2020-12-04,5085.329901629869,20164.08152590028,10726.121221914915,14504.811564733354,37.40887482492754,62.468577623774266,25.05970279884673
2019-12-05 → 2020-12-05,5085.329901629869,20164.08152590028,10702.610647588735,14502.026546776025,37.25295625214372,62.450107805935716,25.197151553791997
2019-12-06 → 2020-12-06,5085.329901629869,20164.08152590028,10679.886447131212,14499.735421873555,37.10225279191199,62.434913412132055,25.332660620220068
2019-12-07 → 2020-12-07,5085.329901629869,20164.08152590028,10657.92562442483,14497.755227330585,36.95661193745933,62.42178106144206,25.465169123982733
2019-12-08 → 2020-12-08,5085.329901629869,20164.08152590028,10636.509675235173,14495.704585850492,36.81458460175346,62.40818151732071,25.593596915567254
2019-12-09 → 2020-12-09,5085.329901629869,20164.08152590028,10614.988111875688,14493.724123603308,36.67185684884821,62.39504739125687,25.72319054240866
2019-12-10 → 2020-12-10,5085.329901629869,20164.08152590028,10592.76049338751,14491.217372050955,36.5244466451255,62.37842299412629,25.85397634900079
2019-12-11 → 2020-12-11,5085.329901629869,20164.08152590028,10570.17003250639,14488.39037260405,36.37463012553538,62.3596747613989,25.985044635863517
2019-12-12 → 2020-12-12,5085.329901629869,20164.08152590028,10546.811449789215,14485.368074282147,36.219719538112635,62.3396313360729,26.119911797960263
2019-12-13 → 2020-12-13,5085.329901629869,20164.08152590028,10523.153621738917,14482.509843035394,36.062824400903665,62.32067597877293,26.257851577869268
2019-12-14 → 2020-12-14,5085.329901629869,20164.08152590028,10499.671606646985,14479.804183298196,35.90709522864158,62.3027324526468,26.39563722400522
2019-12-15 → 2020-12-15,5085.329901629869,20164.08152590028,10475.159175514988,14476.489268624247,35.74453249305979,62.28074843993442,26.536215946874627
2019-12-16 → 2020-12-16,4679.299457808105,20164.08152590028,10449.592817541467,14473.212368025683,37.26428524702058,63.24863254226122,25.98434729524064
2019-12-17 → 2020-12-17,4388.030478306353,20164.08152590028,10421.958502611838,14469.214062692114,38.247391607076125,63.90181899115549,25.654427384079362
2019-12-18 → 2020-12-18,4338.627336619999,20164.08152590028,10392.55157661991,14464.297412239364,38.25434750618829,63.983440566768756,25.729093060580468
2019-12-19 → 2020-12-19,4191.681658854675,20164.08152590028,10366.568306788744,14461.480848426063,38.65972990492273,64.2971580667732,25.63742816185048
2019-12-20 → 2020-12-20,4191.681658854675,20164.08152590028,10340.01964497684,14458.249236560361,38.493514044858514,64.27692559142447,25.783411546565958
2019-12-21 → 2020-12-21,4191.681658854675,20164.08152590028,10313.971392596799,14455.114989330365,38.33043114813125,64.25730269658033,25.92687154844908
2019-12-22 → 2020-12-22,4191.681658854675,20164.08152590028,10287.280078419064,14451.831344152688,38.16332217014477,64.23674445107552,26.073422280930757
2019-12-23 → 2020-12-23,4191.681658854675,20164.08152590028,10262.540172420282,14449.487428249802,38.00843056835219,64.22206966255034,26.21363909419815
2019-12-24 → 2020-12-24,4191.681658854675,20164.08152590028,10236.818405195741,14446.705297770472,37.84739172986424,64.2046513002348,26.35725957037056
2019-12-25 → 2020-12-25,4053.6435971072774,20164.08152590028,10210.205721875314,14443.525708765555,38.214740977120584,64.49161815203797,26.276877174917388
2019-12-26 → 2020-12-26,3776.7105818552927,20164.08152590028,10182.605655538575,14440.215355541517,39.09043796931393,65.0714798004938,25.981041831179873
2019-12-27 → 2020-12-27,3776.7105818552927,20164.08152590028,10155.042222511767,14436.858679036299,38.92223873149279,65.05099648735784,26.128757755865045
2019-12-28 → 2020-12-28,3698.313887885281,20164.08152590028,10127.469254662983,14433.589380362793,39.045585411605856,65.19754030594157,26.151954894335717
2019-12-29 → 2020-12-29,3672.257825996902,20164.08152590028,10100.18337642427,14430.438797209095,38.97643867284991,65.23342213072058,26.256983457870675
2019-12-30 → 2020-12-30,3466.851770511931,20164.08152590028,10072.766324239383,14427.374566121154,39.562937388435124,65.64276204004537,26.079824651610245
2019-12-31 → 2020-12-31,3445.582199456053,20164.08152590028,10044.464335383418,14423.827859173107,39.47054102810343,65.66525766073025,26.194716632626815
2020-01-01 → 2021-01-01,3403.5956029317167,20164.08152590028,10015.721897391408,14420.170712167,39.45068373822286,65.72944937197896,26.2787656337561
2020-01-02 → 2021-01-02,3122.7866217482774,20164.08152590028,9986.23147292991,14416.441137701502,40.275371618088705,66.2722790696005,25.996907451511795
2020-01-03 → 2021-01-03,3005.0031524953233,20164.08152590028,9955.195882571908,14412.379599063303,40.50446404422725,66.4801232229838,25.97565917875656
2020-01-04 → 2021-01-04,3005.0031524953233,20164.08152590028,9926.515991428085,14408.811056078473,40.337322834660455,66.45932640099154,26.122003566331088
2020-01-05 → 2021-01-05,2940.0372777058974,20164.08152590028,9897.42043201268,14405.268732055354,40.39343521215194,66.5652693939832,26.171834181831258
2020-01-06 → 2021-01-06,2729.013511226157,20164.08152590028,9867.761830517253,14401.720194196654,40.944768975279075,66.94959075092927,26.0048217756502
2020-01-07 → 2021-01-07,2550.002284036006,20164.08152590028,9839.622934417941,14398.66374157476,41.38519277837881,67.26812849449115,25.882935716112343
2020-01-08 → 2021-01-08,2452.4588062512476,20164.08152590028,9812.815135733537,14395.99473929116,41.55664585897492,67.43332399345834,25.876678134483427
2020-01-09 → 2021-01-09,2452.4588062512476,20164.08152590028,9785.756919513973,14393.236579943316,41.40387489807619,67.41775139804177,26.013876499965583
2020-01-10 → 2021-01-10,2452.4588062512476,20164.08152590028,9758.009123049405,14390.20968729111,41.24721056017911,67.4006615316861,26.153450971506985
2020-01-11 → 2021-01-11,2452.4588062512476,20164.08152590028,9732.218690837195,14387.512125927282,41.10159752053594,67.3854310730967,26.283833552560758
2020-01-12 → 2021-01-12,2452.4588062512476,20164.08152590028,9706.3769221402,14384.709358296785,40.955694634583395,67.36960661886762,26.413911984284226
2020-01-13 → 2021-01-13,2452.4588062512476,20164.08152590028,9680.309186035485,14382.033278132718,40.80851593437432,67.35449744334812,26.545981508973803
2020-01-14 → 2021-01-14,2452.4588062512476,20164.08152590028,9653.73905619016,14379.304291828503,40.65850071405321,67.33908955922924,26.680588845176025
2020-01-15 → 2021-01-15,2452.4588062512476,20164.08152590028,9630.30367970192,14377.229176680712,40.52618434271225,67.3273734382355,26.80118909552325
2020-01-16 → 2021-01-16,2452.4588062512476,20164.08152590028,9606.912112916625,14375.119945074235,40.39411532139472,67.31546469537288,26.92134937397816
2020-01-17 → 2021-01-17,2452.4588062512476,20164.08152590028,9583.213951466681,14372.919387459455,40.260315263517164,67.30304032494895,27.04272506143179
2020-01-18 → 2021-01-18,2452.4588062512476,20164.08152590028,9560.087310283061,14370.879167172081,40.12974201481103,67.29152122068804,27.16177920587701
2020-01-19 → 2021-01-19,2452.4588062512476,20164.08152590028,9537.084911057753,14368.846670344215,39.99987023745101,67.2800457231572,27.280175485706188
2020-01-20 → 2021-01-20,2452.4588062512476,20164.08152590028,9513.391968022279,14366.594570886424,39.86609964279404,67.26733034696926,27.40123070417522
2020-01-21 → 2021-01-21,2452.4588062512476,20164.08152590028,9490.62448036361,14364.29173512615,39.73755417850176,67.25432851310725,27.516774334605493
2020-01-22 → 2021-01-22,2452.4588062512476,20164.08152590028,9467.676070589803,14362.072533726448,39.6079872261279,67.24179887968614,27.633811653558247
2020-01-23 → 2021-01-23,2452.4588062512476,20164.08152590028,9444.673238138519,14359.778837706768,39.47811300276967,67.22884864889146,27.75073564612179
2020-01-24 → 2021-01-24,2452.4588062512476,20164.08152590028,9420.56272984159,14357.21265552955,39.34198483044709,67.21435995851091,27.872375128063823
2020-01-25 → 2021-01-25,2452.4588062512476,20164.08152590028,9396.619515124241,14354.694154074414,39.20680119935728,67.20014047396678,27.993339274609504
2020-01-26 → 2021-01-26,2452.4588062512476,20164.08152590028,9372.31466032664,14352.094627207047,39.06957574473737,67.18546351913032,28.115887774392952
2020-01-27 → 2021-01-27,2452.4588062512476,20164.08152590028,9349.509715380098,14349.70826785897,38.94081879622106,67.1719901102516,28.23117131403054
2020-01-28 → 2021-01-28,2452.4588062512476,20164.08152590028,9327.031751066337,14347.603823948615,38.813907983645855,67.16010839876945,28.346200415123597
2020-01-29 → 2021-01-29,2452.4588062512476,20164.08152590028,9305.699775377481,14345.818207018723,38.69346743437202,67.15002678762542,28.456559353253404
2020-01-30 → 2021-01-30,2452.4588062512476,20164.08152590028,9284.370955399618,14344.038092149549,38.573044702274174,67.13997624117154,28.566931538897364
2020-01-31 → 2021-01-31,2452.4588062512476,20164.08152590028,9263.933457668096,14342.402232654344,38.457654384543154,67.13074016200986,28.673085777466703
2020-02-01 → 2021-02-01,2452.4588062512476,20164.08152590028,9242.93063814407,14340.641922802493,38.33907225428625,67.12080143488296,28.781729180596713
2020-02-02 → 2021-02-02,2452.4588062512476,20164.08152590028,9221.54223219656,14338.899291049269,38.21831309920453,67.11096251847871,28.892649419274186
2020-02-03 → 2021-02-03,2452.4588062512476,20164.08152590028,9199.617884240497,14337.114916152843,38.09452801015259,67.10088791986813,29.006359909715542
2020-02-04 → 2021-02-04,2452.4588062512476,20164.08152590028,9177.593955115479,14335.276686160085,37.970180684819226,67.09050925484203,29.120328570022807
2020-02-05 → 2021-02-05,2452.4588062512476,20164.08152590028,9155.014516756213,14333.333621607822,37.84269694876259,67.07953869283865,29.236841744076067
2020-02-06 → 2021-02-06,2452.4588062512476,20164.08152590028,9133.64014324811,14331.73884818025,37.72201702097489,67.07053458602803,29.348517565053143
2020-02-07 → 2021-02-07,2452.4588062512476,20164.08152590028,9112.648877688585,14330.21718177227,37.603500124517744,67.06194324218525,29.458443117667507
2020-02-08 → 2021-02-08,2168.1657981399535,20164.08152590028,9090.753441932347,14328.728510455254,38.46754868446998,67.57401455018226,29.106465865712273
2020-02-09 → 2021-02-09,2148.3125374280903,20164.08152590028,9069.115327537893,14327.309328678582,38.415250520464824,67.60187033394747,29.18661981348265
2020-02-10 → 2021-02-10,2148.3125374280903,20164.08152590028,9048.31752176531,14326.039906686654,38.299808288796044,67.59482416238112,29.295015873585072
2020-02-11 → 2021-02-11,2087.9947416534974,20164.08152590028,9026.406640028434,14324.57200931469,38.38447989982946,67.69483579999907,29.31035590016961
2020-02-12 → 2021-02-12,2087.9947416534974,20164.08152590028,9005.61414650392,14323.365435623205,38.2694522737028,67.68816082822067,29.418708554517877
2020-02-13 → 2021-02-13,2087.9947416534974,20164.08152590028,8985.085190987098,14322.231931900975,38.155882584854474,67.68189009199463,29.526007507140157
2020-02-14 → 2021-02-14,2047.9285940596615,20164.08152590028,8964.04433980803,14321.280305107153,38.17651447174929,67.74811273245585,29.57159826070656
2020-02-15 → 2021-02-15,2047.9285940596615,20164.08152590028,8943.410974594082,14320.412210257491,38.062619621713644,67.7433209046714,29.680701282957763
2020-02-16 → 2021-02-16,2034.9861883731633,20164.08152590028,8921.465264282637,14319.207552461101,37.98578444041002,67.7597041406676,29.773919700257572
2020-02-17 → 2021-02-17,1914.7939987402185,20164.08152590028,8899.303437442177,14318.164867443149,38.27277874989392,67.96632937172605,29.69355062183213
2020-02-18 → 2021-02-18,1914.7939987402185,20164.08152590028,8876.439167271337,14317.393690241928,38.14749018650858,67.9621035782529,29.814613391744317
2020-02-19 → 2021-02-19,1791.4564024091771,20164.08152590028,8854.594532134017,14316.526072325332,38.44381563467467,68.17245540976991,29.72863977509524
2020-02-20 → 2021-02-20,1790.131416857254,20164.08152590028,8831.195032920607,14315.214198044663,38.320903095290234,68.16761070349807,29.846707608207836
2020-02-21 → 2021-02-21,1739.1087757620262,20164.08152590028,8807.591881830127,14314.58192534291,38.36360141164964,68.25232970554337,29.888728293893735
2020-02-22 → 2021-02-22,1739.1087757620262,20164.08152590028,8784.556802381436,14315.982860059761,38.23858044276642,68.25993316165618,30.02135271888976
2020-02-23 → 2021-02-23,1739.1087757620262,20164.08152590028,8762.005402069688,14317.332999964345,38.11618460198246,68.26726093316982,30.15107633118736
2020-02-24 → 2021-02-24,1739.1087757620262,20164.08152590028,8740.18040397762,14319.139992067667,37.99773124854722,68.2770682318173,30.279336983270078
2020-02-25 → 2021-02-25,1739.1087757620262,20164.08152590028,8717.66654521274,14320.443696717462,37.87553916137189,68.28414397986575,30.408604818493856
2020-02-26 → 2021-02-26,1739.1087757620262,20164.08152590028,8694.400302494387,14321.244246929988,37.74926357315872,68.28848889924978,30.539225326091064
2020-02-27 → 2021-02-27,1739.1087757620262,20164.08152590028,8669.377661458228,14322.052720380332,37.61345527984132,68.29287682134503,30.679421541503714
2020-02-28 → 2021-02-28,1739.1087757620262,20164.08152590028,8644.347227763004,14322.801619370144,37.477604692518,68.2969414080338,30.819336715515803
2020-02-29 → 2021-02-28,1739.1087757620262,20164.08152590028,8636.742175467276,14328.011450039656,37.43632890666551,68.32521732865611,30.8888884219906
2020-03-01 → 2021-03-01,1739.1087757620262,20164.08152590028,8610.41036374004,14328.278424965463,37.29341519881734,68.32666631275735,31.03325111394001
2020-03-02 → 2021-03-02,1739.1087757620262,20164.08152590028,8584.079821620706,14328.436532550397,37.15050838165998,68.32752442846302,31.17701604680304
2020-03-03 → 2021-03-03,1739.1087757620262,20164.08152590028,8558.791960709572,14329.439939116206,37.01326062963307,68.33297033375372,31.319709704120648
2020-03-04 → 2021-03-04,1739.1087757620262,20164.08152590028,8533.269987167123,14330.114998673447,36.874742250862305,68.33663416309228,31.46189191222998
2020-03-05 → 2021-03-05,1739.1087757620262,20164.08152590028,8507.665855930181,14330.7374911015,36.73577796806981,68.3400126887297,31.60423472065989
2020-03-06 → 2021-03-06,1739.1087757620262,20164.08152590028,8483.096738282904,14332.034793802184,36.60243113504889,68.3470536907343,31.74462255568541
2020-03-07 → 2021-03-07,1739.1087757620262,20164.08152590028,8458.574937714639,14333.5002280347,36.46934111152046,68.35500721257876,31.8856661010583
2020-03-08 → 2021-03-08,1739.1087757620262,20164.08152590028,8433.115149729972,14334.404275010007,36.331160239668286,68.35991385199455,32.02875361232626
2020-03-09 → 2021-03-09,1739.1087757620262,20164.08152590028,8404.415161303552,14333.335041304375,36.175393450671514,68.354110675403,32.17871722473149
2020-03-10 → 2021-03-10,1739.1087757620262,20164.08152590028,8374.682919023257,14331.65582777308,36.014024190138564,68.34499688427796,32.3309726941394
2020-03-11 → 2021-03-11,1728.6904989897505,20164.08152590028,8344.864203702657,14330.00390329635,35.888437055960125,68.35392526207985,32.46548820611973
2020-03-12 → 2021-03-12,1728.6904989897505,20164.08152590028,8315.21568716507,14328.415720607189,35.7276131466961,68.34531040445712,32.61769725776102
2020-03-13 → 2021-03-13,1631.6196365641067,19948.423797973133,8264.580545390927,14314.398012218893,36.212435588526695,69.24121841284763,33.028782824320935
2020-03-14 → 2021-03-14,1631.6196365641067,19948.423797973133,8220.591528818213,14304.08757699403,35.972278975041725,69.18492892515094,33.21264995010922
2020-03-15 → 2021-03-15,1631.6196365641067,19948.423797973133,8172.357009710501,14290.003162554878,35.70894417775576,69.10803551997479,33.39909134221903
2020-03-16 → 2021-03-16,1631.6196365641067,19948.423797973133,8126.204944011018,14277.453867043578,35.456978467510744,69.0395230469434,33.58254457943266
2020-03-17 → 2021-03-17,1631.6196365641067,18544.31628634285,8076.356980381706,14258.060455147244,38.10591224612257,74.65657949200147,36.5506672458789
2020-03-18 → 2021-03-18,1631.6196365641067,18544.31628634285,8030.6491083573455,14242.530043299881,37.835654504433826,74.56475255175084,36.72909804731702
2020-03-19 → 2021-03-19,1631.6196365641067,17151.008342050874,7984.678721500357,14221.705838761827,40.93627143116901,81.12488475623132,40.18861332506231
2020-03-20 → 2021-03-20,1631.6196365641067,17151.008342050874,7945.326269071738,14205.255758769354,40.682701827524085,81.01888779781596,40.33618597029188
2020-03-21 → 2021-03-21,1631.6196365641067,17151.008342050874,7905.8293942691935,14188.235526376957,40.42820163069235,80.90921703232776,40.48101540163541
2020-03-22 → 2021-03-22,1631.6196365641067,17151.008342050874,7866.606139102695,14171.156317262194,40.175464516422956,80.7991662472171,40.623701730794146
2020-03-23 → 2021-03-23,1631.6196365641067,16935.209449198446,7824.752901135402,14031.189673641125,40.468500138826045,81.02393091351794,40.5554307746919
2020-03-24 → 2021-03-24,1631.6196365641067,16935.209449198446,7787.825182285157,13964.099614461034,40.22719911532528,80.58553665438339,40.35833753905811
2020-03-25 → 2021-03-25,1631.6196365641067,16935.209449198446,7752.797724184143,13923.893454329116,39.99831518332066,80.32281293645725,40.32449775313659
2020-03-26 → 2021-03-26,1631.6196365641067,16935.209449198446,7716.941086841055,13873.218639657269,39.76401305040878,79.99168268994468,40.227669639535904
2020-03-27 → 2021-03-27,1631.6196365641067,16935.209449198446,7681.367453378007,13826.69819712561,39.53156018216947,79.68769883320768,40.156138651038205
2020-03-28 → 2021-03-28,1631.6196365641067,16935.209449198446,7644.177507224844,13750.579290947144,39.288545656764065,79.19030634484116,39.9017606880771
2020-03-29 → 2021-03-29,1631.6196365641067,16935.209449198446,7605.079970993519,13641.819090880052,39.03306614698887,78.47962211062769,39.446555963638815
2020-03-30 → 2021-03-30,1631.6196365641067,15546.337373819915,7563.464715842036,13487.708079752187,42.63000652464387,85.20538229420296,42.575375769559095
2020-03-31 → 2021-03-31,1631.6196365641067,15546.337373819915,7525.665511647128,13390.637586341527,42.35835743402882,84.50777207139004,42.14941463736122
2020-04-01 → 2021-04-01,1631.6196365641067,15093.25569882659,7487.834348254267,13288.725474183197,43.50299387536637,86.59501552190895,43.09202164654258
2020-04-02 → 2021-04-02,1631.6196365641067,15093.25569882659,7451.333854865668,13204.730338398573,43.231849318941165,85.97105617999738,42.73920686105621
2020-04-03 → 2021-04-03,1631.6196365641067,15093.25569882659,7415.880691523599,13132.070409515627,42.96848487216744,85.43130062170654,42.462815749539104
2020-04-04 → 2021-04-04,1631.6196365641067,15093.25569882659,7380.108855005532,13052.074589490305,42.702753156106965,84.8370502671781,42.134297111071135
2020-04-05 → 2021-04-05,1631.6196365641067,15093.25569882659,7344.930373101917,12979.120983141738,42.44142918522476,84.29511312067419,41.853683935449425
2020-04-06 → 2021-04-06,1631.6196365641067,15093.25569882659,7309.3999471217685,12896.081950857553,42.17749079158662,83.6782562104137,41.500765418827086
2020-04-07 → 2021-04-07,1631.6196365641067,15093.25569882659,7276.818493218168,12855.89328855198,41.93545888883048,83.3797140263902,41.44425513755972
2020-04-08 → 2021-04-08,1631.6196365641067,15093.25569882659,7243.518945270613,12804.137780324496,41.68809261185241,82.99524732421443,41.30715471236202
2020-04-09 → 2021-04-09,1631.6196365641067,15093.25569882659,7211.164079187274,12765.876170073621,41.447743920700084,82.71102028023623,41.26327635953614
2020-04-10 → 2021-04-10,1631.6196365641067,15093.25569882659,7178.314303979816,12719.643561800405,41.20371878842401,82.36758053740421,41.163861748980196
2020-04-11 → 2021-04-11,1631.6196365641067,15093.25569882659,7143.043526641651,12631.214082547413,40.94170919928468,81.71068059712955,40.76897139784487
2020-04-12 → 2021-04-12,1631.6196365641067,15093.25569882659,7107.909973871846,12541.049156172081,40.68071898526237,81.04088885741602,40.360169872153655
2020-04-13 → 2021-04-13,1576.1524772499083,15093.25569882659,7073.065074705563,12455.942219277076,40.66635067697942,80.48906310532792,39.822712428348495
2020-04-14 → 2021-04-14,1576.1524772499083,15093.25569882659,7037.603137424557,12356.1147078845,40.404002030973665,79.7505357022581,39.34653367128444
2020-04-15 → 2021-04-15,1576.1524772499083,15093.25569882659,7002.185605582361,12253.013090625891,40.14198189794944,78.98778635005938,38.84580445210994
2020-04-16 → 2021-04-16,1576.1524772499083,14591.56726247625,6965.384738458025,12120.301238300171,41.40653486760466,81.01277550538623,39.60624063778157
2020-04-17 → 2021-04-17,1576.1524772499083,14591.56726247625,6931.585042749739,12030.22940185326,41.146845136112944,80.32073581296588,39.173890676852935
2020-04-18 → 2021-04-18,1576.1524772499083,14591.56726247625,6897.8469744417,11931.99012718966,40.887628900097674,79.56594408112565,38.678315181027976
2020-04-19 → 2021-04-19,1576.1524772499083,14591.56726247625,6865.123929657574,11845.500842575313,40.63621129010134,78.90142984134499,38.26521855124365
2020-04-20 → 2021-04-20,1576.1524772499083,14591.56726247625,6831.750099977272,11745.306328534713,40.37979357133464,78.1316156195629,37.751822048228256
2020-04-21 → 2021-04-21,1576.1524772499083,14555.143086672459,6796.93971815436,11613.079443656623,40.22490960979847,77.33210746851191,37.107197858713434
2020-04-22 → 2021-04-22,1576.1524772499083,14037.733866748942,6762.437820462988,11476.774798757382,41.61819580605871,79.44916469309749,37.83096888703878
2020-04-23 → 2021-04-23,1576.1524772499083,13353.621641529659,6729.445431235339,11358.152632594256,43.75552066495756,83.05689464263237,39.301373977674814
2020-04-24 → 2021-04-24,1576.1524772499083,13321.888380937227,6698.3941819687725,11265.539513673491,43.60937234346337,82.49280518372467,38.8834328402613
2020-04-25 → 2021-04-25,1576.1524772499083,13266.57907527781,6667.577625200296,11170.327972193169,43.552090295911675,82.06865176812055,38.51656147220887
2020-04-26 → 2021-04-26,1576.1524772499083,13013.939128446851,6636.395159482515,11073.493075617287,44.241450173430735,83.03477663987988,38.793326466449145
2020-04-27 → 2021-04-27,1576.1524772499083,12870.179008914301,6605.803218341579,10983.969443658509,44.53372521297287,83.29905140591322,38.76532619294035
2020-04-28 → 2021-04-28,1576.1524772499083,12870.179008914301,6575.66010856128,10897.669162440416,44.26683094195457,82.53492816805701,38.26809722610244
2020-04-29 → 2021-04-29,1576.1524772499083,11639.203928071736,6545.596281107741,10807.061161681691,49.38307061375492,91.73071140044617,42.34764078669125
2020-04-30 → 2021-04-30,1576.1524772499083,11639.203928071736,6519.144714935463,10778.995370738747,49.12021231176226,91.45181199224875,42.33159968048649
2020-05-01 → 2021-05-01,1576.1524772499083,11639.203928071736,6492.288786559247,10743.124747108313,48.85333572360746,91.09535327984194,42.24201755623449
2020-05-02 → 2021-05-02,1576.1524772499083,11639.203928071736,6466.264928861281,10717.790445572075,48.59472770768758,90.84359762043736,42.24886991274978
2020-05-03 → 2021-05-03,1576.1524772499083,11639.203928071736,6440.602928463779,10698.336694884267,48.33971559209906,90.65027901541106,42.310563423312
2020-05-04 → 2021-05-04,1576.1524772499083,11639.203928071736,6414.978228491875,10673.425055001508,48.08507414365639,90.40272349008654,42.31764934643015
2020-05-05 → 2021-05-05,1576.1524772499083,11639.203928071736,6388.981338366767,10646.56148949932,47.826734113774265,90.13577100918678,42.30903689541252
2020-05-06 → 2021-05-06,1576.1524772499083,11639.203928071736,6363.408890184263,10624.482994862537,47.57261190931693,89.91636942165958,42.34375751234265
2020-05-07 → 2021-05-07,1576.1524772499083,11639.203928071736,6338.689639768668,10616.835725865809,47.32696822423395,89.84037588198525,42.5134076577513
2020-05-08 → 2021-05-08,1576.1524772499083,11639.203928071736,6316.001877453306,10644.625084646113,47.10151213443618,90.11652828879855,43.01501615436237
2020-05-09 → 2021-05-09,1576.1524772499083,11639.203928071736,6292.9770764985615,10667.353855925672,46.872706775870064,90.3423918987645,43.46968512289444
2020-05-10 → 2021-05-10,1576.1524772499083,11639.203928071736,6269.3363699073325,10677.402428796564,46.637780951364824,90.44224802014081,43.804467068775985
2020-05-11 → 2021-05-11,1576.1524772499083,11639.203928071736,6242.811728581145,10640.743897889217,46.37419647645865,90.077959602393,43.703763125934344
2020-05-12 → 2021-05-12,1576.1524772499083,11355.596269636537,6216.370864699754,10595.063070538072,47.448694281184906,92.22314463640001,44.7744503552151
2020-05-13 → 2021-05-13,1576.1524772499083,11355.596269636537,6190.917790003152,10560.524346720747,47.18842309156553,91.86996786530172,44.681544773736185
2020-05-14 → 2021-05-14,1576.1524772499083,11355.596269636537,6167.0760955861515,10552.398450972982,46.94462912001511,91.78687627113466,44.84224715111955
2020-05-15 → 2021-05-15,1576.1524772499083,11355.596269636537,6145.007053365835,10567.639509442115,46.71896145742783,91.94272417815978,45.22376272073195
2020-05-16 → 2021-05-16,1576.1524772499083,11355.596269636537,6121.649529588492,10559.78336334293,46.4801183874822,91.86239091723036,45.38227252974816
2020-05-17 → 2021-05-17,1576.1524772499083,11355.596269636537,6098.851255076724,10555.045742589726,46.24699393791467,91.81394623209506,45.566952294180396
2020-05-18 → 2021-05-18,1576.1524772499083,11355.596269636537,6077.0182728398495,10564.445708901829,46.02374011386926,91.91006587357631,45.886325759707056
2020-05-19 → 2021-05-19,1576.1524772499083,11355.596269636537,6056.186987842252,10576.371482645376,45.81072917541676,92.03201323578553,46.22128406036877
2020-05-20 → 2021-05-20,1576.1524772499083,11355.596269636537,6034.872845304789,10590.049863228003,45.59278076250133,92.17188193254387,46.57910117004254
2020-05-21 → 2021-05-21,1576.1524772499083,11355.596269636537,6013.509683212957,10592.509743322236,45.37433109864146,92.19703551127961,46.822704412638146
2020-05-22 → 2021-05-22,1576.1524772499083,11355.596269636537,5990.639986648738,10571.389064584233,45.14047632070387,91.98106536833092,46.84058904762705
2020-05-23 → 2021-05-23,1576.1524772499083,11355.596269636537,5968.675032527176,10554.415475862594,44.915873014136864,91.8075014205034,46.891628406366536
2020-05-24 → 2021-05-24,1576.1524772499083,11355.596269636537,5945.996704403834,10537.87110993689,44.68397508001307,91.63832650343313,46.954351423420064
2020-05-25 → 2021-05-25,1576.1524772499083,11318.443294354383,5922.109907040063,10499.29162744263,44.609194196502386,91.59179619773232,46.982602001229935
2020-05-26 → 2021-05-26,1576.1524772499083,11318.443294354383,5898.413167473644,10464.983726085267,44.365958390763396,91.2396418430591,46.87368345229571
2020-05-27 → 2021-05-27,1576.1524772499083,11108.438152828967,5874.583186706417,10424.855724818734,45.093389515892696,92.82876687422916,47.735377358336464
2020-05-28 → 2021-05-28,1576.1524772499083,11108.438152828967,5852.460239496739,10401.743976398875,44.861305124356306,92.58630930207448,47.725004177718176
2020-05-29 → 2021-05-29,1576.1524772499083,11108.438152828967,5831.783015915834,10398.330897689275,44.64438733270978,92.55050384233732,47.90611650962754
2020-05-30 → 2021-05-30,1576.1524772499083,11108.438152828967,5810.480113700058,10387.839675897703,44.42090575713811,92.44044396636812,48.019538209230014
2020-05-31 → 2021-05-31,1576.1524772499083,11108.438152828967,5789.611001337231,10389.75718657458,44.20197492487936,92.46055992535358,48.25858500047422
2020-06-01 → 2021-06-01,1576.1524772499083,11108.438152828967,5768.101835908678,10378.838028723045,43.97632951138051,92.34601071624303,48.369681204862516
2020-06-02 → 2021-06-02,1576.1524772499083,11108.438152828967,5748.571872966346,10403.626892907472,43.77144724487052,92.60606234528656,48.83461510041604
2020-06-03 → 2021-06-03,1576.1524772499083,11108.438152828967,5726.825870681726,10397.12549972878,43.54331725564527,92.53785841812827,48.994541162482996
2020-06-04 → 2021-06-04,1576.1524772499083,11108.438152828967,5705.897392647184,10396.721176242167,43.32376363810987,92.5336167965448,49.20985315843494
2020-06-05 → 2021-06-05,1576.1524772499083,11108.438152828967,5685.771454174632,10404.456380575166,43.11262919294617,92.6147642211632,49.502135028217026
2020-06-06 → 2021-06-06,1576.1524772499083,11108.438152828967,5665.083191516461,10404.197705988987,42.895595594056324,92.6120505531618,49.71645495910547
2020-06-07 → 2021-06-07,1576.1524772499083,11108.438152828967,5644.926043729577,10405.114182752031,42.68413374248252,92.62166500235305,49.93753125987053
2020-06-08 → 2021-06-08,1576.1524772499083,11108.438152828967,5625.058128776277,10409.773045836706,42.47570613519627,92.67053956657863,50.19483343138236
2020-06-09 → 2021-06-09,1576.1524772499083,11108.438152828967,5604.4013684345655,10415.550556052642,42.25900301650321,92.7311494812682,50.472146464765
2020-06-10 → 2021-06-10,1576.1524772499083,11108.438152828967,5583.882022986188,10421.937821317266,42.043741471195695,92.7981561309009,50.75441465970521
2020-06-11 → 2021-06-11,1576.1524772499083,11108.438152828967,5563.5990001846685,10433.615016589256,41.830959107218895,92.92065765539787,51.08969854817898
2020-06-12 → 2021-06-12,1576.1524772499083,11108.438152828967,5541.808614613924,10415.304841895055,41.60236350788043,92.72857177676008,51.126208268879644
2020-06-13 → 2021-06-13,1576.1524772499083,11108.438152828967,5519.934024154866,10405.363902857613,41.37288454340606,92.62428473191301,51.25140018850695
2020-06-14 → 2021-06-14,1576.1524772499083,11108.438152828967,5497.809738926552,10395.123195712385,41.1407861151666,92.51685292076341,51.376066805596814
2020-06-15 → 2021-06-15,1576.1524772499083,11108.438152828967,5475.35327413323,10378.197864936341,40.90520290293814,92.33929497346641,51.434092070528266
2020-06-16 → 2021-06-16,1576.1524772499083,11108.438152828967,5453.55450015907,10365.491617872474,40.676519303683385,92.20599801304884,51.529478709365456
2020-06-17 → 2021-06-17,1576.1524772499083,11108.438152828967,5432.041353356377,10356.083773487075,40.450832122928745,92.10730348473123,51.65647136180249
2020-06-18 → 2021-06-18,1576.1524772499083,11108.438152828967,5410.7750260658195,10342.500064029024,40.22773424258468,91.964801361732,51.73706711914732
2020-06-19 → 2021-06-19,1576.1524772499083,11108.438152828967,5389.361990480833,10325.157040194508,40.003097294912784,91.78286153717401,51.77976424226123
2020-06-20 → 2021-06-20,1576.1524772499083,11108.438152828967,5367.613586574808,10301.468249878066,39.774942111085856,91.53435041274211,51.75940830165626
2020-06-21 → 2021-06-21,1576.1524772499083,11108.438152828967,5347.029472397678,10280.338399983786,39.55900109884925,91.31268427081758,51.75368317196833
2020-06-22 → 2021-06-22,1576.1524772499083,11108.438152828967,5326.03660823468,10254.321581297667,39.33877202811568,91.03975058448492,51.70097855636924
2020-06-23 → 2021-06-23,1576.1524772499083,11108.438152828967,5305.953577702513,10247.27146345869,39.1280877157097,90.9657901716425,51.8377024559328
2020-06-24 → 2021-06-24,1576.1524772499083,11108.438152828967,5285.410673497473,10236.158353894809,38.91257902341705,90.84920628041114,51.936627256994086
2020-06-25 → 2021-06-25,1576.1524772499083,11108.438152828967,5264.63297834986,10208.106157191913,38.69460721838771,90.55492012850988,51.86031291012217
2020-06-26 → 2021-06-26,1576.1524772499083,11108.438152828967,5243.653570104985,10176.220638238896,38.47451930916125,90.2204198833619,51.74590057420065
2020-06-27 → 2021-06-27,1576.1524772499083,11108.438152828967,5221.741834537209,10138.04303883797,38.244650667856135,89.81991154044962,51.57526087259349
2020-06-28 → 2021-06-28,1576.1524772499083,11029.382532855976,5199.338971629953,10089.327120753776,38.327497300580134,90.05572268343649,51.72822538285635
2020-06-29 → 2021-06-29,1576.1524772499083,11029.382532855976,5176.9444832748995,10044.199442315328,38.09059956061904,89.5783442829004,51.48774472228136
2020-06-30 → 2021-06-30,1576.1524772499083,11029.382532855976,5154.9871067307995,10001.075285305229,37.85832576198152,89.12215992309498,51.263834161113465
2020-07-01 → 2021-07-01,1576.1524772499083,11029.382532855976,5133.261560933807,9953.700709781097,37.62850436052193,88.62101295803157,50.99250859750964
2020-07-02 → 2021-07-02,1576.1524772499083,11029.382532855976,5111.783777885025,9909.328123402964,37.40130389123848,88.15162221944674,50.75031832820826
2020-07-03 → 2021-07-03,1576.1524772499083,11029.382532855976,5089.639964742044,9854.85606080477,37.16705789264618,87.5753952337733,50.40833734112713
2020-07-04 → 2021-07-04,1576.1524772499083,11013.684039957561,5067.232923992674,9796.288354492057,36.991457178673166,87.10048620895705,50.109029030283885
2020-07-05 → 2021-07-05,1576.1524772499083,11013.684039957561,5045.351477098767,9738.261175575934,36.759601563160615,86.48563074033623,49.72602917717562
2020-07-06 → 2021-07-06,1576.1524772499083,10949.793506880562,5023.266248542662,9674.949132952655,36.774544282165444,86.39968855327353,49.62514427110809
2020-07-07 → 2021-07-07,1576.1524772499083,10949.793506880562,5002.062022727082,9622.628787821846,36.5483330826054,85.84152396210324,49.293190879497836
2020-07-08 → 2021-07-08,1576.1524772499083,10949.793506880562,4980.856191597073,9563.248088733882,36.32210475720895,85.20803801037692,48.88593325316798
2020-07-09 → 2021-07-09,1576.1524772499083,10949.793506880562,4959.952472175595,9510.603568042261,36.09909942389823,84.646415045243,48.54731562134477
2020-07-10 → 2021-07-10,1576.1524772499083,10949.793506880562,4938.484571174543,9444.825063039363,35.87007528127114,83.94467593666216,48.07460065539102
2020-07-11 → 2021-07-11,1576.1524772499083,10949.793506880562,4917.03425895425,9378.833179853184,35.641238779505315,83.2406604641518,47.59942168464649
2020-07-12 → 2021-07-12,1576.1524772499083,10949.793506880562,4895.701226203329,9307.207048897542,35.41365344011066,82.47653763579486,47.0628841956842
2020-07-13 → 2021-07-13,1576.1524772499083,10949.793506880562,4874.658144541455,9235.015366583166,35.18916136072171,81.70638138502555,46.51722002430384
2020-07-14 → 2021-07-14,1576.1524772499083,10949.793506880562,4853.408067295073,9156.684865726023,34.96246100832707,80.87073490987747,45.9082739015504
2020-07-15 → 2021-07-15,1576.1524772499083,10949.793506880562,4832.520333126277,9076.00594533899,34.739626209098375,80.01003499474308,45.270408785644705
2020-07-16 → 2021-07-16,1576.1524772499083,10949.793506880562,4811.497483461398,8988.204345041426,34.515349968964735,79.07334881250058,44.55799884353585
2020-07-17 → 2021-07-17,1576.1524772499083,10921.24083746441,4790.240610348386,8892.898388877267,34.3933412848405,78.29509609323175,43.901754808391246
2020-07-18 → 2021-07-18,1576.1524772499083,10908.467459428333,4769.018115389024,8794.551633518488,34.213007643188355,77.34843037395638,43.13542273076802
2020-07-19 → 2021-07-19,1576.1524772499083,10908.467459428333,4748.08880093769,8692.791367342405,33.98874051877922,76.2580228344508,42.26928231567158
2020-07-20 → 2021-07-20,1576.1524772499083,10908.467459428333,4727.630097351305,8588.731379646539,33.76951620385357,75.14297273279236,41.37345652893879
2020-07-21 → 2021-07-21,1576.1524772499083,10651.2444034891,4706.331984773298,8477.171118349723,34.49198678057433,76.04351225519393,41.5515254746196
2020-07-22 → 2021-07-22,1576.1524772499083,10491.795099730549,4685.68735011537,8372.305516174732,34.87729381418701,76.22729315987206,41.34999934568505
2020-07-23 → 2021-07-23,1576.1524772499083,10473.287081753417,4665.191917540769,8269.96739333551,34.719486414505475,75.2356260036502,40.51613958914472
2020-07-24 → 2021-07-24,1576.1524772499083,10473.287081753417,4644.754973258077,8166.875609197487,34.48978387328117,74.07691829919624,39.58713442591507
2020-07-25 → 2021-07-25,1576.1524772499083,10306.672153889524,4623.919176538683,8056.087717383868,34.909338872962294,74.22164407317496,39.31230520021266
2020-07-26 → 2021-07-26,1576.1524772499083,10066.533186518165,4603.055588779411,7947.904911700665,35.65097037669087,75.04672231594084,39.39575193924997
2020-07-27 → 2021-07-27,1576.1524772499083,9892.53203295156,4582.534486972031,7845.793249786311,36.15012986824259,75.38906480330111,39.23893493505852
2020-07-28 → 2021-07-28,1576.1524772499083,9892.53203295156,4564.6415139562905,7785.2866883680545,35.93497647251436,74.66150588162137,38.72652940910701
2020-07-29 → 2021-07-29,1576.1524772499083,9892.53203295156,4546.4931838017455,7718.103002926474,35.716752544265404,73.85365812778095,38.13690558351554
2020-07-30 → 2021-07-30,1576.1524772499083,9892.53203295156,4528.4514056158505,7654.206172611801,35.49980984624333,73.08533304248748,37.58552319624415
2020-07-31 → 2021-07-31,1576.1524772499083,9892.53203295156,4510.452364198587,7588.038260796102,35.283381034923345,72.28969942124019,37.00631838631684
2020-08-01 → 2021-08-01,1576.1524772499083,9892.53203295156,4493.190606730852,7526.099958249142,35.07581766732908,71.54492458103347,36.46910691370439
2020-08-02 → 2021-08-02,1576.1524772499083,9892.53203295156,4476.982806562738,7476.899073349288,34.88092757050802,70.95331035070267,36.072382780194644
2020-08-03 → 2021-08-03,1576.1524772499083,9892.53203295156,4459.490630325031,7400.818093236969,34.67059354089156,70.03847740443389,35.36788386354233
2020-08-04 → 2021-08-04,1576.1524772499083,9892.53203295156,4442.043423359804,7326.402687561221,34.460800242637575,69.1436720966996,34.68287185406203
2020-08-05 → 2021-08-05,1576.1524772499083,9892.53203295156,4424.327692802933,7247.316131225545,34.24777809233509,68.19269870971108,33.94492061737599
2020-08-06 → 2021-08-06,1576.1524772499083,9892.53203295156,4407.403099940478,7182.576981732609,34.04426894813241,67.41424518844832,33.36997624031591
2020-08-07 → 2021-08-07,1576.1524772499083,9892.53203295156,4390.330089831865,7116.367119313355,33.83897516621372,66.61810713371199,32.779131967498266
2020-08-08 → 2021-08-08,1576.1524772499083,9892.53203295156,4372.987748372205,7041.351346619959,33.63044281937332,65.71608273486207,32.08563991548875
2020-08-09 → 2021-08-09,1576.1524772499083,9892.53203295156,4355.626343747387,6967.660131607444,33.421681248204834,64.82998543111414,31.408304182909305
2020-08-10 → 2021-08-10,1576.1524772499083,9892.53203295156,4338.241314066349,6888.451753682175,33.21263559841701,63.87754720490351,30.6649116064865
2020-08-11 → 2021-08-11,1576.1524772499083,9892.53203295156,4321.205741291608,6811.804550691359,33.007791980342105,62.955905732464124,29.94811375212202
2020-08-12 → 2021-08-12,1576.1524772499083,9892.53203295156,4303.3761431569665,6715.483372016747,32.793400633540024,61.797695263239284,29.00429462969926
2020-08-13 → 2021-08-13,1576.1524772499083,9892.53203295156,4285.498387630539,6621.067505977339,32.57843021995217,60.66239515569817,28.083964935746003
2020-08-14 → 2021-08-14,1576.1524772499083,9892.53203295156,4268.089544144989,6528.941522073737,32.36909822194813,59.5546296516521,27.18553142970397
2020-08-15 → 2021-08-15,1576.1524772499083,9892.53203295156,4250.688730934941,6432.612706543048,32.15986278369642,58.39632735333231,26.236464569635892
2020-08-16 → 2021-08-16,1576.1524772499083,9892.53203295156,4233.606332481568,6334.884383585924,31.954456111971556,57.22119672945257,25.266740617481016
2020-08-17 → 2021-08-17,1576.1524772499083,9892.53203295156,4216.756107200464,6233.736354071967,31.75184119801478,56.00494596989446,24.253104771879677
2020-08-18 → 2021-08-18,1576.1524772499083,9892.53203295156,4200.649009370113,6140.907199407,31.558161992749216,54.888725214898685,23.33056322214947
2020-08-19 → 2021-08-19,1576.1524772499083,9892.53203295156,4183.72375883005,6033.838413363001,31.35464494032634,53.601280536275354,22.246635595949012
2020-08-20 → 2021-08-20,1576.1524772499083,9892.53203295156,4165.993322842174,5913.603349156802,31.14144596510977,52.155518430290606,21.014072465180835
2020-08-21 → 2021-08-21,1576.1524772499083,9892.53203295156,4148.538500215528,5792.207891012834,30.931561092615233,50.695803210093125,19.76424211747789
2020-08-22 → 2021-08-22,1576.1524772499083,9892.53203295156,4130.3657668468295,5653.899993322951,30.71304372881551,49.032724982800566,18.319681253985056
2020-08-23 → 2021-08-23,1576.1524772499083,9892.53203295156,4112.487443837242,5514.726954358118,30.498066491547277,47.359243896076755,16.861177404529478
2020-08-24 → 2021-08-24,1576.1524772499083,9892.53203295156,4094.7670902711343,5368.764779489018,30.28498875204032,45.604127094450874,15.319138342410554
2020-08-25 → 2021-08-25,1576.1524772499083,9892.53203295156,4077.132006686143,5219.794576510744,30.07293633828414,43.81284036949445,13.739904031210312
2020-08-26 → 2021-08-26,1576.1524772499083,9892.53203295156,4058.867150759888,5050.105697078903,29.853311250180347,41.77242268178197,11.919111431601621
2020-08-27 → 2021-08-27,1576.1524772499083,9892.53203295156,4040.6211420133113,4876.877044809526,29.633912789295202,39.68944112581615,10.05552833652095
2020-08-28 → 2021-08-28,1576.1524772499083,9892.53203295156,4022.066220488803,4690.467444923873,29.41079981807701,37.44796575017806,8.037165932101047
2020-08-29 → 2021-08-29,1576.1524772499083,9892.53203295156,4003.946958951043,4503.303607744476,29.192925424341126,35.19742107595045,6.004495651609325
2020-08-30 → 2021-08-30,1576.1524772499083,9892.53203295156,3985.9670095742918,4306.640735281324,28.976726184559865,32.8326556014319,3.855929416872037
2020-08-31 → 2021-08-31,1576.1524772499083,9892.53203295156,3968.398768666491,4245.058026186275,28.765477518116345,32.09215658160508,3.3266790634887364
2020-09-01 → 2021-09-01,1576.1524772499083,9892.53203295156,3950.614661348135,4182.580505861888,28.551633173961044,31.340897937072043,2.7892647631109995
2020-09-02 → 2021-09-02,1576.1524772499083,9892.53203295156,3933.323880751633,4122.202178663598,28.343720818822714,30.61488096305244,2.271160144229725
2020-09-03 → 2021-09-03,1576.1524772499083,9892.53203295156,3914.8671145925064,4055.706710849119,28.12178811318432,29.81530865674891,1.693520543564592
2020-09-04 → 2021-09-04,1576.1524772499083,9892.53203295156,3893.714253413394,3989.8478165313118,27.867436312170017,29.02339080503596,1.1559544928659413
2020-09-05 → 2021-09-05,1576.1524772499083,9892.53203295156,3872.9031885245536,3925.5569989149067,27.617194428073084,28.250328233927984,0.6331338058549001
2020-09-06 → 2021-09-06,1576.1524772499083,9892.53203295156,3851.118173506191,3857.226845707548,27.35524131647626,27.4286948206176,0.07345350414134089
2020-09-07 → 2021-09-07,1576.1524772499083,9892.53203295156,3830.3020903519764,3810.018635032888,27.104939090431955,26.861041428195243,-0.24389766223671216
2020-09-08 → 2021-09-08,1576.1524772499083,9892.53203295156,3809.864633421023,3794.251959504575,26.859189641479237,26.671455618376065,-0.18773402310317167
2020-09-09 → 2021-09-09,1576.1524772499083,9781.757822849786,3788.718123262697,3777.9768946917247,26.96407580946165,26.833174698348234,-0.13090111111341685
2020-09-10 → 2021-09-10,1576.1524772499083,9772.019213192432,3768.095490769475,3761.9351892455516,26.74449309805052,26.66932958304475,-0.07516351500576945
2020-09-11 → 2021-09-11,1576.1524772499083,9772.019213192432,3747.716145630805,3750.191706572752,26.495839163143337,26.52604415575371,0.030204992610372017
2020-09-12 → 2021-09-12,1576.1524772499083,9772.019213192432,3727.3281980948996,3738.5243591059625,26.24708026804692,26.383687674826277,0.13660740677935834
2020-09-13 → 2021-09-13,1576.1524772499083,9772.019213192432,3707.222524060775,3727.072482746638,26.001765468747507,26.243960215507016,0.24219474675950892
2020-09-14 → 2021-09-14,1576.1524772499083,9772.019213192432,3686.564279945208,3715.1159955536828,25.749708611539578,26.098075862110683,0.34836725057110485
2020-09-15 → 2021-09-15,1576.1524772499083,9772.019213192432,3666.6124546084675,3703.606543593805,25.506270962056544,25.957645907223743,0.4513749451671991
2020-09-16 → 2021-09-16,1576.1524772499083,9772.019213192432,3646.98184429588,3692.252781777514,25.26675254448029,25.819115570139324,0.5523630256590337
2020-09-17 → 2021-09-17,1576.1524772499083,9772.019213192432,3627.8585082356312,3681.134264218385,25.03342351807746,25.683455512242464,0.6500319941650048
2020-09-18 → 2021-09-18,1576.1524772499083,9772.019213192432,3608.5433433008025,3669.9854579976823,24.79775393538252,25.54742589414472,0.7496719587621996
2020-09-19 → 2021-09-19,1576.1524772499083,9772.019213192432,3589.3094652437294,3658.8295087800498,24.56307615599985,25.411309122397945,0.848232966398097
2020-09-20 → 2021-09-20,1576.1524772499083,9772.019213192432,3571.0118742940153,3647.8636759565197,24.339822270361726,25.277512012503028,0.937689742141302
2020-09-21 → 2021-09-21,1576.1524772499083,9772.019213192432,3552.736011247934,3637.019584906906,24.116833492787617,25.145200307115513,1.028366814327896
2020-09-22 → 2021-09-22,1576.1524772499083,9772.019213192432,3532.873455115554,3625.6252313475575,23.8744850411556,25.006174699129737,1.1316896579741353
2020-09-23 → 2021-09-23,1576.1524772499083,9772.019213192432,3512.9916084660103,3614.3212537489294,23.631901220675054,24.86825179283045,1.236350572155395
2020-09-24 → 2021-09-24,1576.1524772499083,9473.54969553333,3492.6753484434817,3602.664731687588,24.26777858857844,25.66050811963796,1.3927295310595191
2020-09-25 → 2021-09-25,1576.1524772499083,9473.54969553333,3473.626634858563,3591.6465355904834,24.026576163799575,25.520991316917236,1.4944151531176608
2020-09-26 → 2021-09-26,1576.1524772499083,9473.54969553333,3454.387258371187,3580.5702306823923,23.782959489145867,25.380738717206942,1.597779228061075
2020-09-27 → 2021-09-27,1576.1524772499083,9473.54969553333,3435.381499178394,3569.57868442826,23.542300970048053,25.241559365449305,1.6992583954012517
2020-09-28 → 2021-09-28,1576.1524772499083,9473.54969553333,3416.6139802530197,3558.6974380555002,23.30465914443587,25.103776674874133,1.799117530438263
2020-09-29 → 2021-09-29,1576.1524772499083,9473.54969553333,3397.735211262173,3545.986726853778,23.06560862603039,24.94282856943636,1.8772199434059722
2020-09-30 → 2021-09-30,1576.1524772499083,9473.54969553333,3378.7733191954685,3533.4453169385015,22.825505570015867,24.784024224553704,1.958518654537837
2020-10-01 → 2021-10-01,1576.1524772499083,9473.54969553333,3359.0927829020325,3520.141523516019,22.576302753575618,24.615566274994286,2.0392635214186683
2020-10-02 → 2021-10-02,1576.1524772499083,9473.54969553333,3339.0498993974406,3506.587404379736,22.322511751925227,24.44393860119686,2.121426849271632
2020-10-03 → 2021-10-03,1576.1524772499083,9473.54969553333,3318.869387246325,3492.9819479392368,22.066978041345298,24.271660873935005,2.2046828325897074
2020-10-04 → 2021-10-04,1576.1524772499083,9437.190896860331,3298.5287344661474,3479.359258256519,21.910289268139675,24.21062815643801,2.3003388882983344
2020-10-05 → 2021-10-05,1576.1524772499083,9437.190896860331,3278.210811327936,3465.7427754729806,21.65182566506752,24.037413346171085,2.3855876811035657
2020-10-06 → 2021-10-06,1576.1524772499083,9437.190896860331,3257.7781059319327,3450.3803335513694,21.39190192083252,23.84198824961784,2.4500863287853214
2020-10-07 → 2021-10-07,1576.1524772499083,9374.53619995802,3237.071458427934,3434.6927762679106,21.29824640895262,23.832378158131913,2.534131749179295
2020-10-08 → 2021-10-08,1576.1524772499083,9172.183505682702,3216.5239120796136,3419.1412690398533,21.595112351300457,24.262523216287978,2.66741086498752
2020-10-09 → 2021-10-09,1576.1524772499083,9030.07619321888,3196.430024950192,3404.0240918750696,21.7372434900168,24.52227423134485,2.785030741328047
2020-10-10 → 2021-10-10,1576.1524772499083,8847.322761646454,3176.752523865961,3389.2143848606056,22.012963305932136,24.934939448487533,2.9219761425553976
2020-10-11 → 2021-10-11,1576.1524772499083,8819.129825518316,3157.3487188097665,3374.7935534655467,21.830749504385487,24.832896607713998,3.002147103328511
2020-10-12 → 2021-10-12,1576.1524772499083,8819.129825518316,3138.1978780642207,3360.502174666849,21.56634386255196,24.63558301536769,3.0692391528157295
2020-10-13 → 2021-10-13,1576.1524772499083,8819.129825518316,3119.30308514093,3346.3458196221504,21.305473339081278,24.440133625372248,3.13466028629097
2020-10-14 → 2021-10-14,1576.1524772499083,8819.129825518316,3100.1706811749837,3332.0035333817063,21.041322244220815,24.24211718060354,3.2007949363827244
2020-10-15 → 2021-10-15,1576.1524772499083,8819.129825518316,3080.6861390959234,3317.767941703027,20.772309362609107,24.04557381184535,3.273264449236244
2020-10-16 → 2021-10-16,1576.1524772499083,8819.129825518316,3061.416934835127,3303.674503048484,20.50626953762742,23.850993075542032,3.3447235379146107
2020-10-17 → 2021-10-17,1576.1524772499083,8800.646010252805,3041.766349759093,3289.310765883891,20.2867351990001,23.71319568365507,3.426460484654971
2020-10-18 → 2021-10-18,1576.1524772499083,8703.506092897267,3022.1293395798057,3274.8386567866137,20.28771042249688,23.833336623110966,3.5456262006140875
2020-10-19 → 2021-10-19,1555.430138450808,8513.672811735767,3002.599077409187,3260.686160453974,20.79790842182824,24.506992671443022,3.709084249614783
2020-10-20 → 2021-10-20,1513.7341883084346,8382.61103570958,2983.473562044631,3246.938196347827,21.397084361648954,25.232713390328932,3.8356290286799783
2020-10-21 → 2021-10-21,1513.7341883084346,7783.015373161113,2964.9506768539036,3233.481311739607,23.148052316616123,27.43132861206296,4.283276295446836
2020-10-22 → 2021-10-22,1513.7341883084346,7719.963155662358,2948.1830510347586,3221.3176660218896,23.113050940785914,27.51402641919441,4.400975478408494
2020-10-23 → 2021-10-23,1513.7341883084346,7719.963155662358,2931.6225679809395,3209.342423208236,22.846214458585038,27.321071198292223,4.474856739707185
2020-10-24 → 2021-10-24,1513.7341883084346,7667.74669788406,2915.0187568966508,3197.43024266438,22.770258695571734,27.359321284058474,4.58906258848674
2020-10-25 → 2021-10-25,1513.7341883084346,7667.74669788406,2898.5187244843273,3185.710256574146,22.502140416860904,27.168876658344804,4.6667362414839
2020-10-26 → 2021-10-26,1513.7341883084346,7644.876426807446,2882.092624661438,3173.909382240783,22.3181649213866,27.077747169323256,4.759582247936656
2020-10-27 → 2021-10-27,1513.7341883084346,7524.26829540335,2865.8704295034413,3162.927846353442,22.4961079515201,27.43838781479132,4.942279863271221
2020-10-28 → 2021-10-28,1513.7341883084346,7524.26829540335,2850.4026595427626,3153.8397824937842,22.238763601000226,27.287185547276856,5.04842194627663
2020-10-29 → 2021-10-29,1513.7341883084346,7421.030605183311,2834.2350444945505,3144.3976375510474,22.353726019468944,27.604225929554403,5.250499910085459
2020-10-30 → 2021-10-30,1513.7341883084346,7355.33990404444,2818.384193081926,3136.408061784079,22.333756646037408,27.777873968873262,5.444117322835854
2020-10-31 → 2021-10-31,1513.7341883084346,7355.33990404444,2802.7465724958784,3128.5177850242926,22.06606277303391,27.642803627878976,5.576740854845067
2020-11-01 → 2021-11-01,1513.7341883084346,7355.33990404444,2787.430431924672,3120.5612350626034,21.803872181670513,27.506598783716758,5.702726602046244
2020-11-02 → 2021-11-02,1513.7341883084346,7355.33990404444,2771.875828649152,3112.546187159566,21.53759944721294,27.369392537813404,5.831793090600463
2020-11-03 → 2021-11-03,1513.7341883084346,7144.431265907445,2756.1191934299336,3104.4288311371665,22.064497308231424,28.250403474147134,6.185906165915711
2020-11-04 → 2021-11-04,1513.7341883084346,7077.567494964144,2741.049235278579,3096.6196343193874,22.058803334420077,28.44954833778779,6.390745003367712
2020-11-05 → 2021-11-05,1513.7341883084346,6726.597826108091,2726.190273018733,3088.806809194925,23.258925783488838,30.215112658333926,6.956186874845088
2020-11-06 → 2021-11-06,1513.7341883084346,6726.597826108091,2713.129085258483,3081.9563364242917,23.008368917478755,30.083697888130484,7.075328970651729
2020-11-07 → 2021-11-07,1513.7341883084346,6726.597826108091,2699.9698728044937,3074.6864211100183,22.755931612988974,29.944236819907683,7.1883052069187094
2020-11-08 → 2021-11-08,1480.565603419731,6527.72377190631,2685.636451431028,3066.4298017910974,23.87622515053149,31.42093323472955,7.54470808419806
2020-11-09 → 2021-11-09,1480.565603419731,6527.72377190631,2672.0812558217453,3058.953741877759,23.607654300227683,31.272809089145653,7.66515478891797
2020-11-10 → 2021-11-10,1480.565603419731,6527.72377190631,2658.4658589328633,3051.3688912861926,23.337890674156007,31.12252945973113,7.7846387855751225
2020-11-11 → 2021-11-11,1480.565603419731,6356.777531253977,2644.8363934492972,3043.7810823491945,23.876542021968135,32.05798890746245,8.181446885494317
2020-11-12 → 2021-11-12,1480.565603419731,6255.178118314777,2631.7320134330134,3036.517034311506,24.110153576275856,32.58801475591528,8.477861179639426
2020-11-13 → 2021-11-13,1480.565603419731,6255.178118314777,2619.202076589662,3027.928124122189,23.84772522624195,32.40812769361393,8.56040246737198
2020-11-14 → 2021-11-14,1480.565603419731,6255.178118314777,2606.6720875260276,3019.3392211816963,23.5852957825008,32.22824078313275,8.642945000631947
2020-11-15 → 2021-11-15,1480.565603419731,6255.178118314777,2593.989400301495,3009.6730072139267,23.319668211991843,32.02579055418507,8.706122342193229
2020-11-16 → 2021-11-16,1480.565603419731,5972.626042987401,2581.4281384644314,2999.9251183594215,24.506850472177774,33.823220666325646,9.316370194147872
2020-11-17 → 2021-11-17,1480.565603419731,5847.405058718655,2569.6515408566206,2990.8414672490544,24.939912460380075,34.58510163447125,9.645189174091175
2020-11-18 → 2021-11-18,1480.565603419731,5847.405058718655,2559.010365513953,2982.5704214250018,24.696231064450686,34.39569586609531,9.699464801644623
2020-11-19 → 2021-11-19,1480.565603419731,5847.405058718655,2548.3743601137658,2974.3357121505305,24.452668059465903,34.20712219951641,9.754454140050509
2020-11-20 → 2021-11-20,1480.565603419731,5847.405058718655,2537.6136042302205,2966.0822953744923,24.206248286224923,34.018120133822805,9.811871847597882
2020-11-21 → 2021-11-21,1480.565603419731,5847.405058718655,2527.602696225145,2958.4740031059227,23.976999922332638,33.84389132723508,9.86689140490244
2020-11-22 → 2021-11-22,1480.565603419731,5847.405058718655,2517.8427413780532,2950.9495152144536,23.753498349925426,33.6715816289168,9.918083278991372
2020-11-23 → 2021-11-23,1480.565603419731,5847.405058718655,2507.8000393051357,2924.6551690255947,23.523521906419326,33.06944485567334,9.545922949254013
2020-11-24 → 2021-11-24,1480.565603419731,5847.405058718655,2497.710800292096,2899.1162263251604,23.29247977362928,32.484606714453285,9.192126940824004
2020-11-25 → 2021-11-25,1480.565603419731,5847.405058718655,2488.073649972597,2875.413151876812,23.071790407369104,31.941809694068535,8.870019286699431
2020-11-26 → 2021-11-26,1480.565603419731,5847.405058718655,2478.5789080111895,2850.6974186312045,22.854362172175193,31.375822931820696,8.521460759645503
2020-11-27 → 2021-11-27,1480.565603419731,5847.405058718655,2467.61451723757,2820.8582523376576,22.60327918902786,30.692510284332847,8.089231095304989
2020-11-28 → 2021-11-28,1480.565603419731,5635.270427856573,2456.4105922989065,2789.605359086672,23.487709238440264,31.507406927383276,8.019697688943012
2020-11-29 → 2021-11-29,1480.565603419731,5536.558998548417,2445.730886625382,2779.7831646254344,23.796026994640336,32.03204331560512,8.236016320964787
2020-11-30 → 2021-11-30,1480.565603419731,5536.558998548417,2435.496299139606,2770.4066117226075,23.543694545133196,31.80086559933743,8.257171054204235
2020-12-01 → 2021-12-01,1480.565603419731,5536.558998548417,2426.3802190446563,2763.1698676448377,23.318938752732297,31.62244459681654,8.303505844084242
2020-12-02 → 2021-12-02,1480.565603419731,5536.558998548417,2416.6916777933275,2755.6082004816285,23.080069003512165,31.436012657053254,8.35594365354109
2020-12-03 → 2021-12-03,1480.565603419731,5536.558998548417,2407.562934897022,2748.4305252118975,22.8550010113584,31.259047988463024,8.404046977104624
2020-12-04 → 2021-12-04,1480.565603419731,5536.558998548417,2399.0879630958125,2741.5863732344937,22.646051662195553,31.090306294119447,8.444254631923894
2020-12-05 → 2021-12-05,1480.565603419731,5536.558998548417,2390.041790377588,2734.1291891518085,22.423019427254314,30.90645037138443,8.483430944130117
2020-12-06 → 2021-12-06,1480.565603419731,5536.558998548417,2381.1544021406717,2726.62198677394,22.203902003454015,30.721361253959223,8.517459250505208
2020-12-07 → 2021-12-07,1480.565603419731,5536.558998548417,2372.441312360683,2718.7382706821145,21.989081885885444,30.526989238923548,8.537907353038104
2020-12-08 → 2021-12-08,1480.565603419731,5536.558998548417,2363.6079781875987,2705.770909649684,21.7712971581368,30.207280606064224,8.435983447927423
2020-12-09 → 2021-12-09,1480.565603419731,5536.558998548417,2354.4106109183786,2691.915651717476,21.544537240818727,29.865680988351617,8.32114374753289
2020-12-10 → 2021-12-10,1480.565603419731,5536.558998548417,2345.4608321136557,2678.0599487231,21.32388158552423,29.524070397688014,8.200188812163784
2020-12-11 → 2021-12-11,1480.565603419731,5536.558998548417,2336.065974868953,2663.5586283487014,21.092252578041474,29.166542192838985,8.074289614797511
2020-12-12 → 2021-12-12,1480.565603419731,5315.393167413713,2326.3883600933123,2645.2505999011373,22.056343930955137,30.37124817336987,8.314904242414734
2020-12-13 → 2021-12-13,1480.565603419731,5220.274028941746,2317.7053794037056,2622.744973811801,22.385161641769457,30.541936440743683,8.156774798974226
2020-12-14 → 2021-12-14,1480.565603419731,5184.906387212008,2309.100005280154,2598.011386911338,22.366581538219616,30.16584727789635,7.799265739676734
2020-12-15 → 2021-12-15,1480.565603419731,5145.994841858927,2300.5289366194525,2573.479962815526,22.370185859838784,29.816817848628745,7.44663198878996
2020-12-16 → 2021-12-16,1480.565603419731,4679.299457808105,2292.201198904239,2549.3220391824075,25.3736519645427,33.411858704544585,8.038206740001886
2020-12-17 → 2021-12-17,1480.565603419731,4388.030478306353,2285.3130031031465,2529.332655227623,27.67866283216223,36.07152956056913,8.3928667284069
2020-12-18 → 2021-12-18,1480.565603419731,4359.688544816367,2279.1489160451883,2511.6617500969965,27.73703412046976,35.81285577812424,8.075821657654476
2020-12-19 → 2021-12-19,1480.565603419731,4359.688544816367,2273.1233451648404,2494.3716930967757,27.5277491749153,35.21232369414753,7.684574519232228
2020-12-20 → 2021-12-20,1480.565603419731,4359.688544816367,2267.489541111717,2482.9330465704065,27.332071388040706,34.815027477237095,7.482956089196389
2020-12-21 → 2021-12-21,1480.565603419731,4359.688544816367,2261.4437723808906,2470.77981390649,27.122084914594264,34.392911683250844,7.27082676865658
2020-12-22 → 2021-12-22,1480.565603419731,4290.506615779991,2255.1433154097545,2458.149845127707,27.565621790024807,34.79020511134633,7.224583321321525
2020-12-23 → 2021-12-23,1480.565603419731,4290.506615779991,2249.030137053176,2448.367099141442,27.348066391897657,34.442057376456766,7.09399098455911
2020-12-24 → 2021-12-24,1480.565603419731,4218.05077774402,2242.687579506906,2438.3520532468874,27.840222962131456,34.987822356465294,7.147599394333838
2020-12-25 → 2021-12-25,1480.565603419731,4053.6435971072774,2236.5635544713764,2428.3214938955125,29.381074064070816,36.833546934872636,7.45247287080182
2020-12-26 → 2021-12-26,1480.565603419731,3783.456644027727,2230.8666308703246,2419.0869171255576,32.58083053953362,40.75404772333665,8.173217183803025
2020-12-27 → 2021-12-27,1480.565603419731,3783.456644027727,2225.926559095985,2411.3145353892633,32.366314451397926,40.41654231820717,8.050227866809244
2020-12-28 → 2021-12-28,1480.565603419731,3698.313887885281,2221.3204520213103,2404.077003733071,33.40121391549592,41.641849383096,8.240635467600079
2020-12-29 → 2021-12-29,1480.565603419731,3672.257825996902,2217.095307744019,2397.122433694267,33.605526211076125,41.81959587358363,8.214069662507505
2020-12-30 → 2021-12-30,1480.565603419731,3466.851770511931,2212.86244819403,2389.908802028328,36.867640569955554,45.781076950247254,8.9134363802917
2020-12-31 → 2021-12-31,1480.565603419731,3445.582199456053,2209.284326220529,2384.000261796814,37.08460907000543,45.975930188041204,8.891321118035776
2021-01-01 → 2022-01-01,1480.565603419731,3403.5956029317167,2205.6149945777806,2377.780712632697,37.703488314901385,46.65632410522226,8.952835790320876
2021-01-02 → 2022-01-02,1480.565603419731,3359.4634959148934,2202.085548509029,2372.004323076449,38.401232337917264,47.44476659521365,9.043534257296386
2021-01-03 → 2022-01-03,1480.565603419731,3359.4634959148934,2199.43502074361,2367.911150816684,38.260164120426246,47.22691695707661,8.966752836650365
2021-01-04 → 2022-01-04,1480.565603419731,3359.4634959148934,2197.176450187084,2364.397342521842,38.139956919941994,47.03990262761906,8.899945707677063
2021-01-05 → 2022-01-05,1480.565603419731,3359.4634959148934,2194.861626733868,2360.733535893528,38.016755788977825,46.84490498336451,8.828149194386683
2021-01-06 → 2022-01-06,1480.565603419731,3359.4634959148934,2193.161436189248,2357.7025894541266,37.92626707474748,46.683589860732894,8.757322785985416
2021-01-07 → 2022-01-07,1480.565603419731,3359.4634959148934,2192.2867994490125,2356.2234018368545,37.87971655469373,46.60486351678518,8.72514696209145
2021-01-08 → 2022-01-08,1480.565603419731,3359.4634959148934,2191.856069729895,2355.090350708305,37.85679196039629,46.54455948786081,8.687767527464516
2021-01-09 → 2022-01-09,1480.565603419731,3359.4634959148934,2191.6783247358944,2354.4710676776485,37.84733189368854,46.51159957912229,8.66426768543375
2021-01-10 → 2022-01-10,1480.565603419731,3359.4634959148934,2191.444252744762,2353.755038942024,37.83487395267602,46.47349060372322,8.638616651047201
2021-01-11 → 2022-01-11,1480.565603419731,3359.4634959148934,2190.704415560357,2351.9194954597474,37.79549782758908,46.375798042056715,8.580300214467634
2021-01-12 → 2022-01-12,1480.565603419731,3359.4634959148934,2189.172809793113,2348.6982760928104,37.7139816486971,46.204356082394966,8.490374433697866
2021-01-13 → 2022-01-13,1480.565603419731,3359.4634959148934,2187.4779377084924,2345.869114590467,37.623775997214366,46.05378049690711,8.430004499692743
2021-01-14 → 2022-01-14,1480.565603419731,3359.4634959148934,2186.4911338177303,2343.8081370624323,37.57125563968437,45.94408972891665,8.372834089232285
2021-01-15 → 2022-01-15,1480.565603419731,3359.4634959148934,2185.8172098634454,2342.4572370493693,37.5353875940084,45.872191196353555,8.336803602345157
2021-01-16 → 2022-01-16,1480.565603419731,3359.4634959148934,2184.7036983737207,2340.322085614732,37.47612351722315,45.75855269352879,8.28242917630564
2021-01-17 → 2022-01-17,1480.565603419731,3359.4634959148934,2183.624103576971,2339.214001719242,37.418664578072594,45.69957748790874,8.280912909836147
2021-01-18 → 2022-01-18,1480.565603419731,3359.4634959148934,2182.4884830733126,2336.8043543962403,37.358223800093434,45.5713295755221,8.213105775428666
2021-01-19 → 2022-01-19,1480.565603419731,3359.4634959148934,2181.560562654257,2335.031267429852,37.30883737932187,45.47696111763674,8.168123738314868
2021-01-20 → 2022-01-20,1480.565603419731,3359.4634959148934,2180.727254730353,2333.4402243748336,37.26448649004616,45.392281526405434,8.127795036359274
2021-01-21 → 2022-01-21,1480.565603419731,3359.4634959148934,2180.5213297664727,2333.8569299791643,37.25352660953841,45.414459719589594,8.160933110051182
2021-01-22 → 2022-01-22,1480.565603419731,3359.4634959148934,2179.5213776585174,2331.207403923466,37.200306468521205,45.27344481578447,8.073138347263267
2021-01-23 → 2022-01-23,1480.565603419731,3359.4634959148934,2178.771297291007,2327.4428513785433,37.16038517367563,45.07308520284546,7.912700029169834
2021-01-24 → 2022-01-24,1480.565603419731,3359.4634959148934,2177.6956915773544,2323.6002507871144,37.10313854425798,44.86857166292521,7.765433118667232
2021-01-25 → 2022-01-25,1480.565603419731,3359.4634959148934,2176.6086229003763,2319.8188179994704,37.045281825097234,44.66731363806138,7.622031812964146
2021-01-26 → 2022-01-26,1480.565603419731,3359.4634959148934,2175.6002676798616,2316.3996983211464,36.99161444782557,44.485338891483565,7.493724443657996
2021-01-27 → 2022-01-27,1480.565603419731,3359.4634959148934,2174.609654928918,2312.8396834355176,36.93889137251104,44.29586532297042,7.356973950459384
2021-01-28 → 2022-01-28,1480.565603419731,3359.4634959148934,2172.8439759419166,2307.6524507567833,36.844917187215806,44.019786846356354,7.174869659140548
2021-01-29 → 2022-01-29,1480.565603419731,3359.4634959148934,2171.8642207633434,2304.2042779984795,36.792771981109254,43.83626581671037,7.043493835601119
2021-01-30 → 2022-01-30,1480.565603419731,3359.4634959148934,2171.060527000998,2301.3289279004057,36.74999723717263,43.68323194991225,6.933234712739619
2021-01-31 → 2022-01-31,1480.565603419731,3359.4634959148934,2170.2100028756768,2298.1129128900047,36.70473005534661,43.51206698010486,6.807336924758253
2021-02-01 → 2022-02-01,1480.565603419731,3359.4634959148934,2169.013939107548,2294.4117681149187,36.641072324242316,43.31508209924096,6.674009774998645
2021-02-02 → 2022-02-02,1480.565603419731,3359.4634959148934,2168.2710313105536,2292.6398238530187,36.60153277289353,43.22077445916229,6.619241686268765
2021-02-03 → 2022-02-03,1480.565603419731,3359.4634959148934,2167.9683136260546,2290.450382159898,36.585421323425834,43.10424648274239,6.518825159316556
2021-02-04 → 2022-02-04,1480.565603419731,3359.4634959148934,2167.3485733714924,2285.7575010819537,36.55243708000113,42.85447872810874,6.302041648107611
2021-02-05 → 2022-02-05,1480.565603419731,3359.4634959148934,2166.572187003397,2283.074504420062,36.511115709042315,42.7116824286074,6.200566719565089
2021-02-06 → 2022-02-06,1480.565603419731,3359.4634959148934,2165.8409816987037,2280.4730124661787,36.472198995813024,42.57322402891073,6.101025033097706
2021-02-07 → 2022-02-07,1480.565603419731,3359.4634959148934,2165.1214347660302,2277.789536401212,36.43390277250321,42.430402214288165,5.996499441784955
2021-02-08 → 2022-02-08,1480.565603419731,3359.4634959148934,2164.3023268820866,2275.708074289952,36.390307647551744,42.31962120167572,5.929313554123979
2021-02-09 → 2022-02-09,1480.565603419731,3359.4634959148934,2164.531368243054,2275.6755281018804,36.40249784489469,42.31788900599859,5.915391161103898
2021-02-10 → 2022-02-10,1480.565603419731,3359.4634959148934,2164.9262075731644,2276.4953931431933,36.42351225614542,42.36152442890196,5.938012172756537
2021-02-11 → 2022-02-11,1480.565603419731,3359.4634959148934,2165.3155414737307,2277.5378756167484,36.44423365362643,42.4170081503814,5.972774496754965
2021-02-12 → 2022-02-12,1480.565603419731,3359.4634959148934,2166.089215748432,2278.6540121868406,36.48541067967938,42.47641194100517,5.991001261325785
2021-02-13 → 2022-02-13,1480.565603419731,3359.4634959148934,2166.8153610871,2279.3241105915963,36.5240580879057,42.512076380644615,5.988018292738914
2021-02-14 → 2022-02-14,1480.565603419731,3359.4634959148934,2167.4345411780023,2279.600070010832,36.5570125179136,42.52676368325632,5.969751165342721
2021-02-15 → 2022-02-15,1480.565603419731,3359.4634959148934,2167.9773313834744,2279.0642955690946,36.585901272733125,42.49824832625488,5.912347053521756
2021-02-16 → 2022-02-16,1480.565603419731,3359.4634959148934,2168.4985848265756,2279.702697892047,36.61364378312622,42.53222581515955,5.918582032033328
2021-02-17 → 2022-02-17,1480.565603419731,3359.4634959148934,2169.6665083606745,2283.0008855623864,36.67580381527932,42.70776423497008,6.031960419690755
2021-02-18 → 2022-02-18,1480.565603419731,3359.4634959148934,2171.257888887787,2285.3206150309557,36.760501367683254,42.83122647726833,6.0707251095850765
2021-02-19 → 2022-02-19,1480.565603419731,3359.4634959148934,2172.7822483788614,2287.047767567859,36.84163188026529,42.9231501812547,6.0815183009894085
2021-02-20 → 2022-02-20,1480.565603419731,3359.4634959148934,2174.974784298636,2290.6185373252492,36.95832453975107,43.11319615297317,6.154871613222099
2021-02-21 → 2022-02-21,1480.565603419731,3359.4634959148934,2177.4486342163996,2307.3595572214226,37.08998948693338,44.00419826453238,6.9142087775989935
2021-02-22 → 2022-02-22,1480.565603419731,3359.4634959148934,2179.8489470963304,2332.0175824305124,37.21774059515051,45.316564695277805,8.098824100127295
2021-02-23 → 2022-02-23,1480.565603419731,3359.4634959148934,2182.10817337707,2354.296606537365,37.33798269504129,46.502314287942795,9.164331592901505
2021-02-24 → 2022-02-24,1480.565603419731,3359.4634959148934,2183.6185127840804,2362.4594121544537,37.418367021035955,46.93676076051022,9.518393739474263
2021-02-25 → 2022-02-25,1480.565603419731,3359.4634959148934,2185.0543978324417,2371.6305386601825,37.49478868578403,47.42487278311457,9.930084097330543
2021-02-26 → 2022-02-26,1480.565603419731,3359.4634959148934,2186.3061473793937,2383.5442154942302,37.56141016382985,48.05895071154454,10.497540547714692
2021-02-27 → 2022-02-27,1480.565603419731,3359.4634959148934,2187.650369887953,2389.2521712836706,37.632953301641024,48.36274347283506,10.729790171194033
2021-02-28 → 2022-02-28,1480.565603419731,3359.4634959148934,2188.0169408121596,2387.4720803862233,37.65246319228868,48.26800224689843,10.615539054609755
2021-03-01 → 2022-03-01,1480.565603419731,3359.4634959148934,2188.1562039748283,2388.758186327604,37.65987515241832,48.3364522646731,10.676577112254776
2021-03-02 → 2022-03-02,1480.565603419731,3359.4634959148934,2188.863291348622,2388.6813179133414,37.69750824448886,48.33236112089303,10.634852876404175
2021-03-03 → 2022-03-03,1480.565603419731,3359.4634959148934,2189.636924087285,2389.901422893605,37.73868305988212,48.397298389977045,10.658615330094925
2021-03-04 → 2022-03-04,1480.565603419731,3359.4634959148934,2191.233558908894,2394.1477910296508,37.823660259972996,48.623301524740626,10.79964126476763
2021-03-05 → 2022-03-05,1480.565603419731,3359.4634959148934,2192.534369691581,2395.1983645099617,37.892892908957435,48.67921587136411,10.786322962406672
2021-03-06 → 2022-03-06,1480.565603419731,3359.4634959148934,2194.0509413911022,2397.5171863428905,37.97360893432416,48.802629806852075,10.829020872527913
2021-03-07 → 2022-03-07,1480.565603419731,3359.4634959148934,2195.6340334166325,2399.230232948598,38.05786535037814,48.89380275523579,10.835937404857653
2021-03-08 → 2022-03-08,1480.565603419731,3359.4634959148934,2197.3411750109085,2400.0642847775903,38.14872401816923,48.93819323714137,10.789469218972137
2021-03-09 → 2022-03-09,1480.565603419731,3359.4634959148934,2198.6027673835492,2397.648848072273,38.21586935787502,48.80963719825467,10.593767840379648
2021-03-10 → 2022-03-10,1480.565603419731,3359.4634959148934,2200.5315559988535,2400.994131802769,38.318524676346996,48.9876821970733,10.669157520726301
2021-03-11 → 2022-03-11,1480.565603419731,3359.4634959148934,2202.6999007640306,2403.4346087573877,38.43392981751184,49.11757094538509,10.683641127873251
2021-03-12 → 2022-03-12,1480.565603419731,3359.4634959148934,2204.9912371384403,2405.2081227864883,38.55588090296261,49.21196213269678,10.65608122973417
2021-03-13 → 2022-03-13,1480.565603419731,3359.4634959148934,2207.452369421106,2408.49426126663,38.6868689833951,49.38685926219315,10.699990278798047
2021-03-14 → 2022-03-14,1480.565603419731,3359.4634959148934,2209.885454628774,2408.5557845532812,38.816364323050664,49.390133697003954,10.57376937395329
2021-03-15 → 2022-03-15,1480.565603419731,3359.4634959148934,2212.2667758761195,2410.483538611984,38.943104645494856,49.49273395359068,10.549629308095824
2021-03-16 → 2022-03-16,1480.565603419731,3359.4634959148934,2214.045805971905,2409.8225729405226,39.03778941271352,49.45755558258386,10.419766169870336
2021-03-17 → 2022-03-17,1480.565603419731,3359.4634959148934,2215.8794843832065,2410.8926435754993,39.135382710285775,49.514507620225224,10.37912490993945
2021-03-18 → 2022-03-18,1480.565603419731,3359.4634959148934,2217.7559368885973,2411.128552662478,39.23525256020608,49.52706333642038,10.291810776214305
2021-03-19 → 2022-03-19,1480.565603419731,3359.4634959148934,2219.498819632812,2411.6157045512236,39.32801346813919,49.55299087035885,10.224977402219658
2021-03-20 → 2022-03-20,1480.565603419731,3359.4634959148934,2221.418115247808,2413.64485754083,39.43016354359899,49.6609878508074,10.230824307208415
2021-03-21 → 2022-03-21,1480.565603419731,3359.4634959148934,2223.380948706335,2415.285197580447,39.53463082020656,49.74829116016599,10.213660339959432
2021-03-22 → 2022-03-22,1480.565603419731,3359.4634959148934,2225.0714417741046,2415.062068087137,39.6246034086331,49.73641560832248,10.111812199689382
2021-03-23 → 2022-03-23,1480.565603419731,3359.4634959148934,2226.4474108081617,2415.3357002906846,39.697836181928196,49.75097905025514,10.053142868326944
2021-03-24 → 2022-03-24,1480.565603419731,3359.4634959148934,2227.6531952331748,2414.603292921096,39.76201127254004,49.71199835989863,9.949987087358586
2021-03-25 → 2022-03-25,1480.565603419731,3359.4634959148934,2228.6194129177347,2414.3748174862694,39.81343597679988,49.69983828266723,9.88640230586735
2021-03-26 → 2022-03-26,1480.565603419731,3359.4634959148934,2229.4560598401076,2414.2844264585465,39.85796457655587,49.695027429023504,9.837062852467632
2021-03-27 → 2022-03-27,1480.565603419731,3359.4634959148934,2230.312809270084,2412.370099715617,39.903563085841476,49.59314181030118,9.6895787244597
2021-03-28 → 2022-03-28,1480.565603419731,3359.4634959148934,2231.22128184137,2411.8608223425745,39.95191443984079,49.56603669857176,9.614122258730966
2021-03-29 → 2022-03-29,1480.565603419731,3359.4634959148934,2232.0736338519137,2411.610083476142,39.997278906635295,49.55269170162253,9.555412794987234
2021-03-30 → 2022-03-30,1480.565603419731,3359.4634959148934,2233.1258579003256,2412.11572790717,40.05328110093308,49.579603458405465,9.526322357472388
2021-03-31 → 2022-03-31,1480.565603419731,3359.4634959148934,2234.46677389421,2414.0508196845126,40.12464825713886,49.68259424811639,9.55794599097753
2021-04-01 → 2022-04-01,1480.565603419731,3359.4634959148934,2235.7269935359536,2414.421795322057,40.19172053641372,49.70233856945636,9.51061803304264
2021-04-02 → 2022-04-02,1480.565603419731,3359.4634959148934,2237.029249212001,2415.4383850638096,40.26103008650949,49.756444210098856,9.495414123589363
2021-04-03 → 2022-04-03,1480.565603419731,3359.4634959148934,2238.284115445212,2415.870759302314,40.32781744298178,49.779456330141755,9.451638887159973
2021-04-04 → 2022-04-04,1480.565603419731,3359.4634959148934,2239.3696020707293,2416.0828208874846,40.38558996110812,49.79074281814185,9.405152857033734
2021-04-05 → 2022-04-05,1480.565603419731,3359.4634959148934,2240.6547638757925,2417.3208629173696,40.45398972940827,49.85663474525668,9.402645015848407
2021-04-06 → 2022-04-06,1480.565603419731,3359.4634959148934,2242.3139097903895,2420.2986135033743,40.542293938020364,50.01511864147577,9.472824703455409
2021-04-07 → 2022-04-07,1480.565603419731,3359.4634959148934,2243.8810269106843,2421.5144663873616,40.625700126645846,50.07982960255799,9.454129475912147
2021-04-08 → 2022-04-08,1480.565603419731,3359.4634959148934,2245.4962831149273,2423.9438019118347,40.7116684068113,50.20912537398744,9.497456967176142
2021-04-09 → 2022-04-09,1480.565603419731,3359.4634959148934,2247.184083504059,2425.1303693958034,40.80149768363752,50.272277687304104,9.470780003666583
2021-04-10 → 2022-04-10,1480.565603419731,3359.4634959148934,2248.9421527783097,2426.876636350734,40.89506685955033,50.365218712034896,9.470151852484562
2021-04-11 → 2022-04-11,1480.565603419731,3359.4634959148934,2251.271182601332,2431.2565270075743,41.01902409173017,50.59832827452549,9.579304182795326
2021-04-12 → 2022-04-12,1480.565603419731,3359.4634959148934,2253.5265371105493,2433.185942694097,41.1390601255256,50.70101696741452,9.561956841888914
2021-04-13 → 2022-04-13,1480.565603419731,3359.4634959148934,2255.6049177001914,2434.1096310016856,41.24967713126838,50.75017814382959,9.500501012561209
2021-04-14 → 2022-04-14,1480.565603419731,3359.4634959148934,2258.1433805871006,2437.151806304403,41.38478095447498,50.912090896772085,9.527309942297109
2021-04-15 → 2022-04-15,1480.565603419731,3359.4634959148934,2260.5392114389642,2438.6708607533155,41.51229351710189,50.99293906073991,9.480645543638019
2021-04-16 → 2022-04-16,1480.565603419731,3359.4634959148934,2262.9745276327126,2440.6159891044217,41.64190759583792,51.09646402390451,9.454556428066589
2021-04-17 → 2022-04-17,1480.565603419731,3359.4634959148934,2265.4183797043643,2443.203853440923,41.771975976957144,51.234197125146366,9.462221148189222
2021-04-18 → 2022-04-18,1480.565603419731,3359.4634959148934,2267.579434122831,2443.9411029288717,41.88699310625931,51.273435526067104,9.386442419807793
2021-04-19 → 2022-04-19,1480.565603419731,3359.4634959148934,2269.3194911938417,2444.41350859235,41.979603624263554,51.29857822623006,9.31897460196651
2021-04-20 → 2022-04-20,1480.565603419731,3359.4634959148934,2271.0231484337705,2445.444862453962,42.070276845343514,51.35346965304636,9.283192807702846
2021-04-21 → 2022-04-21,1480.565603419731,3359.4634959148934,2272.938490531537,2447.722112359713,42.172216503981524,51.47467101874308,9.302454514761557
2021-04-22 → 2022-04-22,1480.565603419731,3359.4634959148934,2274.756843334882,2450.0100371174644,42.26899413147305,51.596440528778196,9.327446397305145
2021-04-23 → 2022-04-23,1480.565603419731,3359.4634959148934,2276.393245861859,2451.690858984489,42.356087875817195,51.685898389885935,9.32981051406874
2021-04-24 → 2022-04-24,1480.565603419731,3359.4634959148934,2277.9461966296926,2453.1717408411378,42.43874009305775,51.76471490581071,9.32597481275296
2021-04-25 → 2022-04-25,1480.565603419731,3359.4634959148934,2279.2627892497667,2453.3719605804176,42.508812693880444,51.775371138918416,9.266558445037973
2021-04-26 → 2022-04-26,1480.565603419731,3359.4634959148934,2280.8571017422564,2456.9201292135976,42.59366629336863,51.964214218010284,9.370547924641656
2021-04-27 → 2022-04-27,1480.565603419731,3359.4634959148934,2282.7587902185787,2457.749947788893,42.69487926954568,52.00837939476683,9.313500125221147
2021-04-28 → 2022-04-28,1480.565603419731,3359.4634959148934,2284.6674291596564,2458.6303815272577,42.7964621681535,52.055238446654705,9.258776278501209
2021-04-29 → 2022-04-29,1480.565603419731,3359.4634959148934,2286.7570407328794,2461.2092131510417,42.90767691705334,52.192490802628086,9.28481388557475
2021-04-30 → 2022-04-30,1480.565603419731,3359.4634959148934,2288.901058219958,2464.0048166861156,43.02178729503835,52.34128034282824,9.31949304778989
2021-05-01 → 2022-05-01,1480.565603419731,3359.4634959148934,2291.273457022042,2465.3776401533664,43.148052740944685,52.414345700596456,9.266292959651771
2021-05-02 → 2022-05-02,1480.565603419731,3359.4634959148934,2293.6361641979406,2467.071447380047,43.27380237243537,52.5044946774752,9.230692305039831
2021-05-03 → 2022-05-03,1480.565603419731,3359.4634959148934,2296.053021341346,2469.7916840788384,43.402434010858016,52.649272991914565,9.246838981056548
2021-05-04 → 2022-05-04,1480.565603419731,3359.4634959148934,2298.1722815893636,2469.6662881411203,43.51522674198421,52.642599082799066,9.127372340814858
2021-05-05 → 2022-05-05,1480.565603419731,3359.4634959148934,2300.571768874931,2474.24325484223,43.642933909848495,52.88619756249246,9.243263652643968
2021-05-06 → 2022-05-06,1480.565603419731,3359.4634959148934,2303.387457997773,2477.2821065409394,43.7927924590591,53.0479334242893,9.255140965230197
2021-05-07 → 2022-05-07,1480.565603419731,3359.4634959148934,2306.2485380548546,2480.4083549706797,43.94506683588978,53.21432077520536,9.269253939315576
2021-05-08 → 2022-05-08,1480.565603419731,3359.4634959148934,2309.5057478589156,2485.0116296988485,44.11842430342813,53.4593194388664,9.340895135438274
2021-05-09 → 2022-05-09,1480.565603419731,3359.4634959148934,2313.8245685496254,2494.175030629225,44.348283558045445,53.947020285569025,9.59873672752358
2021-05-10 → 2022-05-10,1480.565603419731,3359.4634959148934,2317.953432907043,2498.657231642611,44.56803282562988,54.185575080445794,9.617542254815916
2021-05-11 → 2022-05-11,1480.565603419731,3472.6373926933848,2322.554040326462,2506.9457416067644,42.266972578018176,51.52325050299872,9.256277924980544
2021-05-12 → 2022-05-12,1480.565603419731,3472.6373926933848,2327.139345586297,2512.248452821906,42.49715028971133,51.78944127201087,9.29229098229954
2021-05-13 → 2022-05-13,1480.565603419731,3472.6373926933848,2331.1086371235506,2516.4819588358523,42.69640473217802,52.001959015434664,9.305554283256647
2021-05-14 → 2022-05-14,1480.565603419731,3472.6373926933848,2334.6659984590647,2519.1957080384336,42.874980692877266,52.138186495648654,9.263205802771388
2021-05-15 → 2022-05-15,1480.565603419731,3472.6373926933848,2337.9632944249124,2520.6365558421558,43.04050163361856,52.21051560604921,9.170013972430652
2021-05-16 → 2022-05-16,1480.565603419731,3472.6373926933848,2341.2970468639155,2524.844589554804,43.20785265264075,52.421754665570376,9.213902012929623
2021-05-17 → 2022-05-17,1480.565603419731,3472.6373926933848,2344.3366532203736,2527.1319257976734,43.36043783420022,52.53657664413489,9.17613880993467
2021-05-18 → 2022-05-18,1480.565603419731,3475.6954462236067,2347.5509781501282,2532.0750591133506,43.45508528467354,52.703810706167886,9.248725421494349
2021-05-19 → 2022-05-19,1480.565603419731,3475.6954462236067,2350.195564479425,2533.4898660183985,43.58763737589884,52.77472373020745,9.187086354308612
2021-05-20 → 2022-05-20,1480.565603419731,3475.6954462236067,2352.286400469736,2536.5680903132215,43.692434364318025,52.92901064571451,9.236576281396488
2021-05-21 → 2022-05-21,1480.565603419731,3475.6954462236067,2354.876627011364,2539.0757047886136,43.82226183148617,53.054697426674494,9.23243559518832
2021-05-22 → 2022-05-22,1480.565603419731,3475.6954462236067,2356.5346421938825,2539.8330892395147,43.90536495324533,53.09265908885066,9.187294135605327
2021-05-23 → 2022-05-23,1480.565603419731,3475.6954462236067,2358.669361519723,2542.878595103562,44.01236146445188,53.245306089497355,9.232944625045477
2021-05-24 → 2022-05-24,1480.565603419731,3475.6954462236067,2360.0292120773206,2543.8842024836613,44.08051996363438,53.29570919402342,9.215189230389043
2021-05-25 → 2022-05-25,1480.565603419731,3475.6954462236067,2362.1940797204957,2545.865899902853,44.18902757034396,53.39503593340028,9.20600836305632
2021-05-26 → 2022-05-26,1480.565603419731,3475.6954462236067,2364.3693828577757,2548.0673390729908,44.29805822542268,53.50537658005433,9.207318354631653
2021-05-27 → 2022-05-27,1480.565603419731,3495.0320012240645,2366.9477352660238,2551.1732206292418,44.00083976642175,53.14596552101435,9.145125754592598
2021-05-28 → 2022-05-28,1480.565603419731,3495.0320012240645,2369.259760762971,2553.1003447472413,44.115610878983716,53.24162976838526,9.126018889401543
2021-05-29 → 2022-05-29,1480.565603419731,3495.0320012240645,2370.868060180066,2554.232294421546,44.19544836939052,53.29782081111194,9.102372441721421
2021-05-30 → 2022-05-30,1480.565603419731,3495.0320012240645,2371.5993307370372,2552.6024870656265,44.23174932520532,53.21691564646407,8.985166321258745
2021-05-31 → 2022-05-31,1480.565603419731,3495.0320012240645,2372.5192013898536,2552.179931047322,44.27741256653906,53.195939569684384,8.918527003145321
2021-06-01 → 2022-06-01,1480.565603419731,3495.0320012240645,2374.3573306479634,2554.4888858437635,44.36865902565663,53.31055824979531,8.941899224138673
2021-06-02 → 2022-06-02,1480.565603419731,3495.0320012240645,2375.8616028892507,2555.154566750777,44.443332509559205,53.34360327391382,8.900270764354616
2021-06-03 → 2022-06-03,1480.565603419731,3495.0320012240645,2377.8136630420436,2556.3576043737817,44.540234605068,53.40332318903952,8.863088583971518
2021-06-04 → 2022-06-04,1480.565603419731,3495.0320012240645,2380.007497817629,2558.147100643877,44.64913861945,53.49215546105188,8.84301684160188
2021-06-05 → 2022-06-05,1480.565603419731,3495.0320012240645,2381.7331361942156,2558.378858593728,44.73480092577924,53.503660142892386,8.768859217113146
2021-06-06 → 2022-06-06,1480.565603419731,3495.0320012240645,2382.736848874934,2556.3866556625276,44.784626163957064,53.404765322240536,8.620139158283472
2021-06-07 → 2022-06-07,1480.565603419731,3495.0320012240645,2383.8521232831226,2555.0381019631436,44.83998943084523,53.33782185270171,8.49783242185648
2021-06-08 → 2022-06-08,1480.565603419731,3495.0320012240645,2384.78920726331,2550.2081680801252,44.88650715788245,53.09805940800256,8.211552250120114
2021-06-09 → 2022-06-09,1480.565603419731,3495.0320012240645,2385.7151199700993,2544.966408408068,44.932470332438186,52.83785354516115,7.905383212722967
2021-06-10 → 2022-06-10,1480.565603419731,3495.0320012240645,2387.803086859591,2544.2841866915633,45.03611896573222,52.80398741975701,7.767868454024786
2021-06-11 → 2022-06-11,1480.565603419731,3525.994877822249,2390.0176286016895,2542.568100244339,44.46264833320208,51.92076353433561,7.4581152011335305
2021-06-12 → 2022-06-12,1480.565603419731,3727.131632396633,2392.8534309044817,2546.7207774370327,40.608102130886905,47.45710387612486,6.849001745237956
2021-06-13 → 2022-06-13,1480.565603419731,4481.038187568874,2397.4367553375055,2556.6966026175232,30.55755805806757,35.86538350267765,5.307825444610081
2021-06-14 → 2022-06-14,1480.565603419731,4530.449222223425,2402.7958642792883,2565.0860417524577,30.238211555800248,35.55940402598464,5.321192470184393
2021-06-15 → 2022-06-15,1480.565603419731,4530.449222223425,2408.174267139372,2572.1606104200564,30.414559362218956,35.79136594820296,5.376806585984003
2021-06-16 → 2022-06-16,1480.565603419731,4923.640009381437,2414.8394448527256,2583.9807752633956,27.134872247178084,32.047380966646955,4.912508719468871
2021-06-17 → 2022-06-17,1480.565603419731,4923.640009381437,2421.0500766249024,2592.8508896287317,27.31525265840077,32.3050028858822,4.989750227481434
2021-06-18 → 2022-06-18,1480.565603419731,5259.319351816173,2428.2332210349323,2605.044188295684,25.078840292711718,29.757921784480885,4.679081491769168
2021-06-19 → 2022-06-19,1480.565603419731,5259.319351816173,2433.9159667431763,2611.2966240542155,25.22922706270581,29.923384690371087,4.694157627665277
2021-06-20 → 2022-06-20,1480.565603419731,5259.319351816173,2439.5132262655557,2618.2233385926265,25.3773515475245,30.106691542302112,4.729339994777611
2021-06-21 → 2022-06-21,1480.565603419731,5259.319351816173,2445.0449694515823,2624.853995973397,25.52374222430184,30.282163611197426,4.758421386895584
2021-06-22 → 2022-06-22,1480.565603419731,5259.319351816173,2450.0890727210203,2632.2949182410903,25.657228119527975,30.479078328671427,4.821850209143452
2021-06-23 → 2022-06-23,1480.565603419731,5259.319351816173,2454.6055996345067,2637.042026514839,25.776752365197673,30.60470462214883,4.827952256951157
2021-06-24 → 2022-06-24,1480.565603419731,5259.319351816173,2459.304447028843,2642.067054819046,25.901101494757388,30.737685722236108,4.8365842274787205
2021-06-25 → 2022-06-25,1480.565603419731,5259.319351816173,2464.148068849873,2647.092711421067,26.02928189876191,30.870683449440584,4.841401550678675
2021-06-26 → 2022-06-26,1480.565603419731,5259.319351816173,2468.4940500143134,2652.1351071933836,26.144292864117467,31.004124157887286,4.859831293769819
2021-06-27 → 2022-06-27,1480.565603419731,5259.319351816173,2473.093285350499,2657.5656533188553,26.26600588492856,31.147836780806315,4.881830895877755
2021-06-28 → 2022-06-28,1480.565603419731,5259.319351816173,2478.658980526091,2664.202458935977,26.413295058719093,31.32347155510031,4.910176496381215
2021-06-29 → 2022-06-29,1480.565603419731,5259.319351816173,2484.3170521841093,2670.7492488725893,26.56302886078067,31.49672417679841,4.93369531601774
2021-06-30 → 2022-06-30,1480.565603419731,5259.319351816173,2490.8460947635926,2678.592898338522,26.73581182083077,31.704296566750024,4.968484745919255
2021-07-01 → 2022-07-01,1480.565603419731,5259.319351816173,2497.1803135943724,2685.9547903686434,26.90343901361801,31.89911984765965,4.995680834041643
2021-07-02 → 2022-07-02,1480.565603419731,5259.319351816173,2503.2324740655713,2692.9933059525865,27.063601884082043,32.08538537467183,5.021783490589787
2021-07-03 → 2022-07-03,1480.565603419731,5259.319351816173,2509.318775648977,2699.8382650015938,27.224668256453842,32.266528669651336,5.041860413197494
2021-07-04 → 2022-07-04,1480.565603419731,5259.319351816173,2514.9277947050523,2705.1145743696125,27.373103942649475,32.40615960935621,5.033055666706733
2021-07-05 → 2022-07-05,1480.565603419731,5259.319351816173,2520.730312401819,2710.79453133572,27.526660328778874,32.556472578771526,5.029812249992652
2021-07-06 → 2022-07-06,1480.565603419731,5259.319351816173,2525.9619614005087,2715.461498356505,27.66510938757001,32.67997803404936,5.0148686464793535
2021-07-07 → 2022-07-07,1480.565603419731,5259.319351816173,2530.574378088053,2718.66138097378,27.78717123638727,32.76465893231199,4.977487695924719
2021-07-08 → 2022-07-08,1480.565603419731,5259.319351816173,2535.047473650882,2721.9414320579326,27.9055461255879,32.85146138895645,4.945915263368551
2021-07-09 → 2022-07-09,1480.565603419731,5259.319351816173,2539.3804362057313,2725.3406617737633,28.020212569694987,32.94141775928815,4.921205189593163
2021-07-10 → 2022-07-10,1480.565603419731,5259.319351816173,2544.4403172930483,2728.268033704192,28.154116005171943,33.018887002465775,4.8647709972938316
2021-07-11 → 2022-07-11,1480.565603419731,5259.319351816173,2549.992111502895,2732.099513882059,28.301037307260035,33.12028234159029,4.819245034330255
2021-07-12 → 2022-07-12,1480.565603419731,5259.319351816173,2556.1447578022326,2737.4256528902256,28.463859409704483,33.261231960507025,4.797372550802542
2021-07-13 → 2022-07-13,1480.565603419731,5259.319351816173,2561.45481985734,2740.0283267561563,28.604383572131344,33.33010847480847,4.7257249026771255
2021-07-14 → 2022-07-14,1480.565603419731,5259.319351816173,2566.378190443007,2741.8156705690008,28.734674427621886,33.377408297232805,4.642733869610918
2021-07-15 → 2022-07-15,1480.565603419731,5259.319351816173,2571.163521501242,2743.5081274277845,28.861312239367777,33.42219705488874,4.560884815520964
2021-07-16 → 2022-07-16,1480.565603419731,5259.319351816173,2575.4366059713334,2743.6453469860494,28.974394084722338,33.42582839917316,4.451434314450825
2021-07-17 → 2022-07-17,1480.565603419731,5259.319351816173,2579.868798612158,2744.417782253844,29.091686529161343,33.44626993411368,4.354583404952336
2021-07-18 → 2022-07-18,1480.565603419731,5259.319351816173,2583.4572678212066,2742.6305514515507,29.186650886406674,33.39897310237248,4.212322215965806
2021-07-19 → 2022-07-19,1480.565603419731,5259.319351816173,2586.530935261561,2740.1658486163346,29.26799165759767,33.333747819135596,4.0657561615379265
2021-07-20 → 2022-07-20,1480.565603419731,5259.319351816173,2589.419956750223,2737.595967870988,29.344446004216255,33.265739133826656,3.921293129610401
2021-07-21 → 2022-07-21,1480.565603419731,5259.319351816173,2592.0422010539096,2737.6317647944197,29.413840425718305,33.26668645471114,3.852846028992836
2021-07-22 → 2022-07-22,1480.565603419731,5259.319351816173,2595.568834376187,2739.5676130060206,29.50716837342525,33.31791626063386,3.8107478872086062
2021-07-23 → 2022-07-23,1480.565603419731,5259.319351816173,2599.26339237867,2741.695669031612,29.60494023813198,33.37423260637336,3.7692923682413806
2021-07-24 → 2022-07-24,1480.565603419731,5259.319351816173,2603.1538022003547,2744.3358503054524,29.707895076703718,33.444101707395376,3.736206630691658
2021-07-25 → 2022-07-25,1480.565603419731,5259.319351816173,2607.859171863208,2747.837082782271,29.832416809956374,33.536757453441396,3.704340643485022
2021-07-26 → 2022-07-26,1480.565603419731,5259.319351816173,2612.97851611324,2752.3842390143145,29.96789386379204,33.65709226578457,3.689198401992531
2021-07-27 → 2022-07-27,1480.565603419731,5259.319351816173,2617.613804215415,2757.276263553992,30.090560976041463,33.786553587305015,3.695992611263552
2021-07-28 → 2022-07-28,1480.565603419731,5259.319351816173,2622.092150876846,2761.7991647665826,30.20907482901036,33.906246520841904,3.697171691831546
2021-07-29 → 2022-07-29,1480.565603419731,5259.319351816173,2626.658899824396,2766.1510332106554,30.329928138106986,34.021413285702394,3.691485147595408
2021-07-30 → 2022-07-30,1480.565603419731,5259.319351816173,2631.40878603419,2770.5211619954416,30.45562794619344,34.137063287680974,3.681435341487532
2021-07-31 → 2022-07-31,1480.565603419731,5259.319351816173,2636.56886106647,2776.4298611578174,30.592182889327002,34.293429633725175,3.7012467443981727
2021-08-01 → 2022-08-01,1480.565603419731,5259.319351816173,2641.741905710449,2786.659574543504,30.729081057041004,34.56414622620034,3.835065169159339
2021-08-02 → 2022-08-02,1480.565603419731,5259.319351816173,2646.769098162676,2795.22007109724,30.862119428603595,34.790689079313466,3.9285696507098713
2021-08-03 → 2022-08-03,1480.565603419731,5259.319351816173,2651.7959625997205,2803.3533487663476,30.995149119653924,35.0059261180477,4.010776998393773
2021-08-04 → 2022-08-04,1480.565603419731,5259.319351816173,2656.7345161346625,2810.539817045073,31.125841772940415,35.196107028401414,4.070265255460999
2021-08-05 → 2022-08-05,1480.565603419731,5259.319351816173,2661.617179189321,2819.7724666233908,31.255055354448093,35.440437572095504,4.185382217647412
2021-08-06 → 2022-08-06,1480.565603419731,5259.319351816173,2666.824911133864,2830.567556451718,31.3928714782628,35.72611614622614,4.3332446679633385
2021-08-07 → 2022-08-07,1480.565603419731,5259.319351816173,2672.24020287363,2843.5283346205833,31.536180412909943,36.06910695832565,4.532926545415705
2021-08-08 → 2022-08-08,1480.565603419731,5259.319351816173,2677.576493950902,2858.377473444495,31.67739869366022,36.462070877454096,4.784672183793877
2021-08-09 → 2022-08-09,1480.565603419731,5259.319351816173,2683.146806227432,2874.0036329585632,31.82481005326241,36.87559767900075,5.050787625738337
2021-08-10 → 2022-08-10,1480.565603419731,5259.319351816173,2688.662206220768,2892.0986447149685,31.97076822785043,37.35445957266302,5.383691344812586
2021-08-11 → 2022-08-11,1480.565603419731,5259.319351816173,2694.0713215267606,2909.5651231386846,32.11391371088933,37.81668811642902,5.702774405539692
2021-08-12 → 2022-08-12,1480.565603419731,5259.319351816173,2699.288979484416,2927.5644917846157,32.25199251424796,38.2930189345875,6.041026420339541
2021-08-13 → 2022-08-13,1480.565603419731,5259.319351816173,2704.3217669069413,2944.688761134466,32.385178949713925,38.74619134247773,6.361012392763804
2021-08-14 → 2022-08-14,1480.565603419731,5259.319351816173,2709.8331186765695,2965.193377297662,32.531029993115915,39.288820408261586,6.757790415145671
2021-08-15 → 2022-08-15,1480.565603419731,5259.319351816173,2715.379813815787,2978.922611922304,32.67781635466624,39.652147461009285,6.974331106343044
2021-08-16 → 2022-08-16,1480.565603419731,5259.319351816173,2721.022622752905,2985.45436644401,32.82714624787541,39.825002189224314,6.997855941348902
2021-08-17 → 2022-08-17,1480.565603419731,5259.319351816173,2726.7890846845276,2991.7943627451796,32.97974846319758,39.99278227555199,7.013033812354408
2021-08-18 → 2022-08-18,1480.565603419731,5259.319351816173,2732.4447785037128,2997.804429663006,33.12941933872328,40.15183119268178,7.022411853958502
2021-08-19 → 2022-08-19,1480.565603419731,5259.319351816173,2739.4356591464475,3010.201624359813,33.31442426649084,40.47990747185368,7.16548320536284
2021-08-20 → 2022-08-20,1480.565603419731,5259.319351816173,2746.498810466685,3030.7694271564333,33.50134174750517,41.02420869299962,7.5228669454944495
2021-08-21 → 2022-08-21,1480.565603419731,5259.319351816173,2753.626340912335,3053.9191182983295,33.689962941693196,41.63683636559459,7.946873423901394
2021-08-22 → 2022-08-22,1480.565603419731,5259.319351816173,2760.885088793162,3077.34189394407,33.88205664147206,42.25669087862497,8.374634237152911
2021-08-23 → 2022-08-23,1480.565603419731,5259.319351816173,2768.037854714267,3101.416616002844,34.07134566101032,42.89379833949063,8.82245267848031
2021-08-24 → 2022-08-24,1480.565603419731,5259.319351816173,2775.280888973412,3126.0998957286806,34.26302351941056,43.547010519202296,9.283986999791736
2021-08-25 → 2022-08-25,1480.565603419731,5259.319351816173,2782.236302634547,3145.5276499792644,34.44708985779227,44.06114177898148,9.614051921189208
2021-08-26 → 2022-08-26,1480.565603419731,5259.319351816173,2790.155666075568,3165.9062235165993,34.65666592356215,44.60043528404205,9.943769360479898
2021-08-27 → 2022-08-27,1480.565603419731,5259.319351816173,2797.9970564133155,3185.336940911438,34.86417852850696,45.11464495973431,10.250466431227352
2021-08-28 → 2022-08-28,1480.565603419731,5259.319351816173,2806.314459818093,3201.7756437916582,35.084288224946086,45.54967470696767,10.465386482021586
2021-08-29 → 2022-08-29,1480.565603419731,5259.319351816173,2814.2002137111604,3218.2570149461008,35.29297485599247,45.98583361680499,10.69285876081252
2021-08-30 → 2022-08-30,1480.565603419731,5259.319351816173,2822.3997996965504,3234.925702051716,35.50996666152808,46.42694960941734,10.91698294788926
2021-08-31 → 2022-08-31,1480.565603419731,5259.319351816173,2830.2464073142864,3240.664800151373,35.71761733527378,46.578827675091574,10.861210339817795
2021-09-01 → 2022-09-01,1480.565603419731,5259.319351816173,2838.049664254949,3256.6450767805604,35.924120787476085,47.00172574395802,11.077604956481935
2021-09-02 → 2022-09-02,1480.565603419731,5259.319351816173,2846.134219133463,3273.5043388195836,36.13806843838995,47.44788506424127,11.309816625851319
2021-09-03 → 2022-09-03,1480.565603419731,5259.319351816173,2854.396483938374,3285.194491683688,36.356718960626736,47.757250364085564,11.400531403458828
2021-09-04 → 2022-09-04,1480.565603419731,5259.319351816173,2862.6039865563102,3297.0647226117644,36.5739202699584,48.07138120505698,11.49746093509858
2021-09-05 → 2022-09-05,1480.565603419731,5259.319351816173,2870.9314319646837,3308.9990626149174,36.79429571548478,48.3872086126571,11.592912897172319
2021-09-06 → 2022-09-06,1480.565603419731,5306.123380555857,2880.1491047717477,3315.2994918704626,36.585083349591116,47.959905335013474,11.374821985422358
2021-09-07 → 2022-09-07,1480.565603419731,5306.123380555857,2889.1206272503023,3321.6654069352044,36.81959875887794,48.12631022119212,11.306711462314183
2021-09-08 → 2022-09-08,1480.565603419731,5306.123380555857,2897.4319569221825,3327.435784729897,37.03685674205502,48.27714777563137,11.240291033576348
2021-09-09 → 2022-09-09,1480.565603419731,5306.123380555857,2904.305880757431,3333.1144044443854,37.21654096683217,48.42558677577998,11.209045808947813
2021-09-10 → 2022-09-10,1480.565603419731,5306.123380555857,2911.005765061605,3338.8141990183685,37.39167580191991,48.574579286311355,11.182903484391446
2021-09-11 → 2022-09-11,1480.565603419731,5306.123380555857,2917.474267277882,3344.3046610877864,37.560762314086496,48.71809984956705,11.15733753548055
2021-09-12 → 2022-09-12,1480.565603419731,5306.123380555857,2923.63236847772,3349.8299822510908,37.721734950198346,48.862531628805286,11.14079667860694
2021-09-13 → 2022-09-13,1480.565603419731,5306.123380555857,2931.265336493489,3355.486308227897,37.92126057392277,49.01038787111881,11.089127297196036
2021-09-14 → 2022-09-14,1480.565603419731,5306.123380555857,2938.687514085157,3361.025297557377,38.11527614038546,49.155176935933994,11.039900795548533
2021-09-15 → 2022-09-15,1480.565603419731,5306.123380555857,2946.7484775632415,3366.8227425998657,38.325989556511644,49.306722027662516,10.980732471150873
2021-09-16 → 2022-09-16,1480.565603419731,5306.123380555857,2954.9160984977952,3372.7563459064454,38.53949099631131,49.46182629355657,10.922335297245262
2021-09-17 → 2022-09-17,1480.565603419731,5306.123380555857,2962.7790446396602,3378.6564606816446,38.74502824342489,49.616055169943216,10.871026926518326
2021-09-18 → 2022-09-18,1480.565603419731,5306.123380555857,2971.0561580804847,3384.4975781621038,38.96139181504034,49.768741858283654,10.80735004324331
2021-09-19 → 2022-09-19,1480.565603419731,5306.123380555857,2979.3580357106707,3390.476956174429,39.17840272204594,49.92504267402513,10.74663995197919
2021-09-20 → 2022-09-20,1480.565603419731,5306.123380555857,2988.048673960986,3396.375653701776,39.40557582350203,50.07923450358268,10.67365868008065
2021-09-21 → 2022-09-21,1480.565603419731,5403.430744100575,2996.436675398569,3401.755462215775,38.641936890946674,48.974150012778836,10.332213121832162
2021-09-22 → 2022-09-22,1480.565603419731,5403.430744100575,3003.7679785189416,3406.8025799078227,38.82882333382602,49.10280897787321,10.273985644047187
2021-09-23 → 2022-09-23,1480.565603419731,5403.430744100575,3011.635154915644,3412.3151093500737,39.02937002902384,49.24333202020482,10.21396199118098
2021-09-24 → 2022-09-24,1480.565603419731,5403.430744100575,3019.98211614319,3418.026723499718,39.242147193881905,49.388930044730664,10.146782850848759
2021-09-25 → 2022-09-25,1480.565603419731,5403.430744100575,3028.1373564426826,3423.495119013165,39.45003709085851,49.5283280438293,10.07829095297079
2021-09-26 → 2022-09-26,1480.565603419731,5403.430744100575,3035.9735273931715,3428.9653740402896,39.64979340848529,49.667773444855115,10.017980036369828
2021-09-27 → 2022-09-27,1480.565603419731,5403.430744100575,3043.938700389596,3434.28828510723,39.852838191081155,49.80346281668034,9.950624625599183
2021-09-28 → 2022-09-28,1480.565603419731,5403.430744100575,3051.5533567820407,3439.5414962752684,40.04694775435621,49.937375428499735,9.890427674143524
2021-09-29 → 2022-09-29,1480.565603419731,5403.430744100575,3058.907718488234,3444.6561363066876,40.23442199684105,50.06775564418392,9.833333647342869
2021-09-30 → 2022-09-30,1480.565603419731,5403.430744100575,3066.374902221197,3449.835471087095,40.424772250168054,50.19978503073348,9.775012780565426
2021-10-01 → 2022-10-01,1480.565603419731,5403.430744100575,3074.28227199106,3455.3423409815896,40.62634353764012,50.34016380229479,9.713820264654672
2021-10-02 → 2022-10-02,1480.565603419731,5403.430744100575,3082.968002455081,3461.3617562282006,40.84775646295199,50.49360816070998,9.64585169775799
2021-10-03 → 2022-10-03,1480.565603419731,5403.430744100575,3091.167378646218,3467.340775536093,41.056771453197456,50.64602276313638,9.589251309938923
2021-10-04 → 2022-10-04,1480.565603419731,5403.430744100575,3098.932001279099,3473.3498578860854,41.25470389171951,50.79920371977129,9.544499828051784
2021-10-05 → 2022-10-05,1480.565603419731,5403.430744100575,3106.944713525871,3479.5179684324435,41.458960524548374,50.956438555157135,9.497478030608761
2021-10-06 → 2022-10-06,1480.565603419731,5403.430744100575,3115.340430305376,3485.9299891210603,41.67298054507979,51.119891043546886,9.446910498467098
2021-10-07 → 2022-10-07,1480.565603419731,5403.430744100575,3124.393769788309,3492.711987699684,41.90376440224195,51.292774850035485,9.389010447793538
2021-10-08 → 2022-10-08,1480.565603419731,5403.430744100575,3133.3877219933515,3499.394752657973,42.13303438432147,51.46312903552577,9.330094651204298
2021-10-09 → 2022-10-09,1480.565603419731,5403.430744100575,3142.3849315840935,3506.562350558268,42.36238740228375,51.64584237496651,9.283454972682762
2021-10-10 → 2022-10-10,1480.565603419731,5403.430744100575,3151.6825015367713,3513.892811588822,42.599397078101056,51.83270735165245,9.233310273551396
2021-10-11 → 2022-10-11,1480.565603419731,5403.430744100575,3161.0382066999264,3521.22825673528,42.83788871183413,52.01969938128885,9.18181066945472
2021-10-12 → 2022-10-12,1480.565603419731,5403.430744100575,3170.531425275338,3528.5848334827997,43.079885778645455,52.20723008865961,9.127344310014152
2021-10-13 → 2022-10-13,1480.565603419731,5403.430744100575,3179.762008573836,3535.851625926739,43.31518785933069,52.392472052972415,9.077284193641724
2021-10-14 → 2022-10-14,1480.565603419731,5403.430744100575,3189.2447364648883,3543.2996963321802,43.556917502104156,52.58233507753075,9.025417575426594
2021-10-15 → 2022-10-15,1480.565603419731,5403.430744100575,3198.8109331031487,3550.7848018193827,43.80077489447427,52.77314218455007,8.972367290075795
2021-10-16 → 2022-10-16,1480.565603419731,5403.430744100575,3208.549166217011,3558.5246144223865,44.04901776708478,52.970442176404,8.921424409319222
2021-10-17 → 2022-10-17,1480.565603419731,5403.430744100575,3218.0357260869114,3566.205072633925,44.29084509302374,53.16622913150195,8.87538403847821
2021-10-18 → 2022-10-18,1480.565603419731,5403.430744100575,3227.716706526925,3574.0427192047855,44.53762850496467,53.366023065012,8.828394560047329
2021-10-19 → 2022-10-19,1480.565603419731,5403.430744100575,3237.5891180108506,3581.977111229035,44.78929179518454,53.568283192233004,8.778991397048465
2021-10-20 → 2022-10-20,1480.565603419731,5403.430744100575,3247.694305258508,3590.083485000674,45.04688890559409,53.77492740458622,8.728038498992134
2021-10-21 → 2022-10-21,1480.565603419731,5403.430744100575,3257.807483677009,3598.254270217656,45.30468972351223,53.9832135659495,8.678523842437265
2021-10-22 → 2022-10-22,1480.565603419731,5403.430744100575,3267.6518272127882,3606.184791450573,45.55563751760517,54.18537502061373,8.629737503008563
2021-10-23 → 2022-10-23,1480.565603419731,5403.430744100575,3277.1190290297523,3613.914598052079,45.79697137633988,54.38241994375795,8.58544856741807
2021-10-24 → 2022-10-24,1480.565603419731,5403.430744100575,3286.7845743695716,3621.850309536691,46.043361323309654,54.58471370609808,8.541352382788425
2021-10-25 → 2022-10-25,1480.565603419731,5403.430744100575,3295.892234501555,3629.449996304865,46.27552989921953,54.778441670115086,8.502911770895558
2021-10-26 → 2022-10-26,1480.565603419731,5403.430744100575,3304.6951708856504,3637.0872745017396,46.4999305877063,54.97312789875125,8.473197311044949
2021-10-27 → 2022-10-27,1480.565603419731,5403.430744100575,3313.643612759149,3644.9415098612735,46.728040439883,55.17334470656563,8.445304266682626
2021-10-28 → 2022-10-28,1480.565603419731,5403.430744100575,3322.2385005368483,3652.452667280666,46.94713764229684,55.36481591829555,8.41767827599871
2021-10-29 → 2022-10-29,1480.565603419731,5403.430744100575,3330.8605244568944,3660.104742295108,47.166926587642784,55.5598793410752,8.392952753432418
2021-10-30 → 2022-10-30,1480.565603419731,5403.430744100575,3339.722586751025,3668.028672754047,47.392834488534646,55.761872786548686,8.36903829801404
2021-10-31 → 2022-10-31,1480.565603419731,5403.430744100575,3348.6313465641097,3675.9651051261135,47.6199327826029,55.96418492544339,8.344252142840489
2021-11-01 → 2022-11-01,1480.565603419731,5403.430744100575,3357.5222661562716,3683.855610764843,47.84657630139129,56.16532631969891,8.318750018307625
2021-11-02 → 2022-11-02,1480.565603419731,5403.430744100575,3366.610595958399,3691.9806651318004,48.0782521168018,56.37244672979661,8.294194612994808
2021-11-03 → 2022-11-03,1480.565603419731,5403.430744100575,3375.8026169224668,3700.0384100098345,48.31257118295437,56.577851315197044,8.265280132242673
2021-11-04 → 2022-11-04,1480.565603419731,5403.430744100575,3384.3766658510713,3707.33243656308,48.53113717034175,56.76378751977379,8.232650349432042
2021-11-05 → 2022-11-05,1480.565603419731,5403.430744100575,3392.7637014569477,3714.9710081926096,48.74493589410876,56.95850672004188,8.213570825933125
2021-11-06 → 2022-11-06,1480.565603419731,5403.430744100575,3401.3287585406847,3722.9784180481074,48.96327266523341,57.16262818658069,8.199355521347279
2021-11-07 → 2022-11-07,1480.565603419731,5403.430744100575,3410.166415292971,3731.303029018933,49.188558430493046,57.37483560825568,8.186277177762634
2021-11-08 → 2022-11-08,1480.565603419731,5403.430744100575,3420.5846853286394,3741.6578685745717,49.454136513400584,57.638796748501285,8.1846602351007
2021-11-09 → 2022-11-09,1490.411015872955,6345.865691303295,3433.877854967665,3753.9310257507973,40.02646444068516,46.61808545617257,6.591621015487412
2021-11-10 → 2022-11-10,1537.6991790313373,6345.865691303295,3445.381505636824,3762.2781413969874,39.67587898082314,46.26667892403109,6.590799943207948
2021-11-11 → 2022-11-11,1537.6991790313373,6345.865691303295,3457.313224702318,3771.2958625530287,39.924034260700424,46.454229025156444,6.53019476445602
2021-11-12 → 2022-11-12,1537.6991790313373,6345.865691303295,3469.39860169938,3780.216945304085,40.17538531034099,46.63976924570177,6.464383935360779
2021-11-13 → 2022-11-13,1537.6991790313373,6345.865691303295,3481.8758952423354,3788.8882755555064,40.434887420159974,46.820115126596065,6.3852277064360905
2021-11-14 → 2022-11-14,1537.6991790313373,6345.865691303295,3494.063243381358,3797.604013354166,40.6883592603701,47.00138459337544,6.313025333005342
2021-11-15 → 2022-11-15,1568.5412572574792,6345.865691303295,3506.0715750618674,3805.4955053002627,40.55680840925293,46.82441561014843,6.2676072008954975
2021-11-16 → 2022-11-16,1657.7562859494606,6345.865691303295,3518.1863333664196,3813.634625564927,39.68401516595032,45.98609275528952,6.3020775893391985
2021-11-17 → 2022-11-17,1662.391318528652,6345.865691303295,3530.0420186970946,3821.3393686434415,39.877461719983444,46.09714665387949,6.219684933896048
2021-11-18 → 2022-11-18,1673.6549060898267,6345.865691303295,3541.8984694850437,3827.927681454777,39.98628592074232,46.108210318394796,6.121924397652478
2021-11-19 → 2022-11-19,1673.6549060898267,6345.865691303295,3553.4523289030903,3834.352748335205,40.23357483704319,46.24572694972405,6.012152112680859
2021-11-20 → 2022-11-20,1673.6549060898267,6345.865691303295,3565.5597649716665,3841.429618489975,40.492712034082615,46.39719422036104,5.904482186278422
2021-11-21 → 2022-11-21,1693.9785673025804,6345.865691303295,3578.3036912142825,3849.0922233927413,40.50668199126778,46.32772891180388,5.821046920536098
2021-11-22 → 2022-11-22,1694.6666414922995,6345.865691303295,3590.569288168941,3855.467838261883,40.76158913804566,46.45686356633973,5.69527442829407
2021-11-23 → 2022-11-23,1694.6666414922995,6345.865691303295,3602.208516612608,3861.4529550530797,41.0118305987748,46.58554257420631,5.573711975431507
2021-11-24 → 2022-11-24,1694.6666414922995,6345.865691303295,3613.9441537115663,3867.993579734551,41.26414482943399,46.72616490860708,5.462020079173094
2021-11-25 → 2022-11-25,1694.6666414922995,6345.865691303295,3625.6992415514155,3874.960264517942,41.51687724776227,46.875947463788734,5.359070216026467
2021-11-26 → 2022-11-26,1726.4981513466696,6345.865691303295,3637.679741154,3882.1831001617165,41.373230713425244,46.66623580325216,5.293005089826913
2021-11-27 → 2022-11-27,1726.4981513466696,6345.865691303295,3649.224726104771,3889.087528810749,41.623156376428,46.81570277225409,5.192546395826092
2021-11-28 → 2022-11-28,1726.4981513466696,6345.865691303295,3661.076502687334,3896.7129790137537,41.879723460126094,46.980778405163704,5.10105494503761
2021-11-29 → 2022-11-29,1726.4981513466696,6345.865691303295,3672.9203090469596,3903.1706678678406,42.13611800455623,47.120574357709785,4.984456353153554
2021-11-30 → 2022-11-30,1748.8445868784124,6345.865691303295,3684.1095837903677,3907.751881464608,42.098240424634064,46.96317997122375,4.864939546589689
2021-12-01 → 2022-12-01,1748.8445868784124,6345.865691303295,3695.4330052024616,3915.0044192059595,42.34456127361156,47.120946002238284,4.776384728626724
2021-12-02 → 2022-12-02,1767.3185893956177,6345.865691303295,3706.6560471534012,3921.3418293042214,42.357049400010496,47.04599935230803,4.688949952297534
2021-12-03 → 2022-12-03,1863.1822055281168,6345.865691303295,3717.994882284035,3928.7084528045516,41.377284000571606,46.07789628312892,4.700612282557316
2021-12-04 → 2022-12-04,1968.5695591224273,6345.865691303295,3728.861970313216,3934.5168488613845,40.21414951228742,44.9123666842133,4.698217171925883
2021-12-05 → 2022-12-05,1968.5695591224273,6345.865691303295,3739.4127119516675,3941.51477168397,40.45518281960436,45.07223530199172,4.617052482387358
2021-12-06 → 2022-12-06,1968.5695591224273,6345.865691303295,3749.8792976162094,3947.5222075542247,40.69429357081888,45.209476093769304,4.515182522950425
2021-12-07 → 2022-12-07,1968.5695591224273,6345.865691303295,3760.689472431253,3954.9614126768724,40.94125366875627,45.37942587322234,4.4381722044660705
2021-12-08 → 2022-12-08,1968.5695591224273,6345.865691303295,3771.1431825748173,3959.743172970703,41.18007027672371,45.48866591889063,4.308595642166921
2021-12-09 → 2022-12-09,1968.5695591224273,6345.865691303295,3781.6771839320027,3966.438297280485,41.42072114975334,45.64161705830661,4.220895908553267
2021-12-10 → 2022-12-10,1968.5695591224273,6345.865691303295,3791.9330537694473,3972.387523121878,41.65501806565185,45.77752803306693,4.122509967415077
2021-12-11 → 2022-12-11,1968.5695591224273,6345.865691303295,3802.1566425428373,3978.433171262027,41.888577515702046,45.91564178999789,4.027064274295846
2021-12-12 → 2022-12-12,1968.5695591224273,6345.865691303295,3812.5062716150346,3983.9331856662943,42.12501637566652,46.04129046073398,3.9162740850674638
2021-12-13 → 2022-12-13,1968.5695591224273,6345.865691303295,3822.428002323871,3986.9316011526926,42.35167983203846,46.10978972137012,3.7581098893316636
2021-12-14 → 2022-12-14,1968.5695591224273,6345.865691303295,3831.9293353442863,3992.001205190666,42.5687392388847,46.22560560142226,3.6568663625375564
2021-12-15 → 2022-12-15,1968.5695591224273,6345.865691303295,3842.0248475136664,3999.5942249929967,42.79937275931665,46.399069300771004,3.5996965414543567
2021-12-16 → 2022-12-16,1968.5695591224273,6345.865691303295,3852.882728873098,4009.2003902467923,43.047422720561144,46.61852361603137,3.5711008954702237
2021-12-17 → 2022-12-17,1968.5695591224273,6345.865691303295,3863.438541580339,4015.424028052187,43.28857187722059,46.76070357410274,3.472131696882151
2021-12-18 → 2022-12-18,1968.5695591224273,6345.865691303295,3873.828256152845,4021.759091287983,43.52592649657392,46.905429063183135,3.3795025666092116
2021-12-19 → 2022-12-19,1968.5695591224273,6345.865691303295,3884.63871362116,4029.285699987003,43.77289305176856,47.077375590713835,3.3044825389452726
2021-12-20 → 2022-12-20,1968.5695591224273,6345.865691303295,3894.9754766741285,4034.7384025754236,44.00903798555485,47.201943415776725,3.1929054302218773
2021-12-21 → 2022-12-21,1968.5695591224273,6345.865691303295,3905.4194186056643,4040.84366532279,44.24763143722367,47.341419077532436,3.0937876403087685
2021-12-22 → 2022-12-22,1968.5695591224273,6345.865691303295,3916.1023198080657,4047.1001282558245,44.49168395000349,47.48434893066799,2.9926649806645003
2021-12-23 → 2022-12-23,1968.5695591224273,6345.865691303295,3926.7732779261883,4053.298956302644,44.7354636211953,47.62596210600806,2.8904984848127597
2021-12-24 → 2022-12-24,1968.5695591224273,6345.865691303295,3937.6126284716024,4059.569280737979,44.98309024315779,47.76920862728492,2.7861183841271284
2021-12-25 → 2022-12-25,1968.5695591224273,6345.865691303295,3948.471816270529,4065.765428106187,45.231170050212484,47.910760562111875,2.6795905118993915
2021-12-26 → 2022-12-26,1968.5695591224273,6345.865691303295,3959.2574301531954,4071.9609315675652,45.477569049891144,48.05229778678878,2.574728736897633
2021-12-27 → 2022-12-27,1968.6443124468356,6345.865691303295,3970.240612660911,4078.156034857694,45.7275546967421,48.192941133856124,2.4653864371140273
2021-12-28 → 2022-12-28,2097.6214546969254,6345.865691303295,3981.38449190888,4084.3313785289083,44.34215483610621,46.76543562897949,2.4232807928732782
2021-12-29 → 2022-12-29,2102.606818210314,6345.865691303295,3992.0822874784203,4090.145344025484,44.52887570092647,46.83990737445677,2.3110316735303016
2021-12-30 → 2022-12-30,2102.606818210314,6345.865691303295,4002.668288794525,4095.904642905663,44.77835379389015,46.97563557423028,2.197281780340134
2021-12-31 → 2022-12-31,2102.606818210314,6345.865691303295,4013.4024211417827,4101.769590887709,45.03132286007945,47.113853584430785,2.0825307243513365
2022-01-01 → 2023-01-01,2102.606818210314,6345.865691303295,4023.9608581768357,4107.642325745633,45.280151351360175,47.2522551063168,1.9721037549566276
2022-01-02 → 2023-01-02,2106.87282305432,6345.865691303295,4034.5878110022654,4113.397386665727,45.47577804121755,47.33493605617349,1.8591580149559377
2022-01-03 → 2023-01-03,2106.87282305432,6345.865691303295,4045.2079040386666,4119.184680787458,45.726311443053355,47.471461271044205,1.7451498279908506
2022-01-04 → 2023-01-04,2106.87282305432,6345.865691303295,4055.5428772421287,4124.961307334394,45.9701187228644,47.60773483239423,1.63761610952983
2022-01-05 → 2023-01-05,2106.87282305432,6345.865691303295,4065.8304200369994,4130.715484604002,46.21280709518809,47.74347880386226,1.53067170867417
2022-01-06 → 2023-01-06,2106.87282305432,6345.865691303295,4075.665811475388,4136.364145910516,46.44482898680433,47.87673360003857,1.431904613234238
2022-01-07 → 2023-01-07,2106.87282305432,6345.865691303295,4085.4595391371877,4141.996044417287,46.67586800871816,48.00959295323435,1.3337249445161916
2022-01-08 → 2023-01-08,2106.87282305432,6345.865691303295,4094.894045717656,4147.54795293827,46.89843282242981,48.14056530193936,1.24213247950955
2022-01-09 → 2023-01-09,2106.87282305432,6345.865691303295,4104.259020264851,4153.114096636176,47.11935734007504,48.271873465715665,1.1525161256406236
2022-01-10 → 2023-01-10,2106.87282305432,6345.865691303295,4113.408042857487,4158.682386111683,47.3351874411626,48.40323224947806,1.068044808315456
2022-01-11 → 2023-01-11,2106.87282305432,6345.865691303295,4122.19488228365,4164.241432956246,47.54247345695137,48.534372994870715,0.9918995379193447
2022-01-12 → 2023-01-12,2106.87282305432,6345.865691303295,4130.285901518227,4169.8422198000535,47.73334472015117,48.66649840809702,0.9331536879458469
2022-01-13 → 2023-01-13,2106.87282305432,6345.865691303295,4137.822222563742,4175.494194801132,47.91113037065236,48.79983137601525,0.8887010053628899
2022-01-14 → 2023-01-14,2106.87282305432,6345.865691303295,4144.41645986296,4181.0711937443275,48.06669178592651,48.93139562055476,0.8647038346282514
2022-01-15 → 2023-01-15,2106.87282305432,6345.865691303295,4151.165488914406,4186.663733559286,48.225904817446256,49.063326482171625,0.8374216647253689
2022-01-16 → 2023-01-16,2106.87282305432,6345.865691303295,4157.741680881427,4192.253616157886,48.38104053414629,49.195194658701716,0.8141541245554293
2022-01-17 → 2023-01-17,2106.87282305432,6345.865691303295,4164.313620259941,4197.771887362556,48.53607593011827,49.32537348598881,0.7892975558705402
2022-01-18 → 2023-01-18,2106.87282305432,6345.865691303295,4171.033912461978,4203.198023309474,48.69461104472942,49.453378795635835,0.758767750906415
2022-01-19 → 2023-01-19,2106.87282305432,6345.865691303295,4177.56100798128,4208.624615193234,48.84858855123084,49.58139486106511,0.7328063098342668
2022-01-20 → 2023-01-20,2106.87282305432,6345.865691303295,4183.079793863628,4214.005000036921,48.978779520026386,49.708320878893254,0.729541358866868
2022-01-21 → 2023-01-21,2106.87282305432,6345.865691303295,4188.357760525914,4219.320308213594,49.10328944081016,49.83371170501344,0.730422264203284
2022-01-22 → 2023-01-22,2106.87282305432,6345.865691303295,4192.898265134622,4224.373999312004,49.21040225627907,49.95293085105785,0.7425285947787827
2022-01-23 → 2023-01-23,2106.87282305432,6345.865691303295,4197.007136608679,4229.309260210706,49.30733262634014,50.06935616839369,0.7620235420535479
2022-01-24 → 2023-01-24,2106.87282305432,6345.865691303295,4201.557906121988,4234.310323791041,49.41468759613487,50.18733380449195,0.7726462083570809
2022-01-25 → 2023-01-25,2106.87282305432,6345.865691303295,4205.928161321912,4239.30646663203,49.517784141369894,50.30519535784372,0.7874112164738278
2022-01-26 → 2023-01-26,2106.87282305432,6345.865691303295,4210.409072770555,4244.287542677981,49.623491123851664,50.422701477829456,0.7992103539777915
2022-01-27 → 2023-01-27,2106.87282305432,6345.865691303295,4214.832719623369,4249.409116425479,49.727847205362146,50.543522010127575,0.815674804765429
2022-01-28 → 2023-01-28,2106.87282305432,6345.865691303295,4219.327419588731,4254.512676698743,49.83387946597359,50.663917595397166,0.8300381294235777
2022-01-29 → 2023-01-29,2106.87282305432,6345.865691303295,4223.5853834570335,4259.636066942765,49.93432700152374,50.78478097977314,0.8504539782493978
2022-01-30 → 2023-01-30,2106.87282305432,6345.865691303295,4228.395755919008,4264.75002725302,50.047806137051545,50.90542190721039,0.8576157701588443
2022-01-31 → 2023-01-31,2106.87282305432,6345.865691303295,4233.0150405459735,4269.742986374262,50.15677741326117,51.02320835499238,0.8664309417312097
2022-02-01 → 2023-02-01,2106.87282305432,6345.865691303295,4237.42664845367,4274.730527549671,50.26084948992684,51.14086699067367,0.8800175007468312
2022-02-02 → 2023-02-02,2106.87282305432,6345.865691303295,4242.006389299985,4279.703210503678,50.368887908217616,51.25817511334718,0.8892872051295626
2022-02-03 → 2023-02-03,2106.87282305432,6345.865691303295,4246.2638539110085,4284.518749777385,50.46932366603436,51.37177613659439,0.9024524705600285
2022-02-04 → 2023-02-04,2106.87282305432,6345.865691303295,4250.589384673789,4289.303658899389,50.571365139026206,51.48465457896791,0.9132894399417069
2022-02-05 → 2023-02-05,2106.87282305432,6345.865691303295,4255.839786251045,4294.298520902915,50.695224785419626,51.60248591671181,0.9072611312921808
2022-02-06 → 2023-02-06,2106.87282305432,6345.865691303295,4261.2698365249835,4299.279487353953,50.823322436034026,51.71998945129774,0.8966670152637164
2022-02-07 → 2023-02-07,2106.87282305432,6345.865691303295,4266.5628723713435,4304.266967752574,50.9481878465424,51.83764665322364,0.8894588066812403
2022-02-08 → 2023-02-08,2106.87282305432,6345.865691303295,4272.249160767864,4309.2946508701125,51.08233028492941,51.95625225775762,0.8739219728282066
2022-02-09 → 2023-02-09,2106.87282305432,6345.865691303295,4278.585823830896,4314.301585964341,51.23181539283074,52.074368405858074,0.8425530130273344
2022-02-10 → 2023-02-10,2106.87282305432,6345.865691303295,4285.070060746654,4319.287715832814,51.38478184305355,52.191993748090184,0.8072119050366311
2022-02-11 → 2023-02-11,2106.87282305432,6345.865691303295,4291.301547966463,4324.195126954474,51.5317857992641,52.307762075006195,0.7759762757420958
2022-02-12 → 2023-02-12,2106.87282305432,6345.865691303295,4297.400344151166,4329.335977047156,51.67565950639826,52.429037346101545,0.7533778397032833
2022-02-13 → 2023-02-13,2106.87282305432,6345.865691303295,4303.455717626281,4334.419491600809,51.81850884970505,52.548960042639436,0.7304511929343889
2022-02-14 → 2023-02-14,2106.87282305432,6345.865691303295,4309.275513561258,4339.463843647531,51.95580079889819,52.66795887569964,0.712158076801451
2022-02-15 → 2023-02-15,2106.87282305432,6345.865691303295,4314.110399814675,4344.4942528070815,52.06985822724705,52.78662878895262,0.716770561705566
2022-02-16 → 2023-02-16,2106.87282305432,6345.865691303295,4319.480005396383,4349.387009801036,52.19652995679696,52.902051417535034,0.7055214607380762
2022-02-17 → 2023-02-17,2106.87282305432,6345.865691303295,4324.382985110698,4354.4911777890975,52.31219374455749,53.022461339106094,0.7102675945486041
2022-02-18 → 2023-02-18,2106.87282305432,6345.865691303295,4328.7451914960575,4359.335576185367,52.415100414158964,53.13674316374788,0.7216427495889164
2022-02-19 → 2023-02-19,2106.87282305432,6345.865691303295,4333.13500928743,4364.191340108886,52.518658450886356,53.25129310696409,0.7326346560777353
2022-02-20 → 2023-02-20,2106.87282305432,6345.865691303295,4337.338800064203,4368.92497917784,52.617828015625655,53.36296206268257,0.745134047056915
2022-02-21 → 2023-02-21,2106.87282305432,6345.865691303295,4341.449102533159,4373.505028282144,52.714792143585,53.47100775293625,0.7562156093512513
2022-02-22 → 2023-02-22,2106.87282305432,6345.865691303295,4345.391375485631,4378.010219425401,52.807792369700046,53.57728750577571,0.7694951360756619
2022-02-23 → 2023-02-23,2106.87282305432,6345.865691303295,4349.666570040438,4382.4924768838455,52.908646385917656,53.68302624131398,0.7743798553963259
2022-02-24 → 2023-02-24,2106.87282305432,6345.865691303295,4354.132335597819,4386.946941550452,53.013996069113176,53.78810933074241,0.7741132616292319
2022-02-25 → 2023-02-25,2106.87282305432,6345.865691303295,4358.7928605793995,4391.448559056077,53.123940226285235,53.894304779650646,0.7703645533654111
2022-02-26 → 2023-02-26,2106.87282305432,6345.865691303295,4363.450562514114,4395.9120145456,53.2338177863444,53.999599967169246,0.7657821808248428
2022-02-27 → 2023-02-27,2106.87282305432,6345.865691303295,4368.079449186669,4400.406896710367,53.343015579698275,54.1056365259574,0.7626209462591262
2022-02-28 → 2023-02-28,2106.87282305432,6345.865691303295,4372.629750106958,4404.755013439093,53.45035949514507,54.208210813385314,0.7578513182402418
2022-03-01 → 2023-03-01,2106.87282305432,6345.865691303295,4377.874144186502,4409.380000003766,53.57407742160882,54.317316601208546,0.7432391795997262
2022-03-02 → 2023-03-02,2106.87282305432,6345.865691303295,4383.352755909508,4414.035296472264,53.703320661531265,54.42713741509495,0.7238167535636819
2022-03-03 → 2023-03-03,2106.87282305432,6345.865691303295,4389.365679080595,4418.737691290489,53.84516858055291,54.538069303031044,0.6929007224781358
2022-03-04 → 2023-03-04,2106.87282305432,6345.865691303295,4395.169175859681,4423.312479310154,53.98207602436001,54.64599088161947,0.6639148572594564
2022-03-05 → 2023-03-05,2106.87282305432,6345.865691303295,4400.369213623618,4427.6155968992525,54.10474756275505,54.747503616432724,0.6427560536776724
2022-03-06 → 2023-03-06,2106.87282305432,6345.865691303295,4405.621256499286,4431.821366838953,54.22864592821367,54.84671987063315,0.6180739424194783
2022-03-07 → 2023-03-07,2106.87282305432,6345.865691303295,4410.827385199093,4435.921478731125,54.35146115488704,54.94344359769773,0.5919824428106892
2022-03-08 → 2023-03-08,2106.87282305432,6345.865691303295,4416.255102478335,4439.969469392593,54.47950376896872,55.03893775839303,0.5594339894243134
2022-03-09 → 2023-03-09,2106.87282305432,6345.865691303295,4422.626059973709,4444.1226611095735,54.62979789998964,55.13691366554987,0.5071157655602292
2022-03-10 → 2023-03-10,2106.87282305432,6345.865691303295,4429.618024202881,4448.4887649403045,54.794741896039824,55.239912277872016,0.4451703818321917
2022-03-11 → 2023-03-11,2106.87282305432,6345.865691303295,4435.970668375129,4452.637690606298,54.94460400644417,55.33778754671405,0.3931835402698738
2022-03-12 → 2023-03-12,2106.87282305432,6345.865691303295,4441.315551521093,4456.613698842713,55.07069252114771,55.431583605353275,0.36089108420556215
2022-03-13 → 2023-03-13,2106.87282305432,6345.865691303295,4445.612567529417,4460.566323137686,55.17206131656395,55.52482802490818,0.35276670834423385
2022-03-14 → 2023-03-14,2106.87282305432,6345.865691303295,4449.416887656957,4464.48398429664,55.26180716530163,55.61724764628331,0.35544048098167735
2022-03-15 → 2023-03-15,2106.87282305432,6345.865691303295,4453.719035572576,4468.523651977179,55.363297025023805,55.71254546362092,0.3492484385971153
2022-03-16 → 2023-03-16,2106.87282305432,6345.865691303295,4457.686897994451,4472.422432903957,55.45690091975067,55.80451969070636,0.34761877095568394
2022-03-17 → 2023-03-17,2106.87282305432,6345.865691303295,4460.992686350074,4476.415647949445,55.534886150166706,55.898721666732264,0.36383551656555824
2022-03-18 → 2023-03-18,2106.87282305432,6345.865691303295,4464.447980232933,4480.3729667893085,55.61639829208937,55.99207683299132,0.3756785409019514
2022-03-19 → 2023-03-19,2106.87282305432,6345.865691303295,4467.609483155025,4484.3605150389485,55.69097975566702,56.08614512641799,0.39516537075096636
2022-03-20 → 2023-03-20,2106.87282305432,6345.865691303295,4470.950009449156,4488.346491128231,55.769784471738895,56.180176331781375,0.4103918600424805
2022-03-21 → 2023-03-21,2106.87282305432,6345.865691303295,4474.03172167666,4492.245915098951,55.842483632206616,56.272165728600775,0.4296820963941599
2022-03-22 → 2023-03-22,2106.87282305432,6345.865691303295,4477.371171357324,4496.104943450393,55.92126295041867,56.36320217219443,0.44193922177575473
2022-03-23 → 2023-03-23,2106.87282305432,6345.865691303295,4480.5493181900265,4500.025970613082,55.996237052321696,56.45570119931141,0.45946414698971694
2022-03-24 → 2023-03-24,2106.87282305432,6345.865691303295,4484.104147419778,4503.946114195348,56.080097283754924,56.54817938231636,0.4680820985614389
2022-03-25 → 2023-03-25,2106.87282305432,6345.865691303295,4487.830334275885,4507.918452201391,56.16799992883878,56.64188885835245,0.4738889295136701
2022-03-26 → 2023-03-26,2106.87282305432,6345.865691303295,4491.41010881883,4511.887891954334,56.25244863291088,56.73552996312229,0.4830813302114123
2022-03-27 → 2023-03-27,2106.87282305432,6345.865691303295,4495.334639897285,4515.847055274891,56.34503031918477,56.82892864162001,0.48389832243523756
2022-03-28 → 2023-03-28,2106.87282305432,6345.865691303295,4499.507763625909,4519.9101054939165,56.44347643264446,56.9247780649455,0.48130163230104017
2022-03-29 → 2023-03-29,2106.87282305432,6345.865691303295,4503.3462117098115,4524.404636856076,56.534027377248606,57.030806348121544,0.49677897087293843
2022-03-30 → 2023-03-30,2122.0925964966577,6345.865691303295,4507.34022285905,4528.891320522841,56.47196411415156,56.98219743350976,0.5102333193581998
2022-03-31 → 2023-03-31,2143.025331598731,6345.865691303295,4511.124028262863,4533.46679528725,56.345197390047815,56.87680851757485,0.5316111275270359
2022-04-01 → 2023-04-01,2143.025331598731,6345.865691303295,4514.715940847727,4538.038408366085,56.43066132104321,56.985582886515104,0.5549215654718935
2022-04-02 → 2023-04-02,2143.025331598731,6345.865691303295,4518.510306904451,4542.636585022282,56.5209423151324,57.09498929415035,0.5740469790179503
2022-04-03 → 2023-04-03,2143.025331598731,6345.865691303295,4522.373095934549,4547.192480570868,56.612851326645995,57.203389689089605,0.5905383624436098
2022-04-04 → 2023-04-04,2143.025331598731,6345.865691303295,4526.208235484443,4551.75689949293,56.704102462108196,57.31199288434355,0.6078904222353572
2022-04-05 → 2023-04-05,2188.5173498415406,6345.865691303295,4530.0451007193105,4556.315256885535,56.32262583160092,56.954522752631775,0.631896921030858
2022-04-06 → 2023-04-06,2295.207412048999,6345.865691303295,4533.80647414454,4560.787038390016,55.265068237443494,55.931146745809876,0.6660785083663825
2022-04-07 → 2023-04-07,2295.207412048999,6345.865691303295,4537.277244546181,4565.196345860951,55.35075234512091,56.040000842279014,0.6892484971581041
2022-04-08 → 2023-04-08,2342.963199885462,6345.865691303295,4540.7767318513825,4569.609146865394,54.90549761524299,55.62578533336323,0.7202877181202396
2022-04-09 → 2023-04-09,2342.963199885462,6345.865691303295,4543.940491661475,4573.891435125194,54.98453425969975,55.732764913030266,0.7482306533305163
2022-04-10 → 2023-04-10,2366.0539369653015,6345.865691303295,4546.742268865677,4578.060866229003,54.793755747955316,55.58069239964969,0.7869366516943757
2022-04-11 → 2023-04-11,2410.23886043595,6345.865691303295,4549.310707613378,4582.314596292528,54.35149060374746,55.1900835419879,0.8385929382404456
2022-04-12 → 2023-04-12,2410.23886043595,6345.865691303295,4551.535299641902,4586.308252094157,54.408015069204296,55.291557995061204,0.8835429258569079
2022-04-13 → 2023-04-13,2410.23886043595,6345.865691303295,4553.717382744711,4590.214254866718,54.463459429063185,55.39080527993907,0.9273458508758878
2022-04-14 → 2023-04-14,2410.23886043595,6345.865691303295,4556.048350395351,4594.323472205423,54.52268678345455,55.495216026061556,0.9725292426070027
2022-04-15 → 2023-04-15,2410.23886043595,6345.865691303295,4558.208255685757,4598.18150100297,54.57756762920612,55.593244344378945,1.0156767151728232
2022-04-16 → 2023-04-16,2410.23886043595,6345.865691303295,4560.479981326955,4602.078390578863,54.635289708529825,55.692260072834934,1.0569703643051085
2022-04-17 → 2023-04-17,2410.23886043595,6345.865691303295,4562.995046620385,4605.952489879227,54.69919478392226,55.79069672516129,1.0915019412390308
2022-04-18 → 2023-04-18,2410.23886043595,6345.865691303295,4565.111095867857,4609.742315321191,54.75296129529157,55.88699207034596,1.1340307750543914
2022-04-19 → 2023-04-19,2410.23886043595,6345.865691303295,4567.905543921611,4613.617032190963,54.82396518295278,55.98544441443973,1.1614792314869504
2022-04-20 → 2023-04-20,2415.7130781810774,6345.865691303295,4570.991402448715,4617.534721919311,54.8395580637625,56.023820458947725,1.1842623951852218
2022-04-21 → 2023-04-21,2470.737308913646,6345.865691303295,4574.402226147252,4621.4304532544165,54.286328339304035,55.49991979916076,1.2135914598567226
2022-04-22 → 2023-04-22,2470.737308913646,6345.865691303295,4577.467339610474,4625.203844756037,54.36542542102012,55.59729441825127,1.2318689972311532
2022-04-23 → 2023-04-23,2470.737308913646,6345.865691303295,4580.489440076054,4628.898429881572,54.44341252666839,55.69263539178715,1.2492228651187602
2022-04-24 → 2023-04-24,2470.737308913646,6345.865691303295,4583.514911959226,4632.606731569814,54.52148663375917,55.78833032940763,1.2668436956484612
2022-04-25 → 2023-04-25,2470.737308913646,6345.865691303295,4586.253527104469,4636.293269422461,54.59215823157483,55.883463638265226,1.2913054066903982
2022-04-26 → 2023-04-26,2515.850523298859,6345.865691303295,4589.128787362799,4640.053846205945,54.13237736977909,55.46200810514977,1.329630735370678
2022-04-27 → 2023-04-27,2515.850523298859,6345.865691303295,4591.225089627885,4643.570824068495,54.187110893619895,55.553834839725944,1.366723946106049
2022-04-28 → 2023-04-28,2515.850523298859,6345.865691303295,4593.567292288354,4647.18720916639,54.248264767892664,55.64825705319668,1.399992285304016
2022-04-29 → 2023-04-29,2522.586471357364,6345.865691303295,4596.043482417324,4650.964505930626,54.23242436081568,55.668914356806035,1.4364899959903568
2022-04-30 → 2023-04-30,2522.586471357364,6345.865691303295,4598.2722167006405,4654.490912529329,54.290718148820716,55.76114948785024,1.470431339029524
2022-05-01 → 2023-05-01,2522.586471357364,6345.865691303295,4600.745707312164,4658.034486955703,54.355413675075226,55.85383365300059,1.4984199779253657
2022-05-02 → 2023-05-02,2522.586471357364,6345.865691303295,4603.164582122345,4661.643104029324,54.418680694589824,55.94821904485988,1.5295383502700588
2022-05-03 → 2023-05-03,2522.586471357364,6345.865691303295,4605.486918214737,4665.282450342813,54.47942269010709,56.0434081771237,1.563985487016609
2022-05-04 → 2023-05-04,2522.586471357364,6345.865691303295,4607.709024563029,4668.949829098242,54.5375431207756,56.139330513538376,1.6017873927627733
2022-05-05 → 2023-05-05,2739.5740703434462,6345.865691303295,4610.061943264466,4672.812987908204,51.867349330533955,53.607392877734284,1.7400435472003295
2022-05-06 → 2023-05-06,2774.4638688532464,6345.865691303295,4612.031063054832,4676.314161004175,51.45226680040669,53.25220702402576,1.7999402236190676
2022-05-07 → 2023-05-07,2816.210364150029,6345.865691303295,4613.9501270698,4679.749043275243,50.9324451339469,52.7966191143143,1.8641739803674042
2022-05-08 → 2023-05-08,2936.089549834832,6345.865691303295,4616.109540630838,4683.014441429388,49.2706829156381,51.232832277435705,1.9621493617976071
2022-05-09 → 2023-05-09,3141.551112307738,6345.865691303295,4617.971665377613,4686.079332307877,46.076017715235764,48.20151648419912,2.1254987689633538
2022-05-10 → 2023-05-10,3141.551112307738,6345.865691303295,4618.88407267678,4688.723610340618,46.10449205121851,48.2840389072494,2.179546856030896
2022-05-11 → 2023-05-11,3141.551112307738,6345.865691303295,4620.192316105906,4691.450803655614,46.14531961033836,48.36914894397532,2.2238293336369566
2022-05-12 → 2023-05-12,3141.551112307738,6345.865691303295,4620.909312909426,4693.742757188753,46.16769559078112,48.440676051462276,2.272980460681154
2022-05-13 → 2023-05-13,3141.551112307738,6345.865691303295,4621.676962774354,4696.0840657988165,46.191652348022124,48.51374342834877,2.3220910803266435
2022-05-14 → 2023-05-14,3141.551112307738,6345.865691303295,4622.497568515714,4698.464409355964,46.21726174813343,48.58802900482589,2.37076725669246
2022-05-15 → 2023-05-15,3141.551112307738,6345.865691303295,4623.439177178707,4701.169548660309,46.24664739800579,48.67245078170379,2.425803383697996
2022-05-16 → 2023-05-16,3141.551112307738,6345.865691303295,4624.786894927539,4704.083084396375,46.28870686862289,48.76337617820399,2.4746693095811025
2022-05-17 → 2023-05-17,3141.551112307738,6345.865691303295,4625.617091820868,4706.940454088247,46.314615588658405,48.85254874916823,2.537933160509823
2022-05-18 → 2023-05-18,3141.551112307738,6345.865691303295,4626.819243194372,4709.907256705571,46.352132235163204,48.94513649435316,2.5930042591899536
2022-05-19 → 2023-05-19,3141.551112307738,6345.865691303295,4627.483800011295,4712.489534282511,46.372871672585475,49.02572401200411,2.6528523394186365
2022-05-20 → 2023-05-20,3141.551112307738,6345.865691303295,4628.535702756624,4715.396270244978,46.40569937159557,49.11643720169906,2.71073783010349
2022-05-21 → 2023-05-21,3141.551112307738,6345.865691303295,4629.39012465191,4718.032834074149,46.43236410360679,49.198718880484705,2.766354776877918
2022-05-22 → 2023-05-22,3141.551112307738,6345.865691303295,4630.275764078303,4720.703547144012,46.46000306989925,49.28206628611616,2.822063216216911
2022-05-23 → 2023-05-23,3141.551112307738,6345.865691303295,4631.303038469349,4723.562471236611,46.49206216914563,49.37128736669729,2.879225197551655
2022-05-24 → 2023-05-24,3141.551112307738,6345.865691303295,4632.282511047486,4726.1411300777545,46.52262947313498,49.451761951123146,2.929132477988169
2022-05-25 → 2023-05-25,3141.551112307738,6345.865691303295,4633.381815942869,4728.835796993125,46.55693649475481,49.53585690650094,2.978920411746131
2022-05-26 → 2023-05-26,3141.551112307738,6345.865691303295,4634.369480995653,4731.505781321667,46.58775946885536,49.61918156962996,3.0314221007745985
2022-05-27 → 2023-05-27,3141.551112307738,6345.865691303295,4635.228977469807,4734.197306246348,46.61458256792898,49.70317847000683,3.0885959020778557
2022-05-28 → 2023-05-28,3141.551112307738,6345.865691303295,4635.403843109669,4736.706650040206,46.620039761208545,49.78148987583157,3.1614501146230225
2022-05-29 → 2023-05-29,3141.551112307738,6345.865691303295,4635.8376563450165,4739.312243714573,46.63357817089502,49.862805040436406,3.2292268695413853
2022-05-30 → 2023-05-30,3141.551112307738,6345.865691303295,4636.41305438237,4742.080631577631,46.65153514806341,49.949200673412165,3.297665525348755
2022-05-31 → 2023-05-31,3141.551112307738,6345.865691303295,4637.842239654142,4745.353909301037,46.696137050796054,50.05135286985575,3.355215819059694
2022-06-01 → 2023-06-01,3191.4543555470495,6345.865691303295,4639.444051346679,4748.638529125849,45.903642286160036,49.36528587529557,3.4616435891355337
2022-06-02 → 2023-06-02,3191.4543555470495,6345.865691303295,4640.308075002766,4751.576443734348,45.93103324961153,49.45842257485013,3.5273893252386017
2022-06-03 → 2023-06-03,3191.4543555470495,6345.865691303295,4641.440897585212,4755.12336188331,45.96694557878704,49.57086568297484,3.6039201041878
2022-06-04 → 2023-06-04,3191.4543555470495,6345.865691303295,4642.290299713005,4758.400836573699,45.99387301587061,49.674766992649886,3.6808939767792737
2022-06-05 → 2023-06-05,3191.4543555470495,6345.865691303295,4643.715261026282,4761.708439863291,46.03904662075608,49.77962342821042,3.740576807454339
2022-06-06 → 2023-06-06,3191.4543555470495,6345.865691303295,4644.621958757764,4765.001930283372,46.06779042221294,49.88403246271864,3.8162420405057063
2022-06-07 → 2023-06-07,3207.6951396211684,6345.865691303295,4646.275274427903,4768.6522296357,45.841362383431495,49.74098967240085,3.8996272889693557
2022-06-08 → 2023-06-08,3283.1051038089477,6345.865691303295,4647.812987915546,4772.255874006908,44.55809865383796,48.62119410437624,4.0630954505382775
2022-06-09 → 2023-06-09,3283.1051038089477,6345.865691303295,4649.096115791152,4775.611332442341,44.59999314212561,48.73075077195039,4.130757629824778
2022-06-10 → 2023-06-10,3283.1051038089477,6345.865691303295,4650.572377698922,4778.954288592603,44.6481935112239,48.8398992363753,4.191705725151401
2022-06-11 → 2023-06-11,3283.1051038089477,6345.865691303295,4651.720085592628,4781.778076235711,44.685666498776115,48.93209670210728,4.246430203331165
2022-06-12 → 2023-06-12,3283.1051038089477,6345.865691303295,4652.632661305222,4784.193411164169,44.715462354068265,49.010958071106245,4.29549571703798
2022-06-13 → 2023-06-13,3283.1051038089477,6345.865691303295,4653.006234009146,4786.107733016661,44.727659608579415,49.07346122137884,4.345801612799427
2022-06-14 → 2023-06-14,3283.1051038089477,6345.865691303295,4651.64942761931,4786.478851699525,44.683359495949766,49.08557835140786,4.402218855458095
2022-06-15 → 2023-06-15,3283.1051038089477,6345.865691303295,4649.961025915717,4786.74635946439,44.62823270247833,49.09431255564037,4.466079853162043
2022-06-16 → 2023-06-16,3283.1051038089477,6345.865691303295,4648.205138532321,4787.182908349777,44.570902482461605,49.10856600029973,4.537663517838126
2022-06-17 → 2023-06-17,3283.1051038089477,6345.865691303295,4645.057400780305,4786.661435824963,44.46812795398986,49.091539774778106,4.623411820788249
2022-06-18 → 2023-06-18,3283.1051038089477,6345.865691303295,4642.074033133345,4786.210990266722,44.37072015596799,49.07683259981705,4.706112443849065
2022-06-19 → 2023-06-19,3283.1051038089477,6345.865691303295,4637.907586805058,4784.940576303696,44.234684504167454,49.03535322437344,4.800668720205984
2022-06-20 → 2023-06-20,3283.1051038089477,6345.865691303295,4634.227284531101,4784.477279591956,44.114521593328654,49.02022645561354,4.905704862284885
2022-06-21 → 2023-06-21,3283.1051038089477,6345.865691303295,4630.023046644104,4784.043671651802,43.97725203644057,49.006069033648366,5.028816997207798
2022-06-22 → 2023-06-22,3283.1051038089477,6345.865691303295,4625.9383659518,4783.663740867145,43.843886055796084,48.99366418600184,5.149778130205753
2022-06-23 → 2023-06-23,3263.8829347280866,6345.865691303295,4621.197040524612,4782.8522958145,44.0402887686761,49.28545942853808,5.245170659861984
2022-06-24 → 2023-06-24,3263.8829347280866,6345.865691303295,4617.190047363499,4782.677115593265,43.91027528457842,49.279775418111285,5.369500133532867
2022-06-25 → 2023-06-25,3263.8829347280866,6345.865691303295,4613.329810270348,4782.607815556783,43.78502354250053,49.277526864438045,5.492503321937512
2022-06-26 → 2023-06-26,3263.8829347280866,6345.865691303295,4609.633418704166,4782.624709472891,43.66508803804982,49.27807501533446,5.612986977284642
2022-06-27 → 2023-06-27,3260.826008926422,6345.865691303295,4605.57325548889,4782.420182289879,43.58930143570814,49.32170506770089,5.732403631992753
2022-06-28 → 2023-06-28,3260.826008926422,6345.865691303295,4601.4824906363865,4782.0377865780165,43.456701363304795,49.309309904227064,5.852608540922269
2022-06-29 → 2023-06-29,3260.826008926422,6345.865691303295,4596.968443445066,4781.341229215859,43.3103808081072,49.28673134985266,5.976350541745461
2022-06-30 → 2023-06-30,3260.826008926422,6345.865691303295,4592.325030014414,4780.522172760646,43.15986691173244,49.260182049372276,6.100315137639832
2022-07-01 → 2023-07-01,3260.826008926422,6345.865691303295,4587.1266805559635,4779.311952450154,42.991365044863585,49.220953370486725,6.229588325623141
2022-07-02 → 2023-07-02,3260.826008926422,6345.865691303295,4581.931213022309,4777.983923959445,42.82295659412846,49.17790599906081,6.3549494049323485
2022-07-03 → 2023-07-03,3211.782606989067,6345.865691303295,4576.499709976017,4776.701470809105,43.54438176247535,49.93227115299847,6.387889390523114
2022-07-04 → 2023-07-04,3211.782606989067,6345.865691303295,4571.196701769325,4775.442632551879,43.375177307327604,49.89210507496671,6.516927767639103
2022-07-05 → 2023-07-05,3211.782606989067,6345.865691303295,4566.647150680106,4774.744747757399,43.23001360340448,49.86983748423266,6.639823880828182
2022-07-06 → 2023-07-06,3211.782606989067,6345.865691303295,4562.230374734565,4774.024361393516,43.08908639034983,49.8468519301008,6.75776553975097
2022-07-07 → 2023-07-07,3211.782606989067,6345.865691303295,4557.950223676966,4773.504652040172,42.952518502950134,49.830269429274786,6.8777509263246515
2022-07-08 → 2023-07-08,3211.782606989067,6345.865691303295,4554.359137651791,4773.549104759,42.83793679185421,49.83168779367779,6.993751001823576
2022-07-09 → 2023-07-09,3211.782606989067,6345.865691303295,4550.892031331975,4773.650997820699,42.72731093330029,49.834938921964984,7.107627988664696
2022-07-10 → 2023-07-10,3211.782606989067,6345.865691303295,4547.22327060608,4773.640094955628,42.61025083542808,49.834591041427764,7.224340205999681
2022-07-11 → 2023-07-11,3211.782606989067,6345.865691303295,4543.0313716612345,4773.253294009358,42.47649883102763,49.82224928353991,7.345750452512284
2022-07-12 → 2023-07-12,3211.782606989067,6345.865691303295,4538.342447400987,4772.403008698737,42.32688811126991,49.7951190100996,7.468230898829688
2022-07-13 → 2023-07-13,3181.1942586217287,6345.865691303295,4532.906209994675,4771.183462977812,42.71255263386319,50.24184147321782,7.529288839354628
2022-07-14 → 2023-07-14,3181.1942586217287,6345.865691303295,4528.364543213879,4770.421346559909,42.569041154791655,50.21775946552397,7.648718310732313
2022-07-15 → 2023-07-15,3181.1942586217287,6345.865691303295,4524.090851629285,4769.882523527629,42.43399738561992,50.20073327358773,7.766735887967812
2022-07-16 → 2023-07-16,3181.1942586217287,6345.865691303295,4520.007351127778,4769.483113351742,42.30496343728213,50.18811236856225,7.883148931280118
2022-07-17 → 2023-07-17,3181.1942586217287,6345.865691303295,4516.18133942594,4769.263859681298,42.18406584069985,50.181184203186845,7.997118362486994
2022-07-18 → 2023-07-18,3181.1942586217287,6345.865691303295,4512.2207637452075,4768.8718121101065,42.05891617619341,50.16879594805418,8.109879771860776
2022-07-19 → 2023-07-19,3181.1942586217287,6345.865691303295,4509.10564665209,4769.1698313475345,41.9604820366822,50.1782130153159,8.217730978633696
2022-07-20 → 2023-07-20,3181.1942586217287,6345.865691303295,4506.581885747992,4769.96526261977,41.880734076813894,50.20334773432722,8.322613657513322
2022-07-21 → 2023-07-21,3181.1942586217287,6345.865691303295,4503.977842636498,4770.741654926703,41.79844929095582,50.227880843796804,8.429431552840981
2022-07-22 → 2023-07-22,3181.1942586217287,6345.865691303295,4501.368149738956,4771.519347671127,41.715985978316425,50.25245504560472,8.536469067288294
2022-07-23 → 2023-07-23,3181.1942586217287,6345.865691303295,4498.422375752266,4772.556286790947,41.62290288740628,50.285221136552124,8.66231824914584
2022-07-24 → 2023-07-24,3181.1942586217287,6345.865691303295,4495.6346192039255,4773.4279405907155,41.5348129669314,50.31276440030985,8.777951433378455
2022-07-25 → 2023-07-25,3181.1942586217287,6345.865691303295,4492.923716872678,4774.418353096508,41.44915155187098,50.34406030343474,8.894908751563754
2022-07-26 → 2023-07-26,3181.1942586217287,6345.865691303295,4489.52709551252,4774.52677396973,41.3418221992854,50.34748627910166,9.005664079816256
2022-07-27 → 2023-07-27,3181.1942586217287,6345.865691303295,4485.984456901094,4774.361144734604,41.22987886845993,50.34225258458868,9.11237371612875
2022-07-28 → 2023-07-28,3181.1942586217287,6345.865691303295,4483.372313883742,4775.50262322921,41.147338134835074,50.3783220002891,9.230983865454029
2022-07-29 → 2023-07-29,3181.1942586217287,6345.865691303295,4481.2167568019995,4777.286649072555,41.07922499489005,50.434695177767196,9.355470182877148
2022-07-30 → 2023-07-30,3181.1942586217287,6345.865691303295,4479.145902754659,4779.142246395449,41.01378837401513,50.49332993219166,9.479541558176535
2022-07-31 → 2023-07-31,3181.1942586217287,6345.865691303295,4476.930738520556,4780.763179828805,40.94379171618749,50.544549575931505,9.600757859744014
2022-08-01 → 2023-08-01,3181.1942586217287,6345.865691303295,4474.494548397604,4782.1955320465395,40.86681089290856,50.589810268809224,9.722999375900663
2022-08-02 → 2023-08-02,3181.1942586217287,6345.865691303295,4472.159237640314,4783.608154995167,40.79301774227771,50.634447539334026,9.841429797056314
2022-08-03 → 2023-08-03,3181.1942586217287,6345.865691303295,4469.655582454696,4784.805487034582,40.71390510013221,50.672281863208866,9.958376763076657
2022-08-04 → 2023-08-04,3181.1942586217287,6345.865691303295,4467.080147726147,4786.76341904412,40.63252430647532,50.73415027676103,10.10162597028571
2022-08-05 → 2023-08-05,3181.1942586217287,6345.865691303295,4464.4100256971,4793.1419842699715,40.54815150235187,50.93570564709046,10.387554144738587
2022-08-06 → 2023-08-06,3181.1942586217287,6345.865691303295,4462.063870303093,4801.8095483262905,40.47401567359638,51.209590764098465,10.735575090502088
2022-08-07 → 2023-08-07,3181.1942586217287,6345.865691303295,4459.551062696198,4804.008245686433,40.39461382539991,51.27906708753086,10.884453262130954
2022-08-08 → 2023-08-08,3181.1942586217287,6345.865691303295,4456.925493220289,4813.142416491754,40.31164883103132,51.567696444467984,11.256047613436664
2022-08-09 → 2023-08-09,3181.1942586217287,6345.865691303295,4454.683115748373,4824.764803593209,40.240792265993974,51.93495059228977,11.694158326295799
2022-08-10 → 2023-08-10,3181.1942586217287,6345.865691303295,4452.183065594372,4834.329124828615,40.161793538726975,52.23717221114838,12.075378672421408
2022-08-11 → 2023-08-11,3181.1942586217287,6345.865691303295,4450.055518921476,4861.204782838422,40.09456549568512,53.08641228492862,12.991846789243503
2022-08-12 → 2023-08-12,3181.1942586217287,6345.865691303295,4447.928363921767,4875.4400877552325,40.02734982906832,53.536231649106604,13.508881820038283
2022-08-13 → 2023-08-13,3181.1942586217287,6345.865691303295,4446.05843600911,4909.940470006447,39.968262244387425,54.62640429372711,14.658142049339688
2022-08-14 → 2023-08-14,3181.1942586217287,6345.865691303295,4444.163250236038,4914.178449793855,39.90837654018761,54.760319610926956,14.851943070739345
2022-08-15 → 2023-08-15,3181.1942586217287,6345.865691303295,4442.29341265708,4949.628676877617,39.849291809948376,55.88050626656733,16.031214456618955
2022-08-16 → 2023-08-16,3181.1942586217287,6345.865691303295,4440.450788359068,4984.7515174216705,39.79106698828179,56.99034788176124,17.199280893479447
2022-08-17 → 2023-08-17,3181.1942586217287,6345.865691303295,4439.252133475569,5019.607806061533,39.753190864045955,58.09176676145602,18.338575897410067
2022-08-18 → 2023-08-18,3181.1942586217287,6345.865691303295,4438.037581055771,5051.527155027318,39.71481239583419,59.10038170442149,19.3855693085873
2022-08-19 → 2023-08-19,3181.1942586217287,6345.865691303295,4436.742188084696,5083.777364167646,39.673879458604205,60.11945145072373,20.445571992119525
2022-08-20 → 2023-08-20,3181.1942586217287,6345.865691303295,4434.111270111151,5095.581262854762,39.590745457823715,60.49244115718163,20.901695699357916
2022-08-21 → 2023-08-21,3181.1942586217287,6345.865691303295,4431.64760562585,5099.128505128629,39.512896476098206,60.60452995847817,21.09163348237996
2022-08-22 → 2023-08-22,3181.1942586217287,6345.865691303295,4429.488777966241,5103.066291489703,39.44467998963094,60.728959506532,21.28427951690106
2022-08-23 → 2023-08-23,3181.1942586217287,6345.865691303295,4426.990985792078,5103.4897886654035,39.365752611945915,60.74234153321974,21.37658892127382
2022-08-24 → 2023-08-24,3181.1942586217287,6345.865691303295,4424.760876926389,5104.208492513569,39.295283720842114,60.76505175333116,21.469768032489043
2022-08-25 → 2023-08-25,3181.1942586217287,6345.865691303295,4422.500399665624,5104.777545396183,39.223855223165515,60.783033173984734,21.55917795081922
2022-08-26 → 2023-08-26,3181.1942586217287,6345.865691303295,4420.350135295784,5104.622188302123,39.15590932686695,60.778124067388205,21.622214740521258
2022-08-27 → 2023-08-27,3181.1942586217287,6345.865691303295,4417.32886190864,5103.229581016203,39.06044054119955,60.734119268926726,21.67367872772718
2022-08-28 → 2023-08-28,3181.1942586217287,6345.865691303295,4414.1646823785595,5101.631142856162,38.9604560847595,60.68361045011116,21.72315436535166
2022-08-29 → 2023-08-29,3181.1942586217287,6345.865691303295,4410.150374184997,5099.6451651636135,38.833608534264805,60.62085582503257,21.787247290767766
2022-08-30 → 2023-08-30,3181.1942586217287,6345.865691303295,4406.680354406599,5097.972827072626,38.72395987555844,60.568011852867976,21.844051977309533
2022-08-31 → 2023-08-31,3181.1942586217287,6345.865691303295,4403.425774232272,5096.048165478356,38.621118862089645,60.50719474640965,21.886075884320007
2022-09-01 → 2023-09-01,3181.1942586217287,6345.865691303295,4400.370338208145,5094.236317539255,38.52457057614206,60.44994242250675,21.92537184636469
2022-09-02 → 2023-09-02,3181.1942586217287,6345.865691303295,4397.3429153035495,5092.468516504271,38.42890747275221,60.39408193042761,21.965174457675403
2022-09-03 → 2023-09-03,3181.1942586217287,6345.865691303295,4394.170465976751,5090.6050155372,38.328661700188384,60.33519742988117,22.006535729692786
2022-09-04 → 2023-09-04,3181.1942586217287,6345.865691303295,4390.964216757165,5088.65497072802,38.2273478896463,60.273578242845126,22.046230353198823
2022-09-05 → 2023-09-05,3181.1942586217287,6345.865691303295,4387.874272376912,5086.795298863561,38.12970917908877,60.21481473756446,22.08510555847569
2022-09-06 → 2023-09-06,3181.1942586217287,6345.865691303295,4384.682211542646,5084.84077878496,38.02884370530524,60.15305413713005,22.124210431824807
2022-09-07 → 2023-09-07,3181.1942586217287,6345.865691303295,4380.608786061003,5082.304149651198,37.900128116079266,60.072899555912976,22.17277143983371
2022-09-08 → 2023-09-08,3181.1942586217287,6345.865691303295,4376.99417285461,5080.043903089863,37.785910470321,60.00147834807468,22.215567877753678
2022-09-09 → 2023-09-09,3181.1942586217287,6345.865691303295,4373.402883365871,5077.79714556718,37.67242982738121,59.93048337843958,22.258053551058374
2022-09-10 → 2023-09-10,3181.1942586217287,6345.865691303295,4371.190659249048,5076.674995422391,37.60252607389901,59.895024716500735,22.29249864260173
2022-09-11 → 2023-09-11,3181.1942586217287,6345.865691303295,4369.478754358883,5075.724430356432,37.548431836105905,59.86498794692833,22.316556110822425
2022-09-12 → 2023-09-12,3181.1942586217287,6345.865691303295,4367.4724004629825,5074.799422149945,37.48503334629174,59.83575874490328,22.350725398611537
2022-09-13 → 2023-09-13,3181.1942586217287,6345.865691303295,4365.673643071892,5073.998000299417,37.428194668743274,59.810434730465275,22.382240061722
2022-09-14 → 2023-09-14,3181.1942586217287,6345.865691303295,4362.412829190697,5072.208200480398,37.3251566772627,59.7538791019556,22.4287224246929
2022-09-15 → 2023-09-15,3181.1942586217287,6345.865691303295,4359.161478343937,5070.433339363926,37.22241770685385,59.69779551937124,22.475377812517394
2022-09-16 → 2023-09-16,3181.1942586217287,6345.865691303295,4355.5787738248655,5068.405464910755,37.109208339142775,59.63371700454567,22.524508665402898
2022-09-17 → 2023-09-17,3181.1942586217287,6345.865691303295,4352.048138046917,5066.400204652467,36.99764428413575,59.570353072430024,22.57270878829427
2022-09-18 → 2023-09-18,3181.1942586217287,6345.865691303295,4348.677287306078,5064.552239453264,36.8911292536644,59.51195948439053,22.620830230726128
2022-09-19 → 2023-09-19,3181.1942586217287,6345.865691303295,4344.652666613783,5062.411969849804,36.7639558399971,59.44432941128541,22.680373571288307
2022-09-20 → 2023-09-20,3181.1942586217287,6345.865691303295,4340.752368421776,5060.329782191694,36.640710875236174,59.37853466126468,22.737823786028507
2022-09-21 → 2023-09-21,3181.1942586217287,6345.865691303295,4336.55791074041,5057.950036477698,36.50817080684078,59.30333741679183,22.795166609951046
2022-09-22 → 2023-09-22,3181.1942586217287,6345.865691303295,4332.073304359064,5055.403193961034,36.36646237117087,59.22286010434914,22.85639773317827
2022-09-23 → 2023-09-23,3181.1942586217287,6345.865691303295,4328.281081184968,5053.259587595759,36.246632453444356,59.1551245933846,22.908492139940243
2022-09-24 → 2023-09-24,3181.1942586217287,6345.865691303295,4324.538099628173,5051.076627215347,36.12835851454059,59.08614554052407,22.957787025983485
2022-09-25 → 2023-09-25,3181.1942586217287,6345.865691303295,4320.493889841012,5048.704169779969,36.00056610786619,59.01117859732491,23.010612489458715
2022-09-26 → 2023-09-26,3181.1942586217287,6345.865691303295,4316.3859766725645,5046.269409002191,35.87076074715718,58.93424293971972,23.06348219256254
2022-09-27 → 2023-09-27,3181.1942586217287,6345.865691303295,4312.530909946925,5044.028564420229,35.74894504503315,58.86343481225279,23.114489767219638
2022-09-28 → 2023-09-28,3181.1942586217287,6345.865691303295,4308.337928411032,5041.715962549314,35.61645162114744,58.790359236474764,23.173907615327323
2022-09-29 → 2023-09-29,3181.1942586217287,6345.865691303295,4304.446765706896,5039.553513579214,35.49349532736124,58.7220283207352,23.22853299337396
2022-09-30 → 2023-09-30,3181.1942586217287,6345.865691303295,4300.592355269205,5037.4365499721425,35.37170036318622,58.655134690476785,23.283434327290564
2022-10-01 → 2023-10-01,3181.1942586217287,6345.865691303295,4296.309552405405,5035.240649241483,35.23636868800594,58.58574673733945,23.34937804933351
2022-10-02 → 2023-10-02,3181.1942586217287,6345.865691303295,4292.073233107482,5032.965887430914,35.102505840375876,58.51386686421654,23.411361023840662
2022-10-03 → 2023-10-03,3181.1942586217287,6345.865691303295,4287.662041097227,5030.512976530952,34.96311721491857,58.4363576834962,23.47324046857763
2022-10-04 → 2023-10-04,3181.1942586217287,6345.865691303295,4283.574951360094,5028.444474678907,34.83396985083754,58.370995389304014,23.537025538466473
2022-10-05 → 2023-10-05,3181.1942586217287,6345.865691303295,4280.104190422498,5026.709001666019,34.7242977723477,58.316156425771624,23.591858653423927
2022-10-06 → 2023-10-06,3181.1942586217287,6345.865691303295,4276.326384732044,5024.885467799946,34.60492343062488,58.25853483993365,23.653611409308773
2022-10-07 → 2023-10-07,3181.1942586217287,6345.865691303295,4272.398826879992,5022.963598934619,34.480817091764806,58.19780598051778,23.716988888752972
2022-10-08 → 2023-10-08,3181.1942586217287,6345.865691303295,4268.195649994304,5020.860776544192,34.34800150647902,58.1313591965417,23.78335769006268
2022-10-09 → 2023-10-09,3181.1942586217287,6345.865691303295,4264.026197256475,5018.704622956449,34.2162515657183,58.06322720768888,23.84697564197058
2022-10-10 → 2023-10-10,3181.1942586217287,6345.865691303295,4259.927527971696,5016.561024312525,34.086738301167294,57.99549194071021,23.908753639542915
2022-10-11 → 2023-10-11,3181.1942586217287,6345.865691303295,4255.847455671989,5014.2969502720625,33.95781268008791,57.923949788906356,23.966137108818444
2022-10-12 → 2023-10-12,3181.1942586217287,6345.865691303295,4251.714202709583,5011.97942583254,33.827206610853615,57.85071866558691,24.023512054733295
2022-10-13 → 2023-10-13,3181.1942586217287,6345.865691303295,4247.630581639303,5009.714952875768,33.69816885268042,57.779163908483646,24.08099505580323
2022-10-14 → 2023-10-14,3181.1942586217287,6345.865691303295,4243.709430423524,5007.553530237407,33.57426495620367,57.710865423653914,24.136600467450243
2022-10-15 → 2023-10-15,3181.1942586217287,6345.865691303295,4239.5332654040085,5005.298147588517,33.44230291501391,57.63959790988933,24.19729499487542
2022-10-16 → 2023-10-16,3181.1942586217287,6345.865691303295,4234.790267712684,5002.992460581673,33.29242960929428,57.566740835912135,24.274311226617854
2022-10-17 → 2023-10-17,3181.1942586217287,6345.865691303295,4230.21479872818,5000.773523382717,33.14785001922204,57.4966249567077,24.348774937485658
2022-10-18 → 2023-10-18,3181.1942586217287,6345.865691303295,4225.889153711435,4998.685094394159,33.011164580978004,57.430632987778765,24.41946840680076
2022-10-19 → 2023-10-19,3181.1942586217287,6345.865691303295,4221.285976124475,4996.502050552805,32.86570943073958,57.36165129764784,24.49594186690826
2022-10-20 → 2023-10-20,3181.1942586217287,6345.865691303295,4216.203012729355,4994.242387741727,32.70509359736651,57.29024853565042,24.585154938283907
2022-10-21 → 2023-10-21,3181.1942586217287,6345.865691303295,4210.979058886604,4991.907894536412,32.54002262700281,57.21648121872751,24.676458591724696
2022-10-22 → 2023-10-22,3181.1942586217287,6345.865691303295,4205.8422743218325,4989.643669321209,32.377706106187276,57.14493428997466,24.76722818378738
2022-10-23 → 2023-10-23,3034.5174188335154,6345.865691303295,4199.908538335042,4987.392842308051,35.19385530028577,58.975234943136236,23.781379642850467
2022-10-24 → 2023-10-24,2951.5105202628943,6345.865691303295,4194.008129405807,4985.310763623068,36.60482025403595,59.917131262866505,23.312311008830555
2022-10-25 → 2023-10-25,2899.5038696278198,6345.865691303295,4187.803931090358,4983.142707136524,37.381451168589756,60.4590854159279,23.077634247338146
2022-10-26 → 2023-10-26,2899.5038696278198,6345.865691303295,4182.200619351289,4981.276290684591,37.21886488110747,60.40492927828169,23.18606439717422
2022-10-27 → 2023-10-27,2899.5038696278198,6345.865691303295,4177.123406869282,4979.674053270704,37.07154394544499,60.358438587611595,23.2868946421666
2022-10-28 → 2023-10-28,2899.5038696278198,6345.865691303295,4171.665349330694,4977.882340473218,36.91317236924367,60.30645005912291,23.39327768987924
2022-10-29 → 2023-10-29,2892.318597915702,6345.865691303295,4166.30752603096,4976.216931811068,36.88928784421465,60.34081127445305,23.451523430238403
2022-10-30 → 2023-10-30,2892.318597915702,6345.865691303295,4161.09487845351,4974.580606292774,36.73835179393088,60.29343026374012,23.55507846980924
2022-10-31 → 2023-10-31,2887.133869769527,6345.865691303295,4155.730665017335,4972.858283202042,36.67809071954157,60.30315505952135,23.62506433997978
2022-11-01 → 2023-11-01,2822.3091552635588,6345.865691303295,4150.107943912178,4971.106223636457,37.683481875985,60.98375452173149,23.30027264574649
2022-11-02 → 2023-11-02,2822.3091552635588,6345.865691303295,4144.602112538619,4969.3578358920495,37.52722409163433,60.934134550360966,23.406910458726635
2022-11-03 → 2023-11-03,2822.3091552635588,6345.865691303295,4138.913478713952,4967.529394986485,37.36577829769057,60.88224263698133,23.516464339290764
2022-11-04 → 2023-11-04,2822.3091552635588,6345.865691303295,4133.172411394552,4965.71561482118,37.20284441935829,60.830766801507885,23.627922382149592
2022-11-05 → 2023-11-05,2822.3091552635588,6345.865691303295,4128.041483345424,4964.135614768461,37.057226547283655,60.78592574286279,23.728699195579132
2022-11-06 → 2023-11-06,2822.3091552635588,6345.865691303295,4123.006553946244,4962.657308337152,36.914333156822,60.743970791489424,23.82963763466742
2022-11-07 → 2023-11-07,2822.3091552635588,6345.865691303295,4117.677009962242,4961.045147259278,36.76307848190788,60.698216989574085,23.935138507666203
2022-11-08 → 2023-11-08,2793.4603722437123,6345.865691303295,4112.02584198815,4959.359037471206,37.117540126122144,60.9699195530105,23.852379426888355
2022-11-09 → 2023-11-09,2726.6287644820013,6345.865691303295,4104.723502810806,4956.764022753644,38.07694180273407,61.61893524418497,23.5419934414509
2022-11-10 → 2023-11-10,2676.1227018244203,6337.931910887333,4094.696882620973,4952.345866660697,38.73970760916781,62.16116228018282,23.421454671015013
2022-11-11 → 2023-11-11,2676.1227018244203,6337.931910887333,4086.5095118025642,4948.919791663929,38.516119476882125,62.067599923403314,23.55148044652119
2022-11-12 → 2023-11-12,2676.1227018244203,6337.931910887333,4077.732315613001,4945.034243871557,38.27642385953975,61.96148986767581,23.68506600813606
2022-11-13 → 2023-11-13,2676.1227018244203,6337.931910887333,4068.917820371564,4941.217958249303,38.03570964593132,61.85727128597557,23.82156164004425
2022-11-14 → 2023-11-14,2676.1227018244203,6337.931910887333,4059.8535039238604,4937.075179392784,37.78817308872158,61.74413653154146,23.95596344281988
2022-11-15 → 2023-11-15,2642.667476515675,6337.931910887333,4050.6438038334963,4933.156666349467,38.10218056985232,61.98444605286457,23.882265483012247
2022-11-16 → 2023-11-16,2642.667476515675,6337.931910887333,4041.9899984232316,4929.397664189919,37.8679942060898,61.88272120403959,24.014726997949793
2022-11-17 → 2023-11-17,2642.667476515675,6337.931910887333,4033.060928887791,4925.744013091939,37.62635873739678,61.783847330116124,24.157488592719346
2022-11-18 → 2023-11-18,2642.667476515675,6337.931910887333,4024.145599975264,4922.129427764503,37.385095112807406,61.686030640901265,24.30093552809386
2022-11-19 → 2023-11-19,2642.667476515675,6337.931910887333,4015.0442153531512,4918.506871830688,37.13879651134723,61.58799825382446,24.44920174247723
2022-11-20 → 2023-11-20,2642.667476515675,6337.931910887333,4005.9624358398346,4914.908951268339,36.89302845673003,61.49063254086266,24.597604084132634
2022-11-21 → 2023-11-21,2642.667476515675,6337.931910887333,3996.7275613668053,4912.043874470951,36.64311739794,61.41309879873753,24.769981400797526
2022-11-22 → 2023-11-22,2642.667476515675,6183.187052707353,3986.7156704938793,4909.014990562505,37.96189132850143,64.01172102781032,26.049829699308894
2022-11-23 → 2023-11-23,2642.667476515675,6168.0492102574,3977.1444574665557,4906.130792461153,37.85340373720353,64.20477233094165,26.351368593738123
2022-11-24 → 2023-11-24,2642.667476515675,6168.0492102574,3967.9031319954793,4903.508736226668,37.591266863269375,64.13039581138948,26.5391289481201
2022-11-25 → 2023-11-25,2642.667476515675,6168.0492102574,3958.655625227616,4900.893195980768,37.328954652385804,64.05620412256138,26.72724947017558
2022-11-26 → 2023-11-26,2642.667476515675,6168.0492102574,3949.4083669455376,4898.122654697071,37.06664948998106,63.97761571730645,26.91096622732539
2022-11-27 → 2023-11-27,2642.667476515675,6168.0492102574,3940.1365933631996,4895.475030954857,36.80364893337191,63.902513956924764,27.098865023552854
2022-11-28 → 2023-11-28,2642.667476515675,6168.0492102574,3930.7358630948756,4892.8266145148245,36.53699042719232,63.827389711096735,27.290399283904414
2022-11-29 → 2023-11-29,2642.22760279978,6088.602048497233,3921.102470724773,4890.114757100211,37.10783282767126,65.22469307149007,28.116860243818806
2022-11-30 → 2023-11-30,2642.22760279978,6088.602048497233,3911.7309520757894,4887.61059637468,36.835908845044145,65.15203234454391,28.316123499499767
2022-12-01 → 2023-12-01,2583.742072407147,6088.602048497233,3902.8838738380114,4885.296907495426,37.63750365007329,65.66752597220226,28.030022322128964
2022-12-02 → 2023-12-02,2534.0654464057834,6088.602048497233,3893.6988686443424,4882.9343450386195,38.25065189759379,66.08087527501581,27.830223377422023
2022-12-03 → 2023-12-03,2501.3618282727634,6088.602048497233,3884.5318847299995,4880.6132832006015,38.55805498218586,66.32540083359562,27.767345851409765
2022-12-04 → 2023-12-04,2386.048327903929,6088.602048497233,3874.8835680105894,4878.252697826887,40.21103682644439,67.31041756562556,27.099380739181164
2022-12-05 → 2023-12-05,2269.2715086736393,6088.602048497233,3865.1260135965617,4875.947770319976,41.78361857616626,68.24955930016817,26.46594072400191
2022-12-06 → 2023-12-06,2269.2715086736393,6088.602048497233,3855.263104965217,4873.576122772756,41.525381994427505,68.187463403453,26.66208140902549
2022-12-07 → 2023-12-07,2269.2715086736393,6088.602048497233,3845.5700516415786,4871.2354749601445,41.27159266609967,68.1261791603584,26.854586494258733
2022-12-08 → 2023-12-08,2262.184863561168,6088.602048497233,3835.5341253463926,4868.833307858227,41.11807954394584,68.12243198569612,27.004352441750285
2022-12-09 → 2023-12-09,2262.184863561168,6088.602048497233,3825.924552954418,4866.531863318512,40.86694194113018,68.06228578551763,27.195343844387452
2022-12-10 → 2023-12-10,2262.184863561168,6088.602048497233,3816.2278343459766,4864.210640378796,40.61352684968079,68.00162269449729,27.388095844816498
2022-12-11 → 2023-12-11,2262.184863561168,6088.602048497233,3806.902473215816,4861.833572658079,40.36981685467885,67.93950014993851,27.569683295259658
2022-12-12 → 2023-12-12,2262.184863561168,6088.602048497233,3797.5080957344576,4859.4383156451695,40.12430317890031,67.87690224445295,27.752599065552637
2022-12-13 → 2023-12-13,2262.184863561168,6088.602048497233,3787.981908144418,4857.070730043972,39.87534476350476,67.81502750662983,27.93968274312507
2022-12-14 → 2023-12-14,2262.184863561168,6088.602048497233,3778.959736502134,4854.606592329279,39.639558355326315,67.7506294654441,28.11107111011779
2022-12-15 → 2023-12-15,2262.184863561168,6088.602048497233,3770.127180693078,4852.157963893748,39.40872738781373,67.68663674543515,28.277909357621425
2022-12-16 → 2023-12-16,2262.184863561168,6088.602048497233,3760.848009183021,4849.396417331913,39.166224517332495,67.61446618931527,28.44824167198277
2022-12-17 → 2023-12-17,2262.184863561168,6088.602048497233,3750.9898336936885,4845.568731860265,38.90858989431902,67.51443304377335,28.60584314945433
2022-12-18 → 2023-12-18,2262.184863561168,6088.602048497233,3741.109998093853,4841.856755804085,38.65038920363818,67.41742386059298,28.7670346569548
2022-12-19 → 2023-12-19,2262.184863561168,6088.602048497233,3731.2870047445385,4838.141593355437,38.39367403447195,67.32033140388769,28.926657369415743
2022-12-20 → 2023-12-20,2262.184863561168,6051.723669797238,3720.9173456113544,4833.697231083016,38.493667874562846,67.8581880014044,29.364520126841555
2022-12-21 → 2023-12-21,2262.184863561168,6051.723669797238,3710.9799849466235,4828.552126148306,38.231436474573535,67.72241673218707,29.490980257613536
2022-12-22 → 2023-12-22,2262.184863561168,6051.723669797238,3700.925461636135,4823.282598408162,37.96611333567487,67.58336213980573,29.61724880413086
2022-12-23 → 2023-12-23,2262.184863561168,6051.723669797238,3690.918319874807,4817.533078265066,37.702040521725586,67.43164129890461,29.729600777179023
2022-12-24 → 2023-12-24,2262.184863561168,6051.723669797238,3680.975728579573,4811.728510280894,37.439671093581126,67.2784678316051,29.838796738023973
2022-12-25 → 2023-12-25,2262.184863561168,6051.723669797238,3671.011916717329,4802.804655155392,37.17674168787487,67.0429812570695,29.866239569194626
2022-12-26 → 2023-12-26,2262.184863561168,6051.723669797238,3661.2027349036616,4793.808852976829,36.917892727217044,66.80559611237172,29.887703385154673
2022-12-27 → 2023-12-27,2262.184863561168,6051.723669797238,3651.3065453625404,4775.899124084734,36.65674776876363,66.33298638839624,29.676238619632606
2022-12-28 → 2023-12-28,2262.184863561168,6051.723669797238,3641.3478437786384,4750.114081458004,36.39395321530731,65.65255945664671,29.2586062413394
2022-12-29 → 2023-12-29,2262.184863561168,6051.723669797238,3631.330705641695,4722.684360232875,36.12961661264582,64.92873202994271,28.79911541729689
2022-12-30 → 2023-12-30,2262.184863561168,6051.723669797238,3621.3755182435893,4695.451328742818,35.866914793054384,64.21009493760728,28.343180144552896
2022-12-31 → 2023-12-31,2262.184863561168,6051.723669797238,3611.381850351851,4667.462526439716,35.6031975334424,63.47151423599148,27.86831670254908
2023-01-01 → 2024-01-01,2262.184863561168,6021.647083039849,3601.049749316081,4638.470069919684,35.61320230372128,63.20811508748269,27.59491278376141
2023-01-02 → 2024-01-02,2225.1316811079096,5998.772393091455,3590.6767564146276,4609.567161334387,36.18640934655764,63.186605779784,27.000196433226364
2023-01-03 → 2024-01-03,2225.1316811079096,5998.772393091455,3580.6926479229514,4580.750500176805,35.92183438424152,62.42297555218783,26.501141167946308
2023-01-04 → 2024-01-04,2225.1316811079096,5943.606991729443,3570.477010086185,4551.291176965274,36.180025859937864,62.556808948357734,26.37678308841987
2023-01-05 → 2024-01-05,2225.1316811079096,5943.606991729443,3560.4494163878403,4522.583088884152,35.910356362074005,61.78476972036771,25.874413358293708
2023-01-06 → 2024-01-06,2225.1316811079096,5902.271862594121,3550.4312873521903,4493.206644864765,36.04158505887112,61.680405201200514,25.638820142329394
2023-01-07 → 2024-01-07,2225.1316811079096,5902.271862594121,3540.551052109584,4469.133543009781,35.772891597241575,61.02573606521848,25.252844467976907
2023-01-08 → 2024-01-08,2128.5053474108918,5861.925872751207,3530.2402146364057,4448.54925122385,37.54559278043666,62.14258179773299,24.59698901729633
2023-01-09 → 2024-01-09,2128.5053474108918,5819.935891112184,3520.1528495530765,4428.288785228228,37.699409095391495,62.30060163915231,24.601192543760817
2023-01-10 → 2024-01-10,2128.5053474108918,5735.946407352113,3510.0872415404433,4408.377892249324,38.298114125031965,63.199162701651446,24.90104857661948
2023-01-11 → 2024-01-11,2128.5053474108918,5607.3579589897745,3500.3061346538157,4389.398540420988,39.43256413557371,64.98962288557509,25.557058750001374
2023-01-12 → 2024-01-12,2128.5053474108918,5299.500057546061,3491.3666250771603,4371.974732988063,42.978983008400355,70.74970445099038,27.770721442590023
2023-01-13 → 2024-01-13,2128.5053474108918,5033.035651812386,3483.263860347024,4358.587286164633,46.64294639595069,76.77943436755673,30.136487971606044
2023-01-14 → 2024-01-14,2128.5053474108918,4940.612187726725,3476.0351015726874,4348.709976834962,47.91886762063606,78.95164570542114,31.032778084785086
2023-01-15 → 2024-01-15,2128.5053474108918,4940.612187726725,3469.4556260460845,4342.476195449426,47.68489800638542,78.72996915685746,31.045071150472047
2023-01-16 → 2024-01-16,2128.5053474108918,4940.612187726725,3462.6964950656647,4321.752044099183,47.444539749596686,77.99300742222024,30.54846767262356
2023-01-17 → 2024-01-17,2128.5053474108918,4940.612187726725,3456.196942193646,4308.0242962438115,47.21341222702757,77.50484147992519,30.291429252897622
2023-01-18 → 2024-01-18,2128.5053474108918,4940.612187726725,3449.91751152905,4295.117276613593,46.99011236606315,77.04586106548373,30.055748699420583
2023-01-19 → 2024-01-19,2128.5053474108918,4940.612187726725,3443.2912484082367,4284.044671859938,46.754478960325656,76.65211340999238,29.897634449666725
2023-01-20 → 2024-01-20,2128.5053474108918,4940.612187726725,3436.881991316451,4275.761501885458,46.52656240324827,76.35755952406855,29.830997120820278
2023-01-21 → 2024-01-21,2128.5053474108918,4940.612187726725,3431.4026540452583,4272.9705714485835,46.33171428465483,76.2583125681257,29.926598283470874
2023-01-22 → 2024-01-22,2128.5053474108918,4940.612187726725,3426.3244000188884,4270.2520531161545,46.15112889744388,76.16164062474662,30.01051172730274
2023-01-23 → 2024-01-23,2128.5053474108918,4940.612187726725,3421.1724782111455,4267.141217330701,45.9679238451364,76.05101766615718,30.083093821020782
2023-01-24 → 2024-01-24,2128.5053474108918,4940.612187726725,3416.069652121678,4264.779857433423,45.786464662422894,75.9670464647994,30.1805818023765
2023-01-25 → 2024-01-25,2128.5053474108918,4940.612187726725,3410.8307325996248,4260.820409051199,45.60016592558455,75.82624639541869,30.226080469834145
2023-01-26 → 2024-01-26,2128.5053474108918,4940.612187726725,3405.5344789898745,4258.867763995942,45.41182835839754,75.7568093090583,30.344980950660755
2023-01-27 → 2024-01-27,2128.5053474108918,4940.612187726725,3400.1456433902954,4256.448099202259,45.22019852690175,75.670764754883,30.45056622798125
2023-01-28 → 2024-01-28,2128.5053474108918,4940.612187726725,3394.8106021172257,4253.555305929262,45.03048164998285,75.56789550285016,30.53741385286731
2023-01-29 → 2024-01-29,2128.5053474108918,4940.612187726725,3389.257789846124,4250.2101941271085,44.83302072170326,75.4489415657452,30.615920844041945
2023-01-30 → 2024-01-30,2128.5053474108918,4940.612187726725,3384.127151287912,4251.043160027454,44.65057251295612,75.47856227177257,30.827989758816457
2023-01-31 → 2024-01-31,2128.5053474108918,4940.612187726725,3378.558635141627,4245.7445805890875,44.45255314660588,75.29014199689527,30.837588850289393
2023-02-01 → 2024-02-01,2128.5053474108918,4940.612187726725,3373.0971623695395,4242.471107142142,44.25834029900746,75.17373555742377,30.91539525841631
2023-02-02 → 2024-02-02,2128.5053474108918,4940.612187726725,3367.9131079134836,4243.205435541586,44.07399259280602,75.19984866198,31.125856069173977
2023-02-03 → 2024-02-03,2128.5053474108918,4940.612187726725,3362.645977605576,4242.13238759358,43.886690665567855,75.16169051191889,31.274999846351037
2023-02-04 → 2024-02-04,2128.5053474108918,4940.612187726725,3357.4098332593985,4240.490527808065,43.70049061544497,75.10330511339932,31.402814497954346
2023-02-05 → 2024-02-05,2128.5053474108918,4940.612187726725,3352.1221665547055,4237.997453186198,43.51245840312336,75.01465006707872,31.502191663955358
2023-02-06 → 2024-02-06,2128.5053474108918,4940.612187726725,3346.559633249738,4231.984438121304,43.31465178976074,74.80082408512496,31.48617229536422
2023-02-07 → 2024-02-07,2128.5053474108918,4940.612187726725,3340.721363912337,4223.831532245231,43.1070398578917,74.51090245913305,31.40386260124135
2023-02-08 → 2024-02-08,2128.5053474108918,4940.612187726725,3335.0051756191824,4219.78701280853,42.903769192239736,74.36707721825967,31.46330802601993
2023-02-09 → 2024-02-09,2119.6784657802627,4940.612187726725,3328.885013423053,4212.729954840167,42.86547174913524,74.19711681902564,31.3316450698904
2023-02-10 → 2024-02-10,2092.361121125474,4940.612187726725,3322.0790882474957,4195.143120872738,43.17449334230969,73.82712937088313,30.65263602857344
2023-02-11 → 2024-02-11,2074.654422592821,4940.612187726725,3315.1103144091667,4174.8611136902,43.2824205194939,73.28114589292466,29.99872537343076
2023-02-12 → 2024-02-12,2000.4079345267212,4940.612187726725,3308.0798769223575,4156.034072235306,44.475547607701635,73.315523415167,28.839975807465358
2023-02-13 → 2024-02-13,2000.4079345267212,4940.612187726725,3301.036055567274,4135.477659369155,44.23597849112013,72.61637427123327,28.38039578011314
2023-02-14 → 2024-02-14,1928.852615572766,4940.612187726725,3293.7721932653258,4114.269437492346,45.31967260309536,72.56279160280403,27.243118999708663
2023-02-15 → 2024-02-15,1925.330029735177,4940.612187726725,3286.7376825433935,4096.115317865997,45.150257305108646,71.99277461903466,26.842517313926017
2023-02-16 → 2024-02-16,1917.276703934811,4940.612187726725,3280.734489731628,4094.731626946293,45.09779986727597,72.02161105457223,26.923811187296266
2023-02-17 → 2024-02-17,1917.276703934811,4940.612187726725,3274.514033967923,4088.817322009524,44.89205175241895,71.82598920021715,26.9339374477982
2023-02-18 → 2024-02-18,1917.276703934811,4940.612187726725,3268.6500664143887,4089.36097850473,44.69809485994139,71.84397121042146,27.145876350480066
2023-02-19 → 2024-02-19,1917.276703934811,4940.612187726725,3262.8339711355293,4090.121514411864,44.50572139328381,71.86912673521225,27.36340534192844
2023-02-20 → 2024-02-20,1911.7515169723924,4940.612187726725,3256.8444600253288,4088.8391097252847,44.40920495421611,71.87810300335447,27.46889804913836
2023-02-21 → 2024-02-21,1911.7515169723924,4940.612187726725,3251.1066742359044,4090.7226245664824,44.219767855150224,71.94028859212665,27.720520736976425
2023-02-22 → 2024-02-22,1911.7515169723924,4940.612187726725,3245.2359478906924,4089.65759440159,44.02594162861238,71.90512585997539,27.879184231363006
2023-02-23 → 2024-02-23,1911.7515169723924,4940.612187726725,3239.3083313397347,4086.6805140619563,43.83023713126812,71.80683542461864,27.97659829335052
2023-02-24 → 2024-02-24,1911.7515169723924,4940.612187726725,3233.178434601219,4081.5429912871773,43.627854208946744,71.6372164380345,28.009362229087756
2023-02-25 → 2024-02-25,1911.7515169723924,4940.612187726725,3226.669302043363,4070.1094880126316,43.41295054498141,71.2597311550387,27.84678061005728
2023-02-26 → 2024-02-26,1833.1192094185187,4940.612187726725,3219.8804919593495,4058.008840112285,44.626368980431835,71.59757548044563,26.971206500013793
2023-02-27 → 2024-02-27,1752.8518130268437,4940.612187726725,3213.063939352399,4048.5498675459144,45.806834726811296,72.01601703626184,26.209182309450547
2023-02-28 → 2024-02-28,1601.0056718456406,4940.612187726725,3205.8137890699845,4038.3362922031592,48.053808423024634,72.98256871781436,24.928760294789726
2023-03-01 → 2024-03-01,1599.3755572837013,4940.612187726725,3194.10249277572,4023.78932091946,47.72864396858265,72.5603730530842,24.831729084501553
2023-03-02 → 2024-03-02,1599.3755572837013,4940.612187726725,3186.9532784841276,4013.353369092707,47.51467485827022,72.24803504829677,24.733360190026552
2023-03-03 → 2024-03-03,1587.5172303164088,4940.612187726725,3179.6692551633023,4001.2841658332354,47.48305804248844,71.98623856990446,24.50318052741602
2023-03-04 → 2024-03-04,1468.6047803456822,4940.612187726725,3171.4794761846297,3978.960590900957,49.04582554227431,72.3027204728475,23.25689493057319
2023-03-05 → 2024-03-05,1468.6047803456822,4940.612187726725,3163.5402057236124,3955.5149943091087,48.81716040624553,71.62744551398634,22.810285107740818
2023-03-06 → 2024-03-06,1468.6047803456822,4940.612187726725,3155.5086919703567,3931.815587028282,48.58583849903468,70.94486035502486,22.35902185599018
2023-03-07 → 2024-03-07,1468.6047803456822,4940.612187726725,3147.4149967521007,3907.029654505825,48.352725654832504,70.23098133305717,21.87825567822467
2023-03-08 → 2024-03-08,1463.1923369313529,4940.612187726725,3139.114010333572,3878.961521669516,48.19440117416061,69.47016145276838,21.27576027860777
2023-03-09 → 2024-03-09,1459.8006234184531,4940.612187726725,3130.535807929097,3845.1994611165924,47.998438112597526,68.52996186744686,20.53152375484933
2023-03-10 → 2024-03-10,1451.7527818164933,4940.612187726725,3121.101756144357,3796.063064777816,47.84798640781961,67.1941746632149,19.346188255395283
2023-03-11 → 2024-03-11,1385.0782398168576,4857.8509431341545,3111.413652744058,3743.602972948278,49.710578848945474,67.91474520859043,18.204166359644958
2023-03-12 → 2024-03-12,1385.0782398168576,4531.863068719684,3101.9914935802717,3692.651018998694,54.56087235434022,73.33112699626196,18.77025464192174
2023-03-13 → 2024-03-13,1368.333930422572,4140.027471070253,3093.3715231761926,3654.321095059507,62.237674095474446,82.47618761281784,20.238513517343392
2023-03-14 → 2024-03-14,1368.333930422572,4096.714959686975,3085.9014163438633,3632.165270318446,62.95189225767207,82.9734306027712,20.02153834509913
2023-03-15 → 2024-03-15,1368.333930422572,4096.714959686975,3078.8254034336164,3613.733959896491,62.692543844296154,82.29789041156396,19.6053465672678
2023-03-16 → 2024-03-16,1368.333930422572,3993.093729267595,3071.8269019366303,3591.8191084757214,64.90090911418443,84.7119488431495,19.81103972896507
2023-03-17 → 2024-03-17,1368.333930422572,3984.447048889108,3064.936860583392,3573.679286581228,64.85204780270752,84.2985473598842,19.44649955717668
2023-03-18 → 2024-03-18,1368.333930422572,3984.447048889108,3059.031291084963,3570.68491096775,64.6263094943468,84.18408840960635,19.557778915259547
2023-03-19 → 2024-03-19,1368.333930422572,3984.447048889108,3053.331129450953,3564.70705713151,64.40842282905798,83.95558705796202,19.547164228904037
2023-03-20 → 2024-03-20,1368.333930422572,3984.447048889108,3047.6796843895095,3565.6451872137086,64.1923983375499,83.99144674902725,19.799048411477344
2023-03-21 → 2024-03-21,1368.333930422572,3984.447048889108,3042.0532222702764,3564.5961541030156,63.97732881018439,83.95134782886635,19.974019018681958
2023-03-22 → 2024-03-22,1368.333930422572,3984.447048889108,3036.6734261574575,3565.470601122592,63.77168800379708,83.98477325735428,20.213085253557196
2023-03-23 → 2024-03-23,1368.333930422572,3984.447048889108,3030.9412570125874,3561.524916904447,63.55257786270998,83.8339508716442,20.281373008934224
2023-03-24 → 2024-03-24,1368.333930422572,3984.447048889108,3025.392171555851,3563.2029285283484,63.34046603094067,83.89809227333119,20.55762624239052
2023-03-25 → 2024-03-25,1368.333930422572,3984.447048889108,3019.3611109060703,3559.9227400029577,63.10993086764025,83.77270822543828,20.662777357798028
2023-03-26 → 2024-03-26,1368.333930422572,3984.447048889108,3013.337400335634,3557.4726514564645,62.879676658526876,83.67905445606574,20.799377797538867
2023-03-27 → 2024-03-27,1368.333930422572,3984.447048889108,3007.556830041857,3557.387645252654,62.658716400617045,83.6758051239474,21.017088723330353
2023-03-28 → 2024-03-28,1368.333930422572,3984.447048889108,3001.369716813563,3553.3741880861144,62.42221618261726,83.52239214122088,21.100175958603614
2023-03-29 → 2024-03-29,1368.333930422572,3984.447048889108,2995.280097695561,3548.661435260811,62.18944264255063,83.34224882891388,21.15280618636325
2023-03-30 → 2024-03-30,1368.333930422572,3984.447048889108,2989.5935230430455,3549.722438901529,61.97207533483082,83.38280531835728,21.410729983526466
2023-03-31 → 2024-03-31,1368.333930422572,3984.447048889108,2983.6950820941,3549.206029904607,61.74660951275648,83.36306576683418,21.616456254077704
2023-04-01 → 2024-04-01,1368.333930422572,3984.447048889108,2978.04350510764,3551.088277954247,61.53057997846123,83.43501403376324,21.904434055302005
2023-04-02 → 2024-04-02,1368.333930422572,3984.447048889108,2972.638845322299,3552.94511686741,61.32398876697306,83.50599104542438,22.18200227845132
2023-04-03 → 2024-04-03,1368.333930422572,3984.447048889108,2967.0837598459166,3553.2570089197807,61.11164758657186,83.51791300897287,22.406265422401006
2023-04-04 → 2024-04-04,1368.333930422572,3984.447048889108,2961.2816773446884,3552.411043897869,60.88986503212983,83.48557629478645,22.59571126265662
2023-04-05 → 2024-04-05,1368.333930422572,3984.447048889108,2955.6023738185254,3552.5398456286844,60.672775660646835,83.49049969545695,22.817724034810112
2023-04-06 → 2024-04-06,1368.333930422572,3984.447048889108,2949.8778641296117,3552.912040880484,60.45395829955852,83.50472672750584,23.050768427947318
2023-04-07 → 2024-04-07,1368.333930422572,3984.447048889108,2944.090109639767,3552.6767207865178,60.232723428291294,83.49573170002384,23.263008271732545
2023-04-08 → 2024-04-08,1368.333930422572,3984.447048889108,2938.1362779398564,3551.881955848702,60.00514031432409,83.46535209096928,23.46021177664519
2023-04-09 → 2024-04-09,1368.333930422572,3984.447048889108,2932.337072516284,3551.2009497790878,59.78346773515932,83.43932087447456,23.65585313931524
2023-04-10 → 2024-04-10,1368.333930422572,3984.447048889108,2926.589054402007,3552.431582262964,59.563751772814165,83.48636136653852,23.922609593724353
2023-04-11 → 2024-04-11,1368.333930422572,3984.447048889108,2921.3007937202315,3559.85198811418,59.36160987595018,83.77000375947776,24.40839388352758
2023-04-12 → 2024-04-12,1368.333930422572,3984.447048889108,2916.353252422671,3569.962644124515,59.172491857213274,84.15648001461238,24.98398815739911
2023-04-13 → 2024-04-13,1368.333930422572,3984.447048889108,2911.465294387007,3579.0033649117954,58.985651387618844,84.50205837372323,25.516406986104386
2023-04-14 → 2024-04-14,1368.333930422572,3984.447048889108,2906.6441033870115,3590.319584638991,58.801363064382215,84.93461687615635,26.13325381177414
2023-04-15 → 2024-04-15,1368.333930422572,3984.447048889108,2901.9965503590483,3602.406887289405,58.623711991301434,85.39664975100007,26.772937759698635
2023-04-16 → 2024-04-16,1368.333930422572,3984.447048889108,2897.288146822739,3614.430009503589,58.44373492903016,85.85622935133598,27.412494422305826
2023-04-17 → 2024-04-17,1368.333930422572,3984.447048889108,2892.7425199549402,3626.183036370146,58.269979947423586,86.30548465240057,28.03550470497698
2023-04-18 → 2024-04-18,1368.333930422572,3984.447048889108,2887.786697888336,3633.855216760691,58.080545399214564,86.59875103818445,28.51820563896988
2023-04-19 → 2024-04-19,1368.333930422572,3984.447048889108,2883.087118870089,3645.0250414274797,57.90090565102959,87.02571364113703,29.124807990107442
2023-04-20 → 2024-04-20,1368.333930422572,3984.447048889108,2877.822888626328,3650.65045431831,57.69968230917172,87.24074306211742,29.541060752945697
2023-04-21 → 2024-04-21,1368.333930422572,3984.447048889108,2872.372075719198,3654.2460383822017,57.49132691090342,87.3781829930788,29.886856082175377
2023-04-22 → 2024-04-22,1368.333930422572,3984.447048889108,2866.4584462858948,3653.877764719336,57.26528051437872,87.36410586238186,30.09882534800314
2023-04-23 → 2024-04-23,1368.333930422572,3984.447048889108,2860.771242491069,3655.794913607542,57.04788915791631,87.43738820153891,30.3894990436226
2023-04-24 → 2024-04-24,1368.333930422572,3984.447048889108,2855.1453635417643,3656.8181579869793,56.83284192201534,87.47650135655556,30.64365943454022
2023-04-25 → 2024-04-25,1368.333930422572,3984.447048889108,2849.46777021869,3657.568998307474,56.615817922441416,87.50520196262626,30.889384040184844
2023-04-26 → 2024-04-26,1368.333930422572,3984.447048889108,2844.1127817908114,3661.866420249259,56.41112538104941,87.66946939859646,31.258344017547053
2023-04-27 → 2024-04-27,1368.333930422572,3984.447048889108,2838.8089007453477,3664.7719051013837,56.208386401300224,87.78053053091583,31.5721441296156
2023-04-28 → 2024-04-28,1368.333930422572,3984.447048889108,2833.8880504019153,3669.4516482294853,56.020288634858204,87.95941205920558,31.939123424347372
2023-04-29 → 2024-04-29,1368.333930422572,3984.447048889108,2828.868102247055,3672.770425598878,55.8284028895735,88.08627115203173,32.257868262458224
2023-04-30 → 2024-04-30,1368.333930422572,3984.447048889108,2824.0371494431747,3675.8593468938775,55.64374142483103,88.2043440775943,32.56060265276327
2023-05-01 → 2024-05-01,1368.333930422572,3984.447048889108,2819.443637674983,3679.184112398316,55.46815605981883,88.3314320647677,32.863276004948865
2023-05-02 → 2024-05-02,1368.333930422572,3984.447048889108,2814.3570338492395,3679.2800054669956,55.27372242505593,88.33509754345067,33.06137511839474
2023-05-03 → 2024-05-03,1368.333930422572,3984.447048889108,2809.18605034124,3679.631596705475,55.07606340673983,88.3485369943673,33.272473587627466
2023-05-04 → 2024-05-04,1368.333930422572,3984.447048889108,2804.0701897896543,3680.0416307414284,54.880511443964444,88.36421040057664,33.483698956612194
2023-05-05 → 2024-05-05,1368.333930422572,3984.447048889108,2798.8804092630035,3680.2994415351754,54.6821339162491,88.37406512711453,33.691931210865434
2023-05-06 → 2024-05-06,1368.333930422572,3984.447048889108,2793.9698383805257,3680.776578410064,54.494429078571585,88.39230351564294,33.89787443707135
2023-05-07 → 2024-05-07,1368.333930422572,3984.447048889108,2788.908174201194,3681.061951361301,54.300948752984645,88.40321179591655,34.1022630429319
2023-05-08 → 2024-05-08,1368.333930422572,3984.447048889108,2783.895572753712,3681.1695763635553,54.109343832994774,88.40732572361695,34.297981890622175
2023-05-09 → 2024-05-09,1368.333930422572,3984.447048889108,2778.393621519521,3681.035497577292,53.8990336902355,88.4022006093657,34.50316691913021
2023-05-10 → 2024-05-10,1368.333930422572,3984.447048889108,2773.0107862792524,3680.8807966756344,53.69327671427479,88.39628722203679,34.703010507762
2023-05-11 → 2024-05-11,1368.333930422572,3984.447048889108,2767.63312907082,3680.706653464535,53.48771766675222,88.38963065929605,34.90191299254383
2023-05-12 → 2024-05-12,1368.333930422572,3984.447048889108,2761.9716779095597,3680.3925859734027,53.271310695612584,88.37762554036921,35.106314844756625
2023-05-13 → 2024-05-13,1368.333930422572,3984.447048889108,2756.1272557737857,3680.0278349827095,53.04790972359347,88.36368306257197,35.315773338978495
2023-05-14 → 2024-05-14,1368.333930422572,3984.447048889108,2750.4023514497044,3679.6777551521945,52.82907727771524,88.350301384691,35.52122410697575
2023-05-15 → 2024-05-15,1368.333930422572,3984.447048889108,2744.3908139145046,3679.3398198777973,52.599288378574535,88.33738392817843,35.73809554960389
2023-05-16 → 2024-05-16,1368.333930422572,3984.447048889108,2738.5595151864663,3679.063331498744,52.37638904418122,88.32681525753871,35.950426213357495
2023-05-17 → 2024-05-17,1368.333930422572,3984.447048889108,2732.5467879566513,3678.736995172241,52.146554669384024,88.31434116671292,36.1677864973289
2023-05-18 → 2024-05-18,1368.333930422572,3984.447048889108,2726.6708764794885,3678.4807973389743,51.92195002841166,88.30454809501973,36.38259806660807
2023-05-19 → 2024-05-19,1368.333930422572,3984.447048889108,2720.6324155242537,3678.1043255195623,51.69113199104886,88.29015759268422,36.59902560163536
2023-05-20 → 2024-05-20,1368.333930422572,3984.447048889108,2714.3259514745373,3677.732075588087,51.4500696300523,88.27592847052404,36.82585884047174
2023-05-21 → 2024-05-21,1368.333930422572,3984.447048889108,2708.152194911042,3677.4000793464916,51.21407996584718,88.2632380314428,37.04915806559561
2023-05-22 → 2024-05-22,1368.333930422572,3984.447048889108,2701.9210475112354,3676.9956376679356,50.97589655719324,88.24777839111985,37.271881833926614
2023-05-23 → 2024-05-23,1368.333930422572,3984.447048889108,2695.7974543913992,3676.604356192005,50.74182437290536,88.23282179489439,37.49099742198903
2023-05-24 → 2024-05-24,1368.333930422572,3984.447048889108,2689.76118886257,3676.2843821514525,50.51109025494156,88.22059090020204,37.70950064526048
2023-05-25 → 2024-05-25,1368.333930422572,3984.447048889108,2683.349904978657,3675.7706574609306,50.26602119280287,88.20095395534305,37.934932762540186
2023-05-26 → 2024-05-26,1368.333930422572,3984.447048889108,2677.0427699806983,3675.2841650134706,50.024933185046706,88.18235795335728,38.15742476831058
2023-05-27 → 2024-05-27,1368.333930422572,3984.447048889108,2670.77450099301,3674.843889160326,49.78533081680651,88.16552856436654,38.38019774756003
2023-05-28 → 2024-05-28,1368.333930422572,3984.447048889108,2664.6149543872157,3674.4277965313627,49.54988432321586,88.14962357057915,38.59973924736329
2023-05-29 → 2024-05-29,1368.333930422572,3984.447048889108,2658.9490185913423,3674.2592367030725,49.33330592850201,88.14318043067436,38.809874502172356
2023-05-30 → 2024-05-30,1368.333930422572,3984.447048889108,2653.1203138511573,3674.020666875789,49.110505748378245,88.13406118328405,39.0235554349058
2023-05-31 → 2024-05-31,1368.333930422572,3984.447048889108,2647.331998254062,3673.796865031053,48.88924942898452,88.12550643681088,39.23625700782636
2023-06-01 → 2024-06-01,1368.333930422572,3984.447048889108,2641.3448314815764,3673.4397557745715,48.660392093641356,88.11185606160498,39.451463967963626
2023-06-02 → 2024-06-02,1368.333930422572,3984.447048889108,2635.2058471163855,3672.9955299097105,48.425731584435646,88.09487568481144,39.669144100375796
2023-06-03 → 2024-06-03,1368.333930422572,3984.447048889108,2629.1670577140007,3672.6371462430825,48.19490099229655,88.08117659572777,39.886275603431216
2023-06-04 → 2024-06-04,1368.333930422572,3984.447048889108,2622.9668109406825,3672.229770647899,47.95789874917671,88.06560480747795,40.10770605830125
2023-06-05 → 2024-06-05,1368.333930422572,3984.447048889108,2616.7668012402137,3671.842391424646,47.7209055680828,88.0507973734829,40.329891805400095
2023-06-06 → 2024-06-06,1368.333930422572,3984.447048889108,2610.0489895212495,3671.062343190217,47.46411958770815,88.02098030521765,40.5568607175095
2023-06-07 → 2024-06-07,1368.333930422572,3984.447048889108,2603.966147835765,3670.6753426680953,47.23160511260585,88.00618734693958,40.774582234333735
2023-06-08 → 2024-06-08,1368.333930422572,3984.447048889108,2597.5525867525553,3670.0316289411103,46.98644900532832,87.98158161707106,40.99513261174274
2023-06-09 → 2024-06-09,1368.333930422572,3984.447048889108,2591.1912112843465,3669.437065120988,46.74328767475338,87.9588546250337,41.21556695028031
2023-06-10 → 2024-06-10,1368.333930422572,3984.447048889108,2584.8200653897015,3668.8228519743816,46.49975287307861,87.9353765444312,41.43562367135258
2023-06-11 → 2024-06-11,1368.333930422572,3984.447048889108,2578.329283291991,3668.0243255703,46.25164501979454,87.90485315465706,41.653208134862524
2023-06-12 → 2024-06-12,1368.333930422572,3984.447048889108,2571.8061008577156,3667.234137543648,46.00229867508834,87.87464849641525,41.87234982132691
2023-06-13 → 2024-06-13,1368.333930422572,3984.447048889108,2565.3684400353773,3666.4398238644835,45.756221363794104,87.84428613656324,42.08806477276914
2023-06-14 → 2024-06-14,1368.333930422572,3984.447048889108,2558.9698060429046,3665.663911731067,45.51163583928807,87.81462716929842,42.30299133001035
2023-06-15 → 2024-06-15,1368.333930422572,3978.509780532298,2552.228702689681,3664.5848396211727,45.35689701585971,87.97303480920917,42.61613779334946
2023-06-16 → 2024-06-16,1368.333930422572,3978.509780532298,2545.6578524406373,3663.652915632572,45.10515726243399,87.93733131480431,42.83217405237032
2023-06-17 → 2024-06-17,1368.333930422572,3978.509780532298,2539.4083632115735,3662.957286215223,44.86572936224861,87.9106806423096,43.04495128006099
2023-06-18 → 2024-06-18,1368.333930422572,3978.509780532298,2533.3163858744933,3662.3126663652065,44.632335993873674,87.88598422769871,43.25364823382504
2023-06-19 → 2024-06-19,1368.333930422572,3978.509780532298,2527.1769902423202,3661.614873852623,44.39712595498243,87.85925068357547,43.46212472859304
2023-06-20 → 2024-06-20,1368.333930422572,3978.509780532298,2521.200114585455,3661.037522768304,44.16814231556158,87.83713144267088,43.6689891271093
2023-06-21 → 2024-06-21,1368.333930422572,3978.509780532298,2515.82548185251,3660.8823851625293,43.962231563122465,87.83118787355203,43.86895631042956
2023-06-22 → 2024-06-22,1368.333930422572,3978.509780532298,2511.0132490202955,3661.1683815874985,43.77786724789779,87.84214485275163,44.06427760485384
2023-06-23 → 2024-06-23,1368.333930422572,3978.509780532298,2506.217711677758,3661.2647987747387,43.594142563511646,87.84583874897842,44.25169618546678
2023-06-24 → 2024-06-24,1368.333930422572,3978.509780532298,2501.846107964574,3661.3351464215903,43.42665945263235,87.84853387953251,44.42187442690016
2023-06-25 → 2024-06-25,1368.333930422572,3978.509780532298,2497.340049208609,3661.3880124467632,43.254025154610794,87.85055926127721,44.59653410666642
2023-06-26 → 2024-06-26,1368.333930422572,3978.509780532298,2492.878724760451,3661.3933433276743,43.08310469927172,87.85076349582758,44.76765879655586
2023-06-27 → 2024-06-27,1368.333930422572,3978.509780532298,2488.2984185839864,3661.356105108861,42.90762586414757,87.84933684027057,44.941710976123
2023-06-28 → 2024-06-28,1368.333930422572,3978.509780532298,2483.931818111715,3661.34024219852,42.7403344354077,87.84872910687436,45.108394671466655
2023-06-29 → 2024-06-29,1368.333930422572,3978.509780532298,2479.355553667462,3661.2507246350656,42.56501044549107,87.84529954623956,45.28028910074849
2023-06-30 → 2024-06-30,1368.333930422572,3978.509780532298,2474.751683606397,3661.214051753679,42.3886288403639,87.84389454966107,45.45526570929717
2023-07-01 → 2024-07-01,1368.333930422572,3978.509780532298,2470.1497881219793,3661.1640691173184,42.21232288441752,87.84197963514072,45.6296567507232
2023-07-02 → 2024-07-02,1368.333930422572,3978.509780532298,2465.632699640465,3661.1320907376185,42.03926602001796,87.84075449240947,45.80148847239151
2023-07-03 → 2024-07-03,1368.333930422572,3978.509780532298,2461.2514618814935,3661.0977090331994,41.87141381347841,87.839437274475,45.96802346099659
2023-07-04 → 2024-07-04,1368.333930422572,3978.509780532298,2457.2455332165796,3661.12317051344,41.7179402969433,87.84041274439362,46.12247244745032
2023-07-05 → 2024-07-05,1368.333930422572,3978.509780532298,2453.202636881632,3661.1032340477104,41.563050490006425,87.83964894659321,46.27659845658679
2023-07-06 → 2024-07-06,1368.333930422572,3978.509780532298,2448.945263037313,3661.0413420178443,41.39994370759788,87.8372777642124,46.437334056614525
2023-07-07 → 2024-07-07,1368.333930422572,3978.509780532298,2444.71241481277,3660.9100181760614,41.237776540800866,87.83224653837459,46.594469997573725
2023-07-08 → 2024-07-08,1368.333930422572,3978.509780532298,2440.534871549959,3660.803415956162,41.077728195298185,87.82816243730169,46.7504342420035
2023-07-09 → 2024-07-09,1368.333930422572,3978.509780532298,2436.2307643456493,3660.6995895848504,40.91283098332955,87.82418468341558,46.91135370008603
2023-07-10 → 2024-07-10,1368.333930422572,3978.509780532298,2431.917809482829,3660.539552461792,40.747594803451506,87.81805340597496,47.07045860252346
2023-07-11 → 2024-07-11,1368.333930422572,3978.509780532298,2427.70776516331,3660.3716475473084,40.586301290627766,87.81162070089586,47.22531941026809
2023-07-12 → 2024-07-12,1368.333930422572,3978.509780532298,2423.51729199562,3660.2140251009105,40.42575757984621,87.80558193356946,47.379824353723244
2023-07-13 → 2024-07-13,1368.333930422572,3978.509780532298,2419.142588066959,3660.014537277948,40.258155694767204,87.79793923689236,47.53978354212516
2023-07-14 → 2024-07-14,1368.333930422572,3978.509780532298,2414.9402612921067,3659.9132514113126,40.097157853388985,87.79405881379247,47.69690096040349
2023-07-15 → 2024-07-15,1368.333930422572,3978.509780532298,2410.1598718537657,3659.6975843644914,39.914013509373234,87.7857962652438,47.87178275587057
2023-07-16 → 2024-07-16,1368.333930422572,3978.509780532298,2405.348786462295,3659.475822917937,39.7296931544336,87.77730023052088,48.04760707608728
2023-07-17 → 2024-07-17,1368.333930422572,3978.509780532298,2400.5852693135,3659.2461422633987,39.54719521474135,87.76850079830912,48.22130558356777
2023-07-18 → 2024-07-18,1368.333930422572,3978.509780532298,2395.804467273508,3659.0017735753913,39.36403506329827,87.75913864410802,48.39510358080975
2023-07-19 → 2024-07-19,1368.333930422572,3978.509780532298,2390.7535502634096,3658.7210123733557,39.170526376522005,87.74838223464909,48.57785585812708
2023-07-20 → 2024-07-20,1368.333930422572,3978.509780532298,2385.7001214511815,3658.444348372729,38.976921458599875,87.73778279551111,48.76086133691123
2023-07-21 → 2024-07-21,1368.333930422572,3978.509780532298,2380.561950595066,3658.1647567860177,38.78006993781442,87.72707119588078,48.947001258066365
2023-07-22 → 2024-07-22,1368.333930422572,3978.509780532298,2375.4895504357773,3657.895087981202,38.585738197327466,87.71673975385151,49.13100155652405
2023-07-23 → 2024-07-23,1368.333930422572,3978.509780532298,2370.456895511326,3657.601282285445,38.39292916018003,87.70548358903241,49.31255442885238
2023-07-24 → 2024-07-24,1368.333930422572,3978.509780532298,2365.5636797971556,3657.400946711087,38.20546226158143,87.69780841364721,49.49234615206578
2023-07-25 → 2024-07-25,1368.333930422572,3978.509780532298,2360.3712047150907,3657.08083342692,38.00653025928562,87.685544363156,49.67901410387038
2023-07-26 → 2024-07-26,1368.333930422572,3978.509780532298,2355.058730658131,3656.7621470937297,37.80300090486545,87.67333498143266,49.87033407656721
2023-07-27 → 2024-07-27,1368.333930422572,3978.509780532298,2349.781092892515,3656.496252846575,37.60080618432989,87.66314814872774,50.06234196439785
2023-07-28 → 2024-07-28,1368.333930422572,3978.509780532298,2344.4471604352334,3656.199272804429,37.39645472436762,87.65177036963544,50.25531564526782
2023-07-29 → 2024-07-29,1368.333930422572,3978.509780532298,2339.22762944943,3655.915070771399,37.19648616724593,87.64088213645307,50.44439596920714
2023-07-30 → 2024-07-30,1368.333930422572,3978.509780532298,2334.0639284987424,3655.6335982839214,36.99865654781739,87.63009847651439,50.631441928697
2023-07-31 → 2024-07-31,1368.333930422572,3978.509780532298,2328.964514697312,3655.2668973824693,36.80328987161372,87.61604958009859,50.81275970848487
2023-08-01 → 2024-08-01,1368.333930422572,3978.509780532298,2323.8198939241593,3654.891231685496,36.60619124421907,87.6016572280677,50.995465983848625
2023-08-02 → 2024-08-02,1368.333930422572,3978.509780532298,2319.013243744236,3654.5457417977154,36.422040809307916,87.58842095941682,51.16638015010891
2023-08-03 → 2024-08-03,1368.333930422572,3978.509780532298,2314.1533738232415,3654.138430397247,36.235851441231794,87.5728162100107,51.336964768778905
2023-08-04 → 2024-08-04,1368.333930422572,3978.509780532298,2309.492681700079,3653.754639319302,36.05729289227555,87.55811256167495,51.5008196693994
2023-08-05 → 2024-08-05,1368.333930422572,3978.509780532298,2305.1293591780304,3653.3528903952415,35.89012704703699,87.54272091961208,51.65259387257509
2023-08-06 → 2024-08-06,1368.333930422572,3978.509780532298,2300.6122687568704,3652.9466305207957,35.71707010832652,87.52715645584506,51.81008634751854
2023-08-07 → 2024-08-07,1368.333930422572,3978.509780532298,2296.1744766163524,3652.5976529737864,35.54705121322673,87.51378656940638,51.96673535617965
2023-08-08 → 2024-08-08,1368.333930422572,3978.509780532298,2291.232887384246,3652.260450345168,35.357731048001135,87.50086779887205,52.143136750870916
2023-08-09 → 2024-08-09,1368.333930422572,3978.509780532298,2286.5703937795297,3652.0430057259628,35.17910348141322,87.49253714869015,52.313433667276925
2023-08-10 → 2024-08-10,1368.333930422572,3978.509780532298,2281.8359994711695,3651.902451102822,34.99772128418842,87.48715227689559,52.48943099270716
2023-08-11 → 2024-08-11,1368.333930422572,3978.509780532298,2277.2086474765088,3651.7276885719366,34.82044004873195,87.48045684559436,52.66001679686241
2023-08-12 → 2024-08-12,1368.333930422572,3978.509780532298,2272.528216096713,3651.707801328744,34.641125257370334,87.47969493358787,52.83856967621753
2023-08-13 → 2024-08-13,1368.333930422572,3978.509780532298,2267.7662588152943,3662.3675409538555,34.45868707868522,87.8880865607138,53.42939948202858
2023-08-14 → 2024-08-14,1368.333930422572,3978.509780532298,2263.093011770353,3672.756418536398,34.27964753065075,88.28610103096898,54.00645350031823
2023-08-15 → 2024-08-15,1368.333930422572,3978.509780532298,2258.5547484960493,3674.513368054142,34.10577942616604,88.3534125692958,54.24763314312976
2023-08-16 → 2024-08-16,1368.333930422572,3978.509780532298,2253.836887304497,3675.4496785525257,33.92503063901616,88.38928411788683,54.464253478870674
2023-08-17 → 2024-08-17,1368.333930422572,3978.509780532298,2248.9468171429166,3676.033199492222,33.73768425155438,88.41163973579174,54.67395548423736
2023-08-18 → 2024-08-18,1368.333930422572,3978.509780532298,2243.361035756696,3674.69320956278,33.52368405743007,88.3603025843356,54.83661852690553
2023-08-19 → 2024-08-19,1368.333930422572,3978.509780532298,2237.4824008548267,3671.1757858967485,33.29846417802531,88.22554447346413,54.92708029543881
2023-08-20 → 2024-08-20,1368.333930422572,3978.509780532298,2231.6488293656053,3663.0427284919638,33.07497074983441,87.9139540722104,54.838983322375995
2023-08-21 → 2024-08-21,1368.333930422572,3978.509780532298,2225.6966564912377,3659.6453422556383,32.84693351341153,87.78379478672844,54.93686127331691
2023-08-22 → 2024-08-22,1368.333930422572,3978.509780532298,2219.780039329026,3656.7385602035088,32.62025847303204,87.67243133004764,55.052172857015606
2023-08-23 → 2024-08-23,1368.333930422572,3978.509780532298,2213.541665712442,3653.5177178014364,32.381256429689955,87.54903572044007,55.16777929075012
2023-08-24 → 2024-08-24,1368.333930422572,3978.509780532298,2207.496783785577,3651.101573160959,32.14966736159667,87.45646936555728,55.30680200396061
2023-08-25 → 2024-08-25,1368.333930422572,3978.509780532298,2201.2922794728634,3648.072185205334,31.91196290530677,87.34040868115942,55.42844577585265
2023-08-26 → 2024-08-26,1368.333930422572,3978.509780532298,2195.1549580655683,3644.845185150872,31.67683233327895,87.21677716206747,55.53994482878852
2023-08-27 → 2024-08-27,1368.333930422572,3978.509780532298,2189.253259354099,3641.5117675416886,31.450728842542063,87.08906861672011,55.63833977417805
2023-08-28 → 2024-08-28,1368.333930422572,3978.509780532298,2183.4183939328173,3638.2805889558986,31.22718584175012,86.96527701142828,55.738091169678164
2023-08-29 → 2024-08-29,1368.333930422572,3978.509780532298,2177.5717267760247,3634.2754604704296,31.003190697647216,86.81183415104398,55.80864345339677
2023-08-30 → 2024-08-30,1368.333930422572,3978.509780532298,2172.3321809831955,3633.72122460675,30.802455341345116,86.79060049111045,55.98814514976534
2023-08-31 → 2024-08-31,1368.333930422572,3978.509780532298,2166.9723147922964,3632.3386486728073,30.59711031868414,86.737631801898,56.14052148321386
2023-09-01 → 2024-09-01,1368.333930422572,3978.509780532298,2161.2253532608333,3627.8473500013574,30.37693505611624,86.5655629862563,56.18862793014006
2023-09-02 → 2024-09-02,1368.333930422572,3978.509780532298,2155.271154574626,3622.9119660401125,30.148820207610648,86.37648055485468,56.22766034724403
2023-09-03 → 2024-09-03,1368.333930422572,3978.509780532298,2149.4652619566104,3618.0553620838814,29.92638720112292,86.19041631109782,56.2640291099749
2023-09-04 → 2024-09-04,1368.333930422572,3978.509780532298,2143.6653805631354,3613.3451264528144,29.704184494235136,86.00995967133275,56.305775177097615
2023-09-05 → 2024-09-05,1368.333930422572,3978.509780532298,2137.959875032023,3609.200465588945,29.485597477162216,85.85117110298036,56.36557362581814
2023-09-06 → 2024-09-06,1368.333930422572,3978.509780532298,2132.4524381861747,3604.972283674543,29.27459878733768,85.68918270996753,56.414583922629845
2023-09-07 → 2024-09-07,1368.333930422572,3978.509780532298,2126.912392836185,3599.5406560443544,29.062350813709507,85.4810883921092,56.41873757839969
2023-09-08 → 2024-09-08,1368.333930422572,3978.509780532298,2121.48350105092,3595.1116342893606,28.85436131043383,85.31140550446744,56.457044194033614
2023-09-09 → 2024-09-09,1368.333930422572,3978.509780532298,2115.733945496013,3589.8708338698725,28.63408666669037,85.11062208141693,56.47653541472657
2023-09-10 → 2024-09-10,1368.333930422572,3978.509780532298,2109.9365701670595,3586.406181469029,28.41197997113153,84.977885721884,56.565905750752464
2023-09-11 → 2024-09-11,1368.333930422572,3978.509780532298,2104.134481579674,3580.839403968284,28.189692703124596,84.7646135969231,56.574920893798506
2023-09-12 → 2024-09-12,1368.333930422572,3867.020615587954,2097.9817048198793,3573.4465530166267,29.20125115042239,88.25086537202657,59.04961422160417
2023-09-13 → 2024-09-13,1368.333930422572,3817.589774909385,2091.9459144634893,3559.162740354058,29.544156673944126,89.44875296972191,59.90459629577778
2023-09-14 → 2024-09-14,1368.333930422572,3817.589774909385,2086.09736825128,3546.676254165006,29.305367973066907,88.93894562488457,59.63357765181766
2023-09-15 → 2024-09-15,1368.333930422572,3817.589774909385,2080.444975668019,3535.7583381871063,29.074587975298034,88.4931810061137,59.41859303081567
2023-09-16 → 2024-09-16,1368.333930422572,3817.589774909385,2074.9088423621247,3525.0774197426394,28.848554695910085,88.05709269510653,59.20853799919645
2023-09-17 → 2024-09-17,1368.333930422572,3817.589774909385,2069.1715037277672,3513.142414105065,28.614306458949784,87.56980159955033,58.95549514060055
2023-09-18 → 2024-09-18,1368.333930422572,3817.589774909385,2063.3347650068695,3500.285084131399,28.37599984292043,87.04485317480297,58.66885333188254
2023-09-19 → 2024-09-19,1368.333930422572,3817.589774909385,2057.4796242631696,3488.5116523485017,28.136941895712525,86.56415893416661,58.42721703845409
2023-09-20 → 2024-09-20,1368.333930422572,3817.589774909385,2051.7820623066814,3478.992994668829,27.904317689902697,86.17552425146906,58.27120656156636
2023-09-21 → 2024-09-21,1368.333930422572,3817.589774909385,2046.0398175779928,3468.5162879667587,27.669869143352766,85.74777364609017,58.0779045027374
2023-09-22 → 2024-09-22,1368.333930422572,3817.589774909385,2040.0714347574622,3454.023333755038,27.42618766622308,85.15604476466915,57.72985709844607
2023-09-23 → 2024-09-23,1368.333930422572,3817.589774909385,2034.1227038738969,3438.926407060374,27.183308552676987,84.53965645518949,57.356347902512496
2023-09-24 → 2024-09-24,1368.333930422572,3817.589774909385,2028.1045854871184,3423.105821563506,26.937596435654793,83.89372207750986,56.95612564185507
2023-09-25 → 2024-09-25,1368.333930422572,3817.589774909385,2022.059863394899,3404.6740278101365,26.690798123186703,83.14117538889589,56.450377265709186
2023-09-26 → 2024-09-26,1368.333930422572,3817.589774909385,2015.8832833606261,3385.4121558207526,26.438616218704325,82.3547376619944,55.91612144329008
2023-09-27 → 2024-09-27,1368.333930422572,3797.071930895616,2009.6241911110612,3364.656782061052,26.40425853112133,82.19589149795728,55.79163296683595
2023-09-28 → 2024-09-28,1368.333930422572,3739.5283018644486,2003.4208285073046,3343.908684851124,26.783417915189666,83.31559733027048,56.53217941508081
2023-09-29 → 2024-09-29,1368.333930422572,3739.5283018644486,1997.4939984409,3326.676680187606,26.53346666118089,82.58887476079005,56.05540809960916
2023-09-30 → 2024-09-30,1368.333930422572,3739.5283018644486,1991.676175059301,3307.894769969441,26.288112528610924,81.79678827288461,55.50867574427369
2023-10-01 → 2024-10-01,1368.333930422572,3739.5283018644486,1986.0532772224346,3288.678341621953,26.050978959782185,80.98637692158731,54.93539796180512
2023-10-02 → 2024-10-02,1368.333930422572,3739.5283018644486,1980.7944894727682,3274.469471893372,25.829200947274984,80.38714853695087,54.55794758967589
2023-10-03 → 2024-10-03,1368.333930422572,3739.5283018644486,1975.3939607364766,3257.3391094627436,25.601445314867348,79.66471250905951,54.063267194192164
2023-10-04 → 2024-10-04,1368.333930422572,3739.5283018644486,1969.854749738312,3238.6620417727063,25.36784105766779,78.87704752828105,53.509206470613265
2023-10-05 → 2024-10-05,1368.333930422572,3739.5283018644486,1964.445031357437,3221.272625996603,25.13969787185273,78.14368648519081,53.00398861333808
2023-10-06 → 2024-10-06,1368.333930422572,3739.5283018644486,1958.849619942909,3200.864830881193,24.90372348350574,77.2830318142285,52.37930833072275
2023-10-07 → 2024-10-07,1368.333930422572,3739.5283018644486,1953.4634991129403,3182.5887777533308,24.676575473421128,76.512278756277,51.835703282855874
2023-10-08 → 2024-10-08,1368.333930422572,3739.5283018644486,1948.108501930669,3163.6623437084204,24.450740035940097,75.71409728820099,51.26335725226089
2023-10-09 → 2024-10-09,1368.333930422572,3739.5283018644486,1942.850139211506,3143.6586369885404,24.228979948176164,74.87048417234679,50.64150422417063
2023-10-10 → 2024-10-10,1368.333930422572,3739.5283018644486,1937.4992464509567,3120.716871597414,24.00331760581426,73.90296477927502,49.899647173460764
2023-10-11 → 2024-10-11,1368.333930422572,3739.5283018644486,1931.9242043899771,3095.719068405378,23.768202250948203,72.84873643371618,49.08053418276798
2023-10-12 → 2024-10-12,1368.333930422572,3739.5283018644486,1926.078922116572,3065.948949065624,23.521690098937196,71.59324596451222,48.07155586557502
2023-10-13 → 2024-10-13,1368.333930422572,3725.442797957194,1920.2311229765137,3034.310903553088,23.4141579184329,70.67883015827844,47.264672239845545
2023-10-14 → 2024-10-14,1368.333930422572,3722.732486993116,1914.202923899059,3001.919954840246,23.18507170135242,69.38443025539326,46.199358554040835
2023-10-15 → 2024-10-15,1368.333930422572,3685.9148358231714,1908.1301094536873,2968.231939570495,23.291362893663912,69.03310281076797,45.741739917104056
2023-10-16 → 2024-10-16,1368.333930422572,3530.0669011531536,1902.113757350667,2934.7403088940164,24.69221842639048,72.46067852414075,47.768460097750264
2023-10-17 → 2024-10-17,1368.333930422572,3530.0669011531536,1896.6018006817592,2907.8681968209903,24.43723981693508,71.2175965877097,46.78035677077463
2023-10-18 → 2024-10-18,1368.333930422572,3530.0669011531536,1891.0028249333284,2879.391541574308,24.178235775999415,69.90028979578628,45.72205401978687
2023-10-19 → 2024-10-19,1368.333930422572,3485.4915319071238,1885.3701869036888,2849.0639739856106,24.421245547264448,69.93952847557263,45.51828292830818
2023-10-20 → 2024-10-20,1368.333930422572,3366.438285136628,1879.821207094887,2819.423655409292,25.598626791717937,72.62332027670207,47.02469348498414
2023-10-21 → 2024-10-21,1368.333930422572,3341.9615646466395,1874.688648706187,2793.8966013723693,25.656041165165817,72.23057917458974,46.57453800942392
2023-10-22 → 2024-10-22,1368.333930422572,3335.094338773462,1869.6236656652757,2768.361486082899,25.488093674970326,71.18444878775229,45.69635511278196
2023-10-23 → 2024-10-23,1368.333930422572,3034.5174188335154,1864.62459710418,2742.0116308563274,29.786075191209925,82.44456327819249,52.658488086982565
2023-10-24 → 2024-10-24,1368.333930422572,2951.5105202628943,1860.3555053602856,2728.1768229964587,31.078123444671355,85.89331735324859,54.815193908577236
2023-10-25 → 2024-10-25,1368.333930422572,2950.1189293651382,1856.4254252899423,2717.4873677057226,30.85700617932669,85.29309850485804,54.43609232553135
2023-10-26 → 2024-10-26,1368.333930422572,2950.1189293651382,1852.5903127234744,2708.6801847233446,30.614551448182343,84.73631088907804,54.1217594408957
2023-10-27 → 2024-10-27,1368.333930422572,2950.1189293651382,1848.6258038264289,2698.286590915879,30.363916317637052,84.07923082987823,53.71531451224118
2023-10-28 → 2024-10-28,1368.333930422572,2933.2748292840115,1844.4875578415522,2686.3108759154875,30.426300939888662,84.21895973527175,53.79265879538309
2023-10-29 → 2024-10-29,1368.333930422572,2898.962039392315,1840.244076840817,2674.5625195437597,30.831143349110775,85.3393833202503,54.50823997113953
2023-10-30 → 2024-10-30,1368.333930422572,2898.962039392315,1836.1240175332007,2664.15278686976,30.56196893087868,84.65928783441696,54.09731890353828
2023-10-31 → 2024-10-31,1368.333930422572,2887.133869769527,1832.0971973729474,2657.528079900539,30.53484892485457,84.88242039516327,54.347571470308694
2023-11-01 → 2024-11-01,1368.333930422572,2881.161712759552,1828.1518431758257,2651.0473420737444,30.39459733102853,84.78912316573587,54.394525834707345
2023-11-02 → 2024-11-02,1368.333930422572,2881.161712759552,1824.3968232611574,2642.7676931221617,30.14638534295493,84.24182696664091,54.095441623685986
2023-11-03 → 2024-11-03,1368.333930422572,2881.161712759552,1820.5493193254767,2632.095318352576,29.89206003371602,83.53636829552245,53.64430826180643
2023-11-04 → 2024-11-04,1368.333930422572,2855.6974541619375,1816.7188544944956,2625.1447065010198,30.1462901916973,84.49923344353051,54.35294325183321
2023-11-05 → 2024-11-05,1368.333930422572,2855.6974541619375,1812.8723552819495,2614.454339004946,29.887678282022673,83.78048733167233,53.89280904964966
2023-11-06 → 2024-11-06,1321.0731296676338,2855.6974541619375,1808.7101740121093,2603.3338320051967,31.77566239249882,83.55534848961157,51.77968609711276
2023-11-07 → 2024-11-07,1316.2692961945663,2823.3851023641114,1804.5155468786832,2591.378395322051,32.396067288620216,84.60591375312266,52.20984646450245
2023-11-08 → 2024-11-08,1307.062297812276,2809.7240621563824,1800.383877111512,2580.346136737988,32.82984840667486,84.7352257932433,51.90537738656844
2023-11-09 → 2024-11-09,1302.0960025420998,2809.7240621563824,1796.32021397881,2570.1595801999956,32.781574227475865,84.1098419183258,51.328267690849934
2023-11-10 → 2024-11-10,1243.6374487309906,2809.7240621563824,1792.2793657070088,2562.5576390197903,35.03266755955548,84.21757640875416,49.18490884919868
2023-11-11 → 2024-11-11,1125.3657635148375,2809.7240621563824,1788.0538699622962,2556.899850362345,39.34365431523237,84.98987940998404,45.64622509475167
2023-11-12 → 2024-11-12,1125.3657635148375,2809.7240621563824,1783.7802052167397,2549.7052682574554,39.089927732889215,84.56273857476552,45.4728108418763
2023-11-13 → 2024-11-13,1106.569479848316,2809.7240621563824,1779.4416698475643,2542.4197976290766,39.507405668802605,84.30534331387214,44.79793764506954
2023-11-14 → 2024-11-14,1106.569479848316,2809.7240621563824,1775.1099283800852,2533.072588629271,39.25306930306833,83.75652589606982,44.50345659300149
2023-11-15 → 2024-11-15,1097.2241010698879,2775.077235554889,1770.4437159520564,2519.9881228714357,40.12387026286458,84.7966960015395,44.67282573867492
2023-11-16 → 2024-11-16,1097.2241010698879,2775.077235554889,1766.2515605738372,2513.9097735874193,39.87401791929185,84.43442655380966,44.560408634517806
2023-11-17 → 2024-11-17,1097.2241010698879,2775.077235554889,1761.7528188540084,2501.9652890517123,39.605893038313546,83.72253560875545,44.116642570441904
2023-11-18 → 2024-11-18,1097.2241010698879,2775.077235554889,1757.3097652360364,2490.892482115765,39.34108716665209,83.06259662432544,43.72150945767335
2023-11-19 → 2024-11-19,1083.9622106839906,2775.077235554889,1752.8139490935082,2479.3516188229955,39.55093110597716,82.5129803483078,42.96204924233064
2023-11-20 → 2024-11-20,1062.0216311675938,2775.077235554889,1748.430505213244,2470.167549696675,40.06926992256954,82.20082961245906,42.13155968988952
2023-11-21 → 2024-11-21,1014.758970257484,2775.077235554889,1743.9325029652614,2460.7980338857024,41.42282376332577,82.14645567992848,40.723631916602706
2023-11-22 → 2024-11-22,1010.7304241467481,2686.060364902005,1739.1250184655119,2446.030580318511,43.477680222822,85.67268579493745,42.19500557211545
2023-11-23 → 2024-11-23,1010.7304241467481,2686.060364902005,1734.6287998417695,2435.2230150641703,43.20930212520885,85.02758509020889,41.81828296500004
2023-11-24 → 2024-11-24,1010.7304241467481,2686.060364902005,1730.106977493129,2423.642776645304,42.93939574804461,84.336363729141,41.39696798109639
2023-11-25 → 2024-11-25,1010.7304241467481,2686.060364902005,1725.8021228759967,2412.8725336873363,42.682440117251566,83.69349078238805,41.01105066513649
2023-11-26 → 2024-11-26,1010.7304241467481,2686.060364902005,1721.559438410779,2401.8971719229767,42.42919540634375,83.0383743484627,40.609178942118945
2023-11-27 → 2024-11-27,1010.7304241467481,2686.060364902005,1717.1286158055811,2389.4081953786313,42.16472077973973,82.29291064960972,40.12818986986999
2023-11-28 → 2024-11-28,1010.7304241467481,2651.6258332629036,1712.6557482719866,2375.547430577448,42.77696922214685,83.17513711406131,40.39816789191446
2023-11-29 → 2024-11-29,1010.7304241467481,2651.6258332629036,1708.2502803500222,2363.033563839563,42.50848971409964,82.41251283780564,39.904023123706
2023-11-30 → 2024-11-30,1010.7304241467481,2651.6258332629036,1703.8754372714288,2350.0093985230437,42.241876555558974,81.61878977391245,39.37691321835348
2023-12-01 → 2024-12-01,1010.7304241467481,2583.742072407147,1699.4458324617792,2335.997255316161,43.783236384592875,84.2502871885934,40.46705080400053
2023-12-02 → 2024-12-02,1010.7304241467481,2534.0654464057834,1695.2521032357113,2324.46779745549,44.93572780030025,86.24086980948749,41.30514200918724
2023-12-03 → 2024-12-03,1010.7304241467481,2526.713689303726,1691.185299982417,2314.6890621889797,44.885381750253615,86.01405226641526,41.12867051616165
2023-12-04 → 2024-12-04,1010.7304241467481,2526.713689303726,1687.1241378609893,2305.957423298448,44.61749210959804,85.43808028234275,40.82058817274471
2023-12-05 → 2024-12-05,1010.7304241467481,2526.713689303726,1683.433169898251,2302.0751649121676,44.37402187825903,85.18199180989657,40.807969931637544
2023-12-06 → 2024-12-06,1000.469163430156,2526.713689303726,1679.9759427994948,2303.323613504665,44.52148838865859,85.36341510078799,40.8419267121294
2023-12-07 → 2024-12-07,1000.2230474567828,2526.713689303726,1676.4726488190768,2303.8579201317193,44.30093331879722,85.40077724273716,41.09984392393994
2023-12-08 → 2024-12-08,992.0734958226994,2526.713689303726,1672.880488652922,2303.2852416616265,44.362645766884754,85.44098814880533,41.07834238192058
2023-12-09 → 2024-12-09,992.0734958226994,2526.713689303726,1669.5143101948704,2304.8692141301917,44.143299338168056,85.54420273130447,41.40090339313641
2023-12-10 → 2024-12-10,992.0734958226994,2526.713689303726,1666.0986224361907,2305.413678602613,43.920726791639616,85.5796810456829,41.65895425404329
2023-12-11 → 2024-12-11,987.0674238606069,2526.713689303726,1662.557613106513,2305.9438237320046,43.87307684934345,85.66100080733918,41.78792395799573
2023-12-12 → 2024-12-12,987.0674238606069,2526.713689303726,1658.6679407329227,2300.122962409437,43.62044269168707,85.2829359587298,41.66249326704273
2023-12-13 → 2024-12-13,987.0674238606069,2526.713689303726,1654.787084435279,2294.7369092497706,43.368381138020595,84.93311189325745,41.56473075523685
2023-12-14 → 2024-12-14,986.5155977930698,2526.713689303726,1651.1294106763391,2292.86042325576,43.15119052195444,84.81667602778302,41.66548550582858
2023-12-15 → 2024-12-15,956.467645851043,2526.713689303726,1647.4037350273707,2291.1111260245243,44.001772337352044,84.99581869595704,40.994046358605
2023-12-16 → 2024-12-16,944.6824897842039,2526.713689303726,1643.486808039385,2286.6153971940485,44.171336094219555,84.82341611324748,40.65208001902792
2023-12-17 → 2024-12-17,942.3657531713039,2526.713689303726,1639.59819215965,2282.4837332095603,44.00753288386714,84.58482821075532,40.577295326888176
2023-12-18 → 2024-12-18,942.3657531713039,2526.713689303726,1635.7331694153452,2276.14476452386,43.763582508058924,84.18472867825145,40.42114617019252
2023-12-19 → 2024-12-19,942.3657531713039,2526.713689303726,1632.1313218525997,2272.6270359983027,43.53624307834136,83.9626986275705,40.426455549229146
2023-12-20 → 2024-12-20,942.3657531713039,2526.713689303726,1628.4767369171796,2268.04038843838,43.3055750001955,83.6732011342914,40.3676261340959
2023-12-21 → 2024-12-21,942.3657531713039,2526.713689303726,1625.0343209996588,2266.524861402973,43.08829848920865,83.57754493398059,40.48924644477194
2023-12-22 → 2024-12-22,942.3657531713039,2526.713689303726,1621.6869977227198,2265.564034735269,42.87702398311056,83.51690000581857,40.63987602270801
2023-12-23 → 2024-12-23,942.3657531713039,2526.713689303726,1618.36985144376,2264.870303043638,42.66765417214231,83.47311343117737,40.805459259035054
2023-12-24 → 2024-12-24,942.3657531713039,2526.713689303726,1614.9068505131895,2263.5674875121113,42.449078387644875,83.39088303835676,40.94180465071189
2023-12-25 → 2024-12-25,942.3657531713039,2526.713689303726,1611.3302883532326,2260.5650570227,42.22333490804735,83.20137728517349,40.978042377126144
2023-12-26 → 2024-12-26,942.3657531713039,2526.713689303726,1607.9335206170701,2258.6835172428637,42.00893959381767,83.08261929414601,41.07367970032834
2023-12-27 → 2024-12-27,942.3657531713039,2526.713689303726,1604.4128482550088,2253.918757356646,41.78672373568643,82.78187980520212,40.995156069515694
2023-12-28 → 2024-12-28,942.3657531713039,2526.713689303726,1601.0043390299265,2251.2569007292677,41.57158732862909,82.61387020537418,41.04228287674509
2023-12-29 → 2024-12-29,942.3657531713039,2526.713689303726,1597.5342425955646,2246.5735865172537,41.35256369403322,82.31827135961518,40.96570766558196
2023-12-30 → 2024-12-30,942.3657531713039,2526.713689303726,1593.9914057410379,2239.962657644824,41.12894886967998,81.9010063939052,40.772057524225225
2023-12-31 → 2024-12-31,942.3657531713039,2526.713689303726,1590.4528920527641,2233.580704836681,40.905606912552074,81.49819381324681,40.59258690069474
2024-01-01 → 2025-01-01,942.3657531713039,2526.713689303726,1586.8833856752913,2226.9357730563033,40.68030877594539,81.0787826707298,40.3984738947844
2024-01-02 → 2025-01-02,942.3657531713039,2526.713689303726,1583.51100140776,2224.4635698532124,40.46745248405261,80.92274351123017,40.45529102717756
2024-01-03 → 2025-01-03,942.3657531713039,2526.713689303726,1580.2249562286959,2223.909974802485,40.26004569516975,80.88780200386918,40.62775630869943
2024-01-04 → 2025-01-04,942.3657531713039,2526.713689303726,1576.6285818276467,2218.1831225390583,40.03305171745622,80.52633769840818,40.49328598095197
2024-01-05 → 2025-01-05,942.3657531713039,2526.713689303726,1573.2396397669452,2215.73094136778,39.81915033989806,80.37156227847962,40.55241193858156
2024-01-06 → 2025-01-06,942.3657531713039,2526.713689303726,1569.7341219279426,2212.9116691333397,39.59789099660255,80.19361700710682,40.59572601050427
2024-01-07 → 2025-01-07,942.3657531713039,2526.713689303726,1566.33963115609,2209.421279122577,39.383639398551495,79.97331249373816,40.58967309518667
2024-01-08 → 2025-01-08,942.3657531713039,2526.713689303726,1562.9919279198314,2205.580319329545,39.17234091039044,79.73088091002884,40.558539999638406
2024-01-09 → 2025-01-09,942.3657531713039,2526.713689303726,1560.1428178529945,2208.457330293383,38.992512351154154,79.91247050270765,40.919958151553494
2024-01-10 → 2025-01-10,942.3657531713039,2526.713689303726,1557.105643863788,2209.5335659080242,38.80081367689572,79.98039974918797,41.179586072292246
2024-01-11 → 2025-01-11,942.3657531713039,2526.713689303726,1554.1658247273442,2212.1678236916237,38.61525979258795,80.14666738040222,41.53140758781427
2024-01-12 → 2025-01-12,942.3657531713039,2526.713689303726,1551.178848482657,2213.96619660993,38.426729471907336,80.26017609129161,41.833446619384276
2024-01-13 → 2025-01-13,942.3657531713039,2526.713689303726,1547.7022735508087,2207.65219306059,38.207296931077,79.86165229450785,41.654355363430845
2024-01-14 → 2025-01-14,942.3657531713039,2526.713689303726,1544.1644962548512,2201.1098040924735,37.98400145315354,79.44871339271035,41.46471193955681
2024-01-15 → 2025-01-15,942.3657531713039,2526.713689303726,1540.3796705518835,2191.8206009441833,37.74511291000897,78.86240258708224,41.11728967707327
2024-01-16 → 2025-01-16,942.3657531713039,2526.713689303726,1536.6981488948807,2183.7357537857115,37.512744654713366,78.35210765917596,40.83936300446259
2024-01-17 → 2025-01-17,942.3657531713039,2526.713689303726,1532.999125316708,2176.8602916568493,37.279271722801546,77.91814602915383,40.638874306352285
2024-01-18 → 2025-01-18,942.3657531713039,2526.713689303726,1529.2262756896455,2168.4594592832855,37.04113907901673,77.3879069205606,40.346767841543866
2024-01-19 → 2025-01-19,942.3657531713039,2526.713689303726,1525.3216482104058,2155.977172575499,36.79468895337252,76.60005682632833,39.805367872955806
2024-01-20 → 2025-01-20,942.3657531713039,2526.713689303726,1521.4287686443424,2143.821656627457,36.54898032603866,75.8328316688471,39.28385134280845
2024-01-21 → 2025-01-21,942.3657531713039,2526.713689303726,1517.4604323794758,2131.269962781145,36.29850906436909,75.04060077309121,38.74209170872212
2024-01-22 → 2025-01-22,942.3657531713039,2526.713689303726,1513.5257944382663,2117.793670651748,36.050164754923124,74.19001159239053,38.13984683746741
2024-01-23 → 2025-01-23,942.3657531713039,2516.5263834787474,1509.2563691284242,2098.2818690505824,36.01224710126329,73.43063303860679,37.418385937343494
2024-01-24 → 2025-01-24,942.3657531713039,2505.1567934795335,1505.0014273846057,2078.377124234732,36.00197721266261,72.69118786599726,36.689210653334655
2024-01-25 → 2025-01-25,942.3657531713039,2505.1567934795335,1500.8050977810199,2058.5870994974325,35.73346213320847,71.42486215597808,35.691400022769606
2024-01-26 → 2025-01-26,942.3657531713039,2388.8737129411197,1496.628776779449,2037.3757914860507,38.31731584085755,75.70024284477472,37.38292700391717
2024-01-27 → 2025-01-27,942.3657531713039,2381.915339734976,1492.7933785483008,2020.517326625166,38.23610041047038,74.89506325568833,36.65896284521795
2024-01-28 → 2025-01-28,942.3657531713039,2381.915339734976,1489.01919975843,2003.5926775674288,37.973922655351835,73.71937266359573,35.7454500082439
2024-01-29 → 2025-01-29,942.3657531713039,2348.7250048023193,1485.1510103581916,1985.5446534694643,38.59506428086538,74.17584796262696,35.58078368176158
2024-01-30 → 2025-01-30,942.3657531713039,2348.7250048023193,1481.4416444254823,1969.7906650848329,38.33130763913906,73.05565137229195,34.724343733152885
2024-01-31 → 2025-01-31,942.3657531713039,2348.7250048023193,1477.7620384118038,1952.679270233667,38.069667093921964,71.83893559847236,33.769268504550396
2024-02-01 → 2025-02-01,942.3657531713039,2348.7250048023193,1474.0724905472216,1933.9073548715573,37.807319627561334,70.50414753913837,32.69682791157704
2024-02-02 → 2025-02-02,942.3657531713039,2348.7250048023193,1470.5355752791293,1917.2909139772655,37.55582519155642,69.322625756918,31.766800565361578
2024-02-03 → 2025-02-03,942.3657531713039,2348.7250048023193,1466.9040071672337,1900.3093149817182,37.29760040953975,68.11513919359125,30.8175387840515
2024-02-04 → 2025-02-04,942.3657531713039,2348.7250048023193,1463.3493939349796,1880.192282089023,37.044847549405915,66.68470576277585,29.639858213369934
2024-02-05 → 2025-02-05,942.3657531713039,2346.3562367939194,1459.771485677169,1858.175887568407,36.852509938018976,65.229084176846,28.376574238827025
2024-02-06 → 2025-02-06,942.3657531713039,2320.0399387718735,1456.2005589028877,1836.238823226498,37.29726600833329,64.88276251365832,27.585496505325033
2024-02-07 → 2025-02-07,942.3657531713039,2259.7321962169453,1452.7059416462723,1814.5395086202332,38.73942525020634,66.20585791091932,27.466432660712982
2024-02-08 → 2025-02-08,942.3657531713039,2205.9427776628186,1449.3692357441862,1793.684113119614,40.124461963599664,67.37368149685179,27.249219533252123
2024-02-09 → 2025-02-09,942.3657531713039,2119.6784657802627,1446.1876925863414,1774.3608510042297,42.79423249397804,70.66899804294142,27.87476554896338
2024-02-10 → 2025-02-10,942.3657531713039,2092.361121125474,1443.210245162769,1758.106406206567,43.55187037687485,70.93425554282513,27.382385165950275
2024-02-11 → 2025-02-11,942.3657531713039,2074.654422592821,1440.3530572378666,1742.3873338391359,43.9805958953014,70.6552668301945,26.674670934893108
2024-02-12 → 2025-02-12,942.3657531713039,2014.9877142579796,1437.487377353719,1726.7672740245719,46.15993725140648,73.12935491816604,26.96941766675956
2024-02-13 → 2025-02-13,942.3657531713039,2014.9877142579796,1434.8592808032752,1713.8481079694184,45.91492114640511,71.92490763628633,26.00998648988122
2024-02-14 → 2025-02-14,942.3657531713039,1968.9247297129186,1432.1659701632225,1699.6858923259826,47.712818082991355,73.77268685585142,26.059868772860064
2024-02-15 → 2025-02-15,942.3657531713039,1968.9247297129186,1429.7025191800774,1688.8185380205475,47.47284638731302,72.71406727784662,25.241220890533604
2024-02-16 → 2025-02-16,942.3657531713039,1968.9247297129186,1427.2893384449035,1677.6393012476774,47.237771658016534,71.62506635063912,24.387294692622582
2024-02-17 → 2025-02-17,942.3657531713039,1968.9247297129186,1424.9096873142043,1666.3271271360018,47.005963141888614,70.52311562299701,23.517152481108397
2024-02-18 → 2025-02-18,942.3657531713039,1968.9247297129186,1422.491583239768,1653.7017327838362,46.77040881625379,69.29324041458966,22.52283159833587
2024-02-19 → 2025-02-19,942.3657531713039,1968.9247297129186,1420.0857706420231,1641.3071668609834,46.53605183796795,68.08585085333826,21.549799015370304
2024-02-20 → 2025-02-20,942.3657531713039,1968.9247297129186,1417.5953555347135,1627.7831438373325,46.29345349104203,66.76843769611156,20.474984205069532
2024-02-21 → 2025-02-21,942.3657531713039,1968.9247297129186,1415.2231043219888,1614.5467581685787,46.062365821757155,65.47904410341745,19.416678281660296
2024-02-22 → 2025-02-22,942.3657531713039,1968.9247297129186,1412.7777536713802,1599.7625241164296,45.824157330429486,64.03887024200368,18.214712911574196
2024-02-23 → 2025-02-23,942.3657531713039,1968.9247297129186,1410.3010886115342,1583.5713218087021,45.58289841433781,62.46163964174395,16.878741227406138
2024-02-24 → 2025-02-24,942.3657531713039,1938.8022905793323,1407.9021076242543,1565.8502189086842,46.7201208482301,62.57141747925198,15.851296631021874
2024-02-25 → 2025-02-25,942.3657531713039,1932.4986355847361,1405.6887772893515,1548.7367255229826,46.79402455443208,61.24137306435674,14.447348509924666
2024-02-26 → 2025-02-26,942.3657531713039,1857.3912301252,1403.6673852638544,1531.217729292752,50.41407520457414,64.3536153858498,13.939540181275667
2024-02-27 → 2025-02-27,942.3657531713039,1857.3912301252,1401.892341224189,1517.3825048339504,50.22008672180813,62.84161109665134,12.621524374843212
2024-02-28 → 2025-02-28,942.3657531713039,1857.3912301252,1400.3505959179122,1506.6156899083353,50.05159465846042,61.664942774643784,11.613348116183367
2024-02-29 → 2025-02-28,942.3657531713039,1857.3912301252,1399.8023580055415,1502.3130126690278,49.99167961498034,61.19471791777629,11.203038302795946
2024-03-01 → 2025-03-01,942.3657531713039,1857.3912301252,1398.5348603465145,1496.4765490833993,49.85315913757829,60.55687080503163,10.70371166745334
2024-03-02 → 2025-03-02,942.3657531713039,1857.3912301252,1397.0615132007847,1491.5705003989406,49.692142074902115,60.02070554974378,10.328563474841665
2024-03-03 → 2025-03-03,942.3657531713039,1857.3912301252,1395.823592805762,1486.2323754941451,49.556853995367575,59.43732016439189,9.880466169024317
2024-03-04 → 2025-03-04,942.3657531713039,1857.3912301252,1394.6149790844238,1481.5928395026215,49.42476874181139,58.930281168388355,9.505512426576963
2024-03-05 → 2025-03-05,942.3657531713039,1857.3912301252,1393.6174697249635,1482.1023259209524,49.315754360836884,58.98596119382622,9.670206832989336
2024-03-06 → 2025-03-06,942.3657531713039,1857.3912301252,1392.3733916537592,1478.3805664919482,49.179793329965285,58.579222854540426,9.39942952457514
2024-03-07 → 2025-03-07,942.3657531713039,1857.3912301252,1391.3968326853017,1476.9314850637768,49.0730685454589,58.42085770901515,9.34778916355625
2024-03-08 → 2025-03-08,942.3657531713039,1857.3912301252,1390.4938499630375,1476.3355250389604,48.974384656867066,58.35572727933571,9.381342622468644
2024-03-09 → 2025-03-09,942.3657531713039,1857.3912301252,1389.883924134565,1477.1900834487215,48.90772795234524,58.44911904068927,9.541391088344028
2024-03-10 → 2025-03-10,942.3657531713039,1857.3912301252,1389.35366913186,1478.1319619821377,48.84977819946293,58.55205371924617,9.702275519783235
2024-03-11 → 2025-03-11,942.3657531713039,1857.3912301252,1388.6890459239942,1479.2267874957972,48.777143805710494,58.671703449361246,9.894559643650751
2024-03-12 → 2025-03-12,942.3657531713039,1857.3912301252,1388.1717307707042,1483.5029621101942,48.72060820464591,59.13903192513574,10.418423720489827
2024-03-13 → 2025-03-13,942.3657531713039,1857.3912301252,1387.715366501989,1487.4563463569475,48.67073371697213,59.57108374733353,10.900350030361402
2024-03-14 → 2025-03-14,942.3657531713039,1857.3912301252,1387.2253234386894,1492.742399454478,48.617178589203355,60.14877838323892,11.531599794035564
2024-03-15 → 2025-03-15,942.3657531713039,1857.3912301252,1386.6433500852397,1496.9945817919418,48.553576714926905,60.61348482525181,12.059908110324905
2024-03-16 → 2025-03-16,942.3657531713039,1857.3912301252,1386.0199406805114,1499.6474661006923,48.485446436543434,60.90340946402601,12.417963027482578
2024-03-17 → 2025-03-17,942.3657531713039,1857.3912301252,1385.0964806916916,1498.2131222264861,48.384524657633634,60.7466549352908,12.362130277657165
2024-03-18 → 2025-03-18,942.3657531713039,1857.3912301252,1384.3998194633466,1499.7961012253252,48.30838893836775,60.91965328765458,12.611264349286834
2024-03-19 → 2025-03-19,942.3657531713039,1857.3912301252,1383.5169122036195,1500.5660099354786,48.21189902830904,61.003793973301555,12.791894944992514
2024-03-20 → 2025-03-20,942.3657531713039,1857.3912301252,1382.3557253570843,1495.5019552346769,48.08499689544157,60.45036078172967,12.365363886288101
2024-03-21 → 2025-03-21,942.3657531713039,1857.3912301252,1381.5787113353088,1496.4485635250987,48.00007969462633,60.55381235922817,12.553732664601839
2024-03-22 → 2025-03-22,942.3657531713039,1857.3912301252,1380.6640719464929,1494.9903537896757,47.900121888876406,60.39444961227194,12.494327723395536
2024-03-23 → 2025-03-23,942.3657531713039,1857.3912301252,1379.5462970772908,1491.1126902060535,47.77796410230601,59.970673041970215,12.192708939664207
2024-03-24 → 2025-03-24,942.3657531713039,1857.3912301252,1378.4300380231916,1488.0365169985064,47.65597197397586,59.63448860940254,11.97851663542668
2024-03-25 → 2025-03-25,942.3657531713039,1857.3912301252,1377.4949322706802,1488.0194648518434,47.55377746944421,59.63262503870506,12.078847569260844
2024-03-26 → 2025-03-26,942.3657531713039,1857.3912301252,1376.7404862671278,1490.7361090292043,47.471326650034904,59.92951777511328,12.458191125078379
2024-03-27 → 2025-03-27,942.3657531713039,1857.3912301252,1375.9741396267598,1493.5069105285415,47.38757525079308,60.23232917972698,12.844753928933905
2024-03-28 → 2025-03-28,942.3657531713039,1857.3912301252,1375.2704278242245,1496.0156964304342,47.31066899842534,60.50650579721793,13.195836798792591
2024-03-29 → 2025-03-29,942.3657531713039,1857.3912301252,1374.724716501155,1500.0408327453624,47.25103007723528,60.94639915716327,13.695369079927993
2024-03-30 → 2025-03-30,942.3657531713039,1857.3912301252,1374.1401124573924,1503.2295844622738,47.18714070382584,61.294886909387024,14.107746205561185
2024-03-31 → 2025-03-31,942.3657531713039,1857.3912301252,1373.531385322588,1506.2257453716143,47.12061500042894,61.622327071962026,14.501712071533085
2024-04-01 → 2025-04-01,942.3657531713039,1857.3912301252,1372.9012977621273,1510.369211252275,47.05175488928119,62.07515226481394,15.023397375532745
2024-04-02 → 2025-04-02,942.3657531713039,1857.3912301252,1372.2960184905278,1514.1490050315088,46.985605991043464,62.488232979442415,15.502626988398951
2024-04-03 → 2025-04-03,942.3657531713039,1857.3912301252,1371.421374732877,1513.4291539666751,46.89001917082044,62.409562922382364,15.519543751561926
2024-04-04 → 2025-04-04,942.3657531713039,1857.3912301252,1370.5512030663022,1513.1836155824824,46.79492109011217,62.382728873454006,15.587807783341837
2024-04-05 → 2025-04-05,942.3657531713039,1857.3912301252,1369.83884033581,1515.459421493274,46.71706940746135,62.63144390577943,15.914374498318075
2024-04-06 → 2025-04-06,942.3657531713039,1857.3912301252,1369.320373306805,1517.6291205599239,46.66040792184559,62.86856288457253,16.208154962726944
2024-04-07 → 2025-04-07,942.3657531713039,1857.3912301252,1368.8085621719872,1519.3510889744355,46.60447383610607,63.056750914073525,16.45227707796746
2024-04-08 → 2025-04-08,942.3657531713039,1857.3912301252,1368.449707107741,1522.2765635669352,46.56525579537557,63.376466011213616,16.811210215838045
2024-04-09 → 2025-04-09,942.3657531713039,1857.3912301252,1367.9427055049246,1524.3616615800054,46.509847326913665,63.60433923065789,17.094491903744228
2024-04-10 → 2025-04-10,942.3657531713039,1857.3912301252,1367.4214435997974,1527.0205612946954,46.452880398860195,63.89492127254174,17.44204087368154
2024-04-11 → 2025-04-11,942.3657531713039,1857.3912301252,1366.8279312432894,1527.8517866727343,46.38801746646581,63.98576304678457,17.597745580318758
2024-04-12 → 2025-04-12,942.3657531713039,1857.3912301252,1366.1315753207577,1528.806180742656,46.31191511302645,64.09006550545476,17.77815039242831
2024-04-13 → 2025-04-13,942.3657531713039,1857.3912301252,1365.3290118236112,1529.4668322448401,46.224205697566425,64.16226584509815,17.938060147531722
2024-04-14 → 2025-04-14,942.3657531713039,1857.3912301252,1364.3263867873166,1527.977351306742,46.114632241794205,63.9994855755196,17.884853333725395
2024-04-15 → 2025-04-15,942.3657531713039,1857.3912301252,1363.4299262723814,1528.0690530457555,46.01666114289984,64.00950734445642,17.99284620155658
2024-04-16 → 2025-04-16,942.3657531713039,1857.3912301252,1362.3667549599552,1525.3416316941416,45.90047079200759,63.71143680759078,17.81096601558319
2024-04-17 → 2025-04-17,942.3657531713039,1857.3912301252,1361.29987627134,1522.7929546938083,45.78387527467109,63.4329006285963,17.64902535392521
2024-04-18 → 2025-04-18,942.3657531713039,1857.3912301252,1360.0803928058115,1517.6197681506853,45.65060210400614,62.86754079180309,17.216938687796947
2024-04-19 → 2025-04-19,942.3657531713039,1857.3912301252,1358.9880301696357,1514.411984663828,45.5312215333348,62.516973122634354,16.985751589299554
2024-04-20 → 2025-04-20,942.3657531713039,1857.3912301252,1357.9135692576679,1511.5350331975098,45.41379738078062,62.202560951740985,16.788763570960363
2024-04-21 → 2025-04-21,942.3657531713039,1857.3912301252,1356.8317028703598,1508.9560204661434,45.295563909193625,61.92070948461551,16.625145575421882
2024-04-22 → 2025-04-22,942.3657531713039,1857.3912301252,1355.5485175766948,1504.8354849926154,45.155328983939235,61.4703902774121,16.315061293472866
2024-04-23 → 2025-04-23,942.3657531713039,1857.3912301252,1354.3832493448565,1504.3017024009255,45.027980810452576,61.41205500641321,16.384074195960636
2024-04-24 → 2025-04-24,942.3657531713039,1857.3912301252,1353.1788063609827,1503.2534721799575,44.89635136250722,61.29749751622643,16.40114615371921
2024-04-25 → 2025-04-25,942.3657531713039,1857.3912301252,1351.8052945383229,1499.5552707723884,44.74624496030821,60.8933337524064,16.147088792098188
2024-04-26 → 2025-04-26,942.3657531713039,1857.3912301252,1350.4555939952052,1496.3698502190234,44.59874081128595,60.54521005163588,15.946469240349927
2024-04-27 → 2025-04-27,942.3657531713039,1857.3912301252,1349.0840092146718,1492.5711780146069,44.44884500891996,60.130066178586326,15.681221169666365
2024-04-28 → 2025-04-28,942.3657531713039,1857.3912301252,1347.6505183144282,1487.4491269283867,44.292183698787284,59.57029476071594,15.278111061928655
2024-04-29 → 2025-04-29,942.3657531713039,1857.3912301252,1346.2156157236946,1482.3324498660022,44.135368109836655,59.01111065150207,14.875742541665417
2024-04-30 → 2025-04-30,942.3657531713039,1857.3912301252,1344.8397073354395,1477.7066000792197,43.98499979519306,58.50556737393325,14.520567578740192
2024-05-01 → 2025-05-01,942.3657531713039,1857.3912301252,1343.1676899193262,1468.089542115974,43.80227073920225,57.454552051905196,13.652281312702947
2024-05-02 → 2025-05-02,942.3657531713039,1857.3912301252,1341.2897529406655,1455.3627119596617,43.597037439588306,56.063680379273784,12.466642939685478
2024-05-03 → 2025-05-03,942.3657531713039,1857.3912301252,1339.519906933263,1444.0415856168236,43.40361703196268,54.826433261245334,11.422816229282653
2024-05-04 → 2025-05-04,942.3657531713039,1857.3912301252,1338.076895532172,1437.3696019898139,43.245915258904446,54.09727502521232,10.851359766307873
2024-05-05 → 2025-05-05,942.3657531713039,1857.3912301252,1336.6803034924064,1430.5504405097747,43.09328649883813,53.35203222577245,10.258745726934315
2024-05-06 → 2025-05-06,942.3657531713039,1857.3912301252,1335.2418085415575,1422.8249507401752,42.936078313155946,52.50773991215103,9.571661598995085
2024-05-07 → 2025-05-07,942.3657531713039,1857.3912301252,1333.7333239839118,1414.2659631123038,42.77122120309302,51.57235747270638,8.801136269613359
2024-05-08 → 2025-05-08,942.3657531713039,1857.3912301252,1332.0053939136556,1401.6345821529321,42.58238164465706,50.191917115851915,7.609535471194853
2024-05-09 → 2025-05-09,942.3657531713039,1857.3912301252,1330.186310659983,1389.1154149543709,42.38358026704645,48.82374021653351,6.440159949487061
2024-05-10 → 2025-05-10,942.3657531713039,1857.3912301252,1328.4618307447658,1379.498971261739,42.195117764236365,47.772792026036676,5.577674261800311
2024-05-11 → 2025-05-11,942.3657531713039,1857.3912301252,1326.6029030334432,1368.5108042755464,41.991961922334454,46.571932895559584,4.57997097322513
2024-05-12 → 2025-05-12,942.3657531713039,1857.3912301252,1324.7670253693136,1357.5101106364486,41.79132514113343,45.369704770095915,3.5783796289624874
2024-05-13 → 2025-05-13,942.3657531713039,1857.3912301252,1322.942866400309,1345.746492572539,41.59196905598078,44.08409924760592,2.4921301916251366
2024-05-14 → 2025-05-14,942.3657531713039,1857.3912301252,1321.2361721569002,1337.0898381406923,41.405450288318676,43.13804313770782,1.7325928493891425
2024-05-15 → 2025-05-15,942.3657531713039,1857.3912301252,1319.4318560835718,1326.8978185257802,41.208262765263584,42.02419222627295,0.8159294610093681
2024-05-16 → 2025-05-16,942.3657531713039,1857.3912301252,1317.9478382275522,1320.074676260502,41.04607953721185,41.27851438045031,0.2324348432384582
2024-05-17 → 2025-05-17,942.3657531713039,1857.3912301252,1316.4095075147886,1309.2597930920172,40.87796064309268,40.096592844835,-0.7813677982576763
2024-05-18 → 2025-05-18,942.3657531713039,1857.3912301252,1314.9060876032388,1298.547773558083,40.713657030852865,38.925912923485235,-1.7877441073676295
2024-05-19 → 2025-05-19,942.3657531713039,1857.3912301252,1313.4137141314725,1288.061853100888,40.550560646177935,37.77994259574064,-2.7706180504372924
2024-05-20 → 2025-05-20,935.5120639280841,1857.3912301252,1311.8462109734069,1284.5193713432586,40.82250264942587,37.858248695963034,-2.964253953462837
2024-05-21 → 2025-05-21,911.5366811731703,1857.3912301252,1310.4994507171264,1281.1559029388327,42.18013964049667,39.07780770047426,-3.1023319400224096
2024-05-22 → 2025-05-22,897.0459084351565,1857.3912301252,1309.059271839629,1278.1900163108967,42.9026261802785,39.68823497832964,-3.214391201948864
2024-05-23 → 2025-05-23,897.0459084351565,1857.3912301252,1307.6503465139053,1276.5499998722648,42.755915898684776,39.5174613616325,-3.2384545370522773
2024-05-24 → 2025-05-24,897.0459084351565,1857.3912301252,1306.149829215401,1274.1975519128735,42.59966821729204,39.272502813258306,-3.3271654040337353
2024-05-25 → 2025-05-25,897.0459084351565,1857.3912301252,1304.6760954921422,1271.9725940326837,42.446209488439656,39.04081970615739,-3.4053897822822634
2024-05-26 → 2025-05-26,897.0459084351565,1857.3912301252,1303.2306066473566,1269.8805137692018,42.295691876478806,38.822973040355954,-3.4727188361228514
2024-05-27 → 2025-05-27,897.0459084351565,1857.3912301252,1301.7438475237755,1267.9835146698613,42.14087682297652,38.6254400221285,-3.515436800848022
2024-05-28 → 2025-05-28,897.0459084351565,1857.3912301252,1300.336243852706,1266.5045373298221,41.99430416423829,38.471435279601465,-3.5228688846368215
2024-05-29 → 2025-05-29,897.0459084351565,1857.3912301252,1298.9224935966552,1265.5287991413004,41.84709146645964,38.369832432533435,-3.4772590339262024
2024-05-30 → 2025-05-30,897.0459084351565,1857.3912301252,1297.5074033479068,1264.7673927603992,41.69973923629956,38.29054778734338,-3.4091914489561788
2024-05-31 → 2025-05-31,897.0459084351565,1857.3912301252,1296.1208334042235,1263.295797559186,41.555356802984505,38.137311741102906,-3.4180450618815996
2024-06-01 → 2025-06-01,897.0459084351565,1857.3912301252,1294.6494012997885,1261.5109306365998,41.40213773988275,37.951454957894434,-3.450682781988313
