window,min_sats_per_dollar,max_sats_per_dollar,uniform_sats_per_dollar,dynamic_sats_per_dollar,uniform_percentile,dynamic_percentile,excess_percentile
2018-01-01 → 2019-01-01,5846.725992123569,31396.444360089477,14767.937007549512,17330.781831060413,34.917062047193866,44.94787642487476,10.03081437768089
2018-01-02 → 2019-01-02,5846.725992123569,31396.444360089477,14817.734901493854,17329.69402626025,35.11196789009653,44.94361882491027,9.831650934813737
2018-01-03 → 2019-01-03,5846.725992123569,31396.444360089477,14871.414334433759,17436.23780318543,35.32206583390482,45.36062450532812,10.038558671423296
2018-01-04 → 2019-01-04,5846.725992123569,31396.444360089477,14924.595887742842,17465.363260541446,35.53021510797182,45.47461972412682,9.944404616154998
2018-01-05 → 2019-01-05,5846.725992123569,31396.444360089477,14978.393221092227,17531.442426821843,35.74077450661018,45.733249448841306,9.992474942231127
2018-01-06 → 2019-01-06,5846.725992123569,31396.444360089477,15029.848123319223,17442.54582543992,35.942165776314,45.38531370997468,9.443147933660683
2018-01-07 → 2019-01-07,6160.786042591422,31396.444360089477,15082.162088862544,17496.248178457143,35.35226200176107,44.9184324547851,9.566170453024029
2018-01-08 → 2019-01-08,6694.598724167442,31396.444360089477,15133.761560768795,17538.266231756956,34.16409834708429,43.89820771861834,9.734109371534046
2018-01-09 → 2019-01-09,6817.056260699874,31396.444360089477,15183.703666276037,17570.601789983102,34.039282718286785,43.75025727166202,9.710974553375237
2018-01-10 → 2019-01-10,6817.056260699874,31396.444360089477,15240.013345709338,17849.12496959152,34.2683758072018,44.8834147712799,10.615038964078103
2018-01-11 → 2019-01-11,7026.801947562095,31396.444360089477,15296.777098955032,17928.737025776154,33.935562169519976,44.735720342822276,10.8001581733023
2018-01-12 → 2019-01-12,7026.801947562095,31396.444360089477,15351.595912800987,18002.29789255915,34.16050931038477,45.03757486139814,10.877065551013374
2018-01-13 → 2019-01-13,7026.801947562095,31396.444360089477,15409.65302451156,18148.884395247536,34.39874469655821,45.639087596821106,11.240342900262895
2018-01-14 → 2019-01-14,7309.372233038978,31396.444360089477,15464.964100450088,18104.965639971684,33.858792900994125,44.819035497506285,10.96024259651216
2018-01-15 → 2019-01-15,7357.43343237105,31396.444360089477,15521.285148390121,18219.38183768492,33.9608469773008,45.18467268879765,11.22382571149685
2018-01-16 → 2019-01-16,7831.832029555435,31396.444360089477,15576.93143254672,18261.84325929359,32.86750188949855,44.26133170976626,11.393829820267712
2018-01-17 → 2019-01-17,7831.832029555435,31396.444360089477,15628.088379484641,18292.404523274152,33.08459413875926,44.39102306030446,11.306428921545205
2018-01-18 → 2019-01-18,7831.832029555435,31396.444360089477,15679.302430922477,18366.75147575697,33.3019287196107,44.70652560895655,11.404596889345846
2018-01-19 → 2019-01-19,7831.832029555435,31396.444360089477,15729.105932213028,18361.65410973809,33.51327741736126,44.68489416453735,11.171616747176088
2018-01-20 → 2019-01-20,7831.832029555435,31396.444360089477,15782.441961476794,18515.430266103256,33.73961693237486,45.33746656508522,11.597849632710364
2018-01-21 → 2019-01-21,8608.846026879573,31396.444360089477,15838.320986993534,18584.171194985636,31.725480036998714,43.77523696109891,12.049756924100198
2018-01-22 → 2019-01-22,8608.846026879573,31396.444360089477,15890.777944238658,18618.53811534863,31.955679623976142,43.92605110070444,11.9703714767283
2018-01-23 → 2019-01-23,8608.846026879573,31396.444360089477,15942.255294832687,18686.24944706776,32.18158035226398,44.22319225059231,12.041611898328334
2018-01-24 → 2019-01-24,8608.846026879573,31396.444360089477,15993.657012582125,18732.65598332775,32.407149177016024,44.42684046126118,12.019691284245155
2018-01-25 → 2019-01-25,8608.846026879573,31396.444360089477,16046.0375068684,18788.511699995084,32.637013217624194,44.671955000540784,12.03494178291659
2018-01-26 → 2019-01-26,8608.846026879573,31396.444360089477,16098.302295751626,18843.71743457816,32.86636950220929,44.91421718971858,12.04784768750929
2018-01-27 → 2019-01-27,8608.846026879573,31396.444360089477,16150.777758729811,18907.487171493558,33.096650298855195,45.19406123463691,12.097410935781717
2018-01-28 → 2019-01-28,8608.846026879573,31396.444360089477,16206.183417871507,19022.852064682545,33.33978982734578,45.70032298061853,12.360533153272748
2018-01-29 → 2019-01-29,8665.013949999768,31396.444360089477,16263.120821486695,19117.40172657726,33.42555542881448,45.982094342545345,12.556538913730869
2018-01-30 → 2019-01-30,8665.013949999768,31396.444360089477,16318.052228249458,19164.513370028515,33.667209410863855,46.18934765921451,12.522138248350657
2018-01-31 → 2019-01-31,8665.013949999768,31396.444360089477,16370.740107389045,19240.58883243664,33.89899367691779,46.5240184697868,12.625024792869013
2018-02-01 → 2019-02-01,8665.013949999768,31396.444360089477,16422.86306342347,19283.30209090469,34.128292735947916,46.71192243226289,12.583629696314972
2018-02-02 → 2019-02-02,8665.013949999768,31396.444360089477,16471.561060409345,19327.843989565416,34.34252473150355,46.907870939933375,12.565346208429823
2018-02-03 → 2019-02-03,8665.013949999768,31396.444360089477,16520.517091256683,19405.871822743997,34.557891868389085,47.2511306106664,12.693238742277316
2018-02-04 → 2019-02-04,8665.013949999768,31396.444360089477,16570.689764359973,19465.945757254623,34.77861125207125,47.515407576202016,12.736796324130765
2018-02-05 → 2019-02-05,8665.013949999768,31396.444360089477,16617.313149117315,19514.038494389664,34.983716623428116,47.72697691551511,12.743260292086994
2018-02-06 → 2019-02-06,8665.013949999768,31396.444360089477,16658.559183737878,19597.57681171169,35.1651659817679,48.09447828175093,12.929312299983032
2018-02-07 → 2019-02-07,8665.013949999768,31396.444360089477,16704.596683327505,19663.74173560224,35.36769392989559,48.38555069865077,13.01785676875518
2018-02-08 → 2019-02-08,8665.013949999768,31396.444360089477,16744.395500324565,19591.003166694576,35.542776695384,48.065559534014774,12.522782838630775
2018-02-09 → 2019-02-09,8665.013949999768,31396.444360089477,16786.600650381373,19604.024247240748,35.728445389766186,48.122841809310536,12.39439641954435
2018-02-10 → 2019-02-10,8665.013949999768,31396.444360089477,16830.07205179181,19617.812295311982,35.919684571050354,48.183498124476316,12.263813553425962
2018-02-11 → 2019-02-11,8665.013949999768,31396.444360089477,16874.13606309631,19666.84630336753,36.11353075894772,48.39920829832346,12.28567753937574
2018-02-12 → 2019-02-12,8665.013949999768,31396.444360089477,16916.542539457067,19702.957722848576,36.30008512704386,48.558069482285816,12.257984355241959
2018-02-13 → 2019-02-13,8665.013949999768,31396.444360089477,16962.272753047957,19744.941779142537,36.50126126407478,48.742765542043344,12.241504277968566
2018-02-14 → 2019-02-14,8665.013949999768,31396.444360089477,17006.926162285872,19789.820705599293,36.69770032854339,48.940196700783076,12.242496372239685
2018-02-15 → 2019-02-15,8665.013949999768,31396.444360089477,17054.70693806179,19829.249519833516,36.90789728893666,49.113651751885904,12.205754462949244
2018-02-16 → 2019-02-16,8665.013949999768,31396.444360089477,17103.89180953251,19859.992728286787,37.124271140398676,49.24889712755581,12.124625987157131
2018-02-17 → 2019-02-17,8665.013949999768,31396.444360089477,17152.495859809755,19879.18402144432,37.338089846042784,49.33332337267681,11.995233526634024
2018-02-18 → 2019-02-18,8665.013949999768,31396.444360089477,17198.520317007256,19804.341556799027,37.540560418141375,49.00407675996883,11.463516341827457
2018-02-19 → 2019-02-19,8665.013949999768,31396.444360089477,17242.519251116897,19793.159793977462,37.73412031875419,48.954886002414916,11.22076568366073
2018-02-20 → 2019-02-20,8665.013949999768,31396.444360089477,17287.485557395314,19783.793578525685,37.93193587838768,48.91368219217154,10.981746313783866
2018-02-21 → 2019-02-21,8665.013949999768,31396.444360089477,17333.3869195321,19805.69949459906,38.133864931283576,49.01005059344756,10.876185662163984
2018-02-22 → 2019-02-22,8665.013949999768,31396.444360089477,17376.463657123404,19797.853742822852,38.32336790938119,48.97553559973768,10.652167690356492
2018-02-23 → 2019-02-23,8665.013949999768,31396.444360089477,17415.279672852856,19748.148363132943,38.4941271402311,48.75687193100593,10.262744790774832
2018-02-24 → 2019-02-24,8665.013949999768,31396.444360089477,17461.163616759623,19874.074476375674,38.69597956693276,49.31084548643532,10.614865919502556
2018-02-25 → 2019-02-25,8665.013949999768,31396.444360089477,17504.444070445148,19891.421911405632,38.88637873189827,49.38716023969544,10.500781507797171
2018-02-26 → 2019-02-26,8665.013949999768,31396.444360089477,17547.966307610375,19928.24132911964,39.077841549591916,49.54913604609988,10.471294496507966
2018-02-27 → 2019-02-27,8665.013949999768,31396.444360089477,17593.384269442515,19960.033557839284,39.27764403017835,49.688996266711136,10.411352236532785
2018-02-28 → 2019-02-28,8665.013949999768,31396.444360089477,17639.774070645817,19992.617896488384,39.48172182188085,49.83234113353763,10.350619311656779
2018-03-01 → 2019-03-01,8665.013949999768,31396.444360089477,17684.965984999737,20019.945916573255,39.68052987548166,49.95256242886246,10.272032553380797
2018-03-02 → 2019-03-02,8665.013949999768,31396.444360089477,17731.67284484927,20048.747146327525,39.88600247006506,50.079264661122714,10.193262191057656
2018-03-03 → 2019-03-03,8665.013949999768,31396.444360089477,17779.10197501802,20082.823139635017,40.0946524727842,50.22917160799204,10.134519135207846
2018-03-04 → 2019-03-04,8665.013949999768,31396.444360089477,17829.06986228786,20128.973282043436,40.31447096360675,50.4321950938697,10.11772413026295
2018-03-05 → 2019-03-05,8665.013949999768,31396.444360089477,17876.383417755358,20148.887236994033,40.52261253065261,50.51980046929631,9.997187938643698
2018-03-06 → 2019-03-06,9365.89585383936,31396.444360089477,17923.63898234742,20171.45237507102,38.844893607983515,49.04805941697774,10.203165808994228
2018-03-07 → 2019-03-07,10097.863393503589,31396.444360089477,17968.907372642614,20194.12131632328,36.95572015566413,47.40343001563871,10.44770985997458
2018-03-08 → 2019-03-08,10208.325616879292,31396.444360089477,18012.483881147895,20218.902250937674,36.83270968438137,47.246179594242214,10.413469909860844
2018-03-09 → 2019-03-09,10208.325616879292,31396.444360089477,18053.072727967847,20236.224285945882,37.02427386859172,47.327933124218816,10.303659255627096
2018-03-10 → 2019-03-10,10208.325616879292,31396.444360089477,18093.61182236313,20255.05686839447,37.215603239955925,47.41681587344648,10.201212633490556
2018-03-11 → 2019-03-11,10208.325616879292,31396.444360089477,18133.454521326967,20279.074861716792,37.40364588520777,47.53017182360614,10.126525938398366
2018-03-12 → 2019-03-12,10208.325616879292,31396.444360089477,18175.538350841245,20303.22515675601,37.60226582888618,47.644152188412974,10.041886359526792
2018-03-13 → 2019-03-13,10208.325616879292,31396.444360089477,18216.60213306209,20327.860534942298,37.796071530650075,47.76042196434192,9.964350433691848
2018-03-14 → 2019-03-14,10208.325616879292,31396.444360089477,18257.673563941524,20352.45135839444,37.989913331223306,47.87648145858098,9.886568127357677
2018-03-15 → 2019-03-15,10208.325616879292,31396.444360089477,18294.466307021317,20372.428652725663,38.16356132482625,47.97076681998252,9.807205495156275
2018-03-16 → 2019-03-16,10208.325616879292,31396.444360089477,18329.903399760755,20387.66362261282,38.33081115558715,48.042670182767104,9.711859027179955
2018-03-17 → 2019-03-17,10208.325616879292,31396.444360089477,18366.15878243581,20403.11063638403,38.5019230089539,48.115574313418904,9.613651304465002
2018-03-18 → 2019-03-18,10208.325616879292,31396.444360089477,18400.324875595677,20418.964282539706,38.663174196819824,48.19039759691951,9.527223400099686
2018-03-19 → 2019-03-19,10208.325616879292,31396.444360089477,18435.33169326136,20435.55799284143,38.828393290076505,48.268713706541284,9.440320416464779
2018-03-20 → 2019-03-20,10208.325616879292,31396.444360089477,18471.113568632547,20452.64854346587,38.99727036597384,48.34937471675918,9.35210435078534
2018-03-21 → 2019-03-21,10208.325616879292,31396.444360089477,18509.11245894632,20469.518889361625,39.17661092364346,48.42899644297383,9.252385519330375
2018-03-22 → 2019-03-22,10208.325616879292,31396.444360089477,18546.924845993388,20485.726064785464,39.35507125561221,48.50548825246509,9.150416996852883
2018-03-23 → 2019-03-23,10208.325616879292,31396.444360089477,18584.176871274878,20502.01458020683,39.530886889519905,48.58236395633845,9.051477066818542
2018-03-24 → 2019-03-24,10208.325616879292,31396.444360089477,18621.839295287617,20518.964251658028,39.70863945202529,48.6623600695216,8.953720617496309
2018-03-25 → 2019-03-25,10208.325616879292,31396.444360089477,18660.01936091801,20536.12900821725,39.88883508946303,48.74337130401226,8.854536214549228
2018-03-26 → 2019-03-26,10208.325616879292,31396.444360089477,18697.388988920233,20553.46745291441,40.06520576425074,48.825202281586506,8.759996517335765
2018-03-27 → 2019-03-27,10208.325616879292,31396.444360089477,18731.799384016296,20570.943115890717,40.227609965931414,48.907680878143864,8.68007091221245
2018-03-28 → 2019-03-28,10208.325616879292,31396.444360089477,18765.05696476656,20588.598377717528,40.38457331484092,48.9910071141386,8.606433799297676
2018-03-29 → 2019-03-29,10208.325616879292,31396.444360089477,18797.430051143692,20606.73038962028,40.5373621809478,49.07658343227473,8.539221251326929
2018-03-30 → 2019-03-30,10208.325616879292,31396.444360089477,18825.766261745037,20623.970037745563,40.67109850244367,49.1579481269615,8.48684962451783
2018-03-31 → 2019-03-31,10208.325616879292,31396.444360089477,18852.50781977411,20640.844608234136,40.797308659905816,49.237589791675035,8.440281131769218
2018-04-01 → 2019-04-01,10208.325616879292,31396.444360089477,18879.058965852688,20657.700807335103,40.92262014414076,49.317144750306596,8.394524606165838
2018-04-02 → 2019-04-02,10208.325616879292,31396.444360089477,18894.623393420894,20674.156955269937,40.996078424023175,49.39481161697973,8.398733192956556
2018-04-03 → 2019-04-03,10208.325616879292,31396.444360089477,18910.85893084349,20690.71801879654,41.072704091546385,49.47297364602683,8.400269554480445
2018-04-04 → 2019-04-04,10208.325616879292,31396.444360089477,18929.67231423389,20707.55296435025,41.161496228396324,49.55242829586026,8.390932067463936
2018-04-05 → 2019-04-05,10208.325616879292,31396.444360089477,18943.661099218723,20723.244295502955,41.22751806428639,49.62648551322287,8.398967448936475
2018-04-06 → 2019-04-06,10208.325616879292,31396.444360089477,18957.63606741106,20738.16574773253,41.29347469008081,49.696909189861735,8.403434499780928
2018-04-07 → 2019-04-07,10208.325616879292,31396.444360089477,18968.95752613704,20751.845963973356,41.3469077431196,49.76147469662815,8.414566953508547
2018-04-08 → 2019-04-08,10208.325616879292,31396.444360089477,18980.995489284043,20764.90007204874,41.403722429184455,49.82308520690324,8.419362777718781
2018-04-09 → 2019-04-09,10208.325616879292,31396.444360089477,18994.606947957254,20777.029316812448,41.46796342593445,49.88033070807637,8.412367282141922
2018-04-10 → 2019-04-10,10208.325616879292,31396.444360089477,19005.488310627738,20787.63573757701,41.519319390106446,49.93038904923023,8.411069659123783
2018-04-11 → 2019-04-11,10208.325616879292,31396.444360089477,19019.503485890174,20797.21160724926,41.58546577824168,49.97558357446537,8.390117796223691
2018-04-12 → 2019-04-12,10208.325616879292,31396.444360089477,19033.91514015078,20805.81925860941,41.653483399037874,50.01620847120334,8.362725072165468
2018-04-13 → 2019-04-13,10208.325616879292,31396.444360089477,19053.18823572579,20814.53237592674,41.74444520555119,50.05733112783432,8.31288592228313
2018-04-14 → 2019-04-14,10208.325616879292,31396.444360089477,19071.669388303722,20822.225540207735,41.83166933715964,50.09363998740902,8.261970650249381
2018-04-15 → 2019-04-15,10208.325616879292,31396.444360089477,19091.72372899705,20829.04187989048,41.92631832858912,50.125810562651466,8.199492234062348
2018-04-16 → 2019-04-16,10208.325616879292,31396.444360089477,19111.45487306592,20835.247087422817,42.019441952767366,50.15509682259527,8.135654869827903
2018-04-17 → 2019-04-17,10208.325616879292,31396.444360089477,19129.779422765165,20840.254704382227,42.10592697732915,50.178730902713944,8.072803925384797
2018-04-18 → 2019-04-18,10208.325616879292,31396.444360089477,19146.901995524146,20844.35249307099,42.186739120051676,50.198070933503956,8.01133181345228
2018-04-19 → 2019-04-19,10208.325616879292,31396.444360089477,19165.079919105745,20848.063316112955,42.27253212414943,50.21558463109523,7.943052506945804
2018-04-20 → 2019-04-20,10208.325616879292,31396.444360089477,19183.469944697084,20851.248975382336,42.35932617044593,50.23061975199477,7.871293581548841
2018-04-21 → 2019-04-21,10208.325616879292,31396.444360089477,19204.1537388526,20854.395230537782,42.45694594691686,50.24546890020646,7.7885229532896005
2018-04-22 → 2019-04-22,10208.325616879292,31396.444360089477,19224.077423123308,20857.048156948404,42.55097828887309,50.25798972115698,7.707011432283892
2018-04-23 → 2019-04-23,10208.325616879292,31396.444360089477,19242.307788192662,20859.1673981993,42.637018797189555,50.267991747653916,7.630972950464361
2018-04-24 → 2019-04-24,10208.325616879292,31396.444360089477,19262.013738159603,20860.969733956637,42.730023514624676,50.27649809868573,7.546474584061052
2018-04-25 → 2019-04-25,10208.325616879292,31396.444360089477,19286.991075404694,20862.99629713985,42.847907209481235,50.28606271934778,7.438155509866547
2018-04-26 → 2019-04-26,10208.325616879292,31396.444360089477,19309.18902395125,20864.05542251088,42.952673228662,50.29106139518053,7.338388166518527
2018-04-27 → 2019-04-27,10208.325616879292,31396.444360089477,19332.425796410454,20865.115565873104,43.062342108380975,50.29606487555116,7.233722767170185
2018-04-28 → 2019-04-28,10208.325616879292,31396.444360089477,19355.071385635027,20865.66029381093,43.169220824226514,50.298635787789436,7.1294149635629225
2018-04-29 → 2019-04-29,10208.325616879292,31396.444360089477,19378.889561953267,20866.238613590387,43.2816337128218,50.301365240962994,7.019731528141193
2018-04-30 → 2019-04-30,10208.325616879292,31396.444360089477,19401.69234789424,20866.613371812997,43.38925433840603,50.30313395968291,6.913879621276877
2018-05-01 → 2019-05-01,10208.325616879292,31396.444360089477,19423.491046150466,20866.635072243647,43.49213604546278,50.30323637760361,6.811100332140832
2018-05-02 → 2019-05-02,10208.325616879292,31396.444360089477,19444.03582128675,20866.328841828312,43.58909970413053,50.3017910845172,6.712691380386666
2018-05-03 → 2019-05-03,10208.325616879292,31396.444360089477,19462.637063814753,20865.941292936062,43.676890615411715,50.299961998617945,6.623071383206231
2018-05-04 → 2019-05-04,10208.325616879292,31396.444360089477,19481.929975912954,20865.79988076756,43.76794594850674,50.299294586044816,6.531348637538073
2018-05-05 → 2019-05-05,10208.325616879292,31396.444360089477,19501.449596530136,20865.467567454463,43.860071261063986,50.29772619143119,6.437654930367202
2018-05-06 → 2019-05-06,10422.000538627015,31396.444360089477,19521.56203777369,20865.071988064075,43.38404191597868,49.789503542167864,6.405461626189187
2018-05-07 → 2019-05-07,10707.198871164717,31396.444360089477,19539.986044262652,20864.404931584057,42.692650042874924,49.094134756420345,6.401484713545422
2018-05-08 → 2019-05-08,10760.738739443661,31396.444360089477,19556.79229742855,20863.428795737025,42.62540724163329,48.95732785694386,6.3319206153105725
2018-05-09 → 2019-05-09,10760.738739443661,31396.444360089477,19571.559567514396,20862.226490633737,42.696968982032764,48.95150152308646,6.254532541053699
2018-05-10 → 2019-05-10,11064.96956217875,31396.444360089477,19585.135537419337,20860.986031122648,41.90628599218058,48.181534130276376,6.275248138095797
2018-05-11 → 2019-05-11,11499.760738421191,31396.444360089477,19592.203168957036,20859.409534490478,40.67231798229354,47.04125056236133,6.368932580067785
2018-05-12 → 2019-05-12,11499.760738421191,31396.444360089477,19599.107410735884,20857.187193931077,40.7070184475074,47.030081160456675,6.323062712949273
2018-05-13 → 2019-05-13,11499.760738421191,31396.444360089477,19601.94316092194,20854.93754204739,40.72127082363187,47.01877449284079,6.297503669208922
2018-05-14 → 2019-05-14,11532.59653702185,31396.444360089477,19604.866844811186,20852.82217493692,40.63799914141063,46.92054490616674,6.282545764756108
2018-05-15 → 2019-05-15,11748.881065347285,31396.444360089477,19606.615346219056,20850.616630305198,39.993429022185914,46.32500951094324,6.331580488757325
2018-05-16 → 2019-05-16,11748.881065347285,31396.444360089477,19609.179823850696,20848.25665779576,40.006481417504205,46.31299798323349,6.306516565729282
2018-05-17 → 2019-05-17,11748.881065347285,31396.444360089477,19613.66141394943,20845.715514606487,40.02929132034815,46.30006435298555,6.2707730326374005
2018-05-18 → 2019-05-18,11748.881065347285,31396.444360089477,19617.26386828382,20842.86119941695,40.047626694971186,46.28553677444201,6.237910079470822
2018-05-19 → 2019-05-19,11748.881065347285,31396.444360089477,19617.317741542916,20840.15466574502,40.047900893141666,46.27176135796247,6.2238604648208025
2018-05-20 → 2019-05-20,11748.881065347285,31396.444360089477,19618.350822525957,20837.427567465496,40.05315895475238,46.25788127401204,6.204722319259666
2018-05-21 → 2019-05-21,11906.71357595092,31396.444360089477,19620.472323883245,20834.958239301795,39.57858029629665,45.809994823617586,6.231414527320936
2018-05-22 → 2019-05-22,11908.140809060415,31396.444360089477,19623.572496361012,20832.379194859037,39.590063173524356,45.79279239175944,6.202729218235085
2018-05-23 → 2019-05-23,11908.140809060415,31396.444360089477,19624.047988335777,20829.40176886654,39.59250305739378,45.777514376488895,6.185011319095118
2018-05-24 → 2019-05-24,11908.140809060415,31396.444360089477,19621.927360077123,20825.87462731806,39.58162151373811,45.75941561515112,6.1777941014130064
2018-05-25 → 2019-05-25,11908.140809060415,31396.444360089477,19619.753224121163,20822.41964664981,39.57046540694684,45.74168713170872,6.171221724761885
2018-05-26 → 2019-05-26,11452.753156563938,31396.444360089477,19614.248910132526,20818.784546714494,40.92269415064872,46.96237669632029,6.039682545671575
2018-05-27 → 2019-05-27,11342.00058454483,31396.444360089477,19607.944406899845,20815.018946858687,41.217517248894744,47.2365051274357,6.018987878540955
2018-05-28 → 2019-05-28,11342.00058454483,31396.444360089477,19602.047430599792,20811.280598272646,41.188112412909,47.21786412882271,6.0297517159137115
2018-05-29 → 2019-05-29,11342.00058454483,31396.444360089477,19595.19031282396,20807.256818697642,41.15391990249795,47.19779984970314,6.043879947205191
2018-05-30 → 2019-05-30,11342.00058454483,31396.444360089477,19591.56531918852,20803.69474258628,41.13584413995868,47.180037820742236,6.0441936807835575
2018-05-31 → 2019-05-31,11342.00058454483,31396.444360089477,19586.44911836916,20800.043192200086,41.110332583135545,47.16182963493033,6.051497051794783
2018-06-01 → 2019-06-01,11342.00058454483,31396.444360089477,19581.853765870746,20796.53254966158,41.08741819792573,47.14432407567474,6.05690587774901
2018-06-02 → 2019-06-02,11342.00058454483,31396.444360089477,19576.765755138797,20793.07517384219,41.062047208887606,47.12708412697266,6.065036918085056
2018-06-03 → 2019-06-03,11342.00058454483,31396.444360089477,19574.419935956583,20789.75098866351,41.050349955109496,47.11050832354532,6.060158368435822
2018-06-04 → 2019-06-04,11342.00058454483,31396.444360089477,19574.662079970527,20786.521871653746,41.05155738831809,47.09440657050792,6.042849182189833
2018-06-05 → 2019-06-05,11342.00058454483,31396.444360089477,19573.202523642572,20783.033243366925,41.04427941868557,47.07701078368946,6.03273136500389
2018-06-06 → 2019-06-06,11342.00058454483,31396.444360089477,19572.438270767554,20779.706613045604,41.040468528273585,47.06042278773927,6.019954259465685
2018-06-07 → 2019-06-07,11342.00058454483,31396.444360089477,19570.777395835135,20776.442509003587,41.03218669831607,47.044146574454324,6.011959876138256
2018-06-08 → 2019-06-08,11342.00058454483,31396.444360089477,19569.548068713866,20773.21107699353,41.026056749587354,47.028033277839256,6.001976528251902
2018-06-09 → 2019-06-09,11342.00058454483,31396.444360089477,19569.494244960566,20769.953003712995,41.0257883614241,47.0117871365002,5.985998775076105
2018-06-10 → 2019-06-10,11342.00058454483,31396.444360089477,19567.516809608333,20766.62597572545,41.01592802635639,46.9951971576168,5.979269131260409
2018-06-11 → 2019-06-11,11342.00058454483,31396.444360089477,19561.494751621703,20762.214931275837,40.98589947979569,46.97320181085485,5.987302331059162
2018-06-12 → 2019-06-12,11342.00058454483,31396.444360089477,19555.14261401577,20757.963255096238,40.95422501563689,46.95200114217919,5.9977761265423055
2018-06-13 → 2019-06-13,11342.00058454483,31396.444360089477,19546.46744965493,20753.22296928657,40.910966950452256,46.92836405773684,6.017397107284587
2018-06-14 → 2019-06-14,11342.00058454483,31396.444360089477,19534.555610177307,20748.1172486764,40.85156944428881,46.90290475970139,6.0513353154125795
2018-06-15 → 2019-06-15,11298.688400687653,31396.444360089477,19524.214651614086,20743.536408073975,40.92758548537601,46.99454021864554,6.066954733269533
2018-06-16 → 2019-06-16,11087.068179535721,31396.444360089477,19511.813756406445,20738.574498230933,41.48204997521009,47.522416409503194,6.040366434293105
2018-06-17 → 2019-06-17,10705.982243800578,31396.444360089477,19499.000288746396,20733.765219935474,42.497929700774414,48.46572744375952,5.9677977429851055
2018-06-18 → 2019-06-18,10705.982243800578,31396.444360089477,19486.844599230648,20728.872026588935,42.439179492840786,48.44207793163631,6.002898438795526
2018-06-19 → 2019-06-19,10705.982243800578,31396.444360089477,19475.51429833522,20724.361661956722,42.38441850764989,48.42027868613438,6.035860178484491
2018-06-20 → 2019-06-20,10474.802060111992,31396.444360089477,19463.551178291174,20719.798604951906,42.963879170178025,48.96841461079247,6.004535440614447
2018-06-21 → 2019-06-21,9917.204911992623,31396.444360089477,19450.18895166779,20715.247830480897,44.382316528064166,50.27199843169971,5.889681903635541
2018-06-22 → 2019-06-22,9358.655780810835,31396.444360089477,19435.102967663355,20710.664479853378,45.72349512567268,51.51156005605952,5.788064930386845
2018-06-23 → 2019-06-23,9264.03907764088,31396.444360089477,19415.324918147864,20704.96199045066,45.8661664241127,51.69308426627558,5.826917842162878
2018-06-24 → 2019-06-24,9087.433635399864,31396.444360089477,19395.901614743274,20699.38459306632,46.20764276174255,52.050496998575504,5.842854236832956
2018-06-25 → 2019-06-25,8527.865434626821,31396.444360089477,19374.74972927386,20693.7205030888,47.43138753833867,53.19899897634697,5.767611438008302
2018-06-26 → 2019-06-26,7773.957759032041,31396.444360089477,19352.22894062029,20688.18635712441,49.013769706487885,54.66921758149829,5.6554478750104025
2018-06-27 → 2019-06-27,7773.957759032041,31396.444360089477,19332.002740889344,20682.368266398145,48.92814705349402,54.6445881221847,5.716441068690678
2018-06-28 → 2019-06-28,7773.957759032041,31396.444360089477,19309.60654813912,20676.577372652442,48.83333826757551,54.62007379461411,5.786735527038594
2018-06-29 → 2019-06-29,7773.957759032041,31396.444360089477,19285.84517671631,20670.239543465934,48.73275033276535,54.59324415007438,5.860493817309035
2018-06-30 → 2019-06-30,7773.957759032041,31396.444360089477,19267.124020624233,20664.57718810885,48.653498912674635,54.56927395822832,5.915775045553687
2018-07-01 → 2019-07-01,7773.957759032041,31396.444360089477,19250.11909250863,20659.191780120796,48.58151272255509,54.546476155105374,5.9649634325502845
2018-07-02 → 2019-07-02,7773.957759032041,31396.444360089477,19232.547030004727,20653.755903790036,48.50712570817907,54.52346470663865,6.016338998459581
2018-07-03 → 2019-07-03,7773.957759032041,31396.444360089477,19214.06192614416,20648.657857615184,48.42887355728256,54.50188337923249,6.073009821949931
2018-07-04 → 2019-07-04,7773.957759032041,31396.444360089477,19196.461693400506,20643.30872016096,48.354367291109604,54.47923911851361,6.124871827404007
2018-07-05 → 2019-07-05,7773.957759032041,31396.444360089477,19179.776240180392,20638.067904870826,48.28373351956005,54.457053413093846,6.173319893533794
2018-07-06 → 2019-07-06,7773.957759032041,31396.444360089477,19162.34590882093,20632.718147645017,48.20994648920279,54.43440652872407,6.224460039521276
2018-07-07 → 2019-07-07,7773.957759032041,31396.444360089477,19144.78814099409,20627.429873201792,48.135619987834154,54.4120199166263,6.276399928792145
2018-07-08 → 2019-07-08,7773.957759032041,31396.444360089477,19126.41550551167,20622.33081319053,48.057843944216486,54.39043429739249,6.332590353176002
2018-07-09 → 2019-07-09,7773.957759032041,31396.444360089477,19107.386184268253,20617.125014699435,47.97728798258217,54.368396826998236,6.391108844416067
2018-07-10 → 2019-07-10,7773.957759032041,31396.444360089477,19088.954174499893,20611.813284372518,47.89926059249558,54.345910920173004,6.446650327677425
2018-07-11 → 2019-07-11,7773.957759032041,31396.444360089477,19069.83823442062,20605.885623994436,47.81833795127618,54.320817624627146,6.502479673350969
2018-07-12 → 2019-07-12,7773.957759032041,31396.444360089477,19050.12802740085,20600.00873341392,47.73489962679899,54.295939250560245,6.561039623761253
2018-07-13 → 2019-07-13,7773.957759032041,31396.444360089477,19029.84894740581,20593.686509905812,47.649053118184064,54.26917566883035,6.620122550646286
2018-07-14 → 2019-07-14,7773.957759032041,31396.444360089477,19012.41459303903,20587.411648517536,47.57524905741257,54.24261258301196,6.6673635255993915
2018-07-15 → 2019-07-15,7773.957759032041,31396.444360089477,18993.740382749078,20581.169499668158,47.49619637085452,54.21618797769925,6.719991606844729
2018-07-16 → 2019-07-16,7773.957759032041,31396.444360089477,18979.544795193902,20575.055833556406,47.43610283457735,54.19030727252624,6.754204437948893
2018-07-17 → 2019-07-17,7773.957759032041,31396.444360089477,18967.071315287863,20570.900863838706,47.38329941842267,54.172718227867776,6.7894188094451025
2018-07-18 → 2019-07-18,7773.957759032041,31396.444360089477,18955.331696591056,20570.397343827364,47.33360262360565,54.170586699465005,6.836984075859355
2018-07-19 → 2019-07-19,7773.957759032041,31396.444360089477,18944.231359828496,20569.964915526514,47.28661207197565,54.1687561203725,6.882144048396853
2018-07-20 → 2019-07-20,7773.957759032041,31396.444360089477,18932.793273043637,20569.674001386964,47.23819173851106,54.16752460675387,6.92933286824281
2018-07-21 → 2019-07-21,7773.957759032041,31396.444360089477,18921.305458267172,20568.322473810644,47.189560893797406,54.16180324642824,6.972242352630836
2018-07-22 → 2019-07-22,7773.957759032041,31396.444360089477,18910.91482240033,20567.042607864,47.1455746867468,54.156385248025884,7.0108105612790865
2018-07-23 → 2019-07-23,7773.957759032041,31396.444360089477,18901.68175411809,20565.711664077942,47.10648875799522,54.150751024125,7.044262266129778
2018-07-24 → 2019-07-24,7773.957759032041,31396.444360089477,18894.172957680752,20564.97872446324,47.07470211095781,54.14764830413162,7.072946193173813
2018-07-25 → 2019-07-25,7773.957759032041,31396.444360089477,18889.243286755704,20565.445682507165,47.05383355885192,54.14962505641775,7.095791497565827
2018-07-26 → 2019-07-26,7773.957759032041,31396.444360089477,18883.710327150682,20565.508337747196,47.03041113216813,54.149890292000656,7.119479159832522
2018-07-27 → 2019-07-27,7773.957759032041,31396.444360089477,18878.108667980523,20564.974801643206,47.00669788273439,54.147631697835685,7.140933815101292
2018-07-28 → 2019-07-28,7773.957759032041,31396.444360089477,18873.35228066474,20564.874891395673,46.986562884264046,54.14720875232102,7.1606458680569745
2018-07-29 → 2019-07-29,7773.957759032041,31396.444360089477,18868.74089854342,20564.738001563735,46.96704172969975,54.14662926281066,7.179587533110912
2018-07-30 → 2019-07-30,7773.957759032041,31396.444360089477,18864.033923424402,20564.604884547076,46.94711590563851,54.146065744587936,7.198949838949424
2018-07-31 → 2019-07-31,7773.957759032041,31396.444360089477,18857.761232890738,20564.291973289914,46.92056200960039,54.14474111157005,7.224179101969661
2018-08-01 → 2019-08-01,7773.957759032041,31396.444360089477,18848.663800871345,20563.04109406017,46.88205026368205,54.13944582132025,7.257395557638198
2018-08-02 → 2019-08-02,7773.957759032041,31396.444360089477,18838.64559806632,20561.452183187368,46.83964066060251,54.13271955706351,7.293078896460997
2018-08-03 → 2019-08-03,7773.957759032041,31396.444360089477,18827.69606699015,20559.671983144224,46.793288507837694,54.125183517047034,7.33189500920934
2018-08-04 → 2019-08-04,7773.957759032041,31396.444360089477,18815.699464564797,20557.549138869243,46.74250383547041,54.11619697676093,7.373693141290524
2018-08-05 → 2019-08-05,7773.957759032041,31396.444360089477,18799.85394197877,20554.399267704925,46.675425704138895,54.10286277017416,7.427437066035267
2018-08-06 → 2019-08-06,7773.957759032041,31396.444360089477,18784.915001413774,20551.317004510976,46.612185365315604,54.08981476533876,7.4776294000231545
2018-08-07 → 2019-08-07,7773.957759032041,31396.444360089477,18768.319615610057,20547.89033927663,46.54193287207057,54.07530881898257,7.5333759469120025
2018-08-08 → 2019-08-08,7773.957759032041,31396.444360089477,18750.56333982216,20543.783587940823,46.466766035963225,54.05792389501093,7.591157859047705
2018-08-09 → 2019-08-09,7773.957759032041,31396.444360089477,18730.009444305888,20538.30018713027,46.37975616327966,54.03471126332165,7.654955100041988
2018-08-10 → 2019-08-10,7773.957759032041,31396.444360089477,18712.51849033578,20533.583741874267,46.30571250197718,54.01474534975947,7.709032847782289
2018-08-11 → 2019-08-11,7773.957759032041,31396.444360089477,18691.685044632974,20527.543722575916,46.217519222181345,53.989176410297866,7.771657188116521
2018-08-12 → 2019-08-12,7773.957759032041,31396.444360089477,18672.40983107232,20522.03973225136,46.13592233576469,53.96587661795378,7.829954282189092
2018-08-13 → 2019-08-13,7773.957759032041,31396.444360089477,18654.284255561714,20516.944763238535,46.059192159908456,53.944308316957915,7.88511615704946
2018-08-14 → 2019-08-14,7773.957759032041,31396.444360089477,18637.934933368477,20511.00463748287,45.98998131657368,53.9191622522951,7.929180935721419
2018-08-15 → 2019-08-15,7773.957759032041,31396.444360089477,18620.25909926957,20503.730605423058,45.91515501061605,53.88836942263809,7.973214412022045
2018-08-16 → 2019-08-16,7773.957759032041,31396.444360089477,18603.023297347067,20496.591997304036,45.84219147289208,53.858149877001004,8.015958404108922
2018-08-17 → 2019-08-17,7773.957759032041,31396.444360089477,18586.35852706755,20488.261395013185,45.7716452574959,53.822884316556255,8.051239059060357
2018-08-18 → 2019-08-18,7773.957759032041,31396.444360089477,18571.1742704471,20480.334948016283,45.707366433353094,53.78932964836757,8.081963215014476
2018-08-19 → 2019-08-19,7773.957759032041,31396.444360089477,18553.58008241594,20472.075004588238,45.632885755987104,53.75436320487861,8.121477448891504
2018-08-20 → 2019-08-20,7773.957759032041,31396.444360089477,18536.85120357601,20463.894058397455,45.56206815273283,53.71973117680745,8.157663024074623
2018-08-21 → 2019-08-21,7773.957759032041,31396.444360089477,18520.355690953707,20455.315819644326,45.492238448092145,53.683417308170334,8.191178860078189
2018-08-22 → 2019-08-22,7773.957759032041,31396.444360089477,18505.145570421326,20447.024061737808,45.42785013542526,53.64831618589412,8.220466050468858
2018-08-23 → 2019-08-23,7773.957759032041,31396.444360089477,18488.455489745513,20438.5210022999,45.3571967746776,53.612320570438776,8.255123795761179
2018-08-24 → 2019-08-24,7773.957759032041,31396.444360089477,18473.453221152613,20430.242331986916,45.29368835218905,53.577274851278055,8.283586499089004
2018-08-25 → 2019-08-25,7773.957759032041,31396.444360089477,18459.710633440143,20422.190079194457,45.235512479578524,53.54318761512699,8.307675135548465
2018-08-26 → 2019-08-26,7773.957759032041,31396.444360089477,18445.571877129736,20415.654249154126,45.17565952442954,53.51551978256257,8.33986025813303
2018-08-27 → 2019-08-27,7773.957759032041,31396.444360089477,18431.60080170196,20408.959901433405,45.1165164051478,53.487180904298924,8.370664499151125
2018-08-28 → 2019-08-28,7773.957759032041,31396.444360089477,18419.746449031627,20402.536617900125,45.06633391220989,53.45998950975287,8.393655597542981
2018-08-29 → 2019-08-29,7773.957759032041,31396.444360089477,18410.04014464692,20394.84277381772,45.02524465455201,53.42741950892129,8.402174854369278
2018-08-30 → 2019-08-30,7773.957759032041,31396.444360089477,18399.72081449879,20387.015348974117,44.981560302762944,53.394284026718275,8.412723723955331
2018-08-31 → 2019-08-31,7773.957759032041,31396.444360089477,18388.9496743692,20379.04683206704,44.935963324292835,53.360551265888944,8.424587941596108
2018-09-01 → 2019-09-01,7773.957759032041,31396.444360089477,18378.04319794302,20371.105261525823,44.889793432823026,53.32693257588675,8.437139143063725
2018-09-02 → 2019-09-02,7773.957759032041,31396.444360089477,18366.383978548958,20363.335179144342,44.840436988723944,53.29403983892513,8.453602850201186
2018-09-03 → 2019-09-03,7773.957759032041,31396.444360089477,18354.61780976315,20355.634841151073,44.790627800620605,53.26144234771553,8.470814547094925
2018-09-04 → 2019-09-04,7773.957759032041,31396.444360089477,18342.80184032172,20347.847859050642,44.74060779366291,53.22847806994096,8.487870276278052
2018-09-05 → 2019-09-05,7773.957759032041,31396.444360089477,18331.497140567804,20347.427416336497,44.69275212146026,53.22669822888848,8.533946107428221
2018-09-06 → 2019-09-06,7773.957759032041,31396.444360089477,18317.710669036893,20352.94755151587,44.63439047747358,53.25006636651344,8.615675889039856
2018-09-07 → 2019-09-07,7773.957759032041,31396.444360089477,18301.633905617266,20356.182991696685,44.56633344482018,53.263762808532675,8.697429363712494
2018-09-08 → 2019-09-08,7773.957759032041,31396.444360089477,18285.2534965366,20357.437415118824,44.49699100277628,53.269073102251205,8.772082099474929
2018-09-09 → 2019-09-09,7773.957759032041,31396.444360089477,18267.541408420286,20356.9673390745,44.4220112243328,53.267083150675575,8.845071926342776
2018-09-10 → 2019-09-10,7773.957759032041,31396.444360089477,18250.909853433983,20356.87243784878,44.351605617729305,53.266681409625505,8.9150757918962
2018-09-11 → 2019-09-11,7773.957759032041,31396.444360089477,18234.44865481617,20357.028062480065,44.28192117300587,53.26734020831133,8.985419035305462
2018-09-12 → 2019-09-12,7773.957759032041,31396.444360089477,18217.193782609145,20356.96538936457,44.208876905912284,53.26707489705704,9.058197991144759
2018-09-13 → 2019-09-13,7773.957759032041,31396.444360089477,18200.42397341322,20359.75544820291,44.137886034040335,53.278885926460774,9.140999892420439
2018-09-14 → 2019-09-14,7773.957759032041,31396.444360089477,18184.69484450403,20363.84496916041,44.07130062677636,53.296197909854236,9.224897283077873
2018-09-15 → 2019-09-15,7773.957759032041,31396.444360089477,18169.136771071913,20365.051730471347,44.00543934089709,53.30130643772142,9.295867096824331
2018-09-16 → 2019-09-16,7773.957759032041,31396.444360089477,18153.89367551212,20369.230226109372,43.94091143654383,53.318995073590244,9.378083637046416
2018-09-17 → 2019-09-17,7773.957759032041,31396.444360089477,18138.640618744823,20372.65745278706,43.8763413638631,53.33350339667905,9.457162032815951
2018-09-18 → 2019-09-18,7773.957759032041,31396.444360089477,18121.87344623085,20374.01033792055,43.80536165373714,53.3392305038898,9.533868850152665
2018-09-19 → 2019-09-19,7773.957759032041,31396.444360089477,18105.38879345339,20375.96365329835,43.735577921584564,53.347499385192556,9.611921463607992
2018-09-20 → 2019-09-20,7773.957759032041,31396.444360089477,18089.455575535947,20378.191518037293,43.66812855358819,53.3569305038405,9.688801950252312
2018-09-21 → 2019-09-21,7773.957759032041,31396.444360089477,18074.771694461073,20381.27049084202,43.605967946524,53.36996457962061,9.76399663309661
2018-09-22 → 2019-09-22,7773.957759032041,31396.444360089477,18061.435428635246,20386.136365623563,43.549512137908025,53.390563066408724,9.8410509285007
2018-09-23 → 2019-09-23,7773.957759032041,31396.444360089477,18048.877545456067,20390.635982161337,43.49635142120932,53.40961108880266,9.913259667593344
2018-09-24 → 2019-09-24,7773.957759032041,31396.444360089477,18039.836734299297,20395.04032272291,43.45807936581797,53.42825578373236,9.970176417914388
2018-09-25 → 2019-09-25,7773.957759032041,31396.444360089477,18030.724905353127,20398.38938201023,43.41950667404317,53.44243320435652,10.022926530313349
2018-09-26 → 2019-09-26,7773.957759032041,31396.444360089477,18021.909040130166,20400.371967867897,43.382186872060224,53.45082599505273,10.068639122992508
2018-09-27 → 2019-09-27,7773.957759032041,31396.444360089477,18013.009378672166,20406.627630516658,43.34451233928009,53.4773078077188,10.132795468438715
2018-09-28 → 2019-09-28,7773.957759032041,31396.444360089477,18005.406682037545,20415.638650540204,43.312328188800855,53.515453749658484,10.203125560857629
2018-09-29 → 2019-09-29,7773.957759032041,31396.444360089477,17998.033464093452,20424.025152720664,43.28111548004325,53.5509559485679,10.269840468524656
2018-09-30 → 2019-09-30,7773.957759032041,31396.444360089477,17989.527074505335,20431.9306079384,43.24510576721421,53.58442175321093,10.33931598599672
2018-10-01 → 2019-10-01,7773.957759032041,31396.444360089477,17981.018553078728,20439.93823771871,43.209087029770096,53.618320088790696,10.4092330590206
2018-10-02 → 2019-10-02,7773.957759032041,31396.444360089477,17972.052470723534,20447.418970191437,43.171131320421566,53.6499879339209,10.478856613499332
2018-10-03 → 2019-10-03,7773.957759032041,31396.444360089477,17963.174977135182,20454.268055166427,43.13355062987752,53.67898185437754,10.545431224500021
2018-10-04 → 2019-10-04,7773.957759032041,31396.444360089477,17954.369415806315,20460.568565130176,43.09627444690162,53.705653517145954,10.609379070244337
2018-10-05 → 2019-10-05,7773.957759032041,31396.444360089477,17946.184648559614,20467.608936030814,43.061626243327936,53.735457199626715,10.67383095629878
2018-10-06 → 2019-10-06,7773.957759032041,31396.444360089477,17939.478892428957,20474.96749770031,43.03323907036047,53.7666078646425,10.733368794282029
2018-10-07 → 2019-10-07,7773.957759032041,31396.444360089477,17930.982939752255,20481.88223167174,42.997273539634676,53.79587969401513,10.798606154380451
2018-10-08 → 2019-10-08,7773.957759032041,31396.444360089477,17922.722137360703,20491.638848755698,42.962303459934496,53.8371819381384,10.874878478203904
2018-10-09 → 2019-10-09,7773.957759032041,31396.444360089477,17913.13032294074,20501.745674183578,42.92169886744619,53.87996670334354,10.958267835897352
2018-10-10 → 2019-10-10,7773.957759032041,31396.444360089477,17903.524001423502,20511.599354709768,42.88103286272167,53.92167984172986,11.040646979008194
2018-10-11 → 2019-10-11,7773.957759032041,31396.444360089477,17894.63574370161,20520.66966934058,42.843406604859815,53.96007679283833,11.116670187978514
2018-10-12 → 2019-10-12,7773.957759032041,31396.444360089477,17883.100435018674,20525.16743070773,42.794574706348264,53.979116961822704,11.18454225547444
2018-10-13 → 2019-10-13,7773.957759032041,31396.444360089477,17871.92610149375,20529.972443959774,42.74727090758382,53.999457806261276,11.252186898677458
2018-10-14 → 2019-10-14,7773.957759032041,31396.444360089477,17860.57693127359,20534.742240580912,42.6992269805755,54.01964956973517,11.32042258915967
2018-10-15 → 2019-10-15,7773.957759032041,31396.444360089477,17849.866924654616,20535.99562314929,42.65388879582024,54.02495545725474,11.371066661434504
2018-10-16 → 2019-10-16,7773.957759032041,31396.444360089477,17841.595264228596,20540.534548532505,42.61887275129574,54.04416988399935,11.425297132703612
2018-10-17 → 2019-10-17,7773.957759032041,31396.444360089477,17833.159517863627,20544.470005660576,42.58316208921586,54.06082967597864,11.477667586762777
2018-10-18 → 2019-10-18,7773.957759032041,31396.444360089477,17825.078915467424,20548.12453312383,42.54895484197441,54.07630022116287,11.52734537918846
2018-10-19 → 2019-10-19,7773.957759032041,31396.444360089477,17816.738552233932,20551.2232563217,42.51364796097434,54.08941790538553,11.575769944411192
2018-10-20 → 2019-10-20,7773.957759032041,31396.444360089477,17807.19850951792,20545.084492017384,42.473262531289784,54.06343095317347,11.59016842188369
2018-10-21 → 2019-10-21,7773.957759032041,31396.444360089477,17797.834947041916,20539.03333451593,42.43362418739256,54.037814862862376,11.604190675469816
2018-10-22 → 2019-10-22,7773.957759032041,31396.444360089477,17789.274552053295,20532.964853527053,42.39738585595358,54.01212543781851,11.614739581864931
2018-10-23 → 2019-10-23,7773.957759032041,31396.444360089477,17783.271668999114,20526.80520988568,42.37197412366832,53.98605009805687,11.614075974388548
2018-10-24 → 2019-10-24,7773.957759032041,31396.444360089477,17777.206494026264,20520.523408202393,42.346298693832,53.95945763220272,11.613158938370724
2018-10-25 → 2019-10-25,7773.957759032041,31396.444360089477,17766.169427430163,20514.265684575355,42.29957598092502,53.932967094890884,11.633391113965864
2018-10-26 → 2019-10-26,7773.957759032041,31396.444360089477,17753.03253544775,20507.56721452817,42.243964172548225,53.904610765769775,11.66064659322155
2018-10-27 → 2019-10-27,7773.957759032041,31396.444360089477,17738.95410168815,20500.824981322647,42.18436657811475,53.87606917605745,11.691702597942701
2018-10-28 → 2019-10-28,7773.957759032041,31396.444360089477,17725.643961001635,20494.06416184814,42.128021363864875,53.84744890593649,11.719427542071614
2018-10-29 → 2019-10-29,7773.957759032041,31396.444360089477,17711.967114766972,20487.815749996364,42.0701237916675,53.82099778774009,11.750873996072592
2018-10-30 → 2019-10-30,7773.957759032041,31396.444360089477,17698.096012740483,20481.03449321515,42.01140388524635,53.792291001296576,11.780887116050224
2018-10-31 → 2019-10-31,7773.957759032041,31396.444360089477,17684.378009666318,20474.247933669838,41.95333208566894,53.76356176690257,11.81022968123363
2018-11-01 → 2019-11-01,7773.957759032041,31396.444360089477,17670.58588000336,20467.61244163419,41.89494648936877,53.73547203973833,11.840525550369563
2018-11-02 → 2019-11-02,7773.957759032041,31396.444360089477,17656.889161201765,20461.14059182635,41.83696479153606,53.70807505178723,11.871110260251172
2018-11-03 → 2019-11-03,7773.957759032041,31396.444360089477,17643.516523311006,20454.64444265793,41.78035501070901,53.680575198456246,11.900220187747237
2018-11-04 → 2019-11-04,7773.957759032041,31396.444360089477,17629.379484571757,20447.99729047517,41.72050932647602,53.65243611092064,11.93192678444462
2018-11-05 → 2019-11-05,7773.957759032041,31396.444360089477,17616.10601231159,20441.818291166805,41.66431933901055,53.62627883369272,11.961959494682176
2018-11-06 → 2019-11-06,7773.957759032041,31396.444360089477,17602.640815897175,20435.48373866629,41.60731773438772,53.59946306019905,11.992145325811329
2018-11-07 → 2019-11-07,7773.957759032041,31396.444360089477,17589.88587547103,20429.320865275404,41.55332282419239,53.573374048085434,12.020051223893041
2018-11-08 → 2019-11-08,7773.957759032041,31396.444360089477,17578.935823908814,20424.665132219776,41.50696846807763,53.553665144724604,12.046696676646974
2018-11-09 → 2019-11-09,7773.957759032041,31396.444360089477,17567.299748363628,20419.383911314795,41.45770999778321,53.531308392050036,12.073598394266824
2018-11-10 → 2019-11-10,7773.957759032041,31396.444360089477,17554.360028919287,20413.14916295204,41.40293287095964,53.504915114881335,12.101982243921697
2018-11-11 → 2019-11-11,7773.957759032041,31396.444360089477,17542.7111590023,20407.368863287014,41.35362023883198,53.480445634751476,12.126825395919496
2018-11-12 → 2019-11-12,7773.957759032041,31396.444360089477,17530.67188373338,20401.413973445266,41.30265492145348,53.45523706995338,12.152582148499896
2018-11-13 → 2019-11-13,7773.957759032041,31396.444360089477,17518.61073608366,20395.205429446716,41.25159701271843,53.42895472252992,12.177357709811496
2018-11-14 → 2019-11-14,7773.957759032041,31396.444360089477,17506.623268135718,20388.60730234085,41.20085100891963,53.40102317062645,12.200172161706824
2018-11-15 → 2019-11-15,7773.957759032041,31396.444360089477,17489.881513510223,20376.21712696716,41.12997889918692,53.348572403766305,12.218593504579381
2018-11-16 → 2019-11-16,7773.957759032041,31396.444360089477,17472.778871724357,20363.503445729544,41.057579062223525,53.29475215422048,12.237173091996958
2018-11-17 → 2019-11-17,7773.957759032041,31396.444360089477,17455.190263648492,20349.971108429796,40.98312200622893,53.23746632513616,12.25434431890723
2018-11-18 → 2019-11-18,7773.957759032041,31396.444360089477,17438.910079614394,20336.471946801856,40.91420384232416,53.180320937117045,12.266117094792882
2018-11-19 → 2019-11-19,7773.957759032041,31396.444360089477,17423.389626329852,20323.31675397778,40.84850181210756,53.124631656618135,12.276129844510578
2018-11-20 → 2019-11-20,7773.957759032041,31396.444360089477,17400.204584378927,20303.893846277224,40.750353626683726,53.04240954330478,12.292055916621052
2018-11-21 → 2019-11-21,7773.957759032041,31396.444360089477,17372.814654563845,20279.46164116528,40.634405080378464,52.93898179869617,12.304576718317705
2018-11-22 → 2019-11-22,7773.957759032041,31396.444360089477,17350.300007744478,20257.61260617002,40.5390948482272,52.84648927085923,12.30739442263203
2018-11-23 → 2019-11-23,7773.957759032041,31396.444360089477,17324.113958985195,20232.94083343215,40.42824263693582,52.742047375496846,12.313804738561025
2018-11-24 → 2019-11-24,7773.957759032041,31396.444360089477,17299.77407017571,20208.151866964196,40.32520569073899,52.637109369237834,12.311903678498844
2018-11-25 → 2019-11-25,7773.957759032041,31396.444360089477,17266.264125774473,20176.90699023315,40.18334956455227,52.504841851178796,12.321492286626523
2018-11-26 → 2019-11-26,7773.957759032041,31396.444360089477,17235.169115531236,20147.683552681614,40.051716469491716,52.381131599819284,12.329415130327568
2018-11-27 → 2019-11-27,7773.957759032041,31396.444360089477,17197.63033892542,20114.70081670707,39.89280527085383,52.24150728112852,12.348702010274692
2018-11-28 → 2019-11-28,7773.957759032041,31396.444360089477,17162.024681767383,20083.487286859792,39.74207745900508,52.10937246240931,12.36729500340423
2018-11-29 → 2019-11-29,7773.957759032041,31396.444360089477,17132.367354143094,20058.13177222132,39.616530440500426,52.00203611350294,12.385505673002513
2018-11-30 → 2019-11-30,7773.957759032041,31396.444360089477,17104.072071690007,20033.208881210958,39.496749305978284,51.89653117055909,12.39978186458081
2018-12-01 → 2019-12-01,7773.957759032041,31396.444360089477,17072.141573472385,20005.78445525684,39.3615793776093,51.78043659331466,12.418857215705358
2018-12-02 → 2019-12-02,7773.957759032041,31396.444360089477,17043.60817689185,19980.800291787244,39.24079024536249,51.6746722684511,12.433882023088607
2018-12-03 → 2019-12-03,7773.957759032041,31396.444360089477,17014.34272008953,19956.129413352242,39.11690211581644,51.57023415890044,12.453332043084004
2018-12-04 → 2019-12-04,7773.957759032041,31396.444360089477,16981.133017094526,19934.3372068943,38.9763169879429,51.477982200730345,12.501665212787444
2018-12-05 → 2019-12-05,7773.957759032041,31396.444360089477,16947.850516361774,19912.536608188177,38.83542368871139,51.385694716037065,12.550271027325678
2018-12-06 → 2019-12-06,7773.957759032041,31396.444360089477,16910.460175262793,19889.920123633656,38.67714085536518,51.28995337882532,12.612812523460136
2018-12-07 → 2019-12-07,7773.957759032041,31396.444360089477,16869.03358969284,19866.580333305013,38.50177157155703,51.19115010412011,12.689378532563083
2018-12-08 → 2019-12-08,7773.957759032041,31396.444360089477,16824.3200528895,19842.46556046339,38.31248778632953,51.08906613112912,12.776578344799596
2018-12-09 → 2019-12-09,7773.957759032041,31396.444360089477,16781.370361082987,19818.75117457405,38.130670806043504,50.98867709804452,12.858006292001015
2018-12-10 → 2019-12-10,7773.957759032041,31396.444360089477,16741.97740446016,19795.815774207505,37.96391039132467,50.89158570900542,12.927675317680752
2018-12-11 → 2019-12-11,7773.957759032041,31396.444360089477,16699.88271326707,19772.166951227693,37.785712846315974,50.79147422040897,13.005761374092998
2018-12-12 → 2019-12-12,7773.957759032041,31396.444360089477,16656.371188463443,19748.182334234367,37.60151748391209,50.68994123026114,13.08842374634905
2018-12-13 → 2019-12-13,7773.957759032041,31396.444360089477,16614.264020517243,19724.604626233166,37.42326712163094,50.59013078947483,13.166863667843884
2018-12-14 → 2019-12-14,7773.957759032041,31396.444360089477,16569.10124513893,19700.284913063326,37.23208159514072,50.48717925189729,13.255097656756568
2018-12-15 → 2019-12-15,7773.957759032041,31396.444360089477,16522.111821300277,19675.447899355106,37.033163400658395,50.38203784943752,13.348874448779128
2018-12-16 → 2019-12-16,7773.957759032041,31294.843993340724,16476.02815927129,19650.854035340777,36.99720458468948,50.49510532041318,13.497900735723704
2018-12-17 → 2019-12-17,7773.957759032041,29771.88544035732,16431.86456687325,19626.542957836908,39.35782921584552,53.88046260769778,14.52263339185226
2018-12-18 → 2019-12-18,7773.957759032041,29771.88544035732,16391.288680516274,19602.96137862535,39.173375993956704,53.77326351352322,14.599887519566515
2018-12-19 → 2019-12-19,7773.957759032041,29771.88544035732,16354.861307374927,19581.11572955041,39.0077814267363,53.67395575421329,14.666174327476988
2018-12-20 → 2019-12-20,7773.957759032041,29771.88544035732,16319.002684878462,19559.341215593795,38.844772333261986,53.57497136681075,14.730199033548764
2018-12-21 → 2019-12-21,7773.957759032041,29771.88544035732,16290.0992105239,19539.39440041859,38.71338052775523,53.48429548377228,14.770914956017052
2018-12-22 → 2019-12-22,7773.957759032041,29771.88544035732,16255.460356607045,19517.957783916907,38.555916359226934,53.38684713858165,14.830930779354716
2018-12-23 → 2019-12-23,7773.957759032041,29771.88544035732,16223.86722994373,19497.73486782877,38.412297709684154,53.294916133165614,14.88261842348146
2018-12-24 → 2019-12-24,7773.957759032041,29771.88544035732,16192.328859345866,19477.432142927708,38.26892797479482,53.20262232624352,14.9336943514487
2018-12-25 → 2019-12-25,7773.957759032041,29771.88544035732,16162.694269790507,19457.561663785316,38.13421260530793,53.112293457859884,14.978080852551955
2018-12-26 → 2019-12-26,7773.957759032041,29771.88544035732,16128.034956695277,19436.413357982354,37.97665543175356,53.01615573930144,15.039500307547883
2018-12-27 → 2019-12-27,7773.957759032041,29771.88544035732,16094.031476983653,19415.4476647827,37.82207959986512,52.92084815622646,15.098768556361343
2018-12-28 → 2019-12-28,7773.957759032041,29771.88544035732,16055.222064980351,19393.341430366985,37.645656563270414,52.8203558065108,15.174699243240383
2018-12-29 → 2019-12-29,7773.957759032041,29771.88544035732,16021.78687179634,19372.66735858301,37.49366409530538,52.72637390019912,15.232709804893744
2018-12-30 → 2019-12-30,7773.957759032041,29771.88544035732,15988.114441642676,19352.266259826283,37.34059317589214,52.63363289726344,15.2930397213713
2018-12-31 → 2019-12-31,7773.957759032041,29771.88544035732,15954.811338362764,19331.78432367981,37.189201173143694,52.540524417032096,15.351323243888402
2019-01-01 → 2020-01-01,7773.957759032041,29771.88544035732,15918.813855981913,19310.54138695207,37.025560838916164,52.443956517385004,15.41839567846884
2019-01-02 → 2020-01-02,7773.957759032041,29771.88544035732,15886.396842787643,19290.52059324496,36.8781968978037,52.35294433661443,15.47474743881073
2019-01-03 → 2020-01-03,7773.957759032041,29771.88544035732,15853.656623965857,19269.47848071407,36.729363701804154,52.25728936021975,15.527925658415597
2019-01-04 → 2020-01-04,7773.957759032041,29771.88544035732,15818.666897676158,19248.6858434191,36.57030450860841,52.1627684689968,15.592463960388393
2019-01-05 → 2020-01-05,7773.957759032041,29771.88544035732,15784.478847337114,19228.21550433131,36.414889640288486,52.06971270763447,15.654823067345987
2019-01-06 → 2020-01-06,7773.957759032041,29771.88544035732,15747.73454549783,19206.543481897595,36.2478543523669,51.971194234677974,15.723339882311073
2019-01-07 → 2020-01-07,7773.957759032041,29771.88544035732,15713.78677018708,19186.01131852408,36.093531746153545,51.8778574273616,15.784325681208053
2019-01-08 → 2020-01-08,7773.957759032041,29771.88544035732,15679.39817196131,19166.3213463653,35.93720521065464,51.78834912256116,15.851143911906519
2019-01-09 → 2020-01-09,7773.957759032041,29771.88544035732,15645.917887724701,19147.1835775417,35.785007764051386,51.701351069377054,15.916343305325668
2019-01-10 → 2020-01-10,7773.957759032041,29771.88544035732,15611.292174998,19126.760131740753,35.62760333383273,51.60850847939853,15.9809051455658
2019-01-11 → 2020-01-11,7773.957759032041,29771.88544035732,15569.997260588407,19105.542342485434,35.43988149472218,51.51205489721254,16.072173402490364
2019-01-12 → 2020-01-12,7773.957759032041,29771.88544035732,15528.07234944423,19083.68502119798,35.24929576432282,51.4126940773931,16.16339831307028
2019-01-13 → 2020-01-13,7773.957759032041,29771.88544035732,15486.174257509321,19062.269435102346,35.05883195090426,51.31534133396257,16.256509383058308
2019-01-14 → 2020-01-14,7773.957759032041,29771.88544035732,15439.245257338993,19038.249575387417,34.84549821851742,51.206149868007714,16.360651649490293
2019-01-15 → 2020-01-15,7773.957759032041,29771.88544035732,15395.74311665681,19016.798980764386,34.64774258756718,51.10863797991636,16.46089539234918
2019-01-16 → 2020-01-16,7773.957759032041,29771.88544035732,15350.788857506359,18995.21330298643,34.443385796319916,51.010512019641105,16.56712622332119
2019-01-17 → 2020-01-17,7773.957759032041,29771.88544035732,15305.696426265069,18973.087584203906,34.238400890948256,50.90993109627846,16.671530205330207
2019-01-18 → 2020-01-18,7773.957759032041,29771.88544035732,15261.23997045489,18951.749392830996,34.03630705531882,50.81293018018296,16.776623124864138
2019-01-19 → 2020-01-19,7773.957759032041,29771.88544035732,15216.993394294204,18931.071455662237,33.835167307967765,50.71893070228527,16.883763394317505
2019-01-20 → 2020-01-20,7773.957759032041,29771.88544035732,15174.531611178656,18907.60894463032,33.64214102053436,50.612272878094686,16.970131857560325
2019-01-21 → 2020-01-21,7773.957759032041,29771.88544035732,15128.60692624879,18880.429168704664,33.43337278747551,50.4887168035435,17.055344016067984
2019-01-22 → 2020-01-22,7773.957759032041,29771.88544035732,15082.923715765384,18853.76582025134,33.22570226893758,50.367508347730826,17.141806078793245
2019-01-23 → 2020-01-23,7773.957759032041,29771.88544035732,15039.204086994365,18828.31971652929,33.02695796263579,50.25183334374555,17.22487538110976
2019-01-24 → 2020-01-24,7773.957759032041,29771.88544035732,14994.716952452482,18801.60467888559,32.82472466508909,50.130389914933936,17.305665249844843
2019-01-25 → 2020-01-25,7773.957759032041,29771.88544035732,14950.873815980307,18775.514504617422,32.62541890725903,50.011787041762766,17.386368134503734
2019-01-26 → 2020-01-26,7773.957759032041,29771.88544035732,14906.021636544814,18748.238908682226,32.42152615842719,49.88779538068302,17.466269222255832
2019-01-27 → 2020-01-27,7773.957759032041,29771.88544035732,14859.902015467693,18720.441419433115,32.21187176849903,49.761431253789794,17.549559485290764
2019-01-28 → 2020-01-28,7773.957759032041,29771.88544035732,14812.055210602975,18692.11464947461,31.994365803583364,49.632661078849395,17.63829527526603
2019-01-29 → 2020-01-29,7773.957759032041,29771.88544035732,14761.85645555458,18663.90962664629,31.766168148896963,49.504444352088065,17.738276203191102
2019-01-30 → 2020-01-30,7773.957759032041,29771.88544035732,14710.131058252071,18634.740501466786,31.53103055752093,49.37184492907847,17.840814371557542
2019-01-31 → 2020-01-31,7773.957759032041,29771.88544035732,14659.855925657219,18607.193331345676,31.30248569946354,49.24661872359142,17.94413302412788
2019-02-01 → 2020-02-01,7773.957759032041,29771.88544035732,14608.857172339078,18578.88808417774,31.070651346442023,49.117946388733415,18.047295042291392
2019-02-02 → 2020-02-02,7773.957759032041,29771.88544035732,14558.80303289863,18550.670298726498,30.843111097353287,48.98967164458469,18.146560547231402
2019-02-03 → 2020-02-03,7773.957759032041,29771.88544035732,14509.323527073486,18522.774397091405,30.618183065304393,48.86286014652356,18.244677081219166
2019-02-04 → 2020-02-04,7773.957759032041,29771.88544035732,14459.092764394516,18494.651116836692,30.38983990768227,48.735015011917596,18.345175104235327
2019-02-05 → 2020-02-05,7773.957759032041,29771.88544035732,14407.378676282537,18464.263415285102,30.154753726560397,48.5968760835976,18.442122357037203
2019-02-06 → 2020-02-06,7773.957759032041,29771.88544035732,14355.693163014312,18435.17762746273,29.91979744332785,48.4646555024423,18.544858059114446
2019-02-07 → 2020-02-07,7773.957759032041,29771.88544035732,14302.43695250311,18405.621589158527,29.677700954591725,48.33029721773308,18.65259626314136
2019-02-08 → 2020-02-08,7773.957759032041,28074.774710040525,14248.659944524521,18375.79787103007,31.89380112690901,52.22371167418147,20.329910547272462
2019-02-09 → 2020-02-09,7773.957759032041,28074.774710040525,14199.942317104817,18348.215160265372,31.65382247217175,52.08784171963106,20.434019247459307
2019-02-10 → 2020-02-10,7773.957759032041,28074.774710040525,14152.168143936973,18322.6392122049,31.41849118829714,51.96185689782712,20.54336570952998
2019-02-11 → 2020-02-11,7773.957759032041,28074.774710040525,14103.74661161962,18294.842229097365,31.179971071425932,51.824931456971136,20.644960385545204
2019-02-12 → 2020-02-12,7773.957759032041,28074.774710040525,14054.025378038741,18267.524965050634,30.935048742926202,51.690369069099475,20.755320326173273
2019-02-13 → 2020-02-13,7773.957759032041,28074.774710040525,14004.567682111336,18241.033039535727,30.691424577225085,51.55987222466785,20.868447647442764
2019-02-14 → 2020-02-14,7773.957759032041,28074.774710040525,13954.533437061877,18213.561608437096,30.444960382359405,51.424550423752514,20.97959004139311
2019-02-15 → 2020-02-15,7773.957759032041,28050.436405718185,13905.392145156498,18186.52499681136,30.239147994893774,51.3529366672407,21.113788672346924
2019-02-16 → 2020-02-16,7773.957759032041,27896.057039244246,13856.205664400954,18161.438785556147,30.226706571068906,51.62225313508423,21.395546564015323
2019-02-17 → 2020-02-17,7773.957759032041,27603.28339949321,13808.20357673291,18136.449704175095,30.430917960155757,52.25841832966162,21.827500369505866
2019-02-18 → 2020-02-18,7773.957759032041,27040.460617832723,13759.583779187313,18108.370339533023,31.067527220806017,53.63927567052139,22.571748449715376
2019-02-19 → 2020-02-19,7773.957759032041,27040.460617832723,13717.26706730178,18087.189036559535,30.847888440506026,53.52933717712318,22.681448736617156
2019-02-20 → 2020-02-20,7773.957759032041,27040.460617832723,13675.546828651972,18064.194751063864,30.631345568374197,53.409988659832884,22.778643091458687
2019-02-21 → 2020-02-21,7773.957759032041,27040.460617832723,13634.21491698913,18040.89457036231,30.416818251373535,53.289052437663685,22.87223418629015
2019-02-22 → 2020-02-22,7773.957759032041,27040.460617832723,13592.257672956055,18017.771161699653,30.199045237035797,53.16903372522728,22.969988488191483
2019-02-23 → 2020-02-23,7773.957759032041,27040.460617832723,13550.454062925217,17992.185487382238,29.982069637793913,53.03623497858951,23.0541653407956
2019-02-24 → 2020-02-24,7773.957759032041,27040.460617832723,13512.297856193794,17971.000764748358,29.78402535850223,52.92627873593803,23.142253377435797
2019-02-25 → 2020-02-25,7773.957759032041,27040.460617832723,13468.758996914541,17946.828252227293,29.55804319869701,52.8008148014699,23.242771602772887
2019-02-26 → 2020-02-26,7773.957759032041,27040.460617832723,13428.324262988574,17918.27259240294,29.348172553140294,52.6526007740793,23.30442822093901
2019-02-27 → 2020-02-27,7773.957759032041,27040.460617832723,13387.473104896088,17886.553549570235,29.13614051810065,52.48796766414148,23.35182714604083
2019-02-28 → 2020-02-28,7773.957759032041,27040.460617832723,13346.783832675179,17854.766224701176,28.924948728292666,52.32298014615743,23.39803141786476
2019-03-01 → 2020-03-01,7773.957759032041,27040.460617832723,13302.22753951511,17811.705009863625,28.69368572489962,52.099477130830074,23.405791405930454
2019-03-02 → 2020-03-02,7773.957759032041,27040.460617832723,13261.316785511852,17777.976095340906,28.481344365893875,51.924412072215596,23.44306770632172
2019-03-03 → 2020-03-03,7773.957759032041,27040.460617832723,13220.866864893327,17746.40323495439,28.271394896003194,51.76053770114834,23.489142805145143
2019-03-04 → 2020-03-04,7773.957759032041,27040.460617832723,13179.945587085007,17710.221798605366,28.058998914707463,51.57274318226658,23.513744267559115
2019-03-05 → 2020-03-05,7773.957759032041,26046.86550643562,13136.332184200495,17674.002452869805,29.346037857222807,54.178813961584595,24.832776104361788
2019-03-06 → 2020-03-06,7773.957759032041,26046.86550643562,13095.165007690583,17637.889619682188,29.12074707658193,53.98118349309636,24.86043641651443
2019-03-07 → 2020-03-07,7773.957759032041,26046.86550643562,13055.049319088834,17603.666060746982,28.901210650544595,53.79389223431972,24.892681583775126
2019-03-08 → 2020-03-08,7773.957759032041,26046.86550643562,13017.98369403455,17573.279646316656,28.698365949708464,53.62760006642628,24.92923411671782
2019-03-09 → 2020-03-09,7773.957759032041,25963.445555142123,12981.518181286308,17540.592011719495,28.629505572817344,53.693838782948575,25.06433321013123
2019-03-10 → 2020-03-10,7773.957759032041,25963.445555142123,12946.284543468975,17507.77166459689,28.435802274449216,53.513402986787106,25.07760071233789
2019-03-11 → 2020-03-11,7773.957759032041,25963.445555142123,12910.808171498982,17474.434559928828,28.240764501161397,53.33012622252775,25.089361721366355
2019-03-12 → 2020-03-12,7773.957759032041,25960.826637480193,12895.006089675435,17473.025615764593,28.15794387076684,53.330058744890195,25.172114874123356
2019-03-13 → 2020-03-13,7773.957759032041,25960.826637480193,12872.81331451236,17437.00713461027,28.03591750486845,53.132012113581354,25.096094608712903
2019-03-14 → 2020-03-14,7773.957759032041,25948.527232164128,12855.033662390088,17415.094428820186,27.957063361910862,53.04740056726447,25.090337205353606
2019-03-15 → 2020-03-15,7773.957759032041,25628.446628388738,12835.178148347144,17383.090959415727,28.347047212320785,53.819144701899866,25.47209748957908
2019-03-16 → 2020-03-16,7773.957759032041,25586.972579571917,12819.70124690187,17354.527858575813,28.32616229596166,53.784102220004804,25.457939924043146
2019-03-17 → 2020-03-17,7773.957759032041,25586.972579571917,12801.710240809383,17318.492859829832,28.22516307559531,53.58180631945668,25.35664324386137
2019-03-18 → 2020-03-18,7773.957759032041,25586.972579571917,12783.555642333953,17248.624404780025,28.123245468394447,53.18957369767027,25.066328229275822
2019-03-19 → 2020-03-19,7773.957759032041,25586.972579571917,12758.834466806227,17174.18728989264,27.984463932664628,52.77169320053201,24.787229267867385
2019-03-20 → 2020-03-20,7773.957759032041,25586.972579571917,12734.781576546087,17101.326736911553,27.84943406544414,52.362663321451265,24.513229256007126
2019-03-21 → 2020-03-21,7773.957759032041,25586.972579571917,12711.300081060936,17020.079043498015,27.71761193582869,51.90654910253841,24.188937166709724
2019-03-22 → 2020-03-22,7773.957759032041,25586.972579571917,12689.506716151653,16936.132719561418,27.595266756594043,51.43528511504203,23.840018358447985
2019-03-23 → 2020-03-23,7773.957759032041,25586.972579571917,12663.11909260026,16852.747759271577,27.447129993574205,50.967172551672405,23.5200425580982
2019-03-24 → 2020-03-24,7773.957759032041,25586.972579571917,12634.905471285878,16768.804201589784,27.288742311317016,50.49592409357872,23.207181782261706
2019-03-25 → 2020-03-25,7773.957759032041,25586.972579571917,12607.011919987168,16683.7113604285,27.132151461425924,50.018223704180485,22.88607224275456
2019-03-26 → 2020-03-26,7773.957759032041,25524.76751053806,12577.63333472961,16594.394443222354,27.061726439212237,49.690334174428116,22.62860773521588
2019-03-27 → 2020-03-27,7773.957759032041,24931.82727159103,12550.06293900404,16505.07428288046,27.83623675699391,50.88695025601828,23.050713499024372
2019-03-28 → 2020-03-28,7773.957759032041,24931.82727159103,12526.12382253368,16421.50591953922,27.696714093921805,50.39989466161554,22.703180567693735
2019-03-29 → 2020-03-29,7773.957759032041,24453.100059156557,12504.33467315386,16336.488258173868,28.361032174217403,51.336755482192295,22.975723307974892
2019-03-30 → 2020-03-30,7773.957759032041,24438.57841350643,12480.03580320374,16234.67986651903,28.239935020111805,50.77056527665582,22.53063025654402
2019-03-31 → 2020-03-31,7773.957759032041,24424.09322507313,12455.806263586064,16132.022259406385,28.11898145875703,50.198177170516715,22.079195711759684
2019-04-01 → 2020-04-01,7773.957759032041,24163.82411016625,12430.272468500625,16028.669507035851,28.409717380925187,50.36472885840566,21.955011477480475
2019-04-02 → 2020-04-02,7773.957759032041,20392.68371152051,12404.544323813134,15918.916572584274,36.69614969225891,64.54660196456689,27.850452272307976
2019-04-03 → 2020-04-03,7773.957759032041,20361.333434818054,12389.33439624714,15855.24915092526,36.66671080687273,64.20155876843316,27.53484796156043
2019-04-04 → 2020-04-04,7773.957759032041,20361.333434818054,12374.121636793896,15816.111873886148,36.54585353014499,63.89063393352576,27.344780403380774
2019-04-05 → 2020-04-05,7773.957759032041,20164.08152590028,12358.765901153398,15775.920902277065,37.0037315880681,64.58339959962821,27.57966801156011
2019-04-06 → 2020-04-06,7773.957759032041,20164.08152590028,12341.96503637191,15739.075922740632,36.86813274258753,64.28602581846424,27.417893075876712
2019-04-07 → 2020-04-07,7773.957759032041,20164.08152590028,12325.858033666611,15685.889611178944,36.73813401934337,63.856762055144046,27.118628035800675
2019-04-08 → 2020-04-08,7773.957759032041,20164.08152590028,12310.308609723526,15638.396717293448,36.612635483286255,63.473449549319895,26.86081406603364
2019-04-09 → 2020-04-09,7773.957759032041,20164.08152590028,12296.064185648771,15594.305851591334,36.49766952860511,63.11759462380241,26.619925095197303
2019-04-10 → 2020-04-10,7773.957759032041,20164.08152590028,12283.340750382904,15519.581478572907,36.39497939002966,62.514498364035866,26.119518974006205
2019-04-11 → 2020-04-11,7773.957759032041,20164.08152590028,12271.629434238514,15449.904916969997,36.300458008607244,61.95214270953282,25.65168470092558
2019-04-12 → 2020-04-12,7773.957759032041,20164.08152590028,12256.72484724146,15361.974566730822,36.18016391568697,61.24246174190354,25.06229782621657
2019-04-13 → 2020-04-13,7773.957759032041,20164.08152590028,12242.816694679348,15271.944854119616,36.06791198968683,60.5158369372995,24.44792494761267
2019-04-14 → 2020-04-14,7773.957759032041,20164.08152590028,12228.754212727623,15176.537500425748,35.95441447976421,59.745809490527805,23.791395010763594
2019-04-15 → 2020-04-15,7773.957759032041,20164.08152590028,12217.041406094495,15085.821481329775,35.85988106869007,59.01364554444558,23.15376447575551
2019-04-16 → 2020-04-16,7773.957759032041,20164.08152590028,12201.23683072044,14983.832418775284,35.73232321962066,58.19049749141957,22.45817427179891
2019-04-17 → 2020-04-17,7773.957759032041,20164.08152590028,12187.375165436757,14892.65646318229,35.6204464898599,57.45462142344352,21.83417493358362
2019-04-18 → 2020-04-18,7773.957759032041,20164.08152590028,12172.756649667848,14801.49977649544,35.5024612619157,56.71890087373759,21.21643961182189
2019-04-19 → 2020-04-19,7773.957759032041,20164.08152590028,12159.24375788231,14696.23400012631,35.39339946366577,55.86930664570722,20.475907182041446
2019-04-20 → 2020-04-20,7773.957759032041,20164.08152590028,12147.493897560797,14589.765267643885,35.298566994332944,55.01000342577388,19.711436431440937
2019-04-21 → 2020-04-21,7773.957759032041,20164.08152590028,12135.877636981824,14483.156063750896,35.2048128010937,54.149566468896445,18.944753667802743
2019-04-22 → 2020-04-22,7773.957759032041,20164.08152590028,12122.674938324139,14355.458081059045,35.098254554331135,53.11892315092314,18.020668596592003
2019-04-23 → 2020-04-23,7773.957759032041,20164.08152590028,12108.449816564449,14233.288534131774,34.98344438756163,52.13289953061066,17.149455143049025
2019-04-24 → 2020-04-24,7773.957759032041,20164.08152590028,12095.608336339665,14123.174228791917,34.879801514686356,51.2441730948481,16.364371580161745
2019-04-25 → 2020-04-25,7773.957759032041,20164.08152590028,12081.594649537745,13996.620265745574,34.76669782770469,50.22276309582329,15.4560652681186
2019-04-26 → 2020-04-26,7773.957759032041,20164.08152590028,12063.915946915371,13835.906543255976,34.62401400182034,48.925651577701466,14.301637575881124
2019-04-27 → 2020-04-27,7773.957759032041,20164.08152590028,12046.043361532285,13673.715293414549,34.47976535895466,47.61661501847729,13.136849659522632
2019-04-28 → 2020-04-28,7773.957759032041,20164.08152590028,12028.528087949753,13510.97413897228,34.338400559763805,46.303140209795835,11.96473965003203
2019-04-29 → 2020-04-29,7773.957759032041,20164.08152590028,12006.704214485459,13340.815601201079,34.162261290496346,44.929800112691936,10.76753882219559
2019-04-30 → 2020-04-30,7773.957759032041,20164.08152590028,11985.27498526522,13166.62211405698,33.98930717297945,43.52389416355283,9.53458699057338
2019-05-01 → 2020-05-01,7773.957759032041,20164.08152590028,11964.307289583674,13000.522923149083,33.8200780669909,42.183316829272655,8.363238762281753
2019-05-02 → 2020-05-02,7773.957759032041,20164.08152590028,11943.394958656068,12835.384965558333,33.651295806852985,40.850497555648154,7.1992017487951685
2019-05-03 → 2020-05-03,7773.957759032041,20164.08152590028,11923.498205437774,12673.996374024511,33.490710217938215,39.54793920699483,6.057228989056618
2019-05-04 → 2020-05-04,7773.957759032041,20164.08152590028,11906.021469655881,12533.137010433242,33.34965645519352,38.41107111558856,5.0614146603950445
2019-05-05 → 2020-05-05,7773.957759032041,20164.08152590028,11889.159593559116,12398.942789897297,33.21356519077972,37.32799702318292,4.1144318324031985
2019-05-06 → 2020-05-06,7773.957759032041,20164.08152590028,11870.996562839133,12257.728659790648,33.06697237974944,36.188265630956934,3.121293251207497
2019-05-07 → 2020-05-07,7773.957759032041,20164.08152590028,11850.388311111188,12110.123481052964,32.900644325924404,34.99695244058844,2.0963081146640334
2019-05-08 → 2020-05-08,7773.957759032041,20164.08152590028,11831.25342474467,11970.373180638,32.74620772200858,33.869035536411396,1.122827814402818
2019-05-09 → 2020-05-09,7773.957759032041,20164.08152590028,11813.768482400505,11835.936461774882,32.605087724556086,32.78400425349065,0.17891652893456467
2019-05-10 → 2020-05-10,7773.957759032041,20164.08152590028,11800.729338495428,11715.035803666115,32.499849519107784,31.808221764278876,-0.6916277548289074
2019-05-11 → 2020-05-11,7773.957759032041,20164.08152590028,11789.583998450253,11606.077148151535,32.40989609931243,30.928822513999066,-1.4810735853133608
2019-05-12 → 2020-05-12,7773.957759032041,20164.08152590028,11783.288851452646,11552.038453710971,32.35908831792092,30.492679215858125,-1.8664091020627964
2019-05-13 → 2020-05-13,7773.957759032041,20164.08152590028,11773.26810690214,11476.107568560272,32.278211445832675,29.87984526375716,-2.398366182075513
2019-05-14 → 2020-05-14,7773.957759032041,20164.08152590028,11766.130363865828,11446.999457848251,32.22060311866326,29.644915320685428,-2.575687797977835
2019-05-15 → 2020-05-15,7773.957759032041,20164.08152590028,11761.094600165032,11423.422980352509,32.179959749835405,29.454630881729404,-2.7253288681060006
2019-05-16 → 2020-05-16,7773.957759032041,20164.08152590028,11756.928041420997,11408.90614991368,32.14633168588357,29.337466350430315,-2.808865335453252
2019-05-17 → 2020-05-17,7773.957759032041,20164.08152590028,11750.411917590023,11387.557018452702,32.09374041275683,29.16515869747477,-2.9285817152820606
2019-05-18 → 2020-05-18,7773.957759032041,20164.08152590028,11741.236228672067,11348.457516398992,32.01968393769165,28.84958879043103,-3.1700951472606214
2019-05-19 → 2020-05-19,7773.957759032041,20164.08152590028,11731.731952173976,11307.114186258408,31.942975450537496,28.515909071660683,-3.4270663788768125
2019-05-20 → 2020-05-20,7773.957759032041,20164.08152590028,11727.217278465288,11294.822252420028,31.906537770062027,28.4167015571139,-3.489836212948127
2019-05-21 → 2020-05-21,7773.957759032041,20164.08152590028,11723.12266365058,11275.607932087612,31.873490361563512,28.261623846076052,-3.61186651548746
2019-05-22 → 2020-05-22,7773.957759032041,20164.08152590028,11718.734427270376,11256.273646511934,31.838073149735983,28.105577902230205,-3.7324952475057778
2019-05-23 → 2020-05-23,7773.957759032041,20164.08152590028,11712.869374509632,11232.456327648608,31.79073663501587,27.9133496459878,-3.8773869890280714
2019-05-24 → 2020-05-24,7773.957759032041,20164.08152590028,11709.30892589806,11214.373577659393,31.762000452241875,27.767404776271736,-3.994595675970139
2019-05-25 → 2020-05-25,7773.957759032041,20164.08152590028,11705.778063426487,11198.370817084542,31.733503057558742,27.638247385466304,-4.0952556720924385
2019-05-26 → 2020-05-26,7773.957759032041,20164.08152590028,11702.81878591837,11184.07554605972,31.709618893334092,27.522871047878382,-4.186747845455709
2019-05-27 → 2020-05-27,7773.957759032041,20164.08152590028,11701.32966678344,11184.580038751283,31.69760029559488,27.526942780340917,-4.170657515253964
2019-05-28 → 2020-05-28,7773.957759032041,20164.08152590028,11698.902468983988,11186.892112381545,31.67801051711387,27.545603398053593,-4.132407119060275
2019-05-29 → 2020-05-29,7773.957759032041,20164.08152590028,11696.539256510247,11187.797526423503,31.658937160638928,27.55291094444291,-4.1060262161960175
2019-05-30 → 2020-05-30,7773.957759032041,20164.08152590028,11693.173493817392,11187.617614295528,31.631772277089865,27.5514588836616,-4.080313393428266
2019-05-31 → 2020-05-31,7773.957759032041,20164.08152590028,11689.114892559192,11180.176067122262,31.599015532003484,27.491398570195113,-4.107616961808372
2019-06-01 → 2020-06-01,7773.957759032041,20164.08152590028,11683.985061404368,11178.193633448203,31.55761294998456,27.475398458240143,-4.082214491744416
2019-06-02 → 2020-06-02,7773.957759032041,20164.08152590028,11680.778846685369,11175.2968060018,31.53173576926121,27.45201832499119,-4.07971744427002
2019-06-03 → 2020-06-03,7773.957759032041,20164.08152590028,11677.877068215565,11176.383593263607,31.50831567657768,27.4607897245531,-4.047525952024582
2019-06-04 → 2020-06-04,7773.957759032041,20164.08152590028,11672.305897682749,11165.20916217581,31.46335106897858,27.370601512570282,-4.092749556408297
2019-06-05 → 2020-06-05,7773.957759032041,20164.08152590028,11664.947341135858,11141.030038090335,31.40396056824308,27.175453146497208,-4.228507421745871
2019-06-06 → 2020-06-06,7773.957759032041,20164.08152590028,11658.189242811943,11120.47124420324,31.349416332438217,27.009524264155687,-4.339892068282531
2019-06-07 → 2020-06-07,7773.957759032041,20164.08152590028,11651.104920641446,11099.163431470133,31.292239162106473,26.837550092355368,-4.454689069751105
2019-06-08 → 2020-06-08,7773.957759032041,20164.08152590028,11645.03792845984,11088.035782705885,31.243272805548923,26.747739457904697,-4.495533347644226
2019-06-09 → 2020-06-09,7773.957759032041,20164.08152590028,11638.582303185653,11075.246379510267,31.191169812910136,26.6445168958362,-4.546652917073935
2019-06-10 → 2020-06-10,7773.957759032041,20164.08152590028,11630.445067540979,11061.220575407264,31.125494636472972,26.531315410791244,-4.594179225681728
2019-06-11 → 2020-06-11,7773.957759032041,20164.08152590028,11625.726672478911,11052.911687331858,31.087412732281795,26.464254837129957,-4.623157895151838
2019-06-12 → 2020-06-12,7773.957759032041,20164.08152590028,11620.148500954843,11043.48791935938,31.042391620071562,26.388196129809554,-4.654195490262008
2019-06-13 → 2020-06-13,7773.957759032041,20164.08152590028,11615.50138930056,11037.437095475643,31.004885040301065,26.33936026668511,-4.665524773615957
2019-06-14 → 2020-06-14,7773.957759032041,20164.08152590028,11611.568642277176,11032.641392651705,30.973144057746076,26.30065441584638,-4.672489641899695
2019-06-15 → 2020-06-15,7773.957759032041,20164.08152590028,11609.102099781074,11034.198208319183,30.95323673040607,26.313219388535686,-4.640017341870383
2019-06-16 → 2020-06-16,7773.957759032041,20164.08152590028,11606.937009391002,11037.703140353098,30.93576240625233,26.341507500098277,-4.5942549061540525
2019-06-17 → 2020-06-17,7773.957759032041,20164.08152590028,11605.564817406907,11043.298924959148,30.924687521046064,26.386670766513852,-4.538016754532212
2019-06-18 → 2020-06-18,7773.957759032041,20164.08152590028,11605.411290135815,11052.686190306056,30.92344841097759,26.462434863172916,-4.461013547804672
2019-06-19 → 2020-06-19,7773.957759032041,20164.08152590028,11604.636585769766,11058.784893418626,30.917195815114738,26.51165715689106,-4.405538658223676
2019-06-20 → 2020-06-20,7773.957759032041,20164.08152590028,11604.410039118955,11067.703219958694,30.915367369692614,26.583636474514314,-4.3317308951783
2019-06-21 → 2020-06-21,7773.957759032041,20164.08152590028,11605.215283525235,11079.578479567728,30.92186645252206,26.679481034524194,-4.242385417997866
2019-06-22 → 2020-06-22,7773.957759032041,20164.08152590028,11606.32821336753,11096.974886300324,30.930848847397492,26.819886465978517,-4.110962381418975
2019-06-23 → 2020-06-23,7773.957759032041,20164.08152590028,11609.176450113424,11119.945043747623,30.953836807804404,27.005277329536487,-3.948559478267917
2019-06-24 → 2020-06-24,7773.957759032041,20164.08152590028,11613.254962336632,11144.014706168186,30.986754253182262,27.1995422365984,-3.7872120165838616
2019-06-25 → 2020-06-25,7773.957759032041,20164.08152590028,11617.959982797222,11169.982160166746,31.024728211708574,27.4091241139643,-3.6156040977442743
2019-06-26 → 2020-06-26,7773.957759032041,20164.08152590028,11624.471795457153,11201.571663224127,31.07728468961354,27.664081236683714,-3.4132034529298245
2019-06-27 → 2020-06-27,7949.689521114651,20164.08152590028,11633.557573096929,11240.696536254753,30.160060775345414,26.943682615153307,-3.2163781601921073
2019-06-28 → 2020-06-28,7949.689521114651,20164.08152590028,11638.947806785984,11268.202975380824,30.20419095953259,27.168879572278097,-3.0353113872544917
2019-06-29 → 2020-06-29,7949.689521114651,20164.08152590028,11646.567480849975,11304.711674892114,30.26657371309909,27.467778604640795,-2.798795108458293
2019-06-30 → 2020-06-30,7949.689521114651,20164.08152590028,11653.55389396721,11339.580325064322,30.323771919235725,27.75325044931834,-2.5705214699173844
2019-07-01 → 2020-07-01,7949.689521114651,20164.08152590028,11657.908324755284,11366.22933979379,30.35942191954985,27.97142761866927,-2.387994300880578
2019-07-02 → 2020-07-02,7949.689521114651,20164.08152590028,11662.08994276576,11390.70014073281,30.393657090722005,28.17177161392857,-2.2218854767934353
2019-07-03 → 2020-07-03,7949.689521114651,20164.08152590028,11666.833685486312,11417.03640256824,30.432494412454375,28.387388255551915,-2.0451061569024596
2019-07-04 → 2020-07-04,7949.689521114651,20164.08152590028,11673.892695132461,11447.122246502207,30.490286970965542,28.633702963006698,-1.856584007958844
2019-07-05 → 2020-07-05,7949.689521114651,20164.08152590028,11679.524160335464,11472.66378118888,30.53639213281721,28.842813123190396,-1.6935790096268128
2019-07-06 → 2020-07-06,7949.689521114651,20164.08152590028,11683.926389332364,11497.156927251535,30.572433460090597,29.04334005939041,-1.5290934007001873
2019-07-07 → 2020-07-07,7949.689521114651,20164.08152590028,11689.066088426927,11521.241740852547,30.61451250170437,29.240523951896684,-1.373988549807688
2019-07-08 → 2020-07-08,7949.689521114651,20164.08152590028,11694.16257100368,11546.855941513066,30.65623772695305,29.450229033004966,-1.2060086939480854
2019-07-09 → 2020-07-09,7949.689521114651,20164.08152590028,11701.561321465515,11575.771394528716,30.716811765013524,29.686961675975006,-1.0298500890385185
2019-07-10 → 2020-07-10,8259.832572139929,20164.08152590028,11709.245554041227,11605.338966211275,28.976317576185153,28.10346462902691,-0.8728529471582434
2019-07-11 → 2020-07-11,8356.122186429126,20164.08152590028,11716.237359956967,11632.94128202855,28.456357927112673,27.75093478384373,-0.7054231432689448
2019-07-12 → 2020-07-12,8356.122186429126,20164.08152590028,11721.446026298489,11656.610435456547,28.500469413202485,27.95138562168559,-0.549083791516896
2019-07-13 → 2020-07-13,8356.122186429126,20164.08152590028,11727.880495086376,11681.963329652528,28.554962053318366,28.166095830851308,-0.38886622246705826
2019-07-14 → 2020-07-14,8356.122186429126,20164.08152590028,11733.291097782037,11705.151403034975,28.600783710897886,28.36247246728615,-0.2383112436117365
2019-07-15 → 2020-07-15,8356.122186429126,20164.08152590028,11736.421120811645,11722.527194866732,28.62729144978503,28.509625682606544,-0.11766576717848665
2019-07-16 → 2020-07-16,8356.122186429126,20164.08152590028,11741.319299888615,11743.635516841172,28.668773461504,28.68838918752377,0.01961572601977224
2019-07-17 → 2020-07-17,8356.122186429126,20164.08152590028,11742.307993979506,11755.736273976629,28.6771465771497,28.790868852193746,0.1137222750440472
2019-07-18 → 2020-07-18,8356.122186429126,20164.08152590028,11743.839504467907,11771.654733415038,28.69011673096181,28.92568011788974,0.23556338692792878
2019-07-19 → 2020-07-19,8356.122186429126,20164.08152590028,11747.882984831911,11799.165842529648,28.724360415647336,29.158667955361768,0.4343075397144318
2019-07-20 → 2020-07-20,8356.122186429126,20164.08152590028,11751.735239471649,11818.985341875165,28.756984635709316,29.326516596907005,0.5695319611976899
2019-07-21 → 2020-07-21,8356.122186429126,20164.08152590028,11755.673622051523,11833.296602831324,28.790338261570042,29.447716717475853,0.6573784559058105
2019-07-22 → 2020-07-22,8356.122186429126,20164.08152590028,11758.531013724709,11844.885605986956,28.81453712261824,29.545862407365657,0.7313252847474168
2019-07-23 → 2020-07-23,8356.122186429126,20164.08152590028,11760.480484432828,11855.675016261906,28.83104692462613,29.63723645401302,0.8061895293868915
2019-07-24 → 2020-07-24,8356.122186429126,20164.08152590028,11761.401829767921,11865.653649386568,28.838849672828466,29.721744139361373,0.8828944665329068
2019-07-25 → 2020-07-25,8356.122186429126,20164.08152590028,11761.660890085344,11874.775573932424,28.841043619385832,29.798996476396137,0.9579528570103051
2019-07-26 → 2020-07-26,8356.122186429126,20164.08152590028,11761.559124243453,11883.865165274752,28.8401817783262,29.87597498793237,1.0357932096061688
2019-07-27 → 2020-07-27,8356.122186429126,20164.08152590028,11758.525391283325,11893.233252458853,28.81448950692765,29.95531204283554,1.1408225359078905
2019-07-28 → 2020-07-28,8356.122186429126,20164.08152590028,11754.577643712444,11901.217962119164,28.781056570233122,30.0229334618357,1.2418768916025762
2019-07-29 → 2020-07-29,8356.122186429126,20164.08152590028,11750.498120145974,11909.141433502973,28.746507640573167,30.090036262209697,1.3435286216365299
2019-07-30 → 2020-07-30,8356.122186429126,20164.08152590028,11746.29830217258,11917.043306151205,28.71093995395897,30.15695614583275,1.446016191873781
2019-07-31 → 2020-07-31,8356.122186429126,20164.08152590028,11741.914778530681,11928.787457770684,28.67381648904963,30.256415766939526,1.5825992778898943
2019-08-01 → 2020-08-01,8356.122186429126,20164.08152590028,11737.922873952688,11943.31595147875,28.640009592673817,30.379455602108163,1.7394460094343458
2019-08-02 → 2020-08-02,8356.122186429126,20164.08152590028,11736.284628175494,11962.054075263455,28.626135512232853,30.538146221257474,1.9120107090246208
2019-08-03 → 2020-08-03,8356.122186429126,20164.08152590028,11734.657753187854,11996.842664847507,28.612357729460502,30.83276605000097,2.220408320540468
2019-08-04 → 2020-08-04,8356.122186429126,20164.08152590028,11733.77525964992,12035.089825347522,28.604884011838656,31.156676044949588,2.5517920331109316
2019-08-05 → 2020-08-05,8356.122186429126,20164.08152590028,11732.220228776376,12076.869380390783,28.591714667087054,31.510501408351722,2.918786741264668
2019-08-06 → 2020-08-06,8356.122186429126,20164.08152590028,11732.260905844405,12127.206420479484,28.59205915563804,31.93679894750768,3.344739791869639
2019-08-07 → 2020-08-07,8356.122186429126,20164.08152590028,11731.900058560776,12174.46150430445,28.589003189122103,32.336995818672406,3.7479926295503034
2019-08-08 → 2020-08-08,8376.447880236941,20164.08152590028,11732.334889730779,12227.404110546435,28.469556404380324,32.66945975816153,4.199903353781206
2019-08-09 → 2020-08-09,8432.882742158143,20164.08152590028,11732.838477561168,12282.312660345266,28.129740159005063,32.81361086065573,4.683870701650665
2019-08-10 → 2020-08-10,8424.337559445135,20164.08152590028,11732.815193684566,12336.992938239553,28.181855104276487,33.32828543769219,5.146430333415701
2019-08-11 → 2020-08-11,8424.337559445135,20164.08152590028,11732.627064815613,12385.670122701742,28.180252608774964,33.74292126451497,5.562668655740005
2019-08-12 → 2020-08-12,8424.337559445135,20164.08152590028,11732.534548055233,12417.418994923719,28.179464544225652,34.01336048629609,5.833895942070434
2019-08-13 → 2020-08-13,8424.337559445135,20164.08152590028,11731.744267486543,12448.414325973961,28.172732876389045,34.277380989118015,6.10464811272897
2019-08-14 → 2020-08-14,8424.337559445135,20164.08152590028,11729.812034437196,12476.220459144588,28.15627397358104,34.514235670532535,6.357961696951495
2019-08-15 → 2020-08-15,8424.337559445135,20164.08152590028,11725.59163536025,12500.049949762852,28.12032430475516,34.71721701907261,6.596892714317452
2019-08-16 → 2020-08-16,8403.613626954813,20164.08152590028,11722.06131754612,12526.408374756105,28.216969929307524,35.056383667957405,6.839413738649881
2019-08-17 → 2020-08-17,8119.675958083712,20164.08152590028,11717.918436095817,12553.397910023887,29.874803349588642,36.81146343815727,6.936660088568626
2019-08-18 → 2020-08-18,8119.675958083712,20164.08152590028,11713.943940073144,12583.792268786929,29.841804659862575,37.0638159398387,7.2220112799761225
2019-08-19 → 2020-08-19,8119.675958083712,20164.08152590028,11710.78551955732,12615.613004492561,29.815581526657358,37.3280110927374,7.512429566080041
2019-08-20 → 2020-08-20,8119.675958083712,20164.08152590028,11708.712203757033,12652.762110452208,29.798367594524205,37.6364456248567,7.838078030332493
2019-08-21 → 2020-08-21,8119.675958083712,20164.08152590028,11707.058703545905,12689.137019948019,29.784639227426148,37.938452305809115,8.153813078382967
2019-08-22 → 2020-08-22,8119.675958083712,20164.08152590028,11703.396217942867,12719.277753140592,29.754231038475552,38.18869905333737,8.434468014861821
2019-08-23 → 2020-08-23,8119.675958083712,20164.08152590028,11699.82810847205,12749.832213851521,29.72460641772754,38.44238081902428,8.71777440129674
2019-08-24 → 2020-08-24,8119.675958083712,20164.08152590028,11696.81131050083,12784.779461807335,29.699559121252573,38.732534183248376,9.032975061995803
2019-08-25 → 2020-08-25,8119.675958083712,20164.08152590028,11693.947468150593,12817.229116423812,29.675781755619102,39.001951004475195,9.326169248856093
2019-08-26 → 2020-08-26,8119.675958083712,20164.08152590028,11690.72185012679,12849.403455084246,29.64900070772396,39.26908198474047,9.620081277016507
2019-08-27 → 2020-08-27,8119.675958083712,20164.08152590028,11688.509407078096,12900.44395472269,29.630631656331285,39.692851338496105,10.06221968216482
2019-08-28 → 2020-08-28,8119.675958083712,20164.08152590028,11685.34880252786,12949.143706287758,29.60439038994051,40.097186374300584,10.492795984360075
2019-08-29 → 2020-08-29,8119.675958083712,20164.08152590028,11681.042685180228,12992.395018905925,29.568638377743756,40.45628514737526,10.887646769631505
2019-08-30 → 2020-08-30,8119.675958083712,20164.08152590028,11675.598012823391,13033.714247553398,29.523433387541626,40.79934258109271,11.275909193551083
2019-08-31 → 2020-08-31,8119.675958083712,20164.08152590028,11670.480605865238,13072.718269302157,29.48094555425388,41.12317775526668,11.642232201012803
2019-09-01 → 2020-09-01,8119.675958083712,20164.08152590028,11664.875010811576,13112.53503284512,29.434404485688077,41.453760807446166,12.019356321758089
2019-09-02 → 2020-09-02,8119.675958083712,20164.08152590028,11660.83672971784,13154.371369014883,29.40087621340432,41.8011115831586,12.40023536975428
2019-09-03 → 2020-09-03,8119.675958083712,20164.08152590028,11661.13315196534,13205.587434723197,29.403337291668674,42.226338593490816,12.823001301822142
2019-09-04 → 2020-09-04,8119.675958083712,20164.08152590028,11661.492902719867,13261.759558870941,29.406324161817654,42.69271382331403,13.286389661496376
2019-09-05 → 2020-09-05,8119.675958083712,20164.08152590028,11662.633853974521,13316.748522761236,29.41579703491405,43.14926573515955,13.733468700245503
2019-09-06 → 2020-09-06,8119.675958083712,20164.08152590028,11663.454908038162,13372.324599143789,29.422613926449444,43.6106922129515,14.188078286502055
2019-09-07 → 2020-09-07,8119.675958083712,20164.08152590028,11663.360709196593,13425.103352450336,29.421831830221954,44.048893608689745,14.627061778467791
2019-09-08 → 2020-09-08,8119.675958083712,20164.08152590028,11664.351819704909,13480.61314442498,29.430060634065665,44.509769752905356,15.079709118839691
2019-09-09 → 2020-09-09,8119.675958083712,20164.08152590028,11664.823443755136,13535.506314160266,29.433976344538642,44.96552632325835,15.53154997871971
2019-09-10 → 2020-09-10,8119.675958083712,20164.08152590028,11664.817915969363,13589.923372977699,29.43393044949017,45.41732993042714,15.983399480936967
2019-09-11 → 2020-09-11,8119.675958083712,20164.08152590028,11664.034861774973,13641.411718772588,29.427429056042563,45.844817576081226,16.417388520038664
2019-09-12 → 2020-09-12,8119.675958083712,20164.08152590028,11663.275933794604,13694.194778331374,29.421127973136514,46.28305472495161,16.861926751815098
2019-09-13 → 2020-09-13,8119.675958083712,20164.08152590028,11663.481041110907,13751.092276507534,29.42283089915596,46.75545245230973,17.33262155315377
2019-09-14 → 2020-09-14,8119.675958083712,20164.08152590028,11662.6970658304,13807.744706977865,29.416321858289706,47.22581547812572,17.80949361983601
2019-09-15 → 2020-09-15,8119.675958083712,20164.08152590028,11661.682561449945,13865.18132286391,29.407898824253344,47.70268928947859,18.294790465225248
2019-09-16 → 2020-09-16,8119.675958083712,20164.08152590028,11660.08648579332,13905.336193653595,29.394647230825683,48.036079514206506,18.641432283380823
2019-09-17 → 2020-09-17,8119.675958083712,20164.08152590028,11658.438553896958,13945.229422719243,29.380965095272522,48.367297429785886,18.986332334513364
2019-09-18 → 2020-09-18,8119.675958083712,20164.08152590028,11656.665455116192,13984.714093296578,29.36624374791517,48.69512324364622,19.32887949573105
2019-09-19 → 2020-09-19,8119.675958083712,20164.08152590028,11654.4559137241,14024.058815474158,29.347898787845107,49.02178712054781,19.673888332702706
2019-09-20 → 2020-09-20,8119.675958083712,20164.08152590028,11652.869715425137,14064.675571516082,29.33472920226422,49.35901219830885,20.024282996044626
2019-09-21 → 2020-09-21,8119.675958083712,20164.08152590028,11652.138743240874,14066.435691239365,29.32866022542558,49.37362578561602,20.04496556019044
2019-09-22 → 2020-09-22,8119.675958083712,20164.08152590028,11650.755191078973,14068.84080768,29.317173131653202,49.39359452900558,20.07642139735238
2019-09-23 → 2020-09-23,8119.675958083712,20164.08152590028,11650.261492701973,14071.31518201329,29.31307414665788,49.41413829365513,20.10106414699725
2019-09-24 → 2020-09-24,8119.675958083712,20164.08152590028,11647.522576967898,14073.152226812439,29.290333997975132,49.42939055985296,20.13905656187783
2019-09-25 → 2020-09-25,8119.675958083712,20164.08152590028,11641.393591467253,14072.835687473951,29.239447422742042,49.42676245723133,20.187315034489284
2019-09-26 → 2020-09-26,8119.675958083712,20164.08152590028,11634.414310751488,14072.408615398705,29.18150117810201,49.423216644423526,20.241715466321516
2019-09-27 → 2020-09-27,8119.675958083712,20164.08152590028,11626.06648028812,14071.073856122128,29.112192398881938,49.41213465894022,20.29994226005828
2019-09-28 → 2020-09-28,8119.675958083712,20164.08152590028,11618.184000241345,14069.966204077984,29.046747242602596,49.40293825619616,20.356191013593563
2019-09-29 → 2020-09-29,8119.675958083712,20164.08152590028,11610.096644378915,14068.869006211464,28.979601082363356,49.39382865040996,20.414227568046602
2019-09-30 → 2020-09-30,8119.675958083712,20164.08152590028,11601.603487969702,14067.37387026941,28.90908571851753,49.3814151200482,20.472329401530672
2019-10-01 → 2020-10-01,8119.675958083712,20164.08152590028,11594.394308516865,14066.436655552738,28.849230714364392,49.3736337919337,20.524403077569307
2019-10-02 → 2020-10-02,8119.675958083712,20164.08152590028,11587.401219301373,14065.550828698411,28.791169823138862,49.36627911718999,20.575109294051128
2019-10-03 → 2020-10-03,8119.675958083712,20164.08152590028,11580.631320539671,14064.758064912105,28.734961995167748,49.359697108789135,20.624735113621387
2019-10-04 → 2020-10-04,8119.675958083712,20164.08152590028,11573.168329013202,14063.653205644987,28.67299968839845,49.350523893383055,20.677524204984607
2019-10-05 → 2020-10-05,8119.675958083712,20164.08152590028,11565.093154952547,14062.409640400812,28.605954668906303,49.34019905636912,20.73424438746282
2019-10-06 → 2020-10-06,8119.675958083712,20164.08152590028,11557.340140628,14061.071302407343,28.541584416004305,49.32908735819577,20.787502942191466
2019-10-07 → 2020-10-07,8119.675958083712,20164.08152590028,11548.193435005656,14058.866986199584,28.46564288804061,49.31078578079249,20.845142892751884
2019-10-08 → 2020-10-08,8119.675958083712,20164.08152590028,11540.061667762955,14057.709791908703,28.3981279974392,49.301178048103935,20.903050050664735
2019-10-09 → 2020-10-09,8119.675958083712,20164.08152590028,11531.397459610012,14056.423845579964,28.32619245770535,49.29050133748092,20.96430887977557
2019-10-10 → 2020-10-10,8119.675958083712,20164.08152590028,11523.814789220587,14056.195928625213,28.263236504032662,49.28860903193319,21.02537252790053
2019-10-11 → 2020-10-11,8119.675958083712,20164.08152590028,11515.997573443457,14055.888538220635,28.19833321151968,49.286056889340124,21.087723677820442
2019-10-12 → 2020-10-12,8119.675958083712,20164.08152590028,11506.723100564264,14054.796828412309,28.121330881874,49.27699284875979,21.155661966885788
2019-10-13 → 2020-10-13,8119.675958083712,20164.08152590028,11497.81653131061,14053.774854348161,28.047383112484248,49.268507796854216,21.22112468436997
2019-10-14 → 2020-10-14,8119.675958083712,20164.08152590028,11488.818925797586,14052.639078084692,27.97267950455307,49.25907788969048,21.28639838513741
2019-10-15 → 2020-10-15,8119.675958083712,20164.08152590028,11479.861002249263,14051.622897857584,27.89830536049187,49.25064094175322,21.352335581261347
2019-10-16 → 2020-10-16,8119.675958083712,20164.08152590028,11470.502141251936,14050.072020462798,27.820602389227485,49.23776461185837,21.417162222630882
2019-10-17 → 2020-10-17,8119.675958083712,20164.08152590028,11460.438566286355,14048.047987415495,27.737048452846665,49.22095985519432,21.48391140234766
2019-10-18 → 2020-10-18,8119.675958083712,20164.08152590028,11450.399747916175,14046.200490205907,27.65370006081805,49.20562080671089,21.55192074589284
2019-10-19 → 2020-10-19,8119.675958083712,20164.08152590028,11439.363792538648,14043.997627545763,27.562072829275667,49.18733129754632,21.625258468270655
2019-10-20 → 2020-10-20,8119.675958083712,20164.08152590028,11427.923969761412,14041.722638077803,27.467092444292586,49.16844294763855,21.701350503345967
2019-10-21 → 2020-10-21,7783.015373161113,20164.08152590028,11415.957342004818,14040.173563322845,29.34272318737235,50.53812097415705,21.195397786784703
2019-10-22 → 2020-10-22,7693.7876564062535,20164.08152590028,11403.739287186074,14038.59458108307,29.750314383973286,50.87936973320303,21.12905534922974
2019-10-23 → 2020-10-23,7693.7876564062535,20164.08152590028,11390.838553028612,14036.476892646751,29.646862658677374,50.86238786847328,21.215525209795903
2019-10-24 → 2020-10-24,7625.51584411094,20164.08152590028,11375.081495320612,14032.54871041284,29.904262946562028,51.09861070957498,21.19434776301295
2019-10-25 → 2020-10-25,7625.51584411094,20164.08152590028,11359.421546703938,14028.65966242095,29.779368688206638,51.06759402002221,21.288225331815575
2019-10-26 → 2020-10-26,7625.51584411094,20164.08152590028,11348.77596241986,14028.304304833333,29.694465960460526,51.06475990329279,21.370293942832262
2019-10-27 → 2020-10-27,7312.334103610285,20164.08152590028,11339.242203383734,14029.189983646003,31.33354529508729,52.26414478381394,20.93059948872665
2019-10-28 → 2020-10-28,7312.334103610285,20164.08152590028,11331.23675178032,14030.710638074894,31.271254531501867,52.27597706139397,21.0047225298921
2019-10-29 → 2020-10-29,7312.334103610285,20164.08152590028,11322.218960572234,14031.703936682403,31.20108670986817,52.28370596062355,21.08261925075538
2019-10-30 → 2020-10-30,7312.334103610285,20164.08152590028,11313.358096736503,14032.9149742677,31.13213994687497,52.29312909621363,21.16098914933866
2019-10-31 → 2020-10-31,7242.580434070226,20164.08152590028,11303.42000707435,14033.567124802028,31.42699554908286,52.555710381246456,21.128714832163595
2019-11-01 → 2020-11-01,7242.580434070226,20164.08152590028,11293.493579439506,14034.136260915708,31.350174539168457,52.560114947787405,21.209940408618948
2019-11-02 → 2020-11-02,7242.580434070226,20164.08152590028,11284.082525543057,14034.905588659858,31.27734202667965,52.56606880515029,21.288726778470636
2019-11-03 → 2020-11-03,7144.431265907445,20164.08152590028,11274.25136406147,14035.758600527912,31.719900425008024,52.93020316986809,21.21030274486007
2019-11-04 → 2020-11-04,7077.567494964144,20164.08152590028,11263.949942351956,14036.389556659042,31.9900505015417,53.17552134391516,21.18547084237346
2019-11-05 → 2020-11-05,6407.600199675989,20164.08152590028,11252.478663338128,14037.440691507836,35.21887864178056,55.46360519740545,20.244726555624887
2019-11-06 → 2020-11-06,6402.469828495783,20164.08152590028,11240.721879920895,14038.284050096338,35.157597509727935,55.486336844111825,20.32873933438389
2019-11-07 → 2020-11-07,6402.469828495783,20164.08152590028,11229.923653309972,14039.15882247732,35.07913121632888,55.492693456986956,20.413562240658074
2019-11-08 → 2020-11-08,6402.469828495783,20164.08152590028,11217.920196425735,14039.695705366536,34.99190700779741,55.4965947652132,20.504687757415795
2019-11-09 → 2020-11-09,6402.469828495783,20164.08152590028,11204.712168553911,14039.242073058438,34.89592967489305,55.49329840488804,20.59736872999499
2019-11-10 → 2020-11-10,6402.469828495783,20164.08152590028,11191.573195005307,14038.818406602493,34.800454131493694,55.49021979414634,20.689765662652647
2019-11-11 → 2020-11-11,6356.777531253977,20164.08152590028,11178.762205303796,14038.921197607491,34.92343382835283,55.63825978867575,20.71482596032292
2019-11-12 → 2020-11-12,6138.805175373268,20164.08152590028,11164.217180460791,14038.214097444745,35.83110863194285,56.32266149090638,20.49155285896353
2019-11-13 → 2020-11-13,6123.675176321391,20164.08152590028,11149.900456490093,14037.67267825938,35.798289273297655,56.36587221833042,20.56758294503277
2019-11-14 → 2020-11-14,6123.675176321391,20164.08152590028,11135.741443793217,14037.060686626244,35.69744452319325,56.36151342971778,20.664068906524534
2019-11-15 → 2020-11-15,6123.675176321391,20164.08152590028,11121.268368110348,14036.13821220047,35.594362921973755,56.354943289204705,20.76058036723095
2019-11-16 → 2020-11-16,5972.626042987401,20164.08152590028,11105.356929338519,14034.73513411141,36.16775525619022,56.809599979587254,20.641844723397035
2019-11-17 → 2020-11-17,5655.414725551787,20164.08152590028,11088.62600025691,14033.260192739117,37.448039502668976,57.74373057479062,20.29569107212164
2019-11-18 → 2020-11-18,5616.4976680534255,20164.08152590028,11071.892842252413,14031.839855843748,37.50035213755712,57.847009304236806,20.346657166679684
2019-11-19 → 2020-11-19,5612.091559467427,20164.08152590028,11053.88856721122,14029.553012468119,37.39555222547852,57.8440575647543,20.448505339275783
2019-11-20 → 2020-11-20,5357.970897160188,20164.08152590028,11034.918202407358,14026.967043615472,38.34192143767767,58.55012409287232,20.208202655194654
2019-11-21 → 2020-11-21,5345.709910393248,20164.08152590028,11015.747065527083,14024.25700685999,38.26356432578794,58.56613210715322,20.302567781365283
2019-11-22 → 2020-11-22,5345.709910393248,20164.08152590028,10994.694733367052,14020.185415755768,38.12149519224023,58.53865546390341,20.417160271663178
2019-11-23 → 2020-11-23,5345.709910393248,20164.08152590028,10972.083715042812,14015.023459806376,37.96890745243366,58.50382062453422,20.53491317210056
2019-11-24 → 2020-11-24,5221.8636584287715,20164.08152590028,10949.112819125421,14010.006622843452,38.32931102660868,58.81418034698882,20.48486932038014
2019-11-25 → 2020-11-25,5221.8636584287715,20164.08152590028,10924.403238913721,14003.627980212486,38.16394347253565,58.771491619736,20.607548147200347
2019-11-26 → 2020-11-26,5221.8636584287715,20164.08152590028,10902.157434004199,13997.946859367907,38.01506460390431,58.73347102001668,20.718406416112373
2019-11-27 → 2020-11-27,5221.8636584287715,20164.08152590028,10880.063492693815,13992.346769658403,37.867202074349834,58.69599271686803,20.828790642518193
2019-11-28 → 2020-11-28,5221.8636584287715,20164.08152590028,10859.217510513634,13987.912906408585,37.72769144503715,58.6663193224018,20.938627877364645
2019-11-29 → 2020-11-29,5221.8636584287715,20164.08152590028,10837.55479139021,13982.7714618634,37.58271484708122,58.63191047767214,21.049195630590923
2019-11-30 → 2020-11-30,5085.329901629869,20164.08152590028,10816.242358117042,13978.153159878362,38.00654456873491,58.97585874373584,20.96931417500093
2019-12-01 → 2020-12-01,5085.329901629869,20164.08152590028,10794.659656126089,13973.206892069767,37.863411353673435,58.94305584378866,21.07964449011523
2019-12-02 → 2020-12-02,5085.329901629869,20164.08152590028,10772.10675087388,13968.012838897776,37.71384389733369,58.90860966879078,21.194765771457092
2019-12-03 → 2020-12-03,5085.329901629869,20164.08152590028,10748.868801311522,13962.5990123467,37.55973333074704,58.872705989985164,21.312972659238127
2019-12-04 → 2020-12-04,5085.329901629869,20164.08152590028,10726.121221914915,13957.170096717731,37.40887482492754,58.83670224269728,21.42782741776974
2019-12-05 → 2020-12-05,5085.329901629869,20164.08152590028,10702.610647588735,13951.59470530323,37.25295625214372,58.79972709015531,21.54677083801159
2019-12-06 → 2020-12-06,5085.329901629869,20164.08152590028,10679.886447131212,13946.305491110525,37.10225279191199,58.76464982166184,21.662397029749854
2019-12-07 → 2020-12-07,5085.329901629869,20164.08152590028,10657.92562442483,13941.197308537841,36.95661193745933,58.730773127490025,21.774161190030696
2019-12-08 → 2020-12-08,5085.329901629869,20164.08152590028,10636.509675235173,13936.062764324475,36.81458460175346,58.69672160690459,21.88213700515113
2019-12-09 → 2020-12-09,5085.329901629869,20164.08152590028,10614.988111875688,13930.963664914085,36.67185684884821,58.662905150891184,21.991048302042977
2019-12-10 → 2020-12-10,5085.329901629869,20164.08152590028,10592.76049338751,13925.587526803869,36.5244466451255,58.62725141612469,22.102804770999192
2019-12-11 → 2020-12-11,5085.329901629869,20164.08152590028,10570.17003250639,13920.044927527828,36.37463012553538,58.59049373608492,22.21586361054954
2019-12-12 → 2020-12-12,5085.329901629869,20164.08152590028,10546.811449789215,13914.448091275981,36.219719538112635,58.55337636462535,22.333656826512716
2019-12-13 → 2020-12-13,5085.329901629869,20164.08152590028,10523.153621738917,13908.848701814084,36.062824400903665,58.51624206066292,22.453417659759253
2019-12-14 → 2020-12-14,5085.329901629869,20164.08152590028,10499.671606646985,13903.358040780271,35.90709522864158,58.479828827189564,22.572733598547984
2019-12-15 → 2020-12-15,5085.329901629869,20164.08152590028,10475.159175514988,13897.510853742793,35.74453249305979,58.441051167187084,22.69651867412729
2019-12-16 → 2020-12-16,4679.299457808105,20164.08152590028,10449.592817541467,13891.77665276755,37.26428524702058,59.493747825761176,22.229462578740595
2019-12-17 → 2020-12-17,4388.030478306353,20164.08152590028,10421.958502611838,13885.65420470339,38.247391607076125,60.202795349382185,21.95540374230606
2019-12-18 → 2020-12-18,4338.627336619999,20164.08152590028,10392.55157661991,13879.036246986985,38.25434750618829,60.285213910823444,22.030866404635155
2019-12-19 → 2020-12-19,4191.681658854675,20164.08152590028,10366.568306788744,13873.588497451525,38.65972990492273,60.61648167582283,21.956751770900105
2019-12-20 → 2020-12-20,4191.681658854675,20164.08152590028,10340.01964497684,13867.923828324754,38.493514044858514,60.58101631573967,22.087502270881153
2019-12-21 → 2020-12-21,4191.681658854675,20164.08152590028,10313.971392596799,13862.325739831142,38.33043114813125,60.54596780368004,22.215536655548796
2019-12-22 → 2020-12-22,4191.681658854675,20164.08152590028,10287.280078419064,13856.6610145803,38.16332217014477,60.510502092215305,22.347179922070538
2019-12-23 → 2020-12-23,4191.681658854675,20164.08152590028,10262.540172420282,13851.528533832425,38.00843056835219,60.47836865709848,22.46993808874629
2019-12-24 → 2020-12-24,4191.681658854675,20164.08152590028,10236.818405195741,13846.161361310991,37.84739172986424,60.44476586374176,22.597374133877516
2019-12-25 → 2020-12-25,4053.6435971072774,20164.08152590028,10210.205721875314,13840.652906489027,38.214740977120584,60.749492674498605,22.53475169737802
2019-12-26 → 2020-12-26,3776.7105818552927,20164.08152590028,10182.605655538575,13835.088839380685,39.09043796931393,61.37884040014674,22.28840243083281
2019-12-27 → 2020-12-27,3776.7105818552927,20164.08152590028,10155.042222511767,13829.534067675237,38.92223873149279,61.34494373835506,22.422705006862273
2019-12-28 → 2020-12-28,3698.313887885281,20164.08152590028,10127.469254662983,13824.0392502416,39.045585411605856,61.49561675447648,22.450031342870624
2019-12-29 → 2020-12-29,3672.257825996902,20164.08152590028,10100.18337642427,13818.638801184406,38.97643867284991,61.52370507845624,22.54726640560633
2019-12-30 → 2020-12-30,3466.851770511931,20164.08152590028,10072.766324239383,13813.346555951079,39.562937388435124,61.96533758601625,22.402400197581123
2019-12-31 → 2020-12-31,3445.582199456053,20164.08152590028,10044.464335383418,13807.85294849228,39.47054102810343,61.98086650424338,22.510325476139947
2020-01-01 → 2021-01-01,3403.5956029317167,20164.08152590028,10015.721897391408,13802.28421867802,39.45068373822286,62.04288266783449,22.592198929611634
2020-01-02 → 2021-01-02,3122.7866217482774,20164.08152590028,9986.23147292991,13796.724528082408,40.275371618088705,62.6357208555407,22.36034923745199
2020-01-03 → 2021-01-03,3005.0031524953233,20164.08152590028,9955.195882571908,13790.864257221923,40.50446404422725,62.85804441247686,22.35358036824961
2020-01-04 → 2021-01-04,3005.0031524953233,20164.08152590028,9926.515991428085,13785.497821070832,40.337322834660455,62.82676979484116,22.489446960180707
2020-01-05 → 2021-01-05,2940.0372777058974,20164.08152590028,9897.42043201268,13780.166355776804,40.39343521215194,62.93602664895202,22.54259143680008
2020-01-06 → 2021-01-06,2729.013511226157,20164.08152590028,9867.761830517253,13774.841239373138,40.944768975279075,63.354084531533374,22.4093155562543
2020-01-07 → 2021-01-07,2550.002284036006,20164.08152590028,9839.622934417941,13770.014293768085,41.38519277837881,63.69911169165692,22.31391891327811
2020-01-08 → 2021-01-08,2452.4588062512476,20164.08152590028,9812.815135733537,13765.588779378411,41.55664585897492,63.87404560383128,22.31739974485636
2020-01-09 → 2021-01-09,2452.4588062512476,20164.08152590028,9785.756919513973,13761.087211685752,41.40387489807619,63.84862970736649,22.444754809290302
2020-01-10 → 2021-01-10,2452.4588062512476,20164.08152590028,9758.009123049405,13756.326273699413,41.24721056017911,63.821749403615115,22.574538843436002
2020-01-11 → 2021-01-11,2452.4588062512476,20164.08152590028,9732.218690837195,13751.906500572322,41.10159752053594,63.79679532009014,22.6951977995542
2020-01-12 → 2021-01-12,2452.4588062512476,20164.08152590028,9706.3769221402,13747.391402147932,40.955694634583395,63.77130302897791,22.815608394394516
2020-01-13 → 2021-01-13,2452.4588062512476,20164.08152590028,9680.309186035485,13743.01636727328,40.80851593437432,63.74660153807614,22.938085603701822
2020-01-14 → 2021-01-14,2452.4588062512476,20164.08152590028,9653.73905619016,13738.600329092047,40.65850071405321,63.721668542093035,23.063167828039823
2020-01-15 → 2021-01-15,2452.4588062512476,20164.08152590028,9630.30367970192,13734.855778697764,40.52618434271225,63.70052677290816,23.174342430195914
2020-01-16 → 2021-01-16,2452.4588062512476,20164.08152590028,9606.912112916625,13731.096318493626,40.39411532139472,63.6793008227869,23.285185501392178
2020-01-17 → 2021-01-17,2452.4588062512476,20164.08152590028,9583.213951466681,13727.25679027344,40.260315263517164,63.6576228078418,23.397307544324633
2020-01-18 → 2021-01-18,2452.4588062512476,20164.08152590028,9560.087310283061,13723.579815293015,40.12974201481103,63.636862570123164,23.507120555312135
2020-01-19 → 2021-01-19,2452.4588062512476,20164.08152590028,9537.084911057753,13719.918811350502,39.99987023745101,63.616192505045234,23.61632226759422
2020-01-20 → 2021-01-20,2452.4588062512476,20164.08152590028,9513.391968022279,13716.03405876666,39.86609964279404,63.5942591528881,23.72815951009406
2020-01-21 → 2021-01-21,2452.4588062512476,20164.08152590028,9490.62448036361,13712.082037813883,39.73755417850176,63.57194600284346,23.8343918243417
2020-01-22 → 2021-01-22,2452.4588062512476,20164.08152590028,9467.676070589803,13708.215312872751,39.6079872261279,63.550114434938365,23.94212720881047
2020-01-23 → 2021-01-23,2452.4588062512476,20164.08152590028,9444.673238138519,13704.278845324601,39.47811300276967,63.527889099572675,24.049776096803008
2020-01-24 → 2021-01-24,2452.4588062512476,20164.08152590028,9420.56272984159,13700.081082579694,39.34198483044709,63.50418848889824,24.162203658451148
2020-01-25 → 2021-01-25,2452.4588062512476,20164.08152590028,9396.619515124241,13695.940775077685,39.20680119935728,63.48081227110304,24.27401107174576
2020-01-26 → 2021-01-26,2452.4588062512476,20164.08152590028,9372.31466032664,13691.720857038781,39.06957574473737,63.45698657141588,24.38741082667851
2020-01-27 → 2021-01-27,2452.4588062512476,20164.08152590028,9349.509715380098,13687.723557708106,38.94081879622106,63.434417779194284,24.493598982973225
2020-01-28 → 2021-01-28,2452.4588062512476,20164.08152590028,9327.031751066337,13684.01740116361,38.813907983645855,63.41349278207144,24.59958479842558
2020-01-29 → 2021-01-29,2452.4588062512476,20164.08152590028,9305.699775377481,13680.636617758484,38.69346743437202,63.394404844965734,24.700937410593717
2020-01-30 → 2021-01-30,2452.4588062512476,20164.08152590028,9284.370955399618,13677.268129434511,38.573044702274174,63.37538632601187,24.802341623737696
2020-01-31 → 2021-01-31,2452.4588062512476,20164.08152590028,9263.933457668096,13674.049499909017,38.457654384543154,63.35721391134134,24.899559526798186
2020-02-01 → 2021-02-01,2452.4588062512476,20164.08152590028,9242.93063814407,13670.711983550025,38.33907225428625,63.33837026041324,24.999298006126992
2020-02-02 → 2021-02-02,2452.4588062512476,20164.08152590028,9221.54223219656,13667.392682612792,38.21831309920453,63.319629453939584,25.101316354735054
2020-02-03 → 2021-02-03,2452.4588062512476,20164.08152590028,9199.617884240497,13664.028706500407,38.09452801015259,63.30063641097773,25.206108400825144
2020-02-04 → 2021-02-04,2452.4588062512476,20164.08152590028,9177.593955115479,13660.615596960457,37.970180684819226,63.28136596018972,25.31118527537049
2020-02-05 → 2021-02-05,2452.4588062512476,20164.08152590028,9155.014516756213,13657.108445588157,37.84269694876259,63.261564548270464,25.418867599507877
2020-02-06 → 2021-02-06,2452.4588062512476,20164.08152590028,9133.64014324811,13653.983277945092,37.72201702097489,63.24391982032807,25.521902799353178
2020-02-07 → 2021-02-07,2452.4588062512476,20164.08152590028,9112.648877688585,13650.939710997485,37.603500124517744,63.22673581073288,25.62323568621514
2020-02-08 → 2021-02-08,2168.1657981399535,20164.08152590028,9090.753441932347,13647.935006616142,38.46754868446998,63.79097002975852,25.323421345288537
2020-02-09 → 2021-02-09,2148.3125374280903,20164.08152590028,9069.115327537893,13645.004838846871,38.415250520464824,63.81460768494094,25.399357164476115
2020-02-10 → 2021-02-10,2148.3125374280903,20164.08152590028,9048.31752176531,13642.237784371,38.299808288796044,63.7992486154633,25.499440326667255
2020-02-11 → 2021-02-11,2087.9947416534974,20164.08152590028,9026.406640028434,13639.280995936806,38.38447989982946,63.90368884680391,25.51920894697445
2020-02-12 → 2021-02-12,2087.9947416534974,20164.08152590028,9005.61414650392,13636.593486727155,38.2694522737028,63.88882108675315,25.61936881305035
2020-02-13 → 2021-02-13,2087.9947416534974,20164.08152590028,8985.085190987098,13633.962293738825,38.155882584854474,63.87426487765913,25.718382292804655
2020-02-14 → 2021-02-14,2047.9285940596615,20164.08152590028,8964.04433980803,13631.237954177643,38.17651447174929,63.93912329896138,25.762608827212084
2020-02-15 → 2021-02-15,2047.9285940596615,20164.08152590028,8943.410974594082,13628.590469056435,38.062619621713644,63.92450935122551,25.861889729511866
2020-02-16 → 2021-02-16,2034.9861883731633,20164.08152590028,8921.465264282637,13625.644369990801,37.98578444041002,63.93401306476141,25.948228624351387
2020-02-17 → 2021-02-17,1914.7939987402185,20164.08152590028,8899.303437442177,13622.723655200745,38.27277874989392,64.1555438207428,25.88276507084889
2020-02-18 → 2021-02-18,1914.7939987402185,20164.08152590028,8876.439167271337,13619.613597135103,38.14749018650858,64.1385017413684,25.991011554859824
2020-02-19 → 2021-02-19,1791.4564024091771,20164.08152590028,8854.594532134017,13616.856600667803,38.44381563467467,64.36423820098933,25.920422566314663
2020-02-20 → 2021-02-20,1790.131416857254,20164.08152590028,8831.195032920607,13613.716538538743,38.320903095290234,64.34971822342288,26.02881512813265
2020-02-21 → 2021-02-21,1739.1087757620262,20164.08152590028,8807.591881830127,13610.560672894024,38.36360141164964,64.43131318629992,26.067711774650277
2020-02-22 → 2021-02-22,1739.1087757620262,20164.08152590028,8784.556802381436,13607.764034395599,38.23858044276642,64.41613466453846,26.17755422177204
2020-02-23 → 2021-02-23,1739.1087757620262,20164.08152590028,8762.005402069688,13604.946000319955,38.11618460198246,64.40084002006945,26.28465541808699
2020-02-24 → 2021-02-24,1739.1087757620262,20164.08152590028,8740.18040397762,13602.38631400175,37.99773124854722,64.38694753646627,26.389216287919048
2020-02-25 → 2021-02-25,1739.1087757620262,20164.08152590028,8717.66654521274,13599.567084404305,37.87553916137189,64.3716464034026,26.496107242030703
2020-02-26 → 2021-02-26,1739.1087757620262,20164.08152590028,8694.400302494387,13596.488116537495,37.74926357315872,64.35493556258581,26.605671989427087
2020-02-27 → 2021-02-27,1739.1087757620262,20164.08152590028,8669.377661458228,13593.779473963075,37.61345527984132,64.34023463134889,26.726779351507574
2020-02-28 → 2021-02-28,1739.1087757620262,20164.08152590028,8644.347227763004,13591.032071853982,37.477604692518,64.3253233359763,26.847718643458293
2020-02-29 → 2021-02-28,1739.1087757620262,20164.08152590028,8636.742175467276,13593.584247579163,37.43632890666551,64.33917505646343,26.902846149797924
2020-03-01 → 2021-03-01,1739.1087757620262,20164.08152590028,8610.41036374004,13590.521491377136,37.29341519881734,64.32255220310262,27.029137004285275
2020-03-02 → 2021-03-02,1739.1087757620262,20164.08152590028,8584.079821620706,13587.396694178939,37.15050838165998,64.30559262741924,27.155084245759262
2020-03-03 → 2021-03-03,1739.1087757620262,20164.08152590028,8558.791960709572,13584.842929690129,37.01326062963307,64.29173228405027,27.278471654417196
2020-03-04 → 2021-03-04,1739.1087757620262,20164.08152590028,8533.269987167123,13582.079772239402,36.874742250862305,64.2767354778775,27.40199322701519
2020-03-05 → 2021-03-05,1739.1087757620262,20164.08152590028,8507.665855930181,13579.291028640513,36.73577796806981,64.26159980502355,27.52582183695374
2020-03-06 → 2021-03-06,1739.1087757620262,20164.08152590028,8483.096738282904,13576.952225726054,36.60243113504889,64.24890614763704,27.646475012588155
2020-03-07 → 2021-03-07,1739.1087757620262,20164.08152590028,8458.574937714639,13574.729429139694,36.46934111152046,64.23684210490275,27.767500993382292
2020-03-08 → 2021-03-08,1739.1087757620262,20164.08152590028,8433.115149729972,13572.136627542437,36.331160239668286,64.22276989088964,27.89160965122135
2020-03-09 → 2021-03-09,1739.1087757620262,20164.08152590028,8404.415161303552,13568.249650421094,36.175393450671514,64.2016736473616,28.026280196690088
2020-03-10 → 2021-03-10,1739.1087757620262,20164.08152590028,8374.682919023257,13563.967809124299,36.014024190138564,64.17843431151637,28.164410121377806
2020-03-11 → 2021-03-11,1728.6904989897505,20164.08152590028,8344.864203702657,13559.710124464737,35.888437055960125,64.17558275929703,28.287145703336904
2020-03-12 → 2021-03-12,1728.6904989897505,20164.08152590028,8315.21568716507,13555.507012253836,35.7276131466961,64.15278361061196,28.42517046391586
2020-03-13 → 2021-03-13,1631.6196365641067,19948.423797973133,8264.580545390927,13544.016653367878,36.212435588526695,65.03534629638912,28.822910707862427
2020-03-14 → 2021-03-14,1631.6196365641067,19948.423797973133,8220.591528818213,13534.602515837863,35.972278975041725,64.98395011697345,29.01167114193172
2020-03-15 → 2021-03-15,1631.6196365641067,19948.423797973133,8172.357009710501,13522.024433711988,35.70894417775576,64.91528048435066,29.2063363065949
2020-03-16 → 2021-03-16,1631.6196365641067,19948.423797973133,8126.204944011018,13510.583925875973,35.456978467510744,64.85282140177708,29.395842934266334
2020-03-17 → 2021-03-17,1631.6196365641067,18544.31628634285,8076.356980381706,13489.317636120471,38.10591224612257,70.11122025718761,32.00530801106504
2020-03-18 → 2021-03-18,1631.6196365641067,18544.31628634285,8030.6491083573455,13471.740194925947,37.835654504433826,70.00728981038478,32.17163530595095
2020-03-19 → 2021-03-19,1631.6196365641067,17151.008342050874,7984.678721500357,13450.766773442043,40.93627143116901,76.15729821045956,35.22102677929055
2020-03-20 → 2021-03-20,1631.6196365641067,17151.008342050874,7945.326269071738,13435.438099643048,40.682701827524085,76.05852709202256,35.375825264498474
2020-03-21 → 2021-03-21,1631.6196365641067,17151.008342050874,7905.8293942691935,13419.78745800201,40.42820163069235,75.9576813568068,35.52947972611445
2020-03-22 → 2021-03-22,1631.6196365641067,17151.008342050874,7866.606139102695,13404.120444249615,40.175464516422956,75.85673012702765,35.68126561060469
2020-03-23 → 2021-03-23,1631.6196365641067,16935.209449198446,7824.752901135402,13315.32587020363,40.468500138826045,76.34618005765998,35.877679918833934
2020-03-24 → 2021-03-24,1631.6196365641067,16935.209449198446,7787.825182285157,13239.416528067854,40.22719911532528,75.85015694762401,35.62295783229874
2020-03-25 → 2021-03-25,1631.6196365641067,16935.209449198446,7752.797724184143,13183.202760239228,39.99831518332066,75.48283288498993,35.48451770166927
2020-03-26 → 2021-03-26,1631.6196365641067,16935.209449198446,7716.941086841055,13118.74735729043,39.76401305040878,75.06165456187787,35.297641511469095
2020-03-27 → 2021-03-27,1631.6196365641067,16935.209449198446,7681.367453378007,13056.950782671685,39.53156018216947,74.65785012530232,35.126289943132846
2020-03-28 → 2021-03-28,1631.6196365641067,16935.209449198446,7644.177507224844,12972.764099468857,39.288545656764065,74.10773943732946,34.81919378056539
2020-03-29 → 2021-03-29,1631.6196365641067,16935.209449198446,7605.079970993519,12864.191033752108,39.03306614698887,73.3982780165384,34.365211869549526
2020-03-30 → 2021-03-30,1631.6196365641067,15546.337373819915,7563.464715842036,12721.67758938956,42.63000652464387,79.70020062377908,37.070194099135215
2020-03-31 → 2021-03-31,1631.6196365641067,15546.337373819915,7525.665511647128,12621.755255763013,42.35835743402882,78.98209526574504,36.62373783171623
2020-04-01 → 2021-04-01,1631.6196365641067,15093.25569882659,7487.834348254267,12518.167855465934,43.50299387536637,80.87091471311204,37.36792083774567
2020-04-02 → 2021-04-02,1631.6196365641067,15093.25569882659,7451.333854865668,12449.530182682314,43.231849318941165,80.36103855492325,37.12918923598209
2020-04-03 → 2021-04-03,1631.6196365641067,15093.25569882659,7415.880691523599,12387.68687096149,42.96848487216744,79.9016344272616,36.93314955509416
2020-04-04 → 2021-04-04,1631.6196365641067,15093.25569882659,7380.108855005532,12322.173868661797,42.702753156106965,79.41496993866095,36.71221678255398
2020-04-05 → 2021-04-05,1631.6196365641067,15093.25569882659,7344.930373101917,12270.735856471423,42.44142918522476,79.03286176137503,36.59143257615027
2020-04-06 → 2021-04-06,1631.6196365641067,15093.25569882659,7309.3999471217685,12215.22970618637,42.17749079158662,78.62053334877847,36.443042557191845
2020-04-07 → 2021-04-07,1631.6196365641067,15093.25569882659,7276.818493218168,12160.698759603598,41.93545888883048,78.21544925401794,36.27999036518746
2020-04-08 → 2021-04-08,1631.6196365641067,15093.25569882659,7243.518945270613,12097.255437387845,41.68809261185241,77.74415942028364,36.056066808431225
2020-04-09 → 2021-04-09,1631.6196365641067,15093.25569882659,7211.164079187274,12043.48179015758,41.447743920700084,77.34470093706844,35.896957016368354
2020-04-10 → 2021-04-10,1631.6196365641067,15093.25569882659,7178.314303979816,11983.338412063624,41.20371878842401,76.89792479622061,35.694206007796595
2020-04-11 → 2021-04-11,1631.6196365641067,15093.25569882659,7143.043526641651,11891.516520624567,40.94170919928468,76.21582426241949,35.27411506313481
2020-04-12 → 2021-04-12,1631.6196365641067,15093.25569882659,7107.909973871846,11798.387606883834,40.68071898526237,75.5240144904869,34.84329550522454
2020-04-13 → 2021-04-13,1576.1524772499083,15093.25569882659,7073.065074705563,11708.954855273007,40.66635067697942,74.9628245928359,34.29647391585648
2020-04-14 → 2021-04-14,1576.1524772499083,15093.25569882659,7037.603137424557,11608.50369103851,40.404002030973665,74.21968338433975,33.81568135336608
2020-04-15 → 2021-04-15,1576.1524772499083,15093.25569882659,7002.185605582361,11505.676069454215,40.14198189794944,73.45896106167407,33.31697916372463
2020-04-16 → 2021-04-16,1576.1524772499083,14591.56726247625,6965.384738458025,11381.003270682937,41.40653486760466,75.33260334171148,33.92606847410681
2020-04-17 → 2021-04-17,1576.1524772499083,14591.56726247625,6931.585042749739,11301.667950348732,41.146845136112944,74.72305442111727,33.576209285004325
2020-04-18 → 2021-04-18,1576.1524772499083,14591.56726247625,6897.8469744417,11247.092402198708,40.887628900097674,74.30373971581898,33.416110815721304
2020-04-19 → 2021-04-19,1576.1524772499083,14591.56726247625,6865.123929657574,11198.111556293483,40.63621129010134,73.9274102118156,33.291198921714255
2020-04-20 → 2021-04-20,1576.1524772499083,14591.56726247625,6831.750099977272,11144.39529157316,40.37979357133464,73.51469755066171,33.13490397932707
2020-04-21 → 2021-04-21,1576.1524772499083,14555.143086672459,6796.93971815436,11083.143442262148,40.22490960979847,73.24907807630517,33.024168466506694
2020-04-22 → 2021-04-22,1576.1524772499083,14037.733866748942,6762.437820462988,11021.642086136415,41.61819580605871,75.79687772890455,34.17868192284584
2020-04-23 → 2021-04-23,1576.1524772499083,13353.621641529659,6729.445431235339,10968.044599330722,43.75552066495756,79.74456983140125,35.98904916644369
2020-04-24 → 2021-04-24,1576.1524772499083,13321.888380937227,6698.3941819687725,10912.035468215763,43.60937234346337,79.48316791317482,35.873795569711454
2020-04-25 → 2021-04-25,1576.1524772499083,13266.57907527781,6667.577625200296,10855.643954384665,43.552090295911675,79.37684223345747,35.82475193754579
2020-04-26 → 2021-04-26,1576.1524772499083,13013.939128446851,6636.395159482515,10799.37165108635,44.241450173430735,80.63814665463488,36.396696481204145
2020-04-27 → 2021-04-27,1576.1524772499083,12870.179008914301,6605.803218341579,10750.120097024199,44.53372521297287,81.22849361167853,36.69476839870566
2020-04-28 → 2021-04-28,1576.1524772499083,12870.179008914301,6575.66010856128,10703.28576554015,44.26683094195457,80.81381128954354,36.54698034758897
2020-04-29 → 2021-04-29,1576.1524772499083,11639.203928071736,6545.596281107741,10655.323270192212,49.38307061375492,90.22283983453971,40.839769220784795
2020-04-30 → 2021-04-30,1576.1524772499083,11639.203928071736,6519.144714935463,10637.39701502159,49.12021231176226,90.04470047732559,40.92448816556333
2020-05-01 → 2021-05-01,1576.1524772499083,11639.203928071736,6492.288786559247,10615.047560097444,48.85333572360746,89.82260626431905,40.96927054071159
2020-05-02 → 2021-05-02,1576.1524772499083,11639.203928071736,6466.264928861281,10598.618602965362,48.59472770768758,89.6593460721957,41.06461836450812
2020-05-03 → 2021-05-03,1576.1524772499083,11639.203928071736,6440.602928463779,10584.27251696297,48.33971559209906,89.51678408617684,41.17706849407778
2020-05-04 → 2021-05-04,1576.1524772499083,11639.203928071736,6414.978228491875,10567.279484384047,48.08507414365639,89.34791848251807,41.262844338861676
2020-05-05 → 2021-05-05,1576.1524772499083,11639.203928071736,6388.981338366767,10542.03817415647,47.826734113774265,89.09708690970012,41.27035279592586
2020-05-06 → 2021-05-06,1576.1524772499083,11639.203928071736,6363.408890184263,10520.354543848847,47.57261190931693,88.88160922468984,41.308997315372906
2020-05-07 → 2021-05-07,1576.1524772499083,11639.203928071736,6338.689639768668,10509.315843151333,47.32696822423395,88.77191386288573,41.444945638651774
2020-05-08 → 2021-05-08,1576.1524772499083,11639.203928071736,6316.001877453306,10524.380552020764,47.10151213443618,88.92161705125807,41.82010491682189
2020-05-09 → 2021-05-09,1576.1524772499083,11639.203928071736,6292.9770764985615,10535.227604043723,46.872706775870064,89.02940793433135,42.15670115846128
2020-05-10 → 2021-05-10,1576.1524772499083,11639.203928071736,6269.3363699073325,10536.250517025996,46.637780951364824,89.03957297211608,42.40179202075125
2020-05-11 → 2021-05-11,1576.1524772499083,11639.203928071736,6242.811728581145,10502.265676690991,46.37419647645865,88.70185393628397,42.32765745982532
2020-05-12 → 2021-05-12,1576.1524772499083,11355.596269636537,6216.370864699754,10461.650710894437,47.448694281184906,90.85893249431994,43.41023821313504
2020-05-13 → 2021-05-13,1576.1524772499083,11355.596269636537,6190.917790003152,10429.72497696494,47.18842309156553,90.53247493080953,43.344051839243996
2020-05-14 → 2021-05-14,1576.1524772499083,11355.596269636537,6167.0760955861515,10417.47992894306,46.94462912001511,90.40726281975455,43.46263369973944
2020-05-15 → 2021-05-15,1576.1524772499083,11355.596269636537,6145.007053365835,10422.527105159199,46.71896145742783,90.45887287369308,43.73991141626525
2020-05-16 → 2021-05-16,1576.1524772499083,11355.596269636537,6121.649529588492,10410.069866038215,46.4801183874822,90.33149099609918,43.85137260861698
2020-05-17 → 2021-05-17,1576.1524772499083,11355.596269636537,6098.851255076724,10399.830864778709,46.24699393791467,90.22679177723893,43.97979783932426
2020-05-18 → 2021-05-18,1576.1524772499083,11355.596269636537,6077.0182728398495,10399.800750079923,46.02374011386926,90.22648383847036,44.2027437246011
2020-05-19 → 2021-05-19,1576.1524772499083,11355.596269636537,6056.186987842252,10401.444452589338,45.81072917541676,90.24329156848354,44.43256239306678
2020-05-20 → 2021-05-20,1576.1524772499083,11355.596269636537,6034.872845304789,10403.717475138226,45.59278076250133,90.26653442970493,44.673753667203606
2020-05-21 → 2021-05-21,1576.1524772499083,11355.596269636537,6013.509683212957,10397.510512274832,45.37433109864146,90.20306494212296,44.8287338434815
2020-05-22 → 2021-05-22,1576.1524772499083,11355.596269636537,5990.639986648738,10373.359645246434,45.14047632070387,89.95610951662934,44.81563319592547
2020-05-23 → 2021-05-23,1576.1524772499083,11355.596269636537,5968.675032527176,10352.278199643457,44.915873014136864,89.74054055329638,44.82466753915952
2020-05-24 → 2021-05-24,1576.1524772499083,11355.596269636537,5945.996704403834,10331.030307209212,44.68397508001307,89.52326958282681,44.83929450281374
2020-05-25 → 2021-05-25,1576.1524772499083,11318.443294354383,5922.109907040063,10293.331472411799,44.609194196502386,89.47771277631333,44.86851857981094
2020-05-26 → 2021-05-26,1576.1524772499083,11318.443294354383,5898.413167473644,10258.726943530895,44.365958390763396,89.12251368063299,44.756555289869596
2020-05-27 → 2021-05-27,1576.1524772499083,11108.438152828967,5874.583186706417,10219.814932401821,45.093389515892696,90.67775294750423,45.584363431611536
2020-05-28 → 2021-05-28,1576.1524772499083,11108.438152828967,5852.460239496739,10193.665605374186,44.861305124356306,90.40342916076935,45.54212403641304
2020-05-29 → 2021-05-29,1576.1524772499083,11108.438152828967,5831.783015915834,10181.920032238142,44.64438733270978,90.28021030711984,45.63582297441006
2020-05-30 → 2021-05-30,1576.1524772499083,11108.438152828967,5810.480113700058,10164.48597929391,44.42090575713811,90.09731552681656,45.67640976967845
2020-05-31 → 2021-05-31,1576.1524772499083,11108.438152828967,5789.611001337231,10155.897842304581,44.20197492487936,90.00722027283847,45.80524534795911
2020-06-01 → 2021-06-01,1576.1524772499083,11108.438152828967,5768.101835908678,10137.453153797544,43.97632951138051,89.81372325507398,45.83739374369347
2020-06-02 → 2021-06-02,1576.1524772499083,11108.438152828967,5748.571872966346,10145.124565967799,43.77144724487052,89.89420145758851,46.122754212717986
2020-06-03 → 2021-06-03,1576.1524772499083,11108.438152828967,5726.825870681726,10128.959121185886,43.54331725564527,89.72461521844203,46.181297962796755
2020-06-04 → 2021-06-04,1576.1524772499083,11108.438152828967,5705.897392647184,10116.932609103555,43.32376363810987,89.5984491288845,46.27468549077463
2020-06-05 → 2021-06-05,1576.1524772499083,11108.438152828967,5685.771454174632,10110.556625969206,43.11262919294617,89.5315608362824,46.41893164333622
2020-06-06 → 2021-06-06,1576.1524772499083,11108.438152828967,5665.083191516461,10097.731432369672,42.895595594056324,89.39701604780223,46.5014204537459
2020-06-07 → 2021-06-07,1576.1524772499083,11108.438152828967,5644.926043729577,10085.3330853815,42.68413374248252,89.2669491634249,46.582815420942374
2020-06-08 → 2021-06-08,1576.1524772499083,11108.438152828967,5625.058128776277,10075.249462372563,42.47570613519627,89.16116526906711,46.68545913387084
2020-06-09 → 2021-06-09,1576.1524772499083,11108.438152828967,5604.4013684345655,10065.468586882256,42.25900301650321,89.058557397008,46.799554380504794
2020-06-10 → 2021-06-10,1576.1524772499083,11108.438152828967,5583.882022986188,10055.530853514054,42.043741471195695,88.95430398175775,46.91056251056205
2020-06-11 → 2021-06-11,1576.1524772499083,11108.438152828967,5563.5990001846685,10048.898058578186,41.830959107218895,88.88472156300104,47.05376245578214
2020-06-12 → 2021-06-12,1576.1524772499083,11108.438152828967,5541.808614613924,10019.361571291014,41.60236350788043,88.57486421826322,46.97250071038278
2020-06-13 → 2021-06-13,1576.1524772499083,11108.438152828967,5519.934024154866,9995.595843147754,41.37288454340606,88.32554596499111,46.95266142158505
2020-06-14 → 2021-06-14,1576.1524772499083,11108.438152828967,5497.809738926552,9971.07492725287,41.1407861151666,88.06830529124899,46.92751917608239
2020-06-15 → 2021-06-15,1576.1524772499083,11108.438152828967,5475.35327413323,9941.061392571108,40.90520290293814,87.75344340289146,46.84824049995332
2020-06-16 → 2021-06-16,1576.1524772499083,11108.438152828967,5453.55450015907,9913.708062718892,40.676519303683385,87.46648882784875,46.789969524165365
2020-06-17 → 2021-06-17,1576.1524772499083,11108.438152828967,5432.041353356377,9888.266351395288,40.450832122928745,87.19958839924763,46.748756276318886
2020-06-18 → 2021-06-18,1576.1524772499083,11108.438152828967,5410.7750260658195,9859.192848130979,40.22773424258468,86.89458806403114,46.66685382144646
2020-06-19 → 2021-06-19,1576.1524772499083,11108.438152828967,5389.361990480833,9826.77866166751,40.003097294912784,86.55454174600573,46.55144445109294
2020-06-20 → 2021-06-20,1576.1524772499083,11108.438152828967,5367.613586574808,9789.120202476417,39.774942111085856,86.15947952826744,46.38453741718158
2020-06-21 → 2021-06-21,1576.1524772499083,11108.438152828967,5347.029472397678,9752.982467674161,39.55900109884925,85.78037071814398,46.221369619294734
2020-06-22 → 2021-06-22,1576.1524772499083,11108.438152828967,5326.03660823468,9712.652258436512,39.33877202811568,85.3572800701059,46.01850804199022
2020-06-23 → 2021-06-23,1576.1524772499083,11108.438152828967,5305.953577702513,9685.837280133026,39.1280877157097,85.07597315992608,45.94788544421638
2020-06-24 → 2021-06-24,1576.1524772499083,11108.438152828967,5285.410673497473,9655.289097711477,38.91257902341705,84.75550246211839,45.842923438701334
2020-06-25 → 2021-06-25,1576.1524772499083,11108.438152828967,5264.63297834986,9611.733298841153,38.69460721838771,84.2985732391314,45.60396602074369
2020-06-26 → 2021-06-26,1576.1524772499083,11108.438152828967,5243.653570104985,9564.709005729599,38.47451930916125,83.80525721072044,45.33073790155919
2020-06-27 → 2021-06-27,1576.1524772499083,11108.438152828967,5221.741834537209,9512.3053664856,38.244650667856135,83.25550827297874,45.01085760512261
2020-06-28 → 2021-06-28,1576.1524772499083,11029.382532855976,5199.338971629953,9451.679940501508,38.327497300580134,83.31043904491841,44.98294174433828
2020-06-29 → 2021-06-29,1576.1524772499083,11029.382532855976,5176.9444832748995,9393.19091346368,38.09059956061904,82.69171902336196,44.601119462742915
2020-06-30 → 2021-06-30,1576.1524772499083,11029.382532855976,5154.9871067307995,9335.839013297005,37.85832576198152,82.08502797882672,44.2267022168452
2020-07-01 → 2021-07-01,1576.1524772499083,11029.382532855976,5133.261560933807,9274.965814169667,37.62850436052193,81.4410872435514,43.812582883029464
2020-07-02 → 2021-07-02,1576.1524772499083,11029.382532855976,5111.783777885025,9215.799065712912,37.40130389123848,80.81519801723697,43.41389412599849
2020-07-03 → 2021-07-03,1576.1524772499083,11029.382532855976,5089.639964742044,9148.575844833185,37.16705789264618,80.1040842446502,42.93702635200402
2020-07-04 → 2021-07-04,1576.1524772499083,11013.684039957561,5067.232923992674,9077.84504574894,36.991457178673166,79.48786733749239,42.496410158819224
2020-07-05 → 2021-07-05,1576.1524772499083,11013.684039957561,5045.351477098767,9007.232205477618,36.759601563160615,78.73965431375694,41.98005275059633
2020-07-06 → 2021-07-06,1576.1524772499083,10949.793506880562,5023.266248542662,8932.268328645205,36.774544282165444,78.47661146978173,41.70206718761629
2020-07-07 → 2021-07-07,1576.1524772499083,10949.793506880562,5002.062022727082,8865.08223688611,36.5483330826054,77.7598559257331,41.2115228431277
2020-07-08 → 2021-07-08,1576.1524772499083,10949.793506880562,4980.856191597073,8792.24528165919,36.32210475720895,76.98281576602699,40.66071100881804
2020-07-09 → 2021-07-09,1576.1524772499083,10949.793506880562,4959.952472175595,8723.905166920364,36.09909942389823,76.2537488589116,40.154649435013376
2020-07-10 → 2021-07-10,1576.1524772499083,10949.793506880562,4938.484571174543,8645.308754804973,35.87007528127114,75.41526558579562,39.54519030452448
2020-07-11 → 2021-07-11,1576.1524772499083,10949.793506880562,4917.03425895425,8566.15812077873,35.641238779505315,74.57086975523156,38.92963097572624
2020-07-12 → 2021-07-12,1576.1524772499083,10949.793506880562,4895.701226203329,8482.386006783236,35.41365344011066,73.67717099153145,38.2635175514208
2020-07-13 → 2021-07-13,1576.1524772499083,10949.793506880562,4874.658144541455,8397.857235068435,35.18916136072171,72.77540004204023,37.58623868131852
2020-07-14 → 2021-07-14,1576.1524772499083,10949.793506880562,4853.408067295073,8308.422190744925,34.96246100832707,71.82128793084671,36.85882692251964
2020-07-15 → 2021-07-15,1576.1524772499083,10949.793506880562,4832.520333126277,8216.92210855767,34.739626209098375,70.84514555566915,36.10551934657077
2020-07-16 → 2021-07-16,1576.1524772499083,10949.793506880562,4811.497483461398,8119.858288169711,34.515349968964735,69.8096480357499,35.29429806678517
2020-07-17 → 2021-07-17,1576.1524772499083,10921.24083746441,4790.240610348386,8016.99008081406,34.3933412848405,68.92216911490299,34.52882783006248
2020-07-18 → 2021-07-18,1576.1524772499083,10908.467459428333,4769.018115389024,7911.672262555201,34.213007643188355,67.88797632103073,33.67496867784238
2020-07-19 → 2021-07-19,1576.1524772499083,10908.467459428333,4748.08880093769,7803.645796294844,33.98874051877922,66.73042359733195,32.74168307855273
2020-07-20 → 2021-07-20,1576.1524772499083,10908.467459428333,4727.630097351305,7693.789591936024,33.76951620385357,65.5532643976199,31.78374819376633
2020-07-21 → 2021-07-21,1576.1524772499083,10651.2444034891,4706.331984773298,7578.248368529325,34.49198678057433,66.13812774640118,31.646140965826852
2020-07-22 → 2021-07-22,1576.1524772499083,10491.795099730549,4685.68735011537,7467.566997138911,34.87729381418701,66.07952751531225,31.202233701125238
2020-07-23 → 2021-07-23,1576.1524772499083,10473.287081753417,4665.191917540769,7358.582458640218,34.719486414505475,64.99204787194505,30.272561457439572
2020-07-24 → 2021-07-24,1576.1524772499083,10473.287081753417,4644.754973258077,7248.824135351442,34.48978387328117,63.75841110946179,29.26862723618062
2020-07-25 → 2021-07-25,1576.1524772499083,10306.672153889524,4623.919176538683,7133.688817884947,34.909338872962294,63.656420768461516,28.74708189549922
2020-07-26 → 2021-07-26,1576.1524772499083,10066.533186518165,4603.055588779411,7020.47495226703,35.65097037669087,64.12341992007494,28.472449543384066
2020-07-27 → 2021-07-27,1576.1524772499083,9892.53203295156,4582.534486972031,6911.687608038784,36.15012986824259,64.15694588074533,28.00681601250274
2020-07-28 → 2021-07-28,1576.1524772499083,9892.53203295156,4564.6415139562905,6832.634340430477,35.93497647251436,63.20637277283432,27.271396300319964
2020-07-29 → 2021-07-29,1576.1524772499083,9892.53203295156,4546.4931838017455,6750.759351718547,35.716752544265404,62.22186998332663,26.505117439061223
2020-07-30 → 2021-07-30,1576.1524772499083,9892.53203295156,4528.4514056158505,6668.045208882711,35.49980984624333,61.22727681592932,25.72746696968599
2020-07-31 → 2021-07-31,1576.1524772499083,9892.53203295156,4510.452364198587,6583.014283561972,35.283381034923345,60.20482558277891,24.921444547855565
2020-08-01 → 2021-08-01,1576.1524772499083,9892.53203295156,4493.190606730852,6500.511884066755,35.07581766732908,59.21277851539063,24.13696084806155
2020-08-02 → 2021-08-02,1576.1524772499083,9892.53203295156,4476.982806562738,6426.856534526475,34.88092757050802,58.3271124746941,23.446184904186076
2020-08-03 → 2021-08-03,1576.1524772499083,9892.53203295156,4459.490630325031,6332.5344571003125,34.67059354089156,57.192940124882384,22.522346583990824
2020-08-04 → 2021-08-04,1576.1524772499083,9892.53203295156,4442.043423359804,6238.935928782004,34.460800242637575,56.06746806469799,21.606667822060416
2020-08-05 → 2021-08-05,1576.1524772499083,9892.53203295156,4424.327692802933,6141.305649325681,34.24777809233509,54.89351636128651,20.64573826895142
2020-08-06 → 2021-08-06,1576.1524772499083,9892.53203295156,4407.403099940478,6053.74832483111,34.04426894813241,53.84068653421902,19.796417586086605
2020-08-07 → 2021-08-07,1576.1524772499083,9892.53203295156,4390.330089831865,5964.3782403273035,33.83897516621372,52.76605924111362,18.927084074899895
2020-08-08 → 2021-08-08,1576.1524772499083,9892.53203295156,4372.987748372205,5867.736960378245,33.63044281937332,51.60399972589103,17.973556906517707
2020-08-09 → 2021-08-09,1576.1524772499083,9892.53203295156,4355.626343747387,5771.401341642801,33.421681248204834,50.44561562268595,17.023934374481115
2020-08-10 → 2021-08-10,1576.1524772499083,9892.53203295156,4338.241314066349,5670.265777059032,33.21263559841701,49.22951474722229,16.01687914880528
2020-08-11 → 2021-08-11,1576.1524772499083,9892.53203295156,4321.205741291608,5570.35176597803,33.007791980342105,48.028102396910526,15.020310416568421
2020-08-12 → 2021-08-12,1576.1524772499083,9892.53203295156,4303.3761431569665,5455.142427638187,32.793400633540024,46.64277194670451,13.849371313164482
2020-08-13 → 2021-08-13,1576.1524772499083,9892.53203295156,4285.498387630539,5340.8032477561865,32.57843021995217,45.26790468486085,12.689474464908685
2020-08-14 → 2021-08-14,1576.1524772499083,9892.53203295156,4268.089544144989,5227.583114871298,32.36909822194813,43.906493362463166,11.537395140515038
2020-08-15 → 2021-08-15,1576.1524772499083,9892.53203295156,4250.688730934941,5110.623502032969,32.15986278369642,42.50011680094437,10.34025401724795
2020-08-16 → 2021-08-16,1576.1524772499083,9892.53203295156,4233.606332481568,4992.040162636273,31.954456111971556,41.07421579916294,9.119759687191387
2020-08-17 → 2021-08-17,1576.1524772499083,9892.53203295156,4216.756107200464,4870.348112618954,31.75184119801478,39.610934220896254,7.859093022881474
2020-08-18 → 2021-08-18,1576.1524772499083,9892.53203295156,4200.649009370113,4754.271840674699,31.558161992749216,38.215179359459306,6.65701736671009
2020-08-19 → 2021-08-19,1576.1524772499083,9892.53203295156,4183.72375883005,4626.994617840787,31.35464494032634,36.68473907614334,5.330094135816996
2020-08-20 → 2021-08-20,1576.1524772499083,9892.53203295156,4165.993322842174,4489.403845214081,31.14144596510977,35.03028389278924,3.8888379276794716
2020-08-21 → 2021-08-21,1576.1524772499083,9892.53203295156,4148.538500215528,4350.488635019242,30.931561092615233,33.359903058624454,2.4283419660092207
2020-08-22 → 2021-08-22,1576.1524772499083,9892.53203295156,4130.3657668468295,4198.575876456368,30.71304372881551,31.533233682300427,0.8201899534849169
2020-08-23 → 2021-08-23,1576.1524772499083,9892.53203295156,4112.487443837242,4082.6394485085493,30.498066491547277,30.139160369853624,-0.35890612169365355
2020-08-24 → 2021-08-24,1576.1524772499083,9892.53203295156,4094.7670902711343,3963.7695693826417,30.28498875204032,28.70981388164036,-1.5751748703999588
2020-08-25 → 2021-08-25,1576.1524772499083,9892.53203295156,4077.132006686143,3909.9754110368785,30.07293633828414,28.062968003750115,-2.009968334534026
2020-08-26 → 2021-08-26,1576.1524772499083,9892.53203295156,4058.867150759888,3852.386563219279,29.853311250180347,27.37049302191602,-2.4828182282643283
2020-08-27 → 2021-08-27,1576.1524772499083,9892.53203295156,4040.6211420133113,3795.2496441607263,29.633912789295202,26.68345224081819,-2.950460548477011
2020-08-28 → 2021-08-28,1576.1524772499083,9892.53203295156,4022.066220488803,3747.1027642476333,29.41079981807701,26.10451185467283,-3.3062879634041806
2020-08-29 → 2021-08-29,1576.1524772499083,9892.53203295156,4003.946958951043,3700.0510984995667,29.192925424341126,25.538740830960855,-3.654184593380272
2020-08-30 → 2021-08-30,1576.1524772499083,9892.53203295156,3985.9670095742918,3652.4544313329375,28.976726184559865,24.966416457742493,-4.010309726817372
2020-08-31 → 2021-08-31,1576.1524772499083,9892.53203295156,3968.398768666491,3622.8637780121117,28.765477518116345,24.610604735554578,-4.1548727825617675
2020-09-01 → 2021-09-01,1576.1524772499083,9892.53203295156,3950.614661348135,3593.10952155069,28.551633173961044,24.25282577342168,-4.2988074005393635
2020-09-02 → 2021-09-02,1576.1524772499083,9892.53203295156,3933.323880751633,3564.3309246857452,28.343720818822714,23.90677859421118,-4.436942224611535
2020-09-03 → 2021-09-03,1576.1524772499083,9892.53203295156,3914.8671145925064,3533.3602862227995,28.12178811318432,23.53437329145281,-4.58741482173151
2020-09-04 → 2021-09-04,1576.1524772499083,9892.53203295156,3893.714253413394,3499.802025852881,27.867436312170017,23.130853224275125,-4.736583087894893
2020-09-05 → 2021-09-05,1576.1524772499083,9892.53203295156,3872.9031885245536,3467.073456219673,27.617194428073084,22.737309742835905,-4.8798846852371796
2020-09-06 → 2021-09-06,1576.1524772499083,9892.53203295156,3851.118173506191,3432.7026709574147,27.35524131647626,22.324019499983844,-5.031221816492415
2020-09-07 → 2021-09-07,1576.1524772499083,9892.53203295156,3830.3020903519764,3403.1453728733827,27.104939090431955,21.968608856613585,-5.13633023381837
2020-09-08 → 2021-09-08,1576.1524772499083,9892.53203295156,3809.864633421023,3389.574503434076,26.859189641479237,21.805426436325874,-5.053763205153363
2020-09-09 → 2021-09-09,1576.1524772499083,9781.757822849786,3788.718123262697,3375.6336833691535,26.96407580946165,21.92990194299544,-5.034173866466212
2020-09-10 → 2021-09-10,1576.1524772499083,9772.019213192432,3768.095490769475,3361.9506070437014,26.74449309805052,21.789008866655596,-4.955484231394923
2020-09-11 → 2021-09-11,1576.1524772499083,9772.019213192432,3747.716145630805,3353.9292393897576,26.495839163143337,21.691137977433268,-4.804701185710069
2020-09-12 → 2021-09-12,1576.1524772499083,9772.019213192432,3727.3281980948996,3345.9278216578127,26.24708026804692,21.593510502637283,-4.653569765409635
2020-09-13 → 2021-09-13,1576.1524772499083,9772.019213192432,3707.222524060775,3338.1455957802664,26.001765468747507,21.49855744729516,-4.503208021452348
2020-09-14 → 2021-09-14,1576.1524772499083,9772.019213192432,3686.564279945208,3329.8649721740794,25.749708611539578,21.397523305660414,-4.352185305879164
2020-09-15 → 2021-09-15,1576.1524772499083,9772.019213192432,3666.6124546084675,3321.7953723065334,25.506270962056544,21.299063922076773,-4.207207039979771
2020-09-16 → 2021-09-16,1576.1524772499083,9772.019213192432,3646.98184429588,3313.853079900145,25.26675254448029,21.202157851464886,-4.064594693015405
2020-09-17 → 2021-09-17,1576.1524772499083,9772.019213192432,3627.8585082356312,3306.0800667936473,25.03342351807746,21.107317203648964,-3.9261063144284947
2020-09-18 → 2021-09-18,1576.1524772499083,9772.019213192432,3608.5433433008025,3298.2399052572905,24.79775393538252,21.01165725957039,-3.7860966758121286
2020-09-19 → 2021-09-19,1576.1524772499083,9772.019213192432,3589.3094652437294,3290.4847778456588,24.56307615599985,20.91703483998392,-3.6460413160159284
2020-09-20 → 2021-09-20,1576.1524772499083,9772.019213192432,3571.0118742940153,3283.165546553879,24.339822270361726,20.827730907555615,-3.5120913628061103
2020-09-21 → 2021-09-21,1576.1524772499083,9772.019213192432,3552.736011247934,3276.24361420892,24.116833492787617,20.743274527675702,-3.373558965111915
2020-09-22 → 2021-09-22,1576.1524772499083,9772.019213192432,3532.873455115554,3268.7304352112887,23.8744850411556,20.651604186518465,-3.222880854637136
2020-09-23 → 2021-09-23,1576.1524772499083,9772.019213192432,3512.9916084660103,3261.2265819730083,23.631901220675054,20.560047631488445,-3.0718535891866097
2020-09-24 → 2021-09-24,1576.1524772499083,9473.54969553333,3492.6753484434817,3253.7887510566497,24.26777858857844,21.242901014562275,-3.024877574016166
2020-09-25 → 2021-09-25,1576.1524772499083,9473.54969553333,3473.626634858563,3246.6627467637027,24.026576163799575,21.152668700092267,-2.873907463707308
2020-09-26 → 2021-09-26,1576.1524772499083,9473.54969553333,3454.387258371187,3239.48552939336,23.782959489145867,21.0617879051675,-2.721171583978368
2020-09-27 → 2021-09-27,1576.1524772499083,9473.54969553333,3435.381499178394,3232.4551346460325,23.542300970048053,20.97276623697723,-2.5695347330708245
2020-09-28 → 2021-09-28,1576.1524772499083,9473.54969553333,3416.6139802530197,3225.6438373442716,23.30465914443587,20.88651886821133,-2.418140276224541
2020-09-29 → 2021-09-29,1576.1524772499083,9473.54969553333,3397.735211262173,3216.6877535043395,23.06560862603039,20.773113355073434,-2.2924952709569553
2020-09-30 → 2021-09-30,1576.1524772499083,9473.54969553333,3378.7733191954685,3207.5139777671384,22.825505570015867,20.656951340125488,-2.168554229890379
2020-10-01 → 2021-10-01,1576.1524772499083,9473.54969553333,3359.0927829020325,3196.9549553710685,22.576302753575618,20.52324877832925,-2.0530539752463675
2020-10-02 → 2021-10-02,1576.1524772499083,9473.54969553333,3339.0498993974406,3186.524745032045,22.322511751925227,20.391177286282776,-1.9313344656424505
2020-10-03 → 2021-10-03,1576.1524772499083,9473.54969553333,3318.869387246325,3176.034005555248,22.066978041345298,20.258339350101604,-1.8086386912436936
2020-10-04 → 2021-10-04,1576.1524772499083,9437.190896860331,3298.5287344661474,3165.433222853645,21.910289268139675,20.217185831824217,-1.6931034363154573
2020-10-05 → 2021-10-05,1576.1524772499083,9437.190896860331,3278.210811327936,3154.493646589508,21.65182566506752,20.078023857537886,-1.5738018075296338
2020-10-06 → 2021-10-06,1576.1524772499083,9437.190896860331,3257.7781059319327,3140.4202913190934,21.39190192083252,19.898997188042074,-1.4929047327904463
2020-10-07 → 2021-10-07,1576.1524772499083,9374.53619995802,3237.071458427934,3126.505879758036,21.29824640895262,19.880445200377277,-1.4178012085753409
2020-10-08 → 2021-10-08,1576.1524772499083,9172.183505682702,3216.5239120796136,3112.645955920748,21.595112351300457,20.227582969574147,-1.3675293817263103
2020-10-09 → 2021-10-09,1576.1524772499083,9030.07619321888,3196.430024950192,3099.0351290852304,21.7372434900168,20.430617616501262,-1.3066258735155394
2020-10-10 → 2021-10-10,1576.1524772499083,8847.322761646454,3176.752523865961,3085.749314822192,22.012963305932136,20.761401239794637,-1.2515620661374989
2020-10-11 → 2021-10-11,1576.1524772499083,8819.129825518316,3157.3487188097665,3072.5384126322965,21.830749504385487,20.659817964778423,-1.1709315396070643
2020-10-12 → 2021-10-12,1576.1524772499083,8819.129825518316,3138.1978780642207,3059.606229579513,21.56634386255196,20.481270077204606,-1.0850737853473547
2020-10-13 → 2021-10-13,1576.1524772499083,8819.129825518316,3119.30308514093,3046.5397004583992,21.305473339081278,20.3008673437315,-1.0046059953497775
2020-10-14 → 2021-10-14,1576.1524772499083,8819.129825518316,3100.1706811749837,3033.3683802348087,21.041322244220815,20.119017814314716,-0.9223044299060987
2020-10-15 → 2021-10-15,1576.1524772499083,8819.129825518316,3080.6861390959234,3020.053772301603,20.772309362609107,19.935189986434118,-0.8371193761749893
2020-10-16 → 2021-10-16,1576.1524772499083,8819.129825518316,3061.416934835127,3007.0196688178976,20.50626953762742,19.75523493677734,-0.7510346008500797
2020-10-17 → 2021-10-17,1576.1524772499083,8800.646010252805,3041.766349759093,2993.7432167915485,20.2867351990001,19.62200856109579,-0.6647266379043089
2020-10-18 → 2021-10-18,1576.1524772499083,8703.506092897267,3022.1293395798057,2980.240272527598,20.28771042249688,19.69998783552933,-0.5877225869675478
2020-10-19 → 2021-10-19,1555.430138450808,8513.672811735767,3002.599077409187,2966.9268512742037,20.79790842182824,20.2852469955181,-0.5126614263101388
2020-10-20 → 2021-10-20,1513.7341883084346,8382.61103570958,2983.473562044631,2953.8653158439915,21.397084361648954,20.96603505244724,-0.4310493092017147
2020-10-21 → 2021-10-21,1513.7341883084346,7783.015373161113,2964.9506768539036,2941.406387725903,23.148052316616123,22.772502258582577,-0.37555005803354646
2020-10-22 → 2021-10-22,1513.7341883084346,7719.963155662358,2948.1830510347586,2930.0507441556433,23.113050940785914,22.82088790628469,-0.2921630345012254
2020-10-23 → 2021-10-23,1513.7341883084346,7719.963155662358,2931.6225679809395,2918.753007192101,22.846214458585038,22.638849231544025,-0.2073652270410129
2020-10-24 → 2021-10-24,1513.7341883084346,7667.74669788406,2915.0187568966508,2907.662569543678,22.770258695571734,22.65072388244734,-0.11953481312439251
2020-10-25 → 2021-10-25,1513.7341883084346,7667.74669788406,2898.5187244843273,2896.508869472231,22.502140416860904,22.469481155785804,-0.03265926107509998
2020-10-26 → 2021-10-26,1513.7341883084346,7644.876426807446,2882.092624661438,2885.6215247414807,22.3181649213866,22.37572189760359,0.05755697621698985
2020-10-27 → 2021-10-27,1513.7341883084346,7524.26829540335,2865.8704295034413,2876.1226309281765,22.4961079515201,22.666678507182255,0.17057055566215595
2020-10-28 → 2021-10-28,1513.7341883084346,7524.26829540335,2850.4026595427626,2868.574917770068,22.238763601000226,22.541103757524,0.30234015652377266
2020-10-29 → 2021-10-29,1513.7341883084346,7421.030605183311,2834.2350444945505,2860.7068658602902,22.353726019468944,22.801846775524453,0.44812075605550916
2020-10-30 → 2021-10-30,1513.7341883084346,7355.33990404444,2818.384193081926,2854.5243327066446,22.333756646037408,22.95242454975034,0.6186679037129323
2020-10-31 → 2021-10-31,1513.7341883084346,7355.33990404444,2802.7465724958784,2848.4283959842096,22.06606277303391,22.848070763838123,0.7820079908042139
2020-11-01 → 2021-11-01,1513.7341883084346,7355.33990404444,2787.430431924672,2842.2450331207415,21.803872181670513,22.742220366458316,0.9383481847878024
2020-11-02 → 2021-11-02,1513.7341883084346,7355.33990404444,2771.875828649152,2835.8293436870963,21.53759944721294,22.632392867892932,1.0947934206799914
2020-11-03 → 2021-11-03,1513.7341883084346,7144.431265907445,2756.1191934299336,2829.4408473865815,22.064497308231424,23.366674515532246,1.3021772073008222
2020-11-04 → 2021-11-04,1513.7341883084346,7077.567494964144,2741.049235278579,2823.3923856089546,22.058803334420077,23.53877488985602,1.4799715554359416
2020-11-05 → 2021-11-05,1513.7341883084346,6726.597826108091,2726.190273018733,2817.285567742194,23.258925783488838,25.00643542603748,1.7475096425486427
2020-11-06 → 2021-11-06,1513.7341883084346,6726.597826108091,2713.129085258483,2811.6270485385603,23.008368917478755,24.897886275382504,1.889517357903749
2020-11-07 → 2021-11-07,1513.7341883084346,6726.597826108091,2699.9698728044937,2805.325970206045,22.755931612988974,24.777010711195004,2.0210790982060303
2020-11-08 → 2021-11-08,1480.565603419731,6527.72377190631,2685.636451431028,2797.7753551199335,23.87622515053149,26.098047806874575,2.221822656343086
2020-11-09 → 2021-11-09,1480.565603419731,6527.72377190631,2672.0812558217453,2791.1063076697205,23.607654300227683,25.965913103986658,2.358258803758975
2020-11-10 → 2021-11-10,1480.565603419731,6527.72377190631,2658.4658589328633,2784.6209827708917,23.337890674156007,25.837418519859657,2.49952784570365
2020-11-11 → 2021-11-11,1480.565603419731,6356.777531253977,2644.8363934492972,2778.0631542848714,23.876542021968135,26.60871943359976,2.732177411631625
2020-11-12 → 2021-11-12,1480.565603419731,6255.178118314777,2631.7320134330134,2771.854708339377,24.110153576275856,27.044898426653386,2.9347448503775304
2020-11-13 → 2021-11-13,1480.565603419731,6255.178118314777,2619.202076589662,2763.3008182196468,23.84772522624195,26.86574482847039,3.018019602228442
2020-11-14 → 2021-11-14,1480.565603419731,6255.178118314777,2606.6720875260276,2754.662844229756,23.5852957825008,26.68483016863269,3.0995343861318894
2020-11-15 → 2021-11-15,1480.565603419731,6255.178118314777,2593.989400301495,2744.541465992026,23.319668211991843,26.472846930073434,3.153178718081591
2020-11-16 → 2021-11-16,1480.565603419731,5972.626042987401,2581.4281384644314,2734.926123178968,24.506850472177774,27.923945740141477,3.4170952679637026
2020-11-17 → 2021-11-17,1480.565603419731,5847.405058718655,2569.6515408566206,2725.509309582192,24.939912460380075,28.509033109788117,3.569120649408042
2020-11-18 → 2021-11-18,1480.565603419731,5847.405058718655,2559.010365513953,2717.766768085523,24.696231064450686,28.3317300150459,3.6354989505952133
2020-11-19 → 2021-11-19,1480.565603419731,5847.405058718655,2548.3743601137658,2708.8984154862665,24.452668059465903,28.12864600680522,3.675977947339316
2020-11-20 → 2021-11-20,1480.565603419731,5847.405058718655,2537.6136042302205,2699.659402122943,24.206248286224923,27.917073919992813,3.7108256337678895
2020-11-21 → 2021-11-21,1480.565603419731,5847.405058718655,2527.602696225145,2691.7577392824096,23.976999922332638,27.736126969196505,3.759127046863867
2020-11-22 → 2021-11-22,1480.565603419731,5847.405058718655,2517.8427413780532,2684.915587566433,23.753498349925426,27.57944267186851,3.8259443219430835
2020-11-23 → 2021-11-23,1480.565603419731,5847.405058718655,2507.8000393051357,2669.6414542961406,23.523521906419326,27.229667200921032,3.706145294501706
2020-11-24 → 2021-11-24,1480.565603419731,5847.405058718655,2497.710800292096,2655.1853985700222,23.29247977362928,26.898625588924585,3.606145815295303
2020-11-25 → 2021-11-25,1480.565603419731,5847.405058718655,2488.073649972597,2640.4221388442706,23.071790407369104,26.560549049201164,3.48875864183206
2020-11-26 → 2021-11-26,1480.565603419731,5847.405058718655,2478.5789080111895,2629.210634351646,22.854362172175193,26.30380719717315,3.4494450249979565
2020-11-27 → 2021-11-27,1480.565603419731,5847.405058718655,2467.61451723757,2612.5128099837902,22.60327918902786,25.921429403375534,3.318150214347675
2020-11-28 → 2021-11-28,1480.565603419731,5635.270427856573,2456.4105922989065,2594.115021280009,23.487709238440264,26.80213071481477,3.3144214763745055
2020-11-29 → 2021-11-29,1480.565603419731,5536.558998548417,2445.730886625382,2582.920203386198,23.796026994640336,27.17841210714034,3.3823851125000033
2020-11-30 → 2021-11-30,1480.565603419731,5536.558998548417,2435.496299139606,2573.105427941931,23.543694545133196,26.936430069988727,3.3927355248555315
2020-12-01 → 2021-12-01,1480.565603419731,5536.558998548417,2426.3802190446563,2565.218422406013,23.318938752732297,26.741976954128372,3.423038201396075
2020-12-02 → 2021-12-02,1480.565603419731,5536.558998548417,2416.6916777933275,2557.755031567494,23.080069003512165,26.55796800461966,3.4778990011074953
2020-12-03 → 2021-12-03,1480.565603419731,5536.558998548417,2407.562934897022,2552.642557991485,22.8550010113584,26.4319206204659,3.576919609107499
2020-12-04 → 2021-12-04,1480.565603419731,5536.558998548417,2399.0879630958125,2550.2129365296523,22.646051662195553,26.37201861311178,3.725966950916227
2020-12-05 → 2021-12-05,1480.565603419731,5536.558998548417,2390.041790377588,2543.427442964118,22.423019427254314,26.204723134433642,3.7817037071793287
2020-12-06 → 2021-12-06,1480.565603419731,5536.558998548417,2381.1544021406717,2535.0350808224402,22.203902003454015,25.997810515893455,3.7939085124394403
2020-12-07 → 2021-12-07,1480.565603419731,5536.558998548417,2372.441312360683,2526.5998112254592,21.989081885885444,25.789840019513655,3.800758133628211
2020-12-08 → 2021-12-08,1480.565603419731,5536.558998548417,2363.6079781875987,2516.2786967809516,21.7712971581368,25.535374258871553,3.7640771007347524
2020-12-09 → 2021-12-09,1480.565603419731,5536.558998548417,2354.4106109183786,2508.362011795786,21.544537240818727,25.34018939997426,3.7956521591555337
2020-12-10 → 2021-12-10,1480.565603419731,5536.558998548417,2345.4608321136557,2498.5706375185628,21.32388158552423,25.09878431561236,3.7749027300881295
2020-12-11 → 2021-12-11,1480.565603419731,5536.558998548417,2336.065974868953,2485.136627255666,21.092252578041474,24.767570505475707,3.6753179274342322
2020-12-12 → 2021-12-12,1480.565603419731,5315.393167413713,2326.3883600933123,2471.454049290613,22.056343930955137,25.839191706415853,3.7828477754607164
2020-12-13 → 2021-12-13,1480.565603419731,5220.274028941746,2317.7053794037056,2463.054111153246,22.385161641769457,26.271794373818665,3.8866327320492076
2020-12-14 → 2021-12-14,1480.565603419731,5184.906387212008,2309.100005280154,2448.1064928458754,22.366581538219616,26.119111223769092,3.752529685549476
2020-12-15 → 2021-12-15,1480.565603419731,5145.994841858927,2300.5289366194525,2434.273208485999,22.370185859838784,26.01898831014873,3.648802450309944
2020-12-16 → 2021-12-16,1480.565603419731,4679.299457808105,2292.201198904239,2423.137131768276,25.3736519645427,29.467019491334735,4.093367526792036
2020-12-17 → 2021-12-17,1480.565603419731,4388.030478306353,2285.3130031031465,2414.7978204308038,27.67866283216223,32.13219272502832,4.4535298928660865
2020-12-18 → 2021-12-18,1480.565603419731,4359.688544816367,2279.1489160451883,2404.7513616360234,27.73703412046976,32.099558686020494,4.362524565550732
2020-12-19 → 2021-12-19,1480.565603419731,4359.688544816367,2273.1233451648404,2395.693501329329,27.5277491749153,31.784953839646672,4.257204664731372
2020-12-20 → 2021-12-20,1480.565603419731,4359.688544816367,2267.489541111717,2388.1098331205058,27.332071388040706,31.52155181190469,4.189480423863984
2020-12-21 → 2021-12-21,1480.565603419731,4359.688544816367,2261.4437723808906,2376.579971802964,27.122084914594264,31.121087449936567,3.999002535342303
2020-12-22 → 2021-12-22,1480.565603419731,4290.506615779991,2255.1433154097545,2368.4736018416893,27.565621790024807,31.5988127336575,4.033190943632693
2020-12-23 → 2021-12-23,1480.565603419731,4290.506615779991,2249.030137053176,2357.5810945252924,27.348066391897657,31.211170883935985,3.863104492038328
2020-12-24 → 2021-12-24,1480.565603419731,4218.05077774402,2242.687579506906,2349.248540667657,27.840222962131456,31.732881894505553,3.892658932374097
2020-12-25 → 2021-12-25,1480.565603419731,4053.6435971072774,2236.5635544713764,2341.625666207682,29.381074064070816,33.46420376297817,4.083129698907356
2020-12-26 → 2021-12-26,1480.565603419731,3783.456644027727,2230.8666308703246,2334.0152978051015,32.58083053953362,37.05992508269291,4.479094543159285
2020-12-27 → 2021-12-27,1480.565603419731,3783.456644027727,2225.926559095985,2327.7310309593595,32.366314451397926,36.787039100033354,4.420724648635428
2020-12-28 → 2021-12-28,1480.565603419731,3698.313887885281,2221.3204520213103,2327.5105233901913,33.40121391549592,38.18940706224303,4.788193146747105
2020-12-29 → 2021-12-29,1480.565603419731,3672.257825996902,2217.095307744019,2325.1358990762756,33.605526211076125,38.53507746007466,4.929551248998536
2020-12-30 → 2021-12-30,1480.565603419731,3466.851770511931,2212.86244819403,2319.0743560131486,36.867640569955554,42.2149016836251,5.347261113669546
2020-12-31 → 2021-12-31,1480.565603419731,3445.582199456053,2209.284326220529,2316.4064818943766,37.08460907000543,42.536072222526705,5.451463152521278
2021-01-01 → 2022-01-01,1480.565603419731,3403.5956029317167,2205.6149945777806,2309.60859427478,37.703488314901385,43.11128745081659,5.407799135915205
2021-01-02 → 2022-01-02,1480.565603419731,3359.4634959148934,2202.085548509029,2305.6159324782366,38.401232337917264,43.91139786541805,5.510165527500789
2021-01-03 → 2022-01-03,1480.565603419731,3359.4634959148934,2199.43502074361,2304.3753321077443,38.260164120426246,43.84536977653427,5.585205656108023
2021-01-04 → 2022-01-04,1480.565603419731,3359.4634959148934,2197.176450187084,2303.1141357822876,38.139956919941994,43.77824551552497,5.638288595582978
2021-01-05 → 2022-01-05,1480.565603419731,3359.4634959148934,2194.861626733868,2306.4560585080735,38.016755788977825,43.956111632631945,5.93935584365412
2021-01-06 → 2022-01-06,1480.565603419731,3359.4634959148934,2193.161436189248,2306.2259426264973,37.92626707474748,43.94386424641179,6.017597171664313
2021-01-07 → 2022-01-07,1480.565603419731,3359.4634959148934,2192.2867994490125,2310.5094841369473,37.87971655469373,44.171845848156075,6.292129293462345
2021-01-08 → 2022-01-08,1480.565603419731,3359.4634959148934,2191.856069729895,2310.1221315456273,37.85679196039629,44.15122990128279,6.294437940886496
2021-01-09 → 2022-01-09,1480.565603419731,3359.4634959148934,2191.6783247358944,2310.2702662843917,37.84733189368854,44.15911403055645,6.311782136867912
2021-01-10 → 2022-01-10,1480.565603419731,3359.4634959148934,2191.444252744762,2310.6468950673934,37.83487395267602,44.179159227504414,6.344285274828394
2021-01-11 → 2022-01-11,1480.565603419731,3359.4634959148934,2190.704415560357,2307.1994680547386,37.79549782758908,43.9956778884479,6.20018006085882
2021-01-12 → 2022-01-12,1480.565603419731,3359.4634959148934,2189.172809793113,2301.7414135972294,37.7139816486971,43.70518554826751,5.991203899570408
2021-01-13 → 2022-01-13,1480.565603419731,3359.4634959148934,2187.4779377084924,2303.267034903914,37.623775997214366,43.786383218070554,6.162607220856188
2021-01-14 → 2022-01-14,1480.565603419731,3359.4634959148934,2186.4911338177303,2300.802118725549,37.57125563968437,43.65519374853042,6.083938108846056
2021-01-15 → 2022-01-15,1480.565603419731,3359.4634959148934,2185.8172098634454,2299.6435940309484,37.5353875940084,43.59353394789793,6.0581463538895335
2021-01-16 → 2022-01-16,1480.565603419731,3359.4634959148934,2184.7036983737207,2298.3360202000995,37.47612351722315,43.52394135129799,6.047817834074841
2021-01-17 → 2022-01-17,1480.565603419731,3359.4634959148934,2183.624103576971,2300.342473216964,37.418664578072594,43.63073017813521,6.2120656000626155
2021-01-18 → 2022-01-18,1480.565603419731,3359.4634959148934,2182.4884830733126,2298.508002412323,37.358223800093434,43.533094707257916,6.1748709071644825
2021-01-19 → 2022-01-19,1480.565603419731,3359.4634959148934,2181.560562654257,2299.672302473345,37.30883737932187,43.59506188842687,6.286224509104997
2021-01-20 → 2022-01-20,1480.565603419731,3359.4634959148934,2180.727254730353,2302.669050587502,37.26448649004616,43.75455688419683,6.4900703941506706
2021-01-21 → 2022-01-21,1480.565603419731,3359.4634959148934,2180.5213297664727,2320.7871162777874,37.25352660953841,44.71884907711768,7.46532246757927
2021-01-22 → 2022-01-22,1480.565603419731,3359.4634959148934,2179.5213776585174,2329.212161697234,37.200306468521205,45.167252657381326,7.9669461888601205
2021-01-23 → 2022-01-23,1480.565603419731,3359.4634959148934,2178.771297291007,2324.2443281306087,37.16038517367563,44.90285119168869,7.742466018013062
2021-01-24 → 2022-01-24,1480.565603419731,3359.4634959148934,2177.6956915773544,2321.9343766655657,37.10313854425798,44.779909361040545,7.676770816782565
2021-01-25 → 2022-01-25,1480.565603419731,3359.4634959148934,2176.6086229003763,2319.693294587072,37.045281825097234,44.660632944400504,7.61535111930327
2021-01-26 → 2022-01-26,1480.565603419731,3359.4634959148934,2175.6002676798616,2319.3259599451676,36.99161444782557,44.64108240664261,7.649467958817041
2021-01-27 → 2022-01-27,1480.565603419731,3359.4634959148934,2174.609654928918,2317.445612376405,36.93889137251104,44.54100525097207,7.602113878461033
2021-01-28 → 2022-01-28,1480.565603419731,3359.4634959148934,2172.8439759419166,2311.7655330738817,36.844917187215806,44.238696151301944,7.393778964086138
2021-01-29 → 2022-01-29,1480.565603419731,3359.4634959148934,2171.8642207633434,2308.7384256214914,36.792771981109254,44.07758534988579,7.284813368776533
2021-01-30 → 2022-01-30,1480.565603419731,3359.4634959148934,2171.060527000998,2307.87646785993,36.74999723717263,44.03170963918302,7.281712402010392
2021-01-31 → 2022-01-31,1480.565603419731,3359.4634959148934,2170.2100028756768,2304.3326831067825,36.70473005534661,43.84309988197895,7.138369826632342
2021-02-01 → 2022-02-01,1480.565603419731,3359.4634959148934,2169.013939107548,2300.8648926488486,36.641072324242316,43.658534745587815,7.017462421345499
2021-02-02 → 2022-02-02,1480.565603419731,3359.4634959148934,2168.2710313105536,2308.564244628811,36.60153277289353,44.068314968915324,7.466782196021796
2021-02-03 → 2022-02-03,1480.565603419731,3359.4634959148934,2167.9683136260546,2308.223884403671,36.585421323425834,44.05020008217775,7.464778758751919
2021-02-04 → 2022-02-04,1480.565603419731,3359.4634959148934,2167.3485733714924,2288.5861291023084,36.55243708000113,43.0050259202501,6.452588840248971
2021-02-05 → 2022-02-05,1480.565603419731,3359.4634959148934,2166.572187003397,2283.7452962790385,36.511115709042315,42.74738377574584,6.2362680667035235
2021-02-06 → 2022-02-06,1480.565603419731,3359.4634959148934,2165.8409816987037,2277.680333762018,36.472198995813024,42.42459015607946,5.952391160266437
2021-02-07 → 2022-02-07,1480.565603419731,3359.4634959148934,2165.1214347660302,2269.050246210902,36.43390277250321,41.96527368201309,5.5313709095098815
2021-02-08 → 2022-02-08,1480.565603419731,3359.4634959148934,2164.3023268820866,2265.029464620493,36.390307647551744,41.75127687002724,5.360969222475497
2021-02-09 → 2022-02-09,1480.565603419731,3359.4634959148934,2164.531368243054,2262.8429091345474,36.40249784489469,41.63490250531699,5.232404660422297
2021-02-10 → 2022-02-10,1480.565603419731,3359.4634959148934,2164.9262075731644,2265.1450718778583,36.42351225614542,41.7574297992432,5.333917543097776
2021-02-11 → 2022-02-11,1480.565603419731,3359.4634959148934,2165.3155414737307,2270.1931839284084,36.44423365362643,42.026103901796276,5.581870248169842
2021-02-12 → 2022-02-12,1480.565603419731,3359.4634959148934,2166.089215748432,2271.91336477892,36.48541067967938,42.11765655387931,5.632245874199924
2021-02-13 → 2022-02-13,1480.565603419731,3359.4634959148934,2166.8153610871,2272.5566770391206,36.5240580879057,42.15189536285185,5.6278372749461525
2021-02-14 → 2022-02-14,1480.565603419731,3359.4634959148934,2167.4345411780023,2271.076803504875,36.5570125179136,42.07313251255773,5.516119994644129
2021-02-15 → 2022-02-15,1480.565603419731,3359.4634959148934,2167.9773313834744,2263.2980927450053,36.585901272733125,41.65912860149156,5.073227328758435
2021-02-16 → 2022-02-16,1480.565603419731,3359.4634959148934,2168.4985848265756,2264.4097522479724,36.61364378312622,41.718294110559796,5.104650327433575
2021-02-17 → 2022-02-17,1480.565603419731,3359.4634959148934,2169.6665083606745,2280.868101607146,36.67580381527932,42.59425173576725,5.918447920487928
2021-02-18 → 2022-02-18,1480.565603419731,3359.4634959148934,2171.257888887787,2286.8333902476297,36.760501367683254,42.91174044360554,6.151239075922284
2021-02-19 → 2022-02-19,1480.565603419731,3359.4634959148934,2172.7822483788614,2289.383796357709,36.84163188026529,43.04747991727605,6.20584803701076
2021-02-20 → 2022-02-20,1480.565603419731,3359.4634959148934,2174.974784298636,2300.994906495499,36.95832453975107,43.66545443223868,6.707129892487615
2021-02-21 → 2022-02-21,1480.565603419731,3359.4634959148934,2177.4486342163996,2316.0019778815076,37.08998948693338,44.464171139833645,7.374181652900262
2021-02-22 → 2022-02-22,1480.565603419731,3359.4634959148934,2179.8489470963304,2317.0412981372965,37.21774059515051,44.51948655957733,7.3017459644268214
2021-02-23 → 2022-02-23,1480.565603419731,3359.4634959148934,2182.10817337707,2328.1928876921984,37.33798269504129,45.11300415302637,7.775021457985076
2021-02-24 → 2022-02-24,1480.565603419731,3359.4634959148934,2183.6185127840804,2326.195483357352,37.418367021035955,45.006696921386755,7.5883299003508
2021-02-25 → 2022-02-25,1480.565603419731,3359.4634959148934,2185.0543978324417,2323.077652018033,37.49478868578403,44.84075755066457,7.34596886488054
2021-02-26 → 2022-02-26,1480.565603419731,3359.4634959148934,2186.3061473793937,2326.7490033083286,37.56141016382985,45.036156742124625,7.474746578294777
2021-02-27 → 2022-02-27,1480.565603419731,3359.4634959148934,2187.650369887953,2337.4059666414714,37.632953301641024,45.60334899752657,7.970395695885543
2021-02-28 → 2022-02-28,1480.565603419731,3359.4634959148934,2188.0169408121596,2307.754823844176,37.65246319228868,44.02523541744697,6.372772225158293
2021-03-01 → 2022-03-01,1480.565603419731,3359.4634959148934,2188.1562039748283,2299.4080148687754,37.65987515241832,43.58099579118841,5.921120638770084
2021-03-02 → 2022-03-02,1480.565603419731,3359.4634959148934,2188.863291348622,2298.9143354535654,37.69750824448886,43.55472084473273,5.857212600243869
2021-03-03 → 2022-03-03,1480.565603419731,3359.4634959148934,2189.636924087285,2305.41333888993,37.73868305988212,43.90061528967959,6.161932229797472
2021-03-04 → 2022-03-04,1480.565603419731,3359.4634959148934,2191.233558908894,2326.0206800757283,37.823660259972996,44.997393420524794,7.173733160551798
2021-03-05 → 2022-03-05,1480.565603419731,3359.4634959148934,2192.534369691581,2327.420706981189,37.892892908957435,45.07190661845072,7.179013709493283
2021-03-06 → 2022-03-06,1480.565603419731,3359.4634959148934,2194.0509413911022,2336.1790788672497,37.97360893432416,45.53805072990264,7.564441795578482
2021-03-07 → 2022-03-07,1480.565603419731,3359.4634959148934,2195.6340334166325,2340.8486430717994,38.05786535037814,45.78657749781277,7.728712147434635
2021-03-08 → 2022-03-08,1480.565603419731,3359.4634959148934,2197.3411750109085,2339.8317643195905,38.14872401816923,45.732456475256384,7.583732457087152
2021-03-09 → 2022-03-09,1480.565603419731,3359.4634959148934,2198.6027673835492,2321.4555029372937,38.21586935787502,44.754422413070415,6.538553055195393
2021-03-10 → 2022-03-10,1480.565603419731,3359.4634959148934,2200.5315559988535,2336.21884387558,38.318524676346996,45.5401671306123,7.221642454265307
2021-03-11 → 2022-03-11,1480.565603419731,3359.4634959148934,2202.6999007640306,2343.0089715479244,38.43392981751184,45.90155599051075,7.467626172998912
2021-03-12 → 2022-03-12,1480.565603419731,3359.4634959148934,2204.9912371384403,2345.0545824038218,38.55588090296261,46.01042890287433,7.454547999911718
2021-03-13 → 2022-03-13,1480.565603419731,3359.4634959148934,2207.452369421106,2355.6604883625196,38.6868689833951,46.574903747465974,7.8880347640708735
2021-03-14 → 2022-03-14,1480.565603419731,3359.4634959148934,2209.885454628774,2346.570769584263,38.816364323050664,46.091124463101266,7.274760140050603
2021-03-15 → 2022-03-15,1480.565603419731,3359.4634959148934,2212.2667758761195,2349.9967433228485,38.943104645494856,46.27346400120336,7.330359355708502
2021-03-16 → 2022-03-16,1480.565603419731,3359.4634959148934,2214.045805971905,2340.2758803801453,39.03778941271352,45.756093526653835,6.718304113940313
2021-03-17 → 2022-03-17,1480.565603419731,3359.4634959148934,2215.8794843832065,2341.2595665117,39.135382710285775,45.80844794865217,6.673065238366398
2021-03-18 → 2022-03-18,1480.565603419731,3359.4634959148934,2217.7559368885973,2336.7098043996575,39.23525256020608,45.56629737036819,6.331044810162112
2021-03-19 → 2022-03-19,1480.565603419731,3359.4634959148934,2219.498819632812,2334.5749803738545,39.32801346813919,45.452676293122316,6.124662824983126
2021-03-20 → 2022-03-20,1480.565603419731,3359.4634959148934,2221.418115247808,2340.4117605014017,39.43016354359899,45.763325432219276,6.333161888620289
2021-03-21 → 2022-03-21,1480.565603419731,3359.4634959148934,2223.380948706335,2343.2442584902665,39.53463082020656,45.91407859449481,6.379447774288252
2021-03-22 → 2022-03-22,1480.565603419731,3359.4634959148934,2225.0714417741046,2336.352204294456,39.6246034086331,45.547264930839155,5.922661522206056
2021-03-23 → 2022-03-23,1480.565603419731,3359.4634959148934,2226.4474108081617,2334.1753382043607,39.697836181928196,45.431406261840145,5.733570079911949
2021-03-24 → 2022-03-24,1480.565603419731,3359.4634959148934,2227.6531952331748,2326.791239432292,39.76201127254004,45.03840466225547,5.27639338971543
2021-03-25 → 2022-03-25,1480.565603419731,3359.4634959148934,2228.6194129177347,2323.6181944322234,39.81343597679988,44.86952667198561,5.0560906951857305
2021-03-26 → 2022-03-26,1480.565603419731,3359.4634959148934,2229.4560598401076,2321.624033789731,39.85796457655587,44.76339207837851,4.905427501822636
2021-03-27 → 2022-03-27,1480.565603419731,3359.4634959148934,2230.312809270084,2308.8029894773517,39.903563085841476,44.0810216119689,4.177458526127424
2021-03-28 → 2022-03-28,1480.565603419731,3359.4634959148934,2231.22128184137,2304.4317371390084,39.95191443984079,43.84837180402547,3.896457364184677
2021-03-29 → 2022-03-29,1480.565603419731,3359.4634959148934,2232.0736338519137,2301.40857512654,39.997278906635295,43.68747098953503,3.6901920828997348
2021-03-30 → 2022-03-30,1480.565603419731,3359.4634959148934,2233.1258579003256,2301.765564258022,40.05328110093308,43.70647091139922,3.653189810466145
2021-03-31 → 2022-03-31,1480.565603419731,3359.4634959148934,2234.46677389421,2309.367214330786,40.12464825713886,44.11105117641132,3.9864029192724644
2021-04-01 → 2022-04-01,1480.565603419731,3359.4634959148934,2235.7269935359536,2306.3862025245708,40.19172053641372,43.95239370928008,3.760673172866362
2021-04-02 → 2022-04-02,1480.565603419731,3359.4634959148934,2237.029249212001,2307.969642579745,40.26103008650949,44.03666864840791,3.7756385618984183
2021-04-03 → 2022-04-03,1480.565603419731,3359.4634959148934,2238.284115445212,2305.6540434247268,40.32781744298178,43.91342623250721,3.5856087895254305
2021-04-04 → 2022-04-04,1480.565603419731,3359.4634959148934,2239.3696020707293,2304.0106680677854,40.38558996110812,43.82596137539574,3.4403714142876254
2021-04-05 → 2022-04-05,1480.565603419731,3359.4634959148934,2240.6547638757925,2308.537362005688,40.45398972940827,44.06688420339951,3.61289447399124
2021-04-06 → 2022-04-06,1480.565603419731,3359.4634959148934,2242.3139097903895,2322.4337269936414,40.542293938020364,44.80648612873347,4.2641921907131035
2021-04-07 → 2022-04-07,1480.565603419731,3359.4634959148934,2243.8810269106843,2323.3770785281968,40.625700126645846,44.85669383498102,4.230993708335177
2021-04-08 → 2022-04-08,1480.565603419731,3359.4634959148934,2245.4962831149273,2332.915068109433,40.7116684068113,45.36433129731112,4.652662890499819
2021-04-09 → 2022-04-09,1480.565603419731,3359.4634959148934,2247.184083504059,2332.912917261361,40.80149768363752,45.36421682339104,4.5627191397535185
2021-04-10 → 2022-04-10,1480.565603419731,3359.4634959148934,2248.9421527783097,2337.198524446645,40.89506685955033,45.59230836590656,4.697241506356228
2021-04-11 → 2022-04-11,1480.565603419731,3359.4634959148934,2251.271182601332,2356.9673283736643,41.01902409173017,46.644457288207306,5.62543319647714
2021-04-12 → 2022-04-12,1480.565603419731,3359.4634959148934,2253.5265371105493,2358.1666919252275,41.1390601255256,46.70829064266227,5.569230517136667
2021-04-13 → 2022-04-13,1480.565603419731,3359.4634959148934,2255.6049177001914,2354.4880655710103,41.24967713126838,46.51250425273067,5.262827121462294
2021-04-14 → 2022-04-14,1480.565603419731,3359.4634959148934,2258.1433805871006,2364.5593452958965,41.38478095447498,47.04852485103533,5.663743896560355
2021-04-15 → 2022-04-15,1480.565603419731,3359.4634959148934,2260.5392114389642,2363.779722178867,41.51229351710189,47.0070312115915,5.494737694489615
2021-04-16 → 2022-04-16,1480.565603419731,3359.4634959148934,2262.9745276327126,2366.6296047326227,41.64190759583792,47.15870962717433,5.516802031336411
2021-04-17 → 2022-04-17,1480.565603419731,3359.4634959148934,2265.4183797043643,2373.941297501643,41.771975976957144,47.54785758450747,5.775881607550325
2021-04-18 → 2022-04-18,1480.565603419731,3359.4634959148934,2267.579434122831,2369.2217233351457,41.88699310625931,47.29666915189766,5.409676045638349
2021-04-19 → 2022-04-19,1480.565603419731,3359.4634959148934,2269.3194911938417,2365.9295622395084,41.979603624263554,47.12145148260402,5.141847858340469
2021-04-20 → 2022-04-20,1480.565603419731,3359.4634959148934,2271.0231484337705,2367.073039440166,42.070276845343514,47.18231041513171,5.112033569788196
2021-04-21 → 2022-04-21,1480.565603419731,3359.4634959148934,2272.938490531537,2374.5744114306613,42.172216503981524,47.58155361086138,5.409337106879853
2021-04-22 → 2022-04-22,1480.565603419731,3359.4634959148934,2274.756843334882,2381.847329602513,42.26899413147305,47.96863787983107,5.699643748358021
2021-04-23 → 2022-04-23,1480.565603419731,3359.4634959148934,2276.393245861859,2385.5976407792514,42.356087875817195,48.1682395288466,5.812151653029403
2021-04-24 → 2022-04-24,1480.565603419731,3359.4634959148934,2277.9461966296926,2388.5236045169677,42.43874009305775,48.323967189695196,5.885227096637443
2021-04-25 → 2022-04-25,1480.565603419731,3359.4634959148934,2279.2627892497667,2383.8558283329703,42.508812693880444,48.07553558504857,5.566722891168126
2021-04-26 → 2022-04-26,1480.565603419731,3359.4634959148934,2280.8571017422564,2402.3891712220957,42.59366629336863,49.061929947571016,6.468263654202389
2021-04-27 → 2022-04-27,1480.565603419731,3359.4634959148934,2282.7587902185787,2397.921864597107,42.69487926954568,48.824167872110046,6.129288602564365
2021-04-28 → 2022-04-28,1480.565603419731,3359.4634959148934,2284.6674291596564,2396.029312898971,42.7964621681535,48.72344117984566,5.926979011692161
2021-04-29 → 2022-04-29,1480.565603419731,3359.4634959148934,2286.7570407328794,2405.748376370523,42.90767691705334,49.24071588170001,6.333038964646676
2021-04-30 → 2022-04-30,1480.565603419731,3359.4634959148934,2288.901058219958,2415.6183615913087,43.02178729503835,49.76602304502214,6.744235749983787
2021-05-01 → 2022-05-01,1480.565603419731,3359.4634959148934,2291.273457022042,2413.763720846851,43.148052740944685,49.66731407569146,6.519261334746773
2021-05-02 → 2022-05-02,1480.565603419731,3359.4634959148934,2293.6361641979406,2415.3618076933826,43.27380237243537,49.75236855645462,6.47856618401925
2021-05-03 → 2022-05-03,1480.565603419731,3359.4634959148934,2296.053021341346,2424.122801803934,43.402434010858016,50.21865222974764,6.816218218889624
2021-05-04 → 2022-05-04,1480.565603419731,3359.4634959148934,2298.1722815893636,2413.428754814955,43.51522674198421,49.64948628242851,6.1342595404443045
2021-05-05 → 2022-05-05,1480.565603419731,3359.4634959148934,2300.571768874931,2436.7767048112646,43.642933909848495,50.89212698629899,7.249193076450496
2021-05-06 → 2022-05-06,1480.565603419731,3359.4634959148934,2303.387457997773,2445.5467794510505,43.7927924590591,51.35889394978413,7.566101490725032
2021-05-07 → 2022-05-07,1480.565603419731,3359.4634959148934,2306.2485380548546,2454.7436575620254,43.94506683588978,51.84837654209049,7.903309706200709
2021-05-08 → 2022-05-08,1480.565603419731,3359.4634959148934,2309.5057478589156,2472.4089336432316,44.11842430342813,52.788570054029925,8.670145750601797
2021-05-09 → 2022-05-09,1480.565603419731,3359.4634959148934,2313.8245685496254,2516.00709844557,44.348283558045445,55.10898166215837,10.760698104112926
2021-05-10 → 2022-05-10,1480.565603419731,3359.4634959148934,2317.953432907043,2523.3478409241775,44.56803282562988,55.49967572317831,10.931642897548436
2021-05-11 → 2022-05-11,1480.565603419731,3472.6373926933848,2322.554040326462,2557.555946377664,42.266972578018176,54.0638318737812,11.79685929576302
2021-05-12 → 2022-05-12,1480.565603419731,3472.6373926933848,2327.139345586297,2568.3499522127113,42.49715028971133,54.60568010902893,12.108529819317603
2021-05-13 → 2022-05-13,1480.565603419731,3472.6373926933848,2331.1086371235506,2575.957458548356,42.69640473217802,54.98756927470095,12.291164542522935
2021-05-14 → 2022-05-14,1480.565603419731,3472.6373926933848,2334.6659984590647,2576.0668031689083,42.874980692877266,54.993058264663105,12.11807757178584
2021-05-15 → 2022-05-15,1480.565603419731,3472.6373926933848,2337.9632944249124,2570.759219676815,43.04050163361856,54.726622912249,11.686121278630438
2021-05-16 → 2022-05-16,1480.565603419731,3472.6373926933848,2341.2970468639155,2586.341201731486,43.20785265264075,55.508822737504914,12.300970084864161
2021-05-17 → 2022-05-17,1480.565603419731,3472.6373926933848,2344.3366532203736,2587.9347410544706,43.36043783420022,55.58881680858032,12.2283789743801
2021-05-18 → 2022-05-18,1480.565603419731,3475.6954462236067,2347.5509781501282,2607.724593373302,43.45508528467354,56.49552053060902,13.040435245935484
2021-05-19 → 2022-05-19,1480.565603419731,3475.6954462236067,2350.195564479425,2603.608848444119,43.58763737589884,56.28923095281397,12.701593576915137
2021-05-20 → 2022-05-20,1480.565603419731,3475.6954462236067,2352.286400469736,2615.6596898847924,43.692434364318025,56.893243843711225,13.2008094793932
2021-05-21 → 2022-05-21,1480.565603419731,3475.6954462236067,2354.876627011364,2620.5803657733977,43.82226183148617,57.13987821221378,13.317616380727607
2021-05-22 → 2022-05-22,1480.565603419731,3475.6954462236067,2356.5346421938825,2618.2981074618765,43.90536495324533,57.02548674442269,13.120121791177361
2021-05-23 → 2022-05-23,1480.565603419731,3475.6954462236067,2358.669361519723,2630.8161061952273,44.01236146445188,57.65291451703115,13.640553052579271
2021-05-24 → 2022-05-24,1480.565603419731,3475.6954462236067,2360.0292120773206,2631.921709817413,44.08051996363438,57.70832963831629,13.627809674681913
2021-05-25 → 2022-05-25,1480.565603419731,3475.6954462236067,2362.1940797204957,2636.499927395502,44.18902757034396,57.93779929386786,13.748771723523902
2021-05-26 → 2022-05-26,1480.565603419731,3475.6954462236067,2364.3693828577757,2642.5465872456434,44.29805822542268,58.2408702880666,13.942812062643924
2021-05-27 → 2022-05-27,1480.565603419731,3495.0320012240645,2366.9477352660238,2652.9090631373238,44.00083976642175,58.196228092729065,14.195388326307317
2021-05-28 → 2022-05-28,1480.565603419731,3495.0320012240645,2369.259760762971,2655.8596421486905,44.115610878983716,58.34269760021664,14.227086721232922
2021-05-29 → 2022-05-29,1480.565603419731,3495.0320012240645,2370.868060180066,2657.2431587556157,44.19544836939052,58.41137666125401,14.215928291863491
2021-05-30 → 2022-05-30,1480.565603419731,3495.0320012240645,2371.5993307370372,2645.148791970559,44.23174932520532,57.811000958872526,13.579251633667205
2021-05-31 → 2022-05-31,1480.565603419731,3495.0320012240645,2372.5192013898536,2642.2190865058446,44.27741256653906,57.665567633804024,13.388155067264961
2021-06-01 → 2022-06-01,1480.565603419731,3495.0320012240645,2374.3573306479634,2653.2145514849626,44.36865902565663,58.21139282061789,13.842733794961255
2021-06-02 → 2022-06-02,1480.565603419731,3495.0320012240645,2375.8616028892507,2653.1529892569743,44.443332509559205,58.20833681392274,13.765004304363536
2021-06-03 → 2022-06-03,1480.565603419731,3495.0320012240645,2377.8136630420436,2659.438474969251,44.540234605068,58.52035421560924,13.980119610541237
2021-06-04 → 2022-06-04,1480.565603419731,3495.0320012240645,2380.007497817629,2663.5409663531677,44.64913861945,58.724005732873984,14.074867113423984
2021-06-05 → 2022-06-05,1480.565603419731,3495.0320012240645,2381.7331361942156,2666.2877113521286,44.73480092577924,58.86035672894692,14.125555803167678
2021-06-06 → 2022-06-06,1480.565603419731,3495.0320012240645,2382.736848874934,2662.966857443428,44.784626163957064,58.695506428523935,13.91088026456687
2021-06-07 → 2022-06-07,1480.565603419731,3495.0320012240645,2383.8521232831226,2662.735213615989,44.83998943084523,58.68400741182692,13.84401798098169
2021-06-08 → 2022-06-08,1480.565603419731,3495.0320012240645,2384.78920726331,2665.15932640508,44.88650715788245,58.80434264262219,13.91783548473974
2021-06-09 → 2022-06-09,1480.565603419731,3495.0320012240645,2385.7151199700993,2666.84573848589,44.932470332438186,58.88805771886511,13.955587386426927
2021-06-10 → 2022-06-10,1480.565603419731,3495.0320012240645,2387.803086859591,2673.5140452797214,45.03611896573222,59.219078717830385,14.182959752098164
2021-06-11 → 2022-06-11,1480.565603419731,3525.994877822249,2390.0176286016895,2681.2517485471953,44.46264833320208,58.700936774173826,14.238288440971743
2021-06-12 → 2022-06-12,1480.565603419731,3727.131632396633,2392.8534309044817,2694.9318799112743,40.608102130886905,54.05433273842266,13.446230607535753
2021-06-13 → 2022-06-13,1480.565603419731,4481.038187568874,2397.4367553375055,2734.02112121581,30.55755805806757,41.775269816422174,11.217711758354604
2021-06-14 → 2022-06-14,1480.565603419731,4530.449222223425,2402.7958642792883,2757.9635008379782,30.238211555800248,41.883496456802575,11.645284901002327
2021-06-15 → 2022-06-15,1480.565603419731,4530.449222223425,2408.174267139372,2774.3417284176535,30.414559362218956,42.42050801615183,12.005948653932872
2021-06-16 → 2022-06-16,1480.565603419731,4923.640009381437,2414.8394448527256,2813.5126028736213,27.134872247178084,38.71385983253466,11.578987585356575
2021-06-17 → 2022-06-17,1480.565603419731,4923.640009381437,2421.0500766249024,2835.712834672304,27.31525265840077,39.358639154185184,12.043386495784414
2021-06-18 → 2022-06-18,1480.565603419731,5259.319351816173,2428.2332210349323,2873.897836696493,25.078840292711718,36.872797913016655,11.793957620304937
2021-06-19 → 2022-06-19,1480.565603419731,5259.319351816173,2433.9159667431763,2882.731159991467,25.22922706270581,37.10656078519964,11.87733372249383
2021-06-20 → 2022-06-20,1480.565603419731,5259.319351816173,2439.5132262655557,2898.26756423207,25.3773515475245,37.51771232549772,12.140360777973218
2021-06-21 → 2022-06-21,1480.565603419731,5259.319351816173,2445.0449694515823,2912.7366109635595,25.52374222430184,37.90061758196302,12.376875357661177
2021-06-22 → 2022-06-22,1480.565603419731,5259.319351816173,2450.0890727210203,2933.619424490512,25.657228119527975,38.45325516878153,12.796027049253556
2021-06-23 → 2022-06-23,1480.565603419731,5259.319351816173,2454.6055996345067,2941.047623236431,25.776752365197673,38.64983317413769,12.873080808940017
2021-06-24 → 2022-06-24,1480.565603419731,5259.319351816173,2459.304447028843,2950.4906206574333,25.901101494757388,38.89973031085929,12.998628816101903
2021-06-25 → 2022-06-25,1480.565603419731,5259.319351816173,2464.148068849873,2959.7589018753624,26.02928189876191,39.14500380140792,13.115721902646008
2021-06-26 → 2022-06-26,1480.565603419731,5259.319351816173,2468.4940500143134,2971.5074827242283,26.144292864117467,39.45591532491885,13.311622460801381
2021-06-27 → 2022-06-27,1480.565603419731,5259.319351816173,2473.093285350499,2984.3138707661383,26.26600588492856,39.794820395071795,13.528814510143235
2021-06-28 → 2022-06-28,1480.565603419731,5259.319351816173,2478.658980526091,2999.4917143010243,26.413295058719093,40.19648307397293,13.783188015253835
2021-06-29 → 2022-06-29,1480.565603419731,5259.319351816173,2484.3170521841093,3014.225915560511,26.56302886078067,40.58640531396381,14.02337645318314
2021-06-30 → 2022-06-30,1480.565603419731,5259.319351816173,2490.8460947635926,3032.3932004780177,26.73581182083077,41.067179826598185,14.331368005767416
2021-07-01 → 2022-07-01,1480.565603419731,5259.319351816173,2497.1803135943724,3048.7360817710896,26.90343901361801,41.49967377516542,14.59623476154741
2021-07-02 → 2022-07-02,1480.565603419731,5259.319351816173,2503.2324740655713,3064.5506927244664,27.063601884082043,41.918187708762915,14.854585824680871
2021-07-03 → 2022-07-03,1480.565603419731,5259.319351816173,2509.318775648977,3079.3006573391062,27.224668256453842,42.30852710626664,15.083858849812795
2021-07-04 → 2022-07-04,1480.565603419731,5259.319351816173,2514.9277947050523,3087.876945318807,27.373103942649475,42.53548785975157,15.162383917102094
2021-07-05 → 2022-07-05,1480.565603419731,5259.319351816173,2520.730312401819,3098.8120315820474,27.526660328778874,42.824871264740075,15.298210935961201
2021-07-06 → 2022-07-06,1480.565603419731,5259.319351816173,2525.9619614005087,3107.086618479399,27.66510938757001,43.04384787576859,15.378738488198582
2021-07-07 → 2022-07-07,1480.565603419731,5259.319351816173,2530.574378088053,3110.101342789611,27.78717123638727,43.12362879061363,15.33645755422636
2021-07-08 → 2022-07-08,1480.565603419731,5259.319351816173,2535.047473650882,3114.863415171618,27.9055461255879,43.249651090532694,15.344104964944794
2021-07-09 → 2022-07-09,1480.565603419731,5259.319351816173,2539.3804362057313,3121.355200371389,28.020212569694987,43.421448080546284,15.401235510851297
2021-07-10 → 2022-07-10,1480.565603419731,5259.319351816173,2544.4403172930483,3132.6959193135067,28.154116005171943,43.721566047929855,15.567450042757912
2021-07-11 → 2022-07-11,1480.565603419731,5259.319351816173,2549.992111502895,3147.5396865414205,28.301037307260035,44.114387814476906,15.813350507216871
2021-07-12 → 2022-07-12,1480.565603419731,5259.319351816173,2556.1447578022326,3164.27100690081,28.463859409704483,44.557161317949834,16.09330190824535
2021-07-13 → 2022-07-13,1480.565603419731,5259.319351816173,2561.45481985734,3171.8372394174344,28.604383572131344,44.75739221470608,16.153008642574736
2021-07-14 → 2022-07-14,1480.565603419731,5259.319351816173,2566.378190443007,3178.777190814057,28.734674427621886,44.94104936356283,16.206374935940946
2021-07-15 → 2022-07-15,1480.565603419731,5259.319351816173,2571.163521501242,3185.174884866624,28.861312239367777,45.110356348842885,16.249044109475108
2021-07-16 → 2022-07-16,1480.565603419731,5259.319351816173,2575.4366059713334,3189.7239230393684,28.974394084722338,45.230740964397015,16.256346879674677
2021-07-17 → 2022-07-17,1480.565603419731,5259.319351816173,2579.868798612158,3197.89651717538,29.091686529161343,45.447018464339415,16.35533193517807
2021-07-18 → 2022-07-18,1480.565603419731,5259.319351816173,2583.4572678212066,3195.690170403044,29.186650886406674,45.388630251736984,16.20197936533031
2021-07-19 → 2022-07-19,1480.565603419731,5259.319351816173,2586.530935261561,3192.173467042313,29.26799165759767,45.29556508806435,16.02757343046668
2021-07-20 → 2022-07-20,1480.565603419731,5259.319351816173,2589.419956750223,3192.5195704669172,29.344446004216255,45.30472428307014,15.960278278853888
2021-07-21 → 2022-07-21,1480.565603419731,5259.319351816173,2592.0422010539096,3193.6896264939433,29.413840425718305,45.33568835495555,15.921847929237245
2021-07-22 → 2022-07-22,1480.565603419731,5259.319351816173,2595.568834376187,3197.992427424808,29.50716837342525,45.44955660934208,15.94238823591683
2021-07-23 → 2022-07-23,1480.565603419731,5259.319351816173,2599.26339237867,3202.5144812228723,29.60494023813198,45.569227117111566,15.964286878979586
2021-07-24 → 2022-07-24,1480.565603419731,5259.319351816173,2603.1538022003547,3206.86554538772,29.707895076703718,45.684372597726544,15.976477521022826
2021-07-25 → 2022-07-25,1480.565603419731,5259.319351816173,2607.859171863208,3214.3117177401855,29.832416809956374,45.88142625213907,16.049009442182697
2021-07-26 → 2022-07-26,1480.565603419731,5259.319351816173,2612.97851611324,3223.126111824326,29.96789386379204,46.11468818639137,16.14679432259933
2021-07-27 → 2022-07-27,1480.565603419731,5259.319351816173,2617.613804215415,3228.786805619492,30.090560976041463,46.26449138003869,16.17393040399723
2021-07-28 → 2022-07-28,1480.565603419731,5259.319351816173,2622.092150876846,3232.421328203821,30.20907482901036,46.36067448236102,16.15159965335066
2021-07-29 → 2022-07-29,1480.565603419731,5259.319351816173,2626.658899824396,3235.782375725563,30.329928138106986,46.44962040859843,16.11969227049144
2021-07-30 → 2022-07-30,1480.565603419731,5259.319351816173,2631.40878603419,3239.749639321601,30.45562794619344,46.554609086352876,16.098981140159434
2021-07-31 → 2022-07-31,1480.565603419731,5259.319351816173,2636.56886106647,3245.199482990668,30.592182889327002,46.69883239466927,16.106649505342265
2021-08-01 → 2022-08-01,1480.565603419731,5259.319351816173,2641.741905710449,3252.4094152057405,30.729081057041004,46.88963424880258,16.160553191761576
2021-08-02 → 2022-08-02,1480.565603419731,5259.319351816173,2646.769098162676,3259.545079367483,30.862119428603595,47.078470691631665,16.21635126302807
2021-08-03 → 2022-08-03,1480.565603419731,5259.319351816173,2651.7959625997205,3266.9480932100564,30.995149119653924,47.274382209965324,16.2792330903114
2021-08-04 → 2022-08-04,1480.565603419731,5259.319351816173,2656.7345161346625,3274.3112489085233,31.125841772940415,47.469238932279964,16.34339715933955
2021-08-05 → 2022-08-05,1480.565603419731,5259.319351816173,2661.617179189321,3282.4505185720036,31.255055354448093,47.68463454166399,16.429579187215896
2021-08-06 → 2022-08-06,1480.565603419731,5259.319351816173,2666.824911133864,3290.3268658813063,31.3928714782628,47.8930722392156,16.500200760952797
2021-08-07 → 2022-08-07,1480.565603419731,5259.319351816173,2672.24020287363,3298.835182318729,31.536180412909943,48.118234210699804,16.58205379778986
2021-08-08 → 2022-08-08,1480.565603419731,5259.319351816173,2677.576493950902,3307.901375822423,31.67739869366022,48.35815970220718,16.680761008546963
2021-08-09 → 2022-08-09,1480.565603419731,5259.319351816173,2683.146806227432,3316.691114875085,31.82481005326241,48.59076917183437,16.765959118571956
2021-08-10 → 2022-08-10,1480.565603419731,5259.319351816173,2688.662206220768,3326.2026285929683,31.97076822785043,48.842479506807095,16.871711278956663
2021-08-11 → 2022-08-11,1480.565603419731,5259.319351816173,2694.0713215267606,3335.4436837375633,32.11391371088933,49.08703249331797,16.973118782428642
2021-08-12 → 2022-08-12,1480.565603419731,5259.319351816173,2699.288979484416,3344.5964859500773,32.25199251424796,49.329249976169244,17.077257461921285
2021-08-13 → 2022-08-13,1480.565603419731,5259.319351816173,2704.3217669069413,3353.2677512984724,32.385178949713925,49.55872418713297,17.17354523741904
2021-08-14 → 2022-08-14,1480.565603419731,5259.319351816173,2709.8331186765695,3362.7400929447404,32.531029993115915,49.809397882138576,17.27836788902266
2021-08-15 → 2022-08-15,1480.565603419731,5259.319351816173,2715.379813815787,3370.6288605858663,32.67781635466624,50.01816426826452,17.34034791359828
2021-08-16 → 2022-08-16,1480.565603419731,5259.319351816173,2721.022622752905,3376.029437286254,32.82714624787541,50.161083787766934,17.333937539891522
2021-08-17 → 2022-08-17,1480.565603419731,5259.319351816173,2726.7890846845276,3381.2855102714875,32.97974846319758,50.300179196867454,17.320430733669873
2021-08-18 → 2022-08-18,1480.565603419731,5259.319351816173,2732.4447785037128,3386.341987407038,33.12941933872328,50.433992551010896,17.304573212287615
2021-08-19 → 2022-08-19,1480.565603419731,5259.319351816173,2739.4356591464475,3393.728511725559,33.31442426649084,50.62946769467847,17.31504342818763
2021-08-20 → 2022-08-20,1480.565603419731,5259.319351816173,2746.498810466685,3403.096991893312,33.50134174750517,50.87739282533108,17.376051077825906
2021-08-21 → 2022-08-21,1480.565603419731,5259.319351816173,2753.626340912335,3413.3119789733328,33.689962941693196,51.14771970451329,17.457756762820097
2021-08-22 → 2022-08-22,1480.565603419731,5259.319351816173,2760.885088793162,3423.8533178345374,33.88205664147206,51.426683076119026,17.544626434646965
2021-08-23 → 2022-08-23,1480.565603419731,5259.319351816173,2768.037854714267,3434.780090937298,34.07134566101032,51.715846483694804,17.644500822684485
2021-08-24 → 2022-08-24,1480.565603419731,5259.319351816173,2775.280888973412,3446.057662903523,34.26302351941056,52.014293345203335,17.751269825792775
2021-08-25 → 2022-08-25,1480.565603419731,5259.319351816173,2782.236302634547,3456.4534910393418,34.44708985779227,52.28940595713869,17.84231609934642
2021-08-26 → 2022-08-26,1480.565603419731,5259.319351816173,2790.155666075568,3467.3914646467815,34.65666592356215,52.578865772086445,17.922199848524293
2021-08-27 → 2022-08-27,1480.565603419731,5259.319351816173,2797.9970564133155,3478.2176239866785,34.86417852850696,52.86536656204904,18.00118803354208
2021-08-28 → 2022-08-28,1480.565603419731,5259.319351816173,2806.314459818093,3488.954605163189,35.084288224946086,53.14950736326074,18.065219138314653
2021-08-29 → 2022-08-29,1480.565603419731,5259.319351816173,2814.2002137111604,3499.8737223767507,35.29297485599247,53.4384681672876,18.145493311295134
2021-08-30 → 2022-08-30,1480.565603419731,5259.319351816173,2822.3997996965504,3511.1332060495365,35.50996666152808,53.73643634469434,18.226469683166258
2021-08-31 → 2022-08-31,1480.565603419731,5259.319351816173,2830.2464073142864,3518.358855950528,35.71761733527378,53.92765414776123,18.210036812487452
2021-09-01 → 2022-09-01,1480.565603419731,5259.319351816173,2838.049664254949,3529.589065343461,35.924120787476085,54.22484761790197,18.300726830425887
2021-09-02 → 2022-09-02,1480.565603419731,5259.319351816173,2846.134219133463,3541.408301112014,36.13806843838995,54.53762893564645,18.399560497256502
2021-09-03 → 2022-09-03,1480.565603419731,5259.319351816173,2854.396483938374,3552.288487005325,36.356718960626736,54.82555947089046,18.468840510263725
2021-09-04 → 2022-09-04,1480.565603419731,5259.319351816173,2862.6039865563102,3563.259675884428,36.5739202699584,55.11589828653196,18.54197801657356
2021-09-05 → 2022-09-05,1480.565603419731,5259.319351816173,2870.9314319646837,3574.5520744650416,36.79429571548478,55.414737515878564,18.620441800393785
2021-09-06 → 2022-09-06,1480.565603419731,5306.123380555857,2880.1491047717477,3584.414338744861,36.585083349591116,54.994561783879405,18.40947843428829
2021-09-07 → 2022-09-07,1480.565603419731,5306.123380555857,2889.1206272503023,3593.6466566491845,36.81959875887794,55.235894380122005,18.416295621244068
2021-09-08 → 2022-09-08,1480.565603419731,5306.123380555857,2897.4319569221825,3602.5714998121,37.03685674205502,55.46918959307776,18.432332851022736
2021-09-09 → 2022-09-09,1480.565603419731,5306.123380555857,2904.305880757431,3609.1474184321078,37.21654096683217,55.641083967783324,18.424543000951154
2021-09-10 → 2022-09-10,1480.565603419731,5306.123380555857,2911.005765061605,3616.2949307271115,37.39167580191991,55.827919789156134,18.436243987236224
2021-09-11 → 2022-09-11,1480.565603419731,5306.123380555857,2917.474267277882,3623.467114131732,37.560762314086496,56.015400512816505,18.45463819873001
2021-09-12 → 2022-09-12,1480.565603419731,5306.123380555857,2923.63236847772,3629.9839359849184,37.721734950198346,56.18575009927772,18.464015149079373
2021-09-13 → 2022-09-13,1480.565603419731,5306.123380555857,2931.265336493489,3640.2249240708506,37.92126057392277,56.45344931289667,18.5321887389739
2021-09-14 → 2022-09-14,1480.565603419731,5306.123380555857,2938.687514085157,3648.702192356852,38.11527614038546,56.67504492796402,18.559768787578555
2021-09-15 → 2022-09-15,1480.565603419731,5306.123380555857,2946.7484775632415,3658.6367350826945,38.325989556511644,56.93473366630219,18.60874410979055
2021-09-16 → 2022-09-16,1480.565603419731,5306.123380555857,2954.9160984977952,3667.883458533486,38.53949099631131,57.17644282322711,18.636951826915805
2021-09-17 → 2022-09-17,1480.565603419731,5306.123380555857,2962.7790446396602,3676.014735197719,38.74502824342489,57.38899422456342,18.64396598113853
2021-09-18 → 2022-09-18,1480.565603419731,5306.123380555857,2971.0561580804847,3687.087336962273,38.96139181504034,57.67843180228688,18.717039987246537
2021-09-19 → 2022-09-19,1480.565603419731,5306.123380555857,2979.3580357106707,3696.2750480251434,39.17840272204594,57.91859837663015,18.740195654584213
2021-09-20 → 2022-09-20,1480.565603419731,5306.123380555857,2988.048673960986,3708.588706726276,39.40557582350203,58.240477156627314,18.83490133312528
2021-09-21 → 2022-09-21,1480.565603419731,5403.430744100575,2996.436675398569,3720.17877527994,38.641936890946674,57.091260890796434,18.44932399984976
2021-09-22 → 2022-09-22,1480.565603419731,5403.430744100575,3003.7679785189416,3725.4452432229405,38.82882333382602,57.225511438652035,18.396688104826012
2021-09-23 → 2022-09-23,1480.565603419731,5403.430744100575,3011.635154915644,3734.7652042814534,39.02937002902384,57.46309189896057,18.433721869936733
2021-09-24 → 2022-09-24,1480.565603419731,5403.430744100575,3019.98211614319,3746.2569227294107,39.242147193881905,57.75603386958266,18.513886675700753
2021-09-25 → 2022-09-25,1480.565603419731,5403.430744100575,3028.1373564426826,3756.7323321446534,39.45003709085851,58.0230685251106,18.573031434252094
2021-09-26 → 2022-09-26,1480.565603419731,5403.430744100575,3035.9735273931715,3764.086146253516,39.64979340848529,58.21052880847854,18.560735399993256
2021-09-27 → 2022-09-27,1480.565603419731,5403.430744100575,3043.938700389596,3773.2221754774328,39.852838191081155,58.443420557143945,18.59058236606279
2021-09-28 → 2022-09-28,1480.565603419731,5403.430744100575,3051.5533567820407,3779.8032917608402,40.04694775435621,58.611183558098524,18.564235803742314
2021-09-29 → 2022-09-29,1480.565603419731,5403.430744100575,3058.907718488234,3787.2305425115737,40.23442199684105,58.80051585692551,18.566093860084457
2021-09-30 → 2022-09-30,1480.565603419731,5403.430744100575,3066.374902221197,3795.654428284389,40.424772250168054,59.01525394938395,18.590481699215893
2021-10-01 → 2022-10-01,1480.565603419731,5403.430744100575,3074.28227199106,3804.6715331636856,40.62634353764012,59.24511412953105,18.618770591890936
2021-10-02 → 2022-10-02,1480.565603419731,5403.430744100575,3082.968002455081,3815.1673837790568,40.84775646295199,59.5126698633881,18.664913400436106
2021-10-03 → 2022-10-03,1480.565603419731,5403.430744100575,3091.167378646218,3821.944860912926,41.056771453197456,59.685438411141256,18.6286669579438
2021-10-04 → 2022-10-04,1480.565603419731,5403.430744100575,3098.932001279099,3826.6472181339022,41.25470389171951,59.805308889792485,18.550604998072977
2021-10-05 → 2022-10-05,1480.565603419731,5403.430744100575,3106.944713525871,3834.58564745532,41.458960524548374,60.00767193406579,18.548711409517416
2021-10-06 → 2022-10-06,1480.565603419731,5403.430744100575,3115.340430305376,3843.4877148312175,41.67298054507979,60.23459962738824,18.561619082308454
2021-10-07 → 2022-10-07,1480.565603419731,5403.430744100575,3124.393769788309,3854.488394445958,41.90376440224195,60.51502424613593,18.611259843893983
2021-10-08 → 2022-10-08,1480.565603419731,5403.430744100575,3133.3877219933515,3864.605436269,42.13303438432147,60.77292354830991,18.639889163988443
2021-10-09 → 2022-10-09,1480.565603419731,5403.430744100575,3142.3849315840935,3874.9601745043537,42.36238740228375,61.03688210574215,18.6744947034584
2021-10-10 → 2022-10-10,1480.565603419731,5403.430744100575,3151.6825015367713,3887.4764378427017,42.599397078101056,61.355941336419036,18.75654425831798
2021-10-11 → 2022-10-11,1480.565603419731,5403.430744100575,3161.0382066999264,3899.3616941226855,42.83788871183413,61.65891520510321,18.82102649326908
2021-10-12 → 2022-10-12,1480.565603419731,5403.430744100575,3170.531425275338,3909.183334592869,43.079885778645455,61.90928426236015,18.829398483714698
2021-10-13 → 2022-10-13,1480.565603419731,5403.430744100575,3179.762008573836,3917.5075583056964,43.31518785933069,62.12148181221991,18.80629395288922
2021-10-14 → 2022-10-14,1480.565603419731,5403.430744100575,3189.2447364648883,3929.2773926367377,43.556917502104156,62.421513393958115,18.86459589185396
2021-10-15 → 2022-10-15,1480.565603419731,5403.430744100575,3198.8109331031487,3940.7231165440717,43.80077489447427,62.71328289142668,18.912507996952407
2021-10-16 → 2022-10-16,1480.565603419731,5403.430744100575,3208.549166217011,3949.708013033453,44.04901776708478,62.942322029076514,18.893304261991737
2021-10-17 → 2022-10-17,1480.565603419731,5403.430744100575,3218.0357260869114,3957.0583451893067,44.29084509302374,63.1296935519879,18.838848458964158
2021-10-18 → 2022-10-18,1480.565603419731,5403.430744100575,3227.716706526925,3968.788093275923,44.53762850496467,63.42870327233175,18.89107476736708
2021-10-19 → 2022-10-19,1480.565603419731,5403.430744100575,3237.5891180108506,3981.2681005271525,44.78929179518454,63.74683827834584,18.957546483161302
2021-10-20 → 2022-10-20,1480.565603419731,5403.430744100575,3247.694305258508,3993.2953290605465,45.04688890559409,64.05343124297951,19.006542337385426
2021-10-21 → 2022-10-21,1480.565603419731,5403.430744100575,3257.807483677009,4002.871600562986,45.30468972351223,64.29754545947732,18.992855735965087
2021-10-22 → 2022-10-22,1480.565603419731,5403.430744100575,3267.6518272127882,4012.8168148147106,45.55563751760517,64.55106460670956,18.99542708910439
2021-10-23 → 2022-10-23,1480.565603419731,5403.430744100575,3277.1190290297523,4018.9386505476195,45.79697137633988,64.7071198243469,18.91014844800702
2021-10-24 → 2022-10-24,1480.565603419731,5403.430744100575,3286.7845743695716,4030.6340592653455,46.043361323309654,65.00525418018907,18.961892856879416
2021-10-25 → 2022-10-25,1480.565603419731,5403.430744100575,3295.892234501555,4031.833362591698,46.27552989921953,65.03582630753334,18.760296408313813
2021-10-26 → 2022-10-26,1480.565603419731,5403.430744100575,3304.6951708856504,4031.974336574669,46.4999305877063,65.03941995599985,18.539489368293545
2021-10-27 → 2022-10-27,1480.565603419731,5403.430744100575,3313.643612759149,4044.179775253356,46.728040439883,65.35055577742062,18.62251533753762
2021-10-28 → 2022-10-28,1480.565603419731,5403.430744100575,3322.2385005368483,4048.5078114429025,46.94713764229684,65.4608842244698,18.513746582172956
2021-10-29 → 2022-10-29,1480.565603419731,5403.430744100575,3330.8605244568944,4053.6151677483126,47.166926587642784,65.59107876652646,18.42415217888368
2021-10-30 → 2022-10-30,1480.565603419731,5403.430744100575,3339.722586751025,4063.1852100663928,47.392834488534646,65.8350341913214,18.442199702786752
2021-10-31 → 2022-10-31,1480.565603419731,5403.430744100575,3348.6313465641097,4072.779249808903,47.6199327826029,66.07960134819402,18.459668565591116
2021-11-01 → 2022-11-01,1480.565603419731,5403.430744100575,3357.5222661562716,4081.152719616099,47.84657630139129,66.29305425842439,18.446477957033103
2021-11-02 → 2022-11-02,1480.565603419731,5403.430744100575,3366.610595958399,4094.3696363736362,48.0782521168018,66.62997424633005,18.55172212952825
2021-11-03 → 2022-11-03,1480.565603419731,5403.430744100575,3375.8026169224668,4102.8733065589695,48.31257118295437,66.84674616890135,18.534174985946976
2021-11-04 → 2022-11-04,1480.565603419731,5403.430744100575,3384.3766658510713,4097.3357291036355,48.53113717034175,66.70558461333553,18.17444744299378
2021-11-05 → 2022-11-05,1480.565603419731,5403.430744100575,3392.7637014569477,4101.78213474379,48.74493589410876,66.81893048378224,18.073994589673482
2021-11-06 → 2022-11-06,1480.565603419731,5403.430744100575,3401.3287585406847,4113.355764612128,48.96327266523341,67.11396050529169,18.150687840058275
2021-11-07 → 2022-11-07,1480.565603419731,5403.430744100575,3410.166415292971,4127.316075870113,49.188558430493046,67.46983078778534,18.281272357292295
2021-11-08 → 2022-11-08,1480.565603419731,5403.430744100575,3420.5846853286394,4174.574684176263,49.454136513400584,68.67452701392038,19.220390500519798
2021-11-09 → 2022-11-09,1490.411015872955,6345.865691303295,3433.877854967665,4251.358821071553,40.02646444068516,56.86280667327814,16.836342232592983
2021-11-10 → 2022-11-10,1537.6991790313373,6345.865691303295,3445.381505636824,4239.198945555144,39.67587898082314,56.185653296921544,16.5097743160984
2021-11-11 → 2022-11-11,1537.6991790313373,6345.865691303295,3457.313224702318,4261.864666670901,39.924034260700424,56.65705379975162,16.7330195390512
2021-11-12 → 2022-11-12,1537.6991790313373,6345.865691303295,3469.39860169938,4279.921962501562,40.17538531034099,57.03260851035853,16.857223200017536
2021-11-13 → 2022-11-13,1537.6991790313373,6345.865691303295,3481.8758952423354,4302.118130217675,40.434887420159974,57.49424326571613,17.059355845556155
2021-11-14 → 2022-11-14,1537.6991790313373,6345.865691303295,3494.063243381358,4314.142010412501,40.6883592603701,57.74431530802451,17.055956047654412
2021-11-15 → 2022-11-15,1568.5412572574792,6345.865691303295,3506.0715750618674,4323.5161119107415,40.55680840925293,57.667736254624266,17.110927845371336
2021-11-16 → 2022-11-16,1657.7562859494606,6345.865691303295,3518.1863333664196,4338.088170948899,39.68401516595032,57.17298068894235,17.488965522992032
2021-11-17 → 2022-11-17,1662.391318528652,6345.865691303295,3530.0420186970946,4349.846228788217,39.877461719983444,57.381650807826,17.504189087842555
2021-11-18 → 2022-11-18,1673.6549060898267,6345.865691303295,3541.8984694850437,4360.513715160253,39.98628592074232,57.50722586347668,17.52093994273436
2021-11-19 → 2022-11-19,1673.6549060898267,6345.865691303295,3553.4523289030903,4370.039407540043,40.23357483704319,57.71110562870337,17.47753079166018
2021-11-20 → 2022-11-20,1673.6549060898267,6345.865691303295,3565.5597649716665,4388.587372994216,40.492712034082615,58.10809040329603,17.615378369213417
2021-11-21 → 2022-11-21,1693.9785673025804,6345.865691303295,3578.3036912142825,4411.3950031083,40.50668199126778,58.41535624941581,17.908674258148025
2021-11-22 → 2022-11-22,1694.6666414922995,6345.865691303295,3590.569288168941,4415.447790343701,40.76158913804566,58.496338679849934,17.734749541804277
2021-11-23 → 2022-11-23,1694.6666414922995,6345.865691303295,3602.208516612608,4416.393032160212,41.0118305987748,58.516661220476294,17.504830621701494
2021-11-24 → 2022-11-24,1694.6666414922995,6345.865691303295,3613.9441537115663,4424.971142112979,41.26414482943399,58.70108914671427,17.43694431728028
2021-11-25 → 2022-11-25,1694.6666414922995,6345.865691303295,3625.6992415514155,4435.494439087579,41.51687724776227,58.92733826789578,17.41046102013351
2021-11-26 → 2022-11-26,1726.4981513466696,6345.865691303295,3637.679741154,4446.819141155082,41.373230713425244,58.889468445153334,17.51623773172809
2021-11-27 → 2022-11-27,1726.4981513466696,6345.865691303295,3649.224726104771,4456.629968134619,41.623156376428,59.101853082112285,17.478696705684285
2021-11-28 → 2022-11-28,1726.4981513466696,6345.865691303295,3661.076502687334,4472.567017272504,41.879723460126094,59.44685808550361,17.567134625377513
2021-11-29 → 2022-11-29,1726.4981513466696,6345.865691303295,3672.9203090469596,4476.058291801637,42.13611800455623,59.522437144734866,17.386319140178635
2021-11-30 → 2022-11-30,1748.8445868784124,6345.865691303295,3684.1095837903677,4463.7600633732945,42.098240424634064,59.058146891725784,16.95990646709172
2021-12-01 → 2022-12-01,1748.8445868784124,6345.865691303295,3695.4330052024616,4475.339201487433,42.34456127361156,59.310030401744754,16.965469128133194
2021-12-02 → 2022-12-02,1767.3185893956177,6345.865691303295,3706.6560471534012,4479.162844753142,42.357049400010496,59.22936239375193,16.87231299374143
2021-12-03 → 2022-12-03,1863.1822055281168,6345.865691303295,3717.994882284035,4491.128972024009,41.377284000571606,58.624410463846274,17.247126463274668
2021-12-04 → 2022-12-04,1968.5695591224273,6345.865691303295,3728.861970313216,4492.103767052691,40.21414951228742,57.650525158163845,17.436375645876424
2021-12-05 → 2022-12-05,1968.5695591224273,6345.865691303295,3739.4127119516675,4503.418961451519,40.45518281960436,57.90902250577624,17.453839686171882
2021-12-06 → 2022-12-06,1968.5695591224273,6345.865691303295,3749.8792976162094,4507.41839280052,40.69429357081888,58.00039012697963,17.306096556160753
2021-12-07 → 2022-12-07,1968.5695591224273,6345.865691303295,3760.689472431253,4521.229637857445,40.94125366875627,58.31591013384841,17.374656465092144
2021-12-08 → 2022-12-08,1968.5695591224273,6345.865691303295,3771.1431825748173,4516.967232633071,41.18007027672371,58.218534834219106,17.038464557495395
2021-12-09 → 2022-12-09,1968.5695591224273,6345.865691303295,3781.6771839320027,4525.785372571809,41.42072114975334,58.41998659056495,16.999265440811612
2021-12-10 → 2022-12-10,1968.5695591224273,6345.865691303295,3791.9330537694473,4532.686475811519,41.65501806565185,58.57764335015623,16.922625284504377
2021-12-11 → 2022-12-11,1968.5695591224273,6345.865691303295,3802.1566425428373,4540.259510503108,41.888577515702046,58.75065048659175,16.862072970889706
2021-12-12 → 2022-12-12,1968.5695591224273,6345.865691303295,3812.5062716150346,4543.730548001759,42.12501637566652,58.82994686942345,16.704930493756933
2021-12-13 → 2022-12-13,1968.5695591224273,6345.865691303295,3822.428002323871,4531.43820713529,42.35167983203846,58.54912646122445,16.197446629185997
2021-12-14 → 2022-12-14,1968.5695591224273,6345.865691303295,3831.9293353442863,4533.7485033255825,42.5687392388847,58.60190553123773,16.03316629235303
2021-12-15 → 2022-12-15,1968.5695591224273,6345.865691303295,3842.0248475136664,4552.816223068588,42.79937275931665,59.03751050671162,16.238137747394973
2021-12-16 → 2022-12-16,1968.5695591224273,6345.865691303295,3852.882728873098,4585.422243036812,43.047422720561144,59.782400022605046,16.7349773020439
2021-12-17 → 2022-12-17,1968.5695591224273,6345.865691303295,3863.438541580339,4590.51904311916,43.28857187722059,59.89883720045276,16.61026532323217
2021-12-18 → 2022-12-18,1968.5695591224273,6345.865691303295,3873.828256152845,4598.541515819658,43.52592649657392,60.08211181697958,16.556185320405653
2021-12-19 → 2022-12-19,1968.5695591224273,6345.865691303295,3884.63871362116,4616.048353995584,43.77289305176856,60.48205821419085,16.709165162422288
2021-12-20 → 2022-12-20,1968.5695591224273,6345.865691303295,3894.9754766741285,4615.665037550656,44.00903798555485,60.47330129134731,16.464263305792464
2021-12-21 → 2022-12-21,1968.5695591224273,6345.865691303295,3905.4194186056643,4622.513723125726,44.24763143722367,60.629760561368364,16.382129124144697
2021-12-22 → 2022-12-22,1968.5695591224273,6345.865691303295,3916.1023198080657,4629.406296930106,44.49168395000349,60.78722246470425,16.29553851470076
2021-12-23 → 2022-12-23,1968.5695591224273,6345.865691303295,3926.7732779261883,4636.578707397122,44.7354636211953,60.95107727942164,16.21561365822634
2021-12-24 → 2022-12-24,1968.5695591224273,6345.865691303295,3937.6126284716024,4643.393753948702,44.98309024315779,61.10676806080326,16.123677817645472
2021-12-25 → 2022-12-25,1968.5695591224273,6345.865691303295,3948.471816270529,4650.190039661949,45.231170050212484,61.262030247962194,16.03086019774971
2021-12-26 → 2022-12-26,1968.5695591224273,6345.865691303295,3959.2574301531954,4656.8405226807035,45.477569049891144,61.41396155025315,15.936392500362004
2021-12-27 → 2022-12-27,1968.6443124468356,6345.865691303295,3970.240612660911,4663.384558128624,45.7275546967421,61.562804629858235,15.835249933116138
2021-12-28 → 2022-12-28,2097.6214546969254,6345.865691303295,3981.38449190888,4670.692150538236,44.34215483610621,60.56786174555633,16.225706909450118
2021-12-29 → 2022-12-29,2102.606818210314,6345.865691303295,3992.0822874784203,4678.327130967478,44.52887570092647,60.70146530748146,16.172589606554993
2021-12-30 → 2022-12-30,2102.606818210314,6345.865691303295,4002.668288794525,4685.920323631442,44.77835379389015,60.88041250092549,16.10205870703534
2021-12-31 → 2022-12-31,2102.606818210314,6345.865691303295,4013.4024211417827,4693.41842564358,45.03132286007945,61.05711871274028,16.025795852660828
2022-01-01 → 2023-01-01,2102.606818210314,6345.865691303295,4023.9608581768357,4700.886732116037,45.280151351360175,61.23312273926371,15.952971387903538
2022-01-02 → 2023-01-02,2106.87282305432,6345.865691303295,4034.5878110022654,4708.315527542635,45.47577804121755,61.369357895685916,15.893579854468364
2022-01-03 → 2023-01-03,2106.87282305432,6345.865691303295,4045.2079040386666,4715.5713967821885,45.726311443053355,61.54052754529541,15.814216102242057
2022-01-04 → 2023-01-04,2106.87282305432,6345.865691303295,4055.5428772421287,4722.652165549516,45.9701187228644,61.70756648561457,15.737447762750172
2022-01-05 → 2023-01-05,2106.87282305432,6345.865691303295,4065.8304200369994,4729.529290899306,46.21280709518809,61.86980137403114,15.656994278843051
2022-01-06 → 2023-01-06,2106.87282305432,6345.865691303295,4075.665811475388,4736.14155728621,46.44482898680433,62.02578810466311,15.580959117858775
2022-01-07 → 2023-01-07,2106.87282305432,6345.865691303295,4085.4595391371877,4742.563353268333,46.67586800871816,62.17728154147032,15.50141353275216
2022-01-08 → 2023-01-08,2106.87282305432,6345.865691303295,4094.894045717656,4748.758603967266,46.89843282242981,62.32343065970396,15.424997837274148
2022-01-09 → 2023-01-09,2106.87282305432,6345.865691303295,4104.259020264851,4754.796349109398,47.11935734007504,62.4658641416604,15.346506801585356
2022-01-10 → 2023-01-10,2106.87282305432,6345.865691303295,4113.408042857487,4760.650622992584,47.3351874411626,62.60396944320588,15.268782002043274
2022-01-11 → 2023-01-11,2106.87282305432,6345.865691303295,4122.19488228365,4766.26170878252,47.54247345695137,62.73633781381495,15.193864356863578
2022-01-12 → 2023-01-12,2106.87282305432,6345.865691303295,4130.285901518227,4771.57961195458,47.73334472015117,62.86178985719752,15.128445137046349
2022-01-13 → 2023-01-13,2106.87282305432,6345.865691303295,4137.822222563742,4776.391118177314,47.91113037065236,62.97529573871887,15.064165368066512
2022-01-14 → 2023-01-14,2106.87282305432,6345.865691303295,4144.41645986296,4780.4824778776565,48.06669178592651,63.07181299712212,15.005121211195615
2022-01-15 → 2023-01-15,2106.87282305432,6345.865691303295,4151.165488914406,4783.838065420228,48.225904817446256,63.150973015713,14.925068198266743
2022-01-16 → 2023-01-16,2106.87282305432,6345.865691303295,4157.741680881427,4786.6218709039185,48.38104053414629,63.21664440441812,14.835603870271832
2022-01-17 → 2023-01-17,2106.87282305432,6345.865691303295,4164.313620259941,4788.9319508003955,48.53607593011827,63.27114036532855,14.735064435210276
2022-01-18 → 2023-01-18,2106.87282305432,6345.865691303295,4171.033912461978,4790.747882104998,48.69461104472942,63.31397910936618,14.61936806463676
2022-01-19 → 2023-01-19,2106.87282305432,6345.865691303295,4177.56100798128,4792.226440661915,48.84858855123084,63.34885905851617,14.500270507285329
2022-01-20 → 2023-01-20,2106.87282305432,6345.865691303295,4183.079793863628,4793.428038284459,48.978779520026386,63.3772053582126,14.398425838186213
2022-01-21 → 2023-01-21,2106.87282305432,6345.865691303295,4188.357760525914,4794.279618856779,49.10328944081016,63.3972945774868,14.294005136676638
2022-01-22 → 2023-01-22,2106.87282305432,6345.865691303295,4192.898265134622,4794.605968237348,49.21040225627907,63.40499332553172,14.194591069252652
2022-01-23 → 2023-01-23,2106.87282305432,6345.865691303295,4197.007136608679,4794.563394270127,49.30733262634014,63.403988983968894,14.096656357628753
2022-01-24 → 2023-01-24,2106.87282305432,6345.865691303295,4201.557906121988,4794.3346027637745,49.41468759613487,63.398591675847285,13.983904079712417
2022-01-25 → 2023-01-25,2106.87282305432,6345.865691303295,4205.928161321912,4793.911893597905,49.517784141369894,63.38861975140656,13.870835610036664
2022-01-26 → 2023-01-26,2106.87282305432,6345.865691303295,4210.409072770555,4793.319487003693,49.623491123851664,63.37464457823161,13.751153454379946
2022-01-27 → 2023-01-27,2106.87282305432,6345.865691303295,4214.832719623369,4792.548382127239,49.727847205362146,63.356453821596226,13.62860661623408
2022-01-28 → 2023-01-28,2106.87282305432,6345.865691303295,4219.327419588731,4791.646540034818,49.83387946597359,63.33517890747273,13.501299441499143
2022-01-29 → 2023-01-29,2106.87282305432,6345.865691303295,4223.5853834570335,4790.65984498396,49.93432700152374,63.311902268857736,13.377575267333995
2022-01-30 → 2023-01-30,2106.87282305432,6345.865691303295,4228.395755919008,4789.587451215433,50.047806137051545,63.28660395386033,13.238797816808784
2022-01-31 → 2023-01-31,2106.87282305432,6345.865691303295,4233.0150405459735,4788.39637477848,50.15677741326117,63.25850585428875,13.101728441027582
2022-02-01 → 2023-02-01,2106.87282305432,6345.865691303295,4237.42664845367,4787.170593551845,50.26084948992684,63.22958905105899,12.968739561132146
2022-02-02 → 2023-02-02,2106.87282305432,6345.865691303295,4242.006389299985,4785.901925876648,50.368887908217616,63.19966053467249,12.830772626454873
2022-02-03 → 2023-02-03,2106.87282305432,6345.865691303295,4246.2638539110085,4784.479729553217,50.46932366603436,63.166110199306644,12.696786533272281
2022-02-04 → 2023-02-04,2106.87282305432,6345.865691303295,4250.589384673789,4783.01177691612,50.571365139026206,63.13148044920509,12.560115310178887
2022-02-05 → 2023-02-05,2106.87282305432,6345.865691303295,4255.839786251045,4781.685295177219,50.695224785419626,63.10018806962039,12.404963284200761
2022-02-06 → 2023-02-06,2106.87282305432,6345.865691303295,4261.2698365249835,4780.346096850583,50.823322436034026,63.06859569925651,12.245273263222487
2022-02-07 → 2023-02-07,2106.87282305432,6345.865691303295,4266.5628723713435,4779.020419068494,50.9481878465424,63.037322285422334,12.089134438879931
2022-02-08 → 2023-02-08,2106.87282305432,6345.865691303295,4272.249160767864,4777.748530779235,51.08233028492941,63.00731779311035,11.92498750818094
2022-02-09 → 2023-02-09,2106.87282305432,6345.865691303295,4278.585823830896,4776.494223993506,51.23181539283074,62.97772805741808,11.745912664587344
2022-02-10 → 2023-02-10,2106.87282305432,6345.865691303295,4285.070060746654,4775.249184893502,51.38478184305355,62.94835695115062,11.56357510809707
2022-02-11 → 2023-02-11,2106.87282305432,6345.865691303295,4291.301547966463,4773.987693449693,51.5317857992641,62.91859772571625,11.386811926452154
2022-02-12 → 2023-02-12,2106.87282305432,6345.865691303295,4297.400344151166,4772.707281590519,51.67565950639826,62.88839215805029,11.212732651652026
2022-02-13 → 2023-02-13,2106.87282305432,6345.865691303295,4303.455717626281,4771.462752361298,51.81850884970505,62.859033079894175,11.040524230189128
2022-02-14 → 2023-02-14,2106.87282305432,6345.865691303295,4309.275513561258,4770.265235359735,51.95580079889819,62.830783044124296,10.874982245226107
2022-02-15 → 2023-02-15,2106.87282305432,6345.865691303295,4314.110399814675,4769.126785180279,52.06985822724705,62.80392642476116,10.734068197514105
2022-02-16 → 2023-02-16,2106.87282305432,6345.865691303295,4319.480005396383,4768.1063262248335,52.19652995679696,62.77985327844641,10.583323321649452
2022-02-17 → 2023-02-17,2106.87282305432,6345.865691303295,4324.382985110698,4767.120726686899,52.31219374455749,62.756602483539034,10.444408738981544
2022-02-18 → 2023-02-18,2106.87282305432,6345.865691303295,4328.7451914960575,4766.055082105287,52.415100414158964,62.73146338529724,10.316362971138275
2022-02-19 → 2023-02-19,2106.87282305432,6345.865691303295,4333.13500928743,4765.012960174121,52.518658450886356,62.70687919835577,10.188220747469416
2022-02-20 → 2023-02-20,2106.87282305432,6345.865691303295,4337.338800064203,4764.005578404804,52.617828015625655,62.68311454951989,10.065286533894238
2022-02-21 → 2023-02-21,2106.87282305432,6345.865691303295,4341.449102533159,4762.95157738428,52.714792143585,62.65825012881238,9.943457985227376
2022-02-22 → 2023-02-22,2106.87282305432,6345.865691303295,4345.391375485631,4761.857180368948,52.807792369700046,62.632432746020115,9.824640376320069
2022-02-23 → 2023-02-23,2106.87282305432,6345.865691303295,4349.666570040438,4760.829873003429,52.908646385917656,62.60819804222494,9.699551656307285
2022-02-24 → 2023-02-24,2106.87282305432,6345.865691303295,4354.132335597819,4759.774158323261,53.013996069113176,62.583293195413894,9.569297126300718
2022-02-25 → 2023-02-25,2106.87282305432,6345.865691303295,4358.7928605793995,4758.775194179971,53.123940226285235,62.559727122661734,9.435786896376499
2022-02-26 → 2023-02-26,2106.87282305432,6345.865691303295,4363.450562514114,4757.832679331937,53.2338177863444,62.53749271752523,9.30367493118083
2022-02-27 → 2023-02-27,2106.87282305432,6345.865691303295,4368.079449186669,4756.884626983399,53.343015579698275,62.515127679932505,9.17211210023423
2022-02-28 → 2023-02-28,2106.87282305432,6345.865691303295,4372.629750106958,4755.87436609355,53.45035949514507,62.49129511117739,9.040935616032321
2022-03-01 → 2023-03-01,2106.87282305432,6345.865691303295,4377.874144186502,4755.099603238634,53.57407742160882,62.473018060967675,8.898940639358855
2022-03-02 → 2023-03-02,2106.87282305432,6345.865691303295,4383.352755909508,4754.370333887498,53.703320661531265,62.45581422567468,8.752493564143414
2022-03-03 → 2023-03-03,2106.87282305432,6345.865691303295,4389.365679080595,4753.63550689711,53.84516858055291,62.43847928284209,8.59331070228918
2022-03-04 → 2023-03-04,2106.87282305432,6345.865691303295,4395.169175859681,4752.851526282395,53.98207602436001,62.419984780985594,8.437908756625582
2022-03-05 → 2023-03-05,2106.87282305432,6345.865691303295,4400.369213623618,4751.935616089268,54.10474756275505,62.398377993203816,8.293630430448765
2022-03-06 → 2023-03-06,2106.87282305432,6345.865691303295,4405.621256499286,4751.043674643532,54.22864592821367,62.377336640376434,8.148690712162761
2022-03-07 → 2023-03-07,2106.87282305432,6345.865691303295,4410.827385199093,4750.117058355652,54.35146115488704,62.355477290368555,8.004016135481514
2022-03-08 → 2023-03-08,2106.87282305432,6345.865691303295,4416.255102478335,4749.188254068573,54.47950376896872,62.333566324345554,7.854062555376835
2022-03-09 → 2023-03-09,2106.87282305432,6345.865691303295,4422.626059973709,4748.297190829488,54.62979789998964,62.3125456888602,7.682747788870557
2022-03-10 → 2023-03-10,2106.87282305432,6345.865691303295,4429.618024202881,4747.55349500269,54.794741896039824,62.295001525661256,7.500259629621432
2022-03-11 → 2023-03-11,2106.87282305432,6345.865691303295,4435.970668375129,4746.717998751021,54.94460400644417,62.27529174370036,7.330687737256184
2022-03-12 → 2023-03-12,2106.87282305432,6345.865691303295,4441.315551521093,4745.86249878446,55.07069252114771,62.25511006392049,7.184417542772778
2022-03-13 → 2023-03-13,2106.87282305432,6345.865691303295,4445.612567529417,4745.017506333948,55.17206131656395,62.235176261794045,7.063114945230097
2022-03-14 → 2023-03-14,2106.87282305432,6345.865691303295,4449.416887656957,4744.1311135532305,55.26180716530163,62.21426580479948,6.9524586394978485
2022-03-15 → 2023-03-15,2106.87282305432,6345.865691303295,4453.719035572576,4743.3449901600125,55.363297025023805,62.19572075370713,6.832423728683324
2022-03-16 → 2023-03-16,2106.87282305432,6345.865691303295,4457.686897994451,4742.565913629239,55.45690091975067,62.17734194168767,6.720441021936999
2022-03-17 → 2023-03-17,2106.87282305432,6345.865691303295,4460.992686350074,4741.873403644016,55.534886150166706,62.161005278552196,6.62611912838549
2022-03-18 → 2023-03-18,2106.87282305432,6345.865691303295,4464.447980232933,4741.192642702185,55.61639829208937,62.144945781332225,6.528547489242854
2022-03-19 → 2023-03-19,2106.87282305432,6345.865691303295,4467.609483155025,4740.561359287176,55.69097975566702,62.13005348416094,6.439073728493916
2022-03-20 → 2023-03-20,2106.87282305432,6345.865691303295,4470.950009449156,4739.962348558651,55.769784471738895,62.11592251609511,6.346138044356216
2022-03-21 → 2023-03-21,2106.87282305432,6345.865691303295,4474.03172167666,4739.347122528565,55.842483632206616,62.101409020809605,6.258925388602989
2022-03-22 → 2023-03-22,2106.87282305432,6345.865691303295,4477.371171357324,4738.744435608295,55.92126295041867,62.087191329508826,6.165928379090154
2022-03-23 → 2023-03-23,2106.87282305432,6345.865691303295,4480.5493181900265,4738.215206285896,55.996237052321696,62.07470654034197,6.078469488020275
2022-03-24 → 2023-03-24,2106.87282305432,6345.865691303295,4484.104147419778,4737.728854223638,56.080097283754924,62.06323324757235,5.983135963817425
2022-03-25 → 2023-03-25,2106.87282305432,6345.865691303295,4487.830334275885,4737.317577831779,56.16799992883878,62.0535310280914,5.885531099252617
2022-03-26 → 2023-03-26,2106.87282305432,6345.865691303295,4491.41010881883,4736.945295040089,56.25244863291088,62.04474868749163,5.79230005458075
2022-03-27 → 2023-03-27,2106.87282305432,6345.865691303295,4495.334639897285,4736.604345101014,56.34503031918477,62.036705504837805,5.6916751856530325
2022-03-28 → 2023-03-28,2106.87282305432,6345.865691303295,4499.507763625909,4736.3621346533,56.44347643264446,62.030991637057376,5.587515204412917
2022-03-29 → 2023-03-29,2106.87282305432,6345.865691303295,4503.3462117098115,4736.1439277295085,56.534027377248606,62.02584402462741,5.491816647378805
2022-03-30 → 2023-03-30,2122.0925964966577,6345.865691303295,4507.34022285905,4735.950447792346,56.47196411415156,61.88442874712118,5.412464632969616
2022-03-31 → 2023-03-31,2143.025331598731,6345.865691303295,4511.124028262863,4735.852956244655,56.345197390047815,61.69227005396382,5.347072663916002
2022-04-01 → 2023-04-01,2143.025331598731,6345.865691303295,4514.715940847727,4735.854904920441,56.43066132104321,61.69231641965035,5.261655098607143
2022-04-02 → 2023-04-02,2143.025331598731,6345.865691303295,4518.510306904451,4735.899443181879,56.5209423151324,61.69337613778442,5.1724338226520175
2022-04-03 → 2023-04-03,2143.025331598731,6345.865691303295,4522.373095934549,4735.948532920473,56.612851326645995,61.694544151184694,5.081692824538699
2022-04-04 → 2023-04-04,2143.025331598731,6345.865691303295,4526.208235484443,4736.021883773445,56.704102462108196,61.6962894197815,4.9921869576733044
2022-04-05 → 2023-04-05,2188.5173498415406,6345.865691303295,4530.0451007193105,4736.10995410743,56.32262583160092,61.279267336307385,4.956641504706468
2022-04-06 → 2023-04-06,2295.207412048999,6345.865691303295,4533.80647414454,4736.171407013195,55.265068237443494,60.26092123015532,4.995852992711825
2022-04-07 → 2023-04-07,2295.207412048999,6345.865691303295,4537.277244546181,4736.301615702165,55.35075234512091,60.264135737032795,4.913383391911886
2022-04-08 → 2023-04-08,2342.963199885462,6345.865691303295,4540.7767318513825,4736.451360118639,54.90549761524299,59.793816246205914,4.888318630962921
2022-04-09 → 2023-04-09,2342.963199885462,6345.865691303295,4543.940491661475,4736.546799654396,54.98453425969975,59.7962005045275,4.811666244827748
2022-04-10 → 2023-04-10,2366.0539369653015,6345.865691303295,4546.742268865677,4736.517130299571,54.793755747955316,59.562193883930966,4.76843813597565
2022-04-11 → 2023-04-11,2410.23886043595,6345.865691303295,4549.310707613378,4736.624944351703,54.35149060374746,59.11094176078318,4.75945115703572
2022-04-12 → 2023-04-12,2410.23886043595,6345.865691303295,4551.535299641902,4736.603661175082,54.408015069204296,59.110400978398694,4.702385909194398
2022-04-13 → 2023-04-13,2410.23886043595,6345.865691303295,4553.717382744711,4736.47019889613,54.463459429063185,59.10700984695539,4.643550417892207
2022-04-14 → 2023-04-14,2410.23886043595,6345.865691303295,4556.048350395351,4736.535930331172,54.52268678345455,59.108680011273975,4.585993227819422
2022-04-15 → 2023-04-15,2410.23886043595,6345.865691303295,4558.208255685757,4736.396962728081,54.57756762920612,59.10514899552827,4.527581366322146
2022-04-16 → 2023-04-16,2410.23886043595,6345.865691303295,4560.479981326955,4736.289711805159,54.635289708529825,59.10242386615163,4.467134157621807
2022-04-17 → 2023-04-17,2410.23886043595,6345.865691303295,4562.995046620385,4736.181725770058,54.69919478392226,59.09968005837357,4.400485274451313
2022-04-18 → 2023-04-18,2410.23886043595,6345.865691303295,4565.111095867857,4736.03726249606,54.75296129529157,59.096009403603546,4.343048108311976
2022-04-19 → 2023-04-19,2410.23886043595,6345.865691303295,4567.905543921611,4735.9484324302875,54.82396518295278,59.09375232818481,4.26978714523203
2022-04-20 → 2023-04-20,2415.7130781810774,6345.865691303295,4570.991402448715,4735.891050714031,54.8395580637625,59.035314933730845,4.195756869968342
2022-04-21 → 2023-04-21,2470.737308913646,6345.865691303295,4574.402226147252,4735.829479095813,54.286328339304035,58.45205491709075,4.165726577786714
2022-04-22 → 2023-04-22,2470.737308913646,6345.865691303295,4577.467339610474,4735.691351435866,54.36542542102012,58.448490450412024,4.0830650293919035
2022-04-23 → 2023-04-23,2470.737308913646,6345.865691303295,4580.489440076054,4735.513359932592,54.44341252666839,58.44389727347155,4.00048474680316
2022-04-24 → 2023-04-24,2470.737308913646,6345.865691303295,4583.514911959226,4735.370920587469,54.52148663375917,58.440221541184336,3.9187349074251685
2022-04-25 → 2023-04-25,2470.737308913646,6345.865691303295,4586.253527104469,4735.219570544908,54.59215823157483,58.43631586303314,3.844157631458309
2022-04-26 → 2023-04-26,2515.850523298859,6345.865691303295,4589.128787362799,4735.1099384996105,54.13237736977909,57.94388058147193,3.8115032116928376
2022-04-27 → 2023-04-27,2515.850523298859,6345.865691303295,4591.225089627885,4734.870874231892,54.187110893619895,57.937638719306065,3.75052782568617
2022-04-28 → 2023-04-28,2515.850523298859,6345.865691303295,4593.567292288354,4734.686952372927,54.248264767892664,57.93283660101418,3.6845718331215167
2022-04-29 → 2023-04-29,2522.586471357364,6345.865691303295,4596.043482417324,4734.669810317965,54.23242436081568,57.85827327023959,3.6258489094239152
2022-04-30 → 2023-04-30,2522.586471357364,6345.865691303295,4598.2722167006405,4734.441919600404,54.290718148820716,57.85231266144145,3.5615945126207365
2022-05-01 → 2023-05-01,2522.586471357364,6345.865691303295,4600.745707312164,4734.300085309082,54.355413675075226,57.84860290645986,3.4931892313846333
2022-05-02 → 2023-05-02,2522.586471357364,6345.865691303295,4603.164582122345,4734.197454868394,54.418680694589824,57.845918550053135,3.4272378554633107
2022-05-03 → 2023-05-03,2522.586471357364,6345.865691303295,4605.486918214737,4734.155935505089,54.47942269010709,57.84483258795314,3.3654098978460496
2022-05-04 → 2023-05-04,2522.586471357364,6345.865691303295,4607.709024563029,4734.21616715796,54.5375431207756,57.8464079804214,3.3088648596457944
2022-05-05 → 2023-05-05,2739.5740703434462,6345.865691303295,4610.061943264466,4734.394067856596,51.867349330533955,55.314994104170914,3.4476447736369593
2022-05-06 → 2023-05-06,2774.4638688532464,6345.865691303295,4612.031063054832,4734.35641722533,51.45226680040669,54.87740237046642,3.42513557005973
2022-05-07 → 2023-05-07,2816.210364150029,6345.865691303295,4613.9501270698,4734.27767555235,50.9324451339469,54.34149041825223,3.4090452843053285
2022-05-08 → 2023-05-08,2936.089549834832,6345.865691303295,4616.109540630838,4734.041318970567,49.2706829156381,52.729319889059475,3.4586369734213775
2022-05-09 → 2023-05-09,3141.551112307738,6345.865691303295,4617.971665377613,4733.689656799796,46.076017715235764,49.68733578558753,3.611318070351764
2022-05-10 → 2023-05-10,3141.551112307738,6345.865691303295,4618.88407267678,4733.194832701205,46.10449205121851,49.67189335362925,3.567401302410744
2022-05-11 → 2023-05-11,3141.551112307738,6345.865691303295,4620.192316105906,4732.754826046685,46.14531961033836,49.658161660199255,3.512842049860893
2022-05-12 → 2023-05-12,3141.551112307738,6345.865691303295,4620.909312909426,4732.040993938379,46.16769559078112,49.63588444331846,3.468188852537338
2022-05-13 → 2023-05-13,3141.551112307738,6345.865691303295,4621.676962774354,4731.366160683556,46.191652348022124,49.61482429962199,3.423171951599869
2022-05-14 → 2023-05-14,3141.551112307738,6345.865691303295,4622.497568515714,4730.715915942339,46.21726174813343,49.59453151234452,3.3772697642110856
2022-05-15 → 2023-05-15,3141.551112307738,6345.865691303295,4623.439177178707,4730.393233830022,46.24664739800579,49.58446127409662,3.337813876090827
2022-05-16 → 2023-05-16,3141.551112307738,6345.865691303295,4624.786894927539,4730.216194988328,46.28870686862289,49.5789362597034,3.2902293910805085
2022-05-17 → 2023-05-17,3141.551112307738,6345.865691303295,4625.617091820868,4730.143005467598,46.314615588658405,49.57665216683656,3.2620365781781544
2022-05-18 → 2023-05-18,3141.551112307738,6345.865691303295,4626.819243194372,4730.168027990262,46.352132235163204,49.577433067776425,3.2253008326132218
2022-05-19 → 2023-05-19,3141.551112307738,6345.865691303295,4627.483800011295,4729.90544794315,46.372871672585475,49.56923849010189,3.196366817516413
2022-05-20 → 2023-05-20,3141.551112307738,6345.865691303295,4628.535702756624,4729.870884656117,46.40569937159557,49.56815984173011,3.1624604701345405
2022-05-21 → 2023-05-21,3141.551112307738,6345.865691303295,4629.39012465191,4729.641398063601,46.43236410360679,49.56099804201106,3.1286339384042705
2022-05-22 → 2023-05-22,3141.551112307738,6345.865691303295,4630.275764078303,4729.424263540055,46.46000306989925,49.55422172469912,3.0942186547998674
2022-05-23 → 2023-05-23,3141.551112307738,6345.865691303295,4631.303038469349,4729.325427363566,46.49206216914563,49.55113725299533,3.0590750838496987
2022-05-24 → 2023-05-24,3141.551112307738,6345.865691303295,4632.282511047486,4729.090516521858,46.52262947313498,49.54380617372966,3.0211767005946797
2022-05-25 → 2023-05-25,3141.551112307738,6345.865691303295,4633.381815942869,4728.893339406583,46.55693649475481,49.53765268566181,2.9807161909070032
2022-05-26 → 2023-05-26,3141.551112307738,6345.865691303295,4634.369480995653,4728.668289580564,46.58775946885536,49.530629348206304,2.942869879350944
2022-05-27 → 2023-05-27,3141.551112307738,6345.865691303295,4635.228977469807,4728.522926207284,46.61458256792898,49.52609285936613,2.9115102914371533
2022-05-28 → 2023-05-28,3141.551112307738,6345.865691303295,4635.403843109669,4728.1483954582645,46.620039761208545,49.51440453289922,2.8943647716906753
2022-05-29 → 2023-05-29,3141.551112307738,6345.865691303295,4635.8376563450165,4727.948277291374,46.63357817089502,49.50815926072145,2.874581089826428
2022-05-30 → 2023-05-30,3141.551112307738,6345.865691303295,4636.41305438237,4727.915287433012,46.65153514806341,49.50712971578917,2.8555945677257597
2022-05-31 → 2023-05-31,3141.551112307738,6345.865691303295,4637.842239654142,4728.306877787495,46.696137050796054,49.51935043709569,2.823213386299635
2022-06-01 → 2023-06-01,3191.4543555470495,6345.865691303295,4639.444051346679,4728.714175883539,45.903642286160036,48.7336512810224,2.830008994862361
2022-06-02 → 2023-06-02,3191.4543555470495,6345.865691303295,4640.308075002766,4728.86010343215,45.93103324961153,48.73827742305268,2.8072441734411484
2022-06-03 → 2023-06-03,3191.4543555470495,6345.865691303295,4641.440897585212,4729.929231274137,45.96694557878704,48.772170524750244,2.8052249459632037
2022-06-04 → 2023-06-04,3191.4543555470495,6345.865691303295,4642.290299713005,4730.6952444660565,45.99387301587061,48.79645439614128,2.8025813802706665
2022-06-05 → 2023-06-05,3191.4543555470495,6345.865691303295,4643.715261026282,4731.691152230175,46.03904662075608,48.82802630158144,2.7889796808253564
2022-06-06 → 2023-06-06,3191.4543555470495,6345.865691303295,4644.621958757764,4732.30323164955,46.06779042221294,48.84743022054523,2.7796397983322905
2022-06-07 → 2023-06-07,3207.6951396211684,6345.865691303295,4646.275274427903,4733.471429473846,45.841362383431495,48.61992886380344,2.7785664803719428
2022-06-08 → 2023-06-08,3283.1051038089477,6345.865691303295,4647.812987915546,4734.504321450779,44.55809865383796,47.388595229025874,2.830496575187915
2022-06-09 → 2023-06-09,3283.1051038089477,6345.865691303295,4649.096115791152,4735.337772097372,44.59999314212561,47.41580762851921,2.8158144863935988
2022-06-10 → 2023-06-10,3283.1051038089477,6345.865691303295,4650.572377698922,4736.277614852755,44.6481935112239,47.44649376047546,2.798300249251561
2022-06-11 → 2023-06-11,3283.1051038089477,6345.865691303295,4651.720085592628,4736.521397114122,44.685666498776115,47.45445332030403,2.768786821527918
2022-06-12 → 2023-06-12,3283.1051038089477,6345.865691303295,4652.632661305222,4736.28323888613,44.715462354068265,47.44667738675687,2.7312150326886027
2022-06-13 → 2023-06-13,3283.1051038089477,6345.865691303295,4653.006234009146,4735.617501497592,44.727659608579415,47.424940872605006,2.697281264025591
2022-06-14 → 2023-06-14,3283.1051038089477,6345.865691303295,4651.64942761931,4733.944610897728,44.683359495949766,47.37032052106026,2.6869610251104916
2022-06-15 → 2023-06-15,3283.1051038089477,6345.865691303295,4649.961025915717,4732.033850959835,44.62823270247833,47.30793366830739,2.6797009658290634
2022-06-16 → 2023-06-16,3283.1051038089477,6345.865691303295,4648.205138532321,4730.155736754318,44.570902482461605,47.246612707955954,2.675710225494349
2022-06-17 → 2023-06-17,3283.1051038089477,6345.865691303295,4645.057400780305,4727.6260879115935,44.46812795398986,47.16401895730324,2.6958910033133847
2022-06-18 → 2023-06-18,3283.1051038089477,6345.865691303295,4642.074033133345,4725.203330881073,44.37072015596799,47.08491525457138,2.7141950986033905
2022-06-19 → 2023-06-19,3283.1051038089477,6345.865691303295,4637.907586805058,4722.0353604305255,44.234684504167454,46.98148012276633,2.746795618598874
2022-06-20 → 2023-06-20,3283.1051038089477,6345.865691303295,4634.227284531101,4719.296537457901,44.114521593328654,46.8920567775722,2.777535184243547
2022-06-21 → 2023-06-21,3283.1051038089477,6345.865691303295,4630.023046644104,4716.457904420548,43.97725203644057,46.79937460551661,2.8221225690760434
2022-06-22 → 2023-06-22,3283.1051038089477,6345.865691303295,4625.9383659518,4713.844976179773,43.843886055796084,46.71406175894791,2.87017570315183
2022-06-23 → 2023-06-23,3263.8829347280866,6345.865691303295,4621.197040524612,4710.687238637783,44.0402887686761,46.94394544625644,2.9036566775803436
2022-06-24 → 2023-06-24,3263.8829347280866,6345.865691303295,4617.190047363499,4708.206231450142,43.91027528457842,46.863445087117576,2.9531698025391577
2022-06-25 → 2023-06-25,3263.8829347280866,6345.865691303295,4613.329810270348,4705.838097609575,43.78502354250053,46.786607089386585,3.001583546886053
2022-06-26 → 2023-06-26,3263.8829347280866,6345.865691303295,4609.633418704166,4703.595272043669,43.66508803804982,46.71383492474286,3.0487468866930456
2022-06-27 → 2023-06-27,3260.826008926422,6345.865691303295,4605.57325548889,4700.991251459633,43.58930143570814,46.68222748511401,3.0929260494058752
2022-06-28 → 2023-06-28,3260.826008926422,6345.865691303295,4601.4824906363865,4698.480697698755,43.456701363304795,46.60084915551847,3.1441477922136727
2022-06-29 → 2023-06-29,3260.826008926422,6345.865691303295,4596.968443445066,4695.389388461566,43.3103808081072,46.50064593107221,3.190265122965009
2022-06-30 → 2023-06-30,3260.826008926422,6345.865691303295,4592.325030014414,4692.261136183759,43.15986691173244,46.39924521666074,3.2393783049282945
2022-07-01 → 2023-07-01,3260.826008926422,6345.865691303295,4587.1266805559635,4688.877450183469,42.991365044863585,46.289564747407155,3.2981997025435703
2022-07-02 → 2023-07-02,3260.826008926422,6345.865691303295,4581.931213022309,4685.252317623399,42.82295659412846,46.17205791011174,3.349101315983276
2022-07-03 → 2023-07-03,3211.782606989067,6345.865691303295,4576.499709976017,4681.6082749096495,43.54438176247535,46.89810794349751,3.3537261810221537
2022-07-04 → 2023-07-04,3211.782606989067,6345.865691303295,4571.196701769325,4678.312639800265,43.375177307327604,46.79295326122764,3.4177759539000334
2022-07-05 → 2023-07-05,3211.782606989067,6345.865691303295,4566.647150680106,4675.5235487812915,43.23001360340448,46.70396101233249,3.4739474089280122
2022-07-06 → 2023-07-06,3211.782606989067,6345.865691303295,4562.230374734565,4672.861674894555,43.08908639034983,46.61902791339651,3.5299415230466806
2022-07-07 → 2023-07-07,3211.782606989067,6345.865691303295,4557.950223676966,4669.964722880992,42.952518502950134,46.52659411583504,3.5740756128849043
2022-07-08 → 2023-07-08,3211.782606989067,6345.865691303295,4554.359137651791,4667.723222901852,42.83793679185421,46.455073995951864,3.617137204097652
2022-07-09 → 2023-07-09,3211.782606989067,6345.865691303295,4550.892031331975,4665.560345951446,42.72731093330029,46.38606252139233,3.658751588092045
2022-07-10 → 2023-07-10,3211.782606989067,6345.865691303295,4547.22327060608,4663.115788846717,42.61025083542808,46.30806340525646,3.697812569828379
2022-07-11 → 2023-07-11,3211.782606989067,6345.865691303295,4543.0313716612345,4660.335628956082,42.47649883102763,46.21935612418437,3.742857293156746
2022-07-12 → 2023-07-12,3211.782606989067,6345.865691303295,4538.342447400987,4657.43866393508,42.32688811126991,46.1269219115912,3.8000338003212875
2022-07-13 → 2023-07-13,3181.1942586217287,6345.865691303295,4532.906209994675,4653.441343995277,42.71255263386319,46.52132509459436,3.80877246073117
2022-07-14 → 2023-07-14,3181.1942586217287,6345.865691303295,4528.364543213879,4651.1133253535045,42.569041154791655,46.44776236647886,3.878721211687207
2022-07-15 → 2023-07-15,3181.1942586217287,6345.865691303295,4524.090851629285,4648.3988592160285,42.43399738561992,46.361988339215124,3.927990953595206
2022-07-16 → 2023-07-16,3181.1942586217287,6345.865691303295,4520.007351127778,4645.796511910745,42.30496343728213,46.27975713889495,3.9747937016128176
2022-07-17 → 2023-07-17,3181.1942586217287,6345.865691303295,4516.18133942594,4643.390225008094,42.18406584069985,46.203721223197626,4.019655382497774
2022-07-18 → 2023-07-18,3181.1942586217287,6345.865691303295,4512.2207637452075,4641.020281837362,42.05891617619341,46.12883372788745,4.06991755169404
2022-07-19 → 2023-07-19,3181.1942586217287,6345.865691303295,4509.10564665209,4638.919912436164,41.9604820366822,46.06246445556719,4.101982418884987
2022-07-20 → 2023-07-20,3181.1942586217287,6345.865691303295,4506.581885747992,4637.374076288639,41.880734076813894,46.01361780022215,4.132883723408256
2022-07-21 → 2023-07-21,3181.1942586217287,6345.865691303295,4503.977842636498,4635.631219266967,41.79844929095582,45.958545510452225,4.160096219496403
2022-07-22 → 2023-07-22,3181.1942586217287,6345.865691303295,4501.368149738956,4634.169913148258,41.715985978316425,45.91236990739854,4.196383929082117
2022-07-23 → 2023-07-23,3181.1942586217287,6345.865691303295,4498.422375752266,4632.231430986446,41.62290288740628,45.851116086803025,4.228213199396741
2022-07-24 → 2023-07-24,3181.1942586217287,6345.865691303295,4495.6346192039255,4631.314424068256,41.5348129669314,45.82213971634257,4.2873267494111715
2022-07-25 → 2023-07-25,3181.1942586217287,6345.865691303295,4492.923716872678,4629.709095344451,41.44915155187098,45.77141316358811,4.322261611717124
2022-07-26 → 2023-07-26,3181.1942586217287,6345.865691303295,4489.52709551252,4627.223855899049,41.3418221992854,45.692882437783936,4.351060238498533
2022-07-27 → 2023-07-27,3181.1942586217287,6345.865691303295,4485.984456901094,4624.802130822612,41.22987886845993,45.61635869344105,4.386479824981123
2022-07-28 → 2023-07-28,3181.1942586217287,6345.865691303295,4483.372313883742,4623.182737541892,41.147338134835074,45.565187716764086,4.417849581929012
2022-07-29 → 2023-07-29,3181.1942586217287,6345.865691303295,4481.2167568019995,4622.137748125981,41.07922499489005,45.532167245661796,4.452942250771748
2022-07-30 → 2023-07-30,3181.1942586217287,6345.865691303295,4479.145902754659,4621.307480082791,41.01378837401513,45.505931724507356,4.492143350492228
2022-07-31 → 2023-07-31,3181.1942586217287,6345.865691303295,4476.930738520556,4620.245275982787,40.94379171618749,45.472367289064394,4.528575572876903
2022-08-01 → 2023-08-01,3181.1942586217287,6345.865691303295,4474.494548397604,4618.614126217488,40.86681089290856,45.4208248209126,4.554013928004039
2022-08-02 → 2023-08-02,3181.1942586217287,6345.865691303295,4472.159237640314,4617.72741030771,40.79301774227771,45.39280561169483,4.599787869417121
2022-08-03 → 2023-08-03,3181.1942586217287,6345.865691303295,4469.655582454696,4616.209318439979,40.71390510013221,45.34483564387911,4.630930543746899
2022-08-04 → 2023-08-04,3181.1942586217287,6345.865691303295,4467.080147726147,4614.937795133603,40.63252430647532,45.30465696077017,4.672132654294849
2022-08-05 → 2023-08-05,3181.1942586217287,6345.865691303295,4464.4100256971,4613.777362171933,40.54815150235187,45.26798860557583,4.719837103223959
2022-08-06 → 2023-08-06,3181.1942586217287,6345.865691303295,4462.063870303093,4613.285291142552,40.47401567359638,45.252439723492834,4.778424049896458
2022-08-07 → 2023-08-07,3181.1942586217287,6345.865691303295,4459.551062696198,4611.75452808813,40.39461382539991,45.20406936066107,4.809455535261165
2022-08-08 → 2023-08-08,3181.1942586217287,6345.865691303295,4456.925493220289,4610.1874828958125,40.31164883103132,45.15455252374287,4.842903692711552
2022-08-09 → 2023-08-09,3181.1942586217287,6345.865691303295,4454.683115748373,4610.400366666807,40.240792265993974,45.16127940757656,4.9204871415825835
2022-08-10 → 2023-08-10,3181.1942586217287,6345.865691303295,4452.183065594372,4609.924875211684,40.161793538726975,45.14625442108941,4.984460882362434
2022-08-11 → 2023-08-11,3181.1942586217287,6345.865691303295,4450.055518921476,4610.991473486264,40.09456549568512,45.17995770742636,5.085392211741244
2022-08-12 → 2023-08-12,3181.1942586217287,6345.865691303295,4447.928363921767,4611.226660353827,40.02734982906832,45.18738934361881,5.1600395145504905
2022-08-13 → 2023-08-13,3181.1942586217287,6345.865691303295,4446.05843600911,4613.036704176434,39.968262244387425,45.24458465950261,5.276322415115182
2022-08-14 → 2023-08-14,3181.1942586217287,6345.865691303295,4444.163250236038,4612.523310968311,39.90837654018761,45.22836202094302,5.319985480755406
2022-08-15 → 2023-08-15,3181.1942586217287,6345.865691303295,4442.29341265708,4614.275382561659,39.849291809948376,45.28372548064547,5.434433670697096
2022-08-16 → 2023-08-16,3181.1942586217287,6345.865691303295,4440.450788359068,4615.679570746182,39.79106698828179,45.32809622226567,5.53702923398388
2022-08-17 → 2023-08-17,3181.1942586217287,6345.865691303295,4439.252133475569,4617.602897286208,39.753190864045955,45.38887114253585,5.635680278489893
2022-08-18 → 2023-08-18,3181.1942586217287,6345.865691303295,4438.037581055771,4618.261276844365,39.71481239583419,45.4096751840347,5.69486278820051
2022-08-19 → 2023-08-19,3181.1942586217287,6345.865691303295,4436.742188084696,4619.40536094377,39.673879458604205,45.44582693386849,5.771947475264284
2022-08-20 → 2023-08-20,3181.1942586217287,6345.865691303295,4434.111270111151,4615.786689390952,39.590745457823715,45.33148104900198,5.7407355911782645
2022-08-21 → 2023-08-21,3181.1942586217287,6345.865691303295,4431.64760562585,4613.23732173327,39.512896476098206,45.250923944989374,5.738027468891168
2022-08-22 → 2023-08-22,3181.1942586217287,6345.865691303295,4429.488777966241,4611.166471958546,39.44467998963094,45.18548745912427,5.740807469493326
2022-08-23 → 2023-08-23,3181.1942586217287,6345.865691303295,4426.990985792078,4608.9086461336465,39.365752611945915,45.11414274379038,5.748390131844467
2022-08-24 → 2023-08-24,3181.1942586217287,6345.865691303295,4424.760876926389,4606.812421960038,39.295283720842114,45.04790445592387,5.752620735081756
2022-08-25 → 2023-08-25,3181.1942586217287,6345.865691303295,4422.500399665624,4604.608362670291,39.223855223165515,44.97825870164476,5.754403478479247
2022-08-26 → 2023-08-26,3181.1942586217287,6345.865691303295,4420.350135295784,4602.535485864644,39.15590932686695,44.91275816391941,5.756848837052466
2022-08-27 → 2023-08-27,3181.1942586217287,6345.865691303295,4417.32886190864,4599.471678409043,39.06044054119955,44.81594535030594,5.755504809106391
2022-08-28 → 2023-08-28,3181.1942586217287,6345.865691303295,4414.1646823785595,4596.23177780471,38.9604560847595,44.71356819446996,5.753112109710457
2022-08-29 → 2023-08-29,3181.1942586217287,6345.865691303295,4410.150374184997,4592.730523266251,38.833608534264805,44.602932553047545,5.76932401878274
2022-08-30 → 2023-08-30,3181.1942586217287,6345.865691303295,4406.680354406599,4590.024674246688,38.72395987555844,44.51743081686034,5.793470941301898
2022-08-31 → 2023-08-31,3181.1942586217287,6345.865691303295,4403.425774232272,4587.071541760561,38.621118862089645,44.42411520577888,5.802996343689237
2022-09-01 → 2023-09-01,3181.1942586217287,6345.865691303295,4400.370338208145,4584.21987773305,38.52457057614206,44.33400588200956,5.809435305867503
2022-09-02 → 2023-09-02,3181.1942586217287,6345.865691303295,4397.3429153035495,4581.419341941289,38.42890747275221,44.24551215204946,5.8166046792972494
2022-09-03 → 2023-09-03,3181.1942586217287,6345.865691303295,4394.170465976751,4578.551863159326,38.328661700188384,44.154903100115966,5.826241399927582
2022-09-04 → 2023-09-04,3181.1942586217287,6345.865691303295,4390.964216757165,4575.618001460041,38.2273478896463,44.0621964238719,5.8348485342256
2022-09-05 → 2023-09-05,3181.1942586217287,6345.865691303295,4387.874272376912,4572.764654713879,38.12970917908877,43.97203392811656,5.842324749027789
2022-09-06 → 2023-09-06,3181.1942586217287,6345.865691303295,4384.682211542646,4569.838147508037,38.02884370530524,43.879559645458954,5.850715940153712
2022-09-07 → 2023-09-07,3181.1942586217287,6345.865691303295,4380.608786061003,4566.433386807195,37.900128116079266,43.77197309901118,5.871844982931911
2022-09-08 → 2023-09-08,3181.1942586217287,6345.865691303295,4376.99417285461,4563.257460841833,37.785910470321,43.67161746864257,5.885706998321574
2022-09-09 → 2023-09-09,3181.1942586217287,6345.865691303295,4373.402883365871,4560.09531284205,37.67242982738121,43.57169720623784,5.899267378856635
2022-09-10 → 2023-09-10,3181.1942586217287,6345.865691303295,4371.190659249048,4557.8732052004,37.60252607389901,43.501481144668155,5.898955070769148
2022-09-11 → 2023-09-11,3181.1942586217287,6345.865691303295,4369.478754358883,4555.7981212498435,37.548431836105905,43.43591086368648,5.887479027580575
2022-09-12 → 2023-09-12,3181.1942586217287,6345.865691303295,4367.4724004629825,4553.739661770275,37.48503334629174,43.37086589698597,5.885832550694225
2022-09-13 → 2023-09-13,3181.1942586217287,6345.865691303295,4365.673643071892,4551.901615453256,37.428194668743274,43.31278573428607,5.884591065542793
2022-09-14 → 2023-09-14,3181.1942586217287,6345.865691303295,4362.412829190697,4549.330242517021,37.3251566772627,43.2315332886236,5.906376611360905
2022-09-15 → 2023-09-15,3181.1942586217287,6345.865691303295,4359.161478343937,4546.894071246276,37.22241770685385,43.154553061052844,5.932135354198998
2022-09-16 → 2023-09-16,3181.1942586217287,6345.865691303295,4355.5787738248655,4544.280415677926,37.109208339142775,43.071964532545294,5.9627561934025195
2022-09-17 → 2023-09-17,3181.1942586217287,6345.865691303295,4352.048138046917,4541.805880472592,36.99764428413575,42.99377204849217,5.996127764356416
2022-09-18 → 2023-09-18,3181.1942586217287,6345.865691303295,4348.677287306078,4539.42062914268,36.8911292536644,42.91840083284937,6.027271579184969
2022-09-19 → 2023-09-19,3181.1942586217287,6345.865691303295,4344.652666613783,4536.865194943587,36.7639558399971,42.837652033062355,6.073696193065253
2022-09-20 → 2023-09-20,3181.1942586217287,6345.865691303295,4340.752368421776,4534.35797895432,36.640710875236174,42.75842687359161,6.117715998355436
2022-09-21 → 2023-09-21,3181.1942586217287,6345.865691303295,4336.55791074041,4531.673532117153,36.50817080684078,42.67360142190506,6.165430615064281
2022-09-22 → 2023-09-22,3181.1942586217287,6345.865691303295,4332.073304359064,4528.88639827421,36.36646237117087,42.585531178208974,6.219068807038106
2022-09-23 → 2023-09-23,3181.1942586217287,6345.865691303295,4328.281081184968,4526.291360456386,36.246632453444356,42.50353094933769,6.256898495893331
2022-09-24 → 2023-09-24,3181.1942586217287,6345.865691303295,4324.538099628173,4523.66074892391,36.12835851454059,42.420406631744726,6.292048117204139
2022-09-25 → 2023-09-25,3181.1942586217287,6345.865691303295,4320.493889841012,4520.8939297866455,36.00056610786619,42.332978309528016,6.332412201661825
2022-09-26 → 2023-09-26,3181.1942586217287,6345.865691303295,4316.3859766725645,4518.089427133663,35.87076074715718,42.24435923128752,6.373598484130341
2022-09-27 → 2023-09-27,3181.1942586217287,6345.865691303295,4312.530909946925,4515.407480949595,35.74894504503315,42.15961279738063,6.410667752347479
2022-09-28 → 2023-09-28,3181.1942586217287,6345.865691303295,4308.337928411032,4512.566078990243,35.61645162114744,42.06982774323539,6.453376122087953
2022-09-29 → 2023-09-29,3181.1942586217287,6345.865691303295,4304.446765706896,4509.632504937155,35.49349532736124,41.977130156282364,6.483634828921126
2022-09-30 → 2023-09-30,3181.1942586217287,6345.865691303295,4300.592355269205,4506.737120801247,35.37170036318622,41.885639327060495,6.513938963874274
2022-10-01 → 2023-10-01,3181.1942586217287,6345.865691303295,4296.309552405405,4503.644490614514,35.23636868800594,41.7879157480881,6.551547060082164
2022-10-02 → 2023-10-02,3181.1942586217287,6345.865691303295,4292.073233107482,4500.462529649058,35.102505840375876,41.68736941861464,6.58486357823876
2022-10-03 → 2023-10-03,3181.1942586217287,6345.865691303295,4287.662041097227,4497.184997519647,34.96311721491857,41.58380314959969,6.62068593468112
2022-10-04 → 2023-10-04,3181.1942586217287,6345.865691303295,4283.574951360094,4494.514210267001,34.83396985083754,41.49940932517085,6.665439474333311
2022-10-05 → 2023-10-05,3181.1942586217287,6345.865691303295,4280.104190422498,4492.075193078735,34.7242977723477,41.42233916985937,6.698041397511673
2022-10-06 → 2023-10-06,3181.1942586217287,6345.865691303295,4276.326384732044,4489.57959928133,34.60492343062488,41.34348125836711,6.738557827742234
2022-10-07 → 2023-10-07,3181.1942586217287,6345.865691303295,4272.398826879992,4487.05093063158,34.480817091764806,41.26357821934586,6.782761127581054
2022-10-08 → 2023-10-08,3181.1942586217287,6345.865691303295,4268.195649994304,4484.509721347484,34.34800150647902,41.183278910613424,6.835277404134402
2022-10-09 → 2023-10-09,3181.1942586217287,6345.865691303295,4264.026197256475,4481.937046323283,34.2162515657183,41.10198532045955,6.885733754741246
2022-10-10 → 2023-10-10,3181.1942586217287,6345.865691303295,4259.927527971696,4479.403860529075,34.086738301167294,41.021939544836606,6.935201243669312
2022-10-11 → 2023-10-11,3181.1942586217287,6345.865691303295,4255.847455671989,4476.799745612505,33.95781268008791,40.93965249002019,6.981839809932275
2022-10-12 → 2023-10-12,3181.1942586217287,6345.865691303295,4251.714202709583,4474.167082063634,33.827206610853615,40.85646333105462,7.029256720201005
2022-10-13 → 2023-10-13,3181.1942586217287,6345.865691303295,4247.630581639303,4471.568844010649,33.69816885268042,40.77436197841015,7.076193125729731
2022-10-14 → 2023-10-14,3181.1942586217287,6345.865691303295,4243.709430423524,4469.035043814125,33.57426495620367,40.694296788376285,7.120031832172614
2022-10-15 → 2023-10-15,3181.1942586217287,6345.865691303295,4239.5332654040085,4466.4443731056435,33.44230291501391,40.61243455516851,7.170131640154601
2022-10-16 → 2023-10-16,3181.1942586217287,6345.865691303295,4234.790267712684,4463.824361984613,33.29242960929428,40.52964519846077,7.237215589166489
2022-10-17 → 2023-10-17,3181.1942586217287,6345.865691303295,4230.21479872818,4461.260087191233,33.14785001922204,40.448617045999235,7.300767026777194
2022-10-18 → 2023-10-18,3181.1942586217287,6345.865691303295,4225.889153711435,4458.774859898914,33.011164580978004,40.37008670421859,7.358922123240589
2022-10-19 → 2023-10-19,3181.1942586217287,6345.865691303295,4221.285976124475,4456.232573050085,32.86570943073958,40.28975334567229,7.42404391493271
2022-10-20 → 2023-10-20,3181.1942586217287,6345.865691303295,4216.203012729355,4453.704099371195,32.70509359736651,40.209856467507365,7.504762870140851
2022-10-21 → 2023-10-21,3181.1942586217287,6345.865691303295,4210.979058886604,4451.033445636662,32.54002262700281,40.12546686209829,7.58544423509548
2022-10-22 → 2023-10-22,3181.1942586217287,6345.865691303295,4205.8422743218325,4448.4238291126,32.377706106187276,40.043005962773584,7.665299856586309
2022-10-23 → 2023-10-23,3034.5174188335154,6345.865691303295,4199.908538335042,4445.823542323808,35.19385530028577,42.62028658307409,7.426431282788322
2022-10-24 → 2023-10-24,2951.5105202628943,6345.865691303295,4194.008129405807,4443.364814151426,36.60482025403595,43.951036904345656,7.346216650309707
2022-10-25 → 2023-10-25,2899.5038696278198,6345.865691303295,4187.803931090358,4440.901545262903,37.381451168589756,44.72535837475477,7.343907206165014
2022-10-26 → 2023-10-26,2899.5038696278198,6345.865691303295,4182.200619351289,4438.619538135527,37.21886488110747,44.65914341400912,7.440278532901651
2022-10-27 → 2023-10-27,2899.5038696278198,6345.865691303295,4177.123406869282,4436.494107031964,37.07154394544499,44.59747167977054,7.525927734325549
2022-10-28 → 2023-10-28,2899.5038696278198,6345.865691303295,4171.665349330694,4434.260655080914,36.91317236924367,44.53266560116897,7.619493231925304
2022-10-29 → 2023-10-29,2892.318597915702,6345.865691303295,4166.30752603096,4432.10078672827,36.88928784421465,44.585527493189375,7.696239648974725
2022-10-30 → 2023-10-30,2892.318597915702,6345.865691303295,4161.09487845351,4430.071895315827,36.73835179393088,44.52677944784412,7.788427653913239
2022-10-31 → 2023-10-31,2887.133869769527,6345.865691303295,4155.730665017335,4428.016831895047,36.67809071954157,44.55051856093945,7.872427841397879
2022-11-01 → 2023-11-01,2822.3091552635588,6345.865691303295,4150.107943912178,4425.943339236616,37.683481875985,45.51180511993275,7.82832324394775
2022-11-02 → 2023-11-02,2822.3091552635588,6345.865691303295,4144.602112538619,4423.868319134371,37.52722409163433,45.45291518639481,7.925691094760481
2022-11-03 → 2023-11-03,2822.3091552635588,6345.865691303295,4138.913478713952,4421.741486839549,37.36577829769057,45.39255480128198,8.026776503591414
2022-11-04 → 2023-11-04,2822.3091552635588,6345.865691303295,4133.172411394552,4419.626367851688,37.20284441935829,45.33252684469247,8.129682425334174
2022-11-05 → 2023-11-05,2822.3091552635588,6345.865691303295,4128.041483345424,4417.667365193755,37.057226547283655,45.27692953447776,8.219702987194104
2022-11-06 → 2023-11-06,2822.3091552635588,6345.865691303295,4123.006553946244,4415.729241841727,36.914333156822,45.22192478764868,8.307591630826678
2022-11-07 → 2023-11-07,2822.3091552635588,6345.865691303295,4117.677009962242,4413.737901717955,36.76307848190788,45.16540972670373,8.402331244795846
2022-11-08 → 2023-11-08,2793.4603722437123,6345.865691303295,4112.02584198815,4411.687716040298,37.117540126122144,45.55300418886251,8.435464062740365
2022-11-09 → 2023-11-09,2726.6287644820013,6345.865691303295,4104.723502810806,4408.818640190053,38.07694180273407,46.47913109091443,8.40218928818036
2022-11-10 → 2023-11-10,2676.1227018244203,6337.931910887333,4094.696882620973,4404.585091357309,38.73970760916781,47.20241527753479,8.462707668366981
2022-11-11 → 2023-11-11,2676.1227018244203,6337.931910887333,4086.5095118025642,4400.615170842319,38.516119476882125,47.09400109513652,8.577881618254395
2022-11-12 → 2023-11-12,2676.1227018244203,6337.931910887333,4077.732315613001,4396.278238198261,38.27642385953975,46.97556421335349,8.699140353813746
2022-11-13 → 2023-11-13,2676.1227018244203,6337.931910887333,4068.917820371564,4392.2781030564165,38.03570964593132,46.86632490257936,8.830615256648038
2022-11-14 → 2023-11-14,2676.1227018244203,6337.931910887333,4059.8535039238604,4388.03802774474,37.78817308872158,46.750533088489696,8.962359999768118
2022-11-15 → 2023-11-15,2642.667476515675,6337.931910887333,4050.6438038334963,4383.959185477919,38.10218056985232,47.12224902676912,9.020068456916796
2022-11-16 → 2023-11-16,2642.667476515675,6337.931910887333,4041.9899984232316,4379.996494385687,37.8679942060898,47.01501201673614,9.14701781064634
2022-11-17 → 2023-11-17,2642.667476515675,6337.931910887333,4033.060928887791,4376.443741377323,37.62635873739678,46.91886861288883,9.292509875492051
2022-11-18 → 2023-11-18,2642.667476515675,6337.931910887333,4024.145599975264,4372.948210405519,37.385095112807406,46.8242737324984,9.439178619690992
2022-11-19 → 2023-11-19,2642.667476515675,6337.931910887333,4015.0442153531512,4369.443867735425,37.13879651134723,46.72944039290034,9.590643881553106
2022-11-20 → 2023-11-20,2642.667476515675,6337.931910887333,4005.9624358398346,4365.956120287532,36.89302845673003,46.63505614760922,9.74202769087919
2022-11-21 → 2023-11-21,2642.667476515675,6337.931910887333,3996.7275613668053,4363.021619985742,36.64311739794,46.55564369001905,9.91252629207905
2022-11-22 → 2023-11-22,2642.667476515675,6183.187052707353,3986.7156704938793,4359.960068521692,37.96189132850143,48.50397109943971,10.54207977093828
2022-11-23 → 2023-11-23,2642.667476515675,6168.0492102574,3977.1444574665557,4357.004091275479,37.85340373720353,48.62839670245479,10.774992965251265
2022-11-24 → 2023-11-24,2642.667476515675,6168.0492102574,3967.9031319954793,4354.148527308157,37.591266863269375,48.5473965673491,10.956129704079721
2022-11-25 → 2023-11-25,2642.667476515675,6168.0492102574,3958.655625227616,4351.293364350409,37.328954652385804,48.466407807169716,11.137453154783913
2022-11-26 → 2023-11-26,2642.667476515675,6168.0492102574,3949.4083669455376,4348.421096688615,37.06664948998106,48.38493385970173,11.318284369720672
2022-11-27 → 2023-11-27,2642.667476515675,6168.0492102574,3940.1365933631996,4345.528660558144,36.80364893337191,48.30288781904784,11.499238885675929
2022-11-28 → 2023-11-28,2642.667476515675,6168.0492102574,3930.7358630948756,4342.630778983134,36.53699042719232,48.220687314425206,11.683696887232884
2022-11-29 → 2023-11-29,2642.22760279978,6088.602048497233,3921.102470724773,4339.6738504263985,37.10783282767126,49.25309986979959,12.145267042128332
2022-11-30 → 2023-11-30,2642.22760279978,6088.602048497233,3911.7309520757894,4336.774174814803,36.835908845044145,49.16896288302452,12.333054037980375
2022-12-01 → 2023-12-01,2583.742072407147,6088.602048497233,3902.8838738380114,4334.049022776235,37.63750365007329,49.93942589174921,12.301922241675918
2022-12-02 → 2023-12-02,2534.0654464057834,6088.602048497233,3893.6988686443424,4331.270905434213,38.25065189759379,50.56089330943938,12.310241411845588
2022-12-03 → 2023-12-03,2501.3618282727634,6088.602048497233,3884.5318847299995,4328.517110031251,38.55805498218586,50.93484599824637,12.376791016060508
2022-12-04 → 2023-12-04,2386.048327903929,6088.602048497233,3874.8835680105894,4325.7184835227545,40.21103682644439,52.38736023816581,12.17632341172142
2022-12-05 → 2023-12-05,2269.2715086736393,6088.602048497233,3865.1260135965617,4322.968940340408,41.78361857616626,53.77113633536479,11.987517759198525
2022-12-06 → 2023-12-06,2269.2715086736393,6088.602048497233,3855.263104965217,4320.178679848702,41.525381994427505,53.69808006378493,12.172698069357423
2022-12-07 → 2023-12-07,2269.2715086736393,6088.602048497233,3845.5700516415786,4317.411981044255,41.27159266609967,53.625640698414514,12.354048032314843
2022-12-08 → 2023-12-08,2262.184863561168,6088.602048497233,3835.5341253463926,4314.589261412609,41.11807954394584,53.637758212340195,12.519678668394356
2022-12-09 → 2023-12-09,2262.184863561168,6088.602048497233,3825.924552954418,4311.853996414644,40.86694194113018,53.56627450144915,12.699332560318972
2022-12-10 → 2023-12-10,2262.184863561168,6088.602048497233,3816.2278343459766,4309.09377796074,40.61352684968079,53.49413865424539,12.880611804564602
2022-12-11 → 2023-12-11,2262.184863561168,6088.602048497233,3806.902473215816,4306.327737151486,40.36981685467885,53.42185064497804,13.052033790299191
2022-12-12 → 2023-12-12,2262.184863561168,6088.602048497233,3797.5080957344576,4303.551965288972,40.12430317890031,53.349308323313736,13.225005144413423
2022-12-13 → 2023-12-13,2262.184863561168,6088.602048497233,3787.981908144418,4300.794335048582,39.87534476350476,53.27724011676152,13.401895353256755
2022-12-14 → 2023-12-14,2262.184863561168,6088.602048497233,3778.959736502134,4298.163840124675,39.639558355326315,53.208494478302036,13.568936122975721
2022-12-15 → 2023-12-15,2262.184863561168,6088.602048497233,3770.127180693078,4295.538575449524,39.40872738781373,53.13988552772848,13.731158139914754
2022-12-16 → 2023-12-16,2262.184863561168,6088.602048497233,3760.848009183021,4292.807605446142,39.166224517332495,53.068514062689765,13.90228954535727
2022-12-17 → 2023-12-17,2262.184863561168,6088.602048497233,3750.9898336936885,4288.734822709619,38.90858989431902,52.962075518754816,14.053485624435794
2022-12-18 → 2023-12-18,2262.184863561168,6088.602048497233,3741.109998093853,4284.739233554048,38.65038920363818,52.85765436020209,14.207265156563913
2022-12-19 → 2023-12-19,2262.184863561168,6088.602048497233,3731.2870047445385,4280.740612265188,38.39367403447195,52.75315395955049,14.359479925078539
2022-12-20 → 2023-12-20,2262.184863561168,6051.723669797238,3720.9173456113544,4275.489005120888,38.493667874562846,53.127946288519965,14.63427841395712
2022-12-21 → 2023-12-21,2262.184863561168,6051.723669797238,3710.9799849466235,4268.920093607099,38.231436474573535,52.95460299136258,14.723166516789043
2022-12-22 → 2023-12-22,2262.184863561168,6051.723669797238,3700.925461636135,4262.232801218091,37.96611333567487,52.778135808126336,14.812022472451467
2022-12-23 → 2023-12-23,2262.184863561168,6051.723669797238,3690.918319874807,4255.289480963212,37.702040521725586,52.59491245008993,14.892871928364343
2022-12-24 → 2023-12-24,2262.184863561168,6051.723669797238,3680.975728579573,4248.295200142246,37.439671093581126,52.41034432244718,14.970673228866055
2022-12-25 → 2023-12-25,2262.184863561168,6051.723669797238,3671.011916717329,4240.033816559591,37.17674168787487,52.19233933542712,15.015597647552248
2022-12-26 → 2023-12-26,2262.184863561168,6051.723669797238,3661.2027349036616,4231.732433658399,36.917892727217044,51.97327882897361,15.055386101756568
2022-12-27 → 2023-12-27,2262.184863561168,6051.723669797238,3651.3065453625404,4221.045699005809,36.65674776876363,51.691272621912134,15.034524853148504
2022-12-28 → 2023-12-28,2262.184863561168,6051.723669797238,3641.3478437786384,4208.694106228655,36.39395321530731,51.36533341377344,14.971380198466129
2022-12-29 → 2023-12-29,2262.184863561168,6051.723669797238,3631.330705641695,4195.931317628916,36.12961661264582,51.028543391232006,14.898926778586187
2022-12-30 → 2023-12-30,2262.184863561168,6051.723669797238,3621.3755182435893,4183.318810583752,35.866914793054384,50.695719063785894,14.82880427073151
2022-12-31 → 2023-12-31,2262.184863561168,6051.723669797238,3611.381850351851,4170.5688902197335,35.6031975334424,50.35926861385154,14.756071080409143
2023-01-01 → 2024-01-01,2262.184863561168,6021.647083039849,3601.049749316081,4157.6061225915955,35.61320230372128,50.41735089688606,14.804148593164783
2023-01-02 → 2024-01-02,2225.1316811079096,5998.772393091455,3590.6767564146276,4144.7672485203475,36.18640934655764,50.86959024255958,14.683180896001943
2023-01-03 → 2024-01-03,2225.1316811079096,5998.772393091455,3580.6926479229514,4132.051315789956,35.92183438424152,50.53262300850333,14.610788624261808
2023-01-04 → 2024-01-04,2225.1316811079096,5943.606991729443,3570.477010086185,4119.237628670361,36.180025859937864,50.937704014118005,14.757678154180141
2023-01-05 → 2024-01-05,2225.1316811079096,5943.606991729443,3560.4494163878403,4106.75069674556,35.910356362074005,50.60189616596226,14.691539803888254
2023-01-06 → 2024-01-06,2225.1316811079096,5902.271862594121,3550.4312873521903,4094.1583394201953,36.04158505887112,50.8282677859964,14.786682727125282
2023-01-07 → 2024-01-07,2225.1316811079096,5902.271862594121,3540.551052109584,4082.5879535111676,35.772891597241575,50.51361059758454,14.740719000342963
2023-01-08 → 2024-01-08,2128.5053474108918,5861.925872751207,3530.2402146364057,4071.64638376913,37.54559278043666,52.047205054167144,14.501612273730487
2023-01-09 → 2024-01-09,2128.5053474108918,5819.935891112184,3520.1528495530765,4060.875443535473,37.699409095391495,52.347459155686806,14.648050060295311
2023-01-10 → 2024-01-10,2128.5053474108918,5735.946407352113,3510.0872415404433,4050.280556709233,38.298114125031965,53.27253245073543,14.974418325703468
2023-01-11 → 2024-01-11,2128.5053474108918,5607.3579589897745,3500.3061346538157,4040.0824830943,39.43256413557371,54.94849449272403,15.515930357150317
2023-01-12 → 2024-01-12,2128.5053474108918,5299.500057546061,3491.3666250771603,4030.5173419142393,42.978983008400355,59.98155684158398,17.002573833183625
2023-01-13 → 2024-01-13,2128.5053474108918,5033.035651812386,3483.263860347024,4022.5179628102533,46.64294639595069,65.2089121786471,18.56596578269641
2023-01-14 → 2024-01-14,2128.5053474108918,4940.612187726725,3476.0351015726874,4015.872998280399,47.91886762063606,67.1157874875598,19.196919866923743
2023-01-15 → 2024-01-15,2128.5053474108918,4940.612187726725,3469.4556260460845,4010.6216654488207,47.68489800638542,66.92904732689831,19.244149320512896
2023-01-16 → 2024-01-16,2128.5053474108918,4940.612187726725,3462.6964950656647,4002.7730360610167,47.444539749596686,66.64994593305076,19.205406183454073
2023-01-17 → 2024-01-17,2128.5053474108918,4940.612187726725,3456.196942193646,3996.1107010201354,47.21341222702757,66.41302979084142,19.199617563813852
2023-01-18 → 2024-01-18,2128.5053474108918,4940.612187726725,3449.91751152905,3989.597972132937,46.99011236606315,66.18143372223446,19.191321356171308
2023-01-19 → 2024-01-19,2128.5053474108918,4940.612187726725,3443.2912484082367,3983.175403782544,46.754478960325656,65.95304380979175,19.198564849466095
2023-01-20 → 2024-01-20,2128.5053474108918,4940.612187726725,3436.881991316451,3977.4962989560304,46.52656240324827,65.75109185174041,19.22452944849214
2023-01-21 → 2024-01-21,2128.5053474108918,4940.612187726725,3431.4026540452583,3973.665365505671,46.33171428465483,65.61486184100835,19.28314755635352
2023-01-22 → 2024-01-22,2128.5053474108918,4940.612187726725,3426.3244000188884,3969.8066089792264,46.15112889744388,65.47764242704002,19.32651352959614
2023-01-23 → 2024-01-23,2128.5053474108918,4940.612187726725,3421.1724782111455,3965.81972855417,45.9679238451364,65.33586685977144,19.367943014635046
2023-01-24 → 2024-01-24,2128.5053474108918,4940.612187726725,3416.069652121678,3962.0515813932147,45.786464662422894,65.20186956255168,19.415404900128785
2023-01-25 → 2024-01-25,2128.5053474108918,4940.612187726725,3410.8307325996248,3957.777797331908,45.60016592558455,65.04989155090448,19.449725625319928
2023-01-26 → 2024-01-26,2128.5053474108918,4940.612187726725,3405.5344789898745,3954.070697695499,45.41182835839754,64.91806513580309,19.506236777405547
2023-01-27 → 2024-01-27,2128.5053474108918,4940.612187726725,3400.1456433902954,3950.2173561412237,45.22019852690175,64.78103828109646,19.56083975419471
2023-01-28 → 2024-01-28,2128.5053474108918,4940.612187726725,3394.8106021172257,3946.0710897559197,45.03048164998285,64.63359486515432,19.60311321517147
2023-01-29 → 2024-01-29,2128.5053474108918,4940.612187726725,3389.257789846124,3941.807485768434,44.83302072170326,64.48197886229269,19.648958140589436
2023-01-30 → 2024-01-30,2128.5053474108918,4940.612187726725,3384.127151287912,3938.5091243898796,44.65057251295612,64.36468739486807,19.714114881911954
2023-01-31 → 2024-01-31,2128.5053474108918,4940.612187726725,3378.558635141627,3933.712676540255,44.45255314660588,64.19412318369159,19.741570037085708
2023-02-01 → 2024-02-01,2128.5053474108918,4940.612187726725,3373.0971623695395,3929.3500327748275,44.25834029900746,64.0389852741754,19.780644975167945
2023-02-02 → 2024-02-02,2128.5053474108918,4940.612187726725,3367.9131079134836,3925.532312721774,44.07399259280602,63.90322513880925,19.829232546003226
2023-02-03 → 2024-02-03,2128.5053474108918,4940.612187726725,3362.645977605576,3921.3436148943365,43.886690665567855,63.75427283844193,19.867582172874073
2023-02-04 → 2024-02-04,2128.5053474108918,4940.612187726725,3357.4098332593985,3917.0237088051545,43.70049061544497,63.600654703197215,19.900164087752245
2023-02-05 → 2024-02-05,2128.5053474108918,4940.612187726725,3352.1221665547055,3912.4202080091627,43.51245840312336,63.436951790847175,19.924493387723814
2023-02-06 → 2024-02-06,2128.5053474108918,4940.612187726725,3346.559633249738,3907.1298793496326,43.31465178976074,63.24882491800987,19.934173128249135
2023-02-07 → 2024-02-07,2128.5053474108918,4940.612187726725,3340.721363912337,3901.273359243602,43.1070398578917,63.04056397919814,19.93352412130644
2023-02-08 → 2024-02-08,2128.5053474108918,4940.612187726725,3335.0051756191824,3896.244687025016,42.903769192239736,62.861741747180055,19.95797255494032
2023-02-09 → 2024-02-09,2119.6784657802627,4940.612187726725,3328.885013423053,3890.077760035335,42.86547174913524,62.75933675724523,19.89386500810999
2023-02-10 → 2024-02-10,2092.361121125474,4940.612187726725,3322.0790882474957,3881.580833208583,43.17449334230969,62.81818808263071,19.643694740321024
2023-02-11 → 2024-02-11,2074.654422592821,4940.612187726725,3315.1103144091667,3872.0452191013756,43.2824205194939,62.71518786406737,19.43276734457347
2023-02-12 → 2024-02-12,2000.4079345267212,4940.612187726725,3308.0798769223575,3861.9560439476095,44.475547607701635,63.313564266661125,18.83801665895949
2023-02-13 → 2024-02-13,2000.4079345267212,4940.612187726725,3301.036055567274,3851.508052510135,44.23597849112013,62.958215095728406,18.722236604608277
2023-02-14 → 2024-02-14,1928.852615572766,4940.612187726725,3293.7721932653258,3841.008421360001,45.31967260309536,63.489656460847364,18.169983857752
2023-02-15 → 2024-02-15,1925.330029735177,4940.612187726725,3286.7376825433935,3831.455631241156,45.150257305108646,63.21549697941475,18.065239674306106
2023-02-16 → 2024-02-16,1917.276703934811,4940.612187726725,3280.734489731628,3826.4763262536144,45.09779986727597,63.14878492823613,18.050985060960166
2023-02-17 → 2024-02-17,1917.276703934811,4940.612187726725,3274.514033967923,3820.2201216679746,44.89205175241895,62.94185438350568,18.049802631086727
2023-02-18 → 2024-02-18,1917.276703934811,4940.612187726725,3268.6500664143887,3815.714505971137,44.69809485994139,62.7928264069218,18.094731546980405
2023-02-19 → 2024-02-19,1917.276703934811,4940.612187726725,3262.8339711355293,3810.5023509372672,44.50572139328381,62.62042889887772,18.114707505593913
2023-02-20 → 2024-02-20,1911.7515169723924,4940.612187726725,3256.8444600253288,3804.515588277578,44.40920495421611,62.49095871530452,18.081753761088414
2023-02-21 → 2024-02-21,1911.7515169723924,4940.612187726725,3251.1066742359044,3799.51323564819,44.219767855150224,62.325802467686756,18.106034612536533
2023-02-22 → 2024-02-22,1911.7515169723924,4940.612187726725,3245.2359478906924,3793.4199320595453,44.02594162861238,62.12462769436424,18.098686065751863
2023-02-23 → 2024-02-23,1911.7515169723924,4940.612187726725,3239.3083313397347,3786.6135864650387,43.83023713126812,61.89991132955333,18.069674198285213
2023-02-24 → 2024-02-24,1911.7515169723924,4940.612187726725,3233.178434601219,3779.0291985337362,43.627854208946744,61.64950734086759,18.02165313192085
2023-02-25 → 2024-02-25,1911.7515169723924,4940.612187726725,3226.669302043363,3769.3122201570773,43.41295054498141,61.328694354305256,17.915743809323843
2023-02-26 → 2024-02-26,1833.1192094185187,4940.612187726725,3219.8804919593495,3759.403164504129,44.626368980431835,61.98836066668526,17.361991686253425
2023-02-27 → 2024-02-27,1752.8518130268437,4940.612187726725,3213.063939352399,3750.4091776214727,45.806834726811296,62.66334761070909,16.856512883897793
2023-02-28 → 2024-02-28,1601.0056718456406,4940.612187726725,3205.8137890699845,3741.174227431179,48.053808423024634,64.08445262662629,16.030644203601653
2023-03-01 → 2024-03-01,1599.3755572837013,4940.612187726725,3194.10249277572,3729.242523220706,47.72864396858265,63.744870582680036,16.016226614097384
2023-03-02 → 2024-03-02,1599.3755572837013,4940.612187726725,3186.9532784841276,3720.0078062951266,47.51467485827022,63.46848438358719,15.95380952531697
2023-03-03 → 2024-03-03,1587.5172303164088,4940.612187726725,3179.6692551633023,3710.2506512611544,47.48305804248844,63.30668972715847,15.823631684670033
2023-03-04 → 2024-03-04,1468.6047803456822,4940.612187726725,3171.4794761846297,3697.122481146649,49.04582554227431,64.18528071292198,15.139455170647672
2023-03-05 → 2024-03-05,1468.6047803456822,4940.612187726725,3163.5402057236124,3683.179033291233,48.81716040624553,63.78368456926818,14.966524163022655
2023-03-06 → 2024-03-06,1468.6047803456822,4940.612187726725,3155.5086919703567,3669.879083559338,48.58583849903468,63.4006223182021,14.814783819167424
2023-03-07 → 2024-03-07,1468.6047803456822,4940.612187726725,3147.4149967521007,3656.377135716465,48.352725654832504,63.01174216160539,14.659016506772886
2023-03-08 → 2024-03-08,1463.1923369313529,4940.612187726725,3139.114010333572,3641.959872849804,48.19440117416061,62.6547161229356,14.460314948774993
2023-03-09 → 2024-03-09,1459.8006234184531,4940.612187726725,3130.535807929097,3623.6617888970095,47.998438112597526,62.1654210663533,14.16698295375577
2023-03-10 → 2024-03-10,1451.7527818164933,4940.612187726725,3121.101756144357,3601.7569013100706,47.84798640781961,61.62484265921999,13.776856251400382
2023-03-11 → 2024-03-11,1385.0782398168576,4857.8509431341545,3111.413652744058,3579.1289701460855,49.710578848945474,63.178644782407,13.468065933461524
2023-03-12 → 2024-03-12,1385.0782398168576,4531.863068719684,3101.9914935802717,3555.5331837606773,54.56087235434022,68.97373229998001,14.412859945639795
2023-03-13 → 2024-03-13,1368.333930422572,4140.027471070253,3093.3715231761926,3537.2177391306277,62.237674095474446,78.2512127297175,16.013538634243048
2023-03-14 → 2024-03-14,1368.333930422572,4096.714959686975,3085.9014163438633,3524.6561137081235,62.95189225767207,79.03302948367575,16.081137226003676
2023-03-15 → 2024-03-15,1368.333930422572,4096.714959686975,3078.8254034336164,3516.9352497920318,62.692543844296154,78.75004613812106,16.05750229382491
2023-03-16 → 2024-03-16,1368.333930422572,3993.093729267595,3071.8269019366303,3508.3898048794417,64.90090911418443,81.53339880466632,16.63248969048189
2023-03-17 → 2024-03-17,1368.333930422572,3984.447048889108,3064.936860583392,3501.019456178232,64.85204780270752,81.52115100457725,16.66910320186973
2023-03-18 → 2024-03-18,1368.333930422572,3984.447048889108,3059.031291084963,3498.005647365372,64.6263094943468,81.40594922711641,16.77963973276961
2023-03-19 → 2024-03-19,1368.333930422572,3984.447048889108,3053.331129450953,3494.2323232073313,64.40842282905798,81.26171524383007,16.853292414772085
2023-03-20 → 2024-03-20,1368.333930422572,3984.447048889108,3047.6796843895095,3492.1927442543347,64.1923983375499,81.18375305868602,16.99135472113612
2023-03-21 → 2024-03-21,1368.333930422572,3984.447048889108,3042.0532222702764,3489.866195586284,63.97732881018439,81.0948215575354,17.117492747351008
2023-03-22 → 2024-03-22,1368.333930422572,3984.447048889108,3036.6734261574575,3487.8878492226077,63.77168800379708,81.01919996649212,17.247511962695043
2023-03-23 → 2024-03-23,1368.333930422572,3984.447048889108,3030.9412570125874,3485.023629163586,63.55257786270998,80.90971616631529,17.35713830360531
2023-03-24 → 2024-03-24,1368.333930422572,3984.447048889108,3025.392171555851,3483.2545277445743,63.34046603094067,80.84209288938112,17.501626858440453
2023-03-25 → 2024-03-25,1368.333930422572,3984.447048889108,3019.3611109060703,3480.469941587584,63.10993086764025,80.73565306698451,17.62572219934426
2023-03-26 → 2024-03-26,1368.333930422572,3984.447048889108,3013.337400335634,3477.813233736177,62.879676658526876,80.63410134765503,17.754424689128157
2023-03-27 → 2024-03-27,1368.333930422572,3984.447048889108,3007.556830041857,3475.6655508094864,62.658716400617045,80.55200692629646,17.89329052567941
2023-03-28 → 2024-03-28,1368.333930422572,3984.447048889108,3001.369716813563,3472.626317550442,62.42221618261726,80.43583330835956,18.0136171257423
2023-03-29 → 2024-03-29,1368.333930422572,3984.447048889108,2995.280097695561,3469.5271424715793,62.18944264255063,80.31736843553023,18.127925792979596
2023-03-30 → 2024-03-30,1368.333930422572,3984.447048889108,2989.5935230430455,3467.615655960569,61.97207533483082,80.24430253874169,18.272227203910873
2023-03-31 → 2024-03-31,1368.333930422572,3984.447048889108,2983.6950820941,3465.2846054495785,61.74660951275648,80.15519895623466,18.408589443478178
2023-04-01 → 2024-04-01,1368.333930422572,3984.447048889108,2978.04350510764,3463.4093249863613,61.53057997846123,80.08351702283582,18.552937044374588
2023-04-02 → 2024-04-02,1368.333930422572,3984.447048889108,2972.638845322299,3461.4918300811423,61.32398876697306,80.01022145730067,18.686232690327614
2023-04-03 → 2024-04-03,1368.333930422572,3984.447048889108,2967.0837598459166,3459.2250921416316,61.11164758657186,79.92357620012467,18.81192861355281
2023-04-04 → 2024-04-04,1368.333930422572,3984.447048889108,2961.2816773446884,3456.7370041135796,60.88986503212983,79.82846991399013,18.9386048818603
2023-04-05 → 2024-04-05,1368.333930422572,3984.447048889108,2955.6023738185254,3454.5767992542756,60.672775660646835,79.74589684617989,19.073121185533054
2023-04-06 → 2024-04-06,1368.333930422572,3984.447048889108,2949.8778641296117,3452.3396751050104,60.45395829955852,79.66038356567708,19.206425266118558
2023-04-07 → 2024-04-07,1368.333930422572,3984.447048889108,2944.090109639767,3449.8551595613562,60.232723428291294,79.56541383649693,19.332690408205636
2023-04-08 → 2024-04-08,1368.333930422572,3984.447048889108,2938.1362779398564,3447.2298275293174,60.00514031432409,79.46506144678153,19.459921132457445
2023-04-09 → 2024-04-09,1368.333930422572,3984.447048889108,2932.337072516284,3444.604373293574,59.78346773515932,79.36470438587271,19.581236650713393
2023-04-10 → 2024-04-10,1368.333930422572,3984.447048889108,2926.589054402007,3442.3386611992582,59.563751772814165,79.27809834126697,19.714346568452804
2023-04-11 → 2024-04-11,1368.333930422572,3984.447048889108,2921.3007937202315,3441.2805255304493,59.36160987595018,79.2376514790369,19.87604160308672
2023-04-12 → 2024-04-12,1368.333930422572,3984.447048889108,2916.353252422671,3440.688247214235,59.172491857213274,79.21501184957923,20.042519992365953
2023-04-13 → 2024-04-13,1368.333930422572,3984.447048889108,2911.465294387007,3439.7888544545513,58.985651387618844,79.18063287898597,20.19498149136713
2023-04-14 → 2024-04-14,1368.333930422572,3984.447048889108,2906.6441033870115,3439.2622230595043,58.801363064382215,79.16050257990489,20.35913951552267
2023-04-15 → 2024-04-15,1368.333930422572,3984.447048889108,2901.9965503590483,3438.7917150812473,58.623711991301434,79.14251757860904,20.51880558730761
2023-04-16 → 2024-04-16,1368.333930422572,3984.447048889108,2897.288146822739,3438.200027667496,58.44373492903016,79.11990053618933,20.676165607159177
2023-04-17 → 2024-04-17,1368.333930422572,3984.447048889108,2892.7425199549402,3437.543794341858,58.269979947423586,79.09481624908392,20.824836301660334
2023-04-18 → 2024-04-18,1368.333930422572,3984.447048889108,2887.786697888336,3436.1278913796045,58.080545399214564,79.04069385841746,20.96014845920289
2023-04-19 → 2024-04-19,1368.333930422572,3984.447048889108,2883.087118870089,3435.4216332163824,57.90090565102959,79.01369738956308,21.11279173853349
2023-04-20 → 2024-04-20,1368.333930422572,3984.447048889108,2877.822888626328,3433.384707609599,57.69968230917172,78.93583662764092,21.236154318469204
2023-04-21 → 2024-04-21,1368.333930422572,3984.447048889108,2872.372075719198,3430.838442470843,57.49132691090342,78.8385065419966,21.347179631093177
2023-04-22 → 2024-04-22,1368.333930422572,3984.447048889108,2866.4584462858948,3427.3562777058014,57.26528051437872,78.70540202367657,21.440121509297846
2023-04-23 → 2024-04-23,1368.333930422572,3984.447048889108,2860.771242491069,3424.355249989975,57.04788915791631,78.59068879913585,21.54279964121954
2023-04-24 → 2024-04-24,1368.333930422572,3984.447048889108,2855.1453635417643,3421.1135238503466,56.83284192201534,78.46677496235462,21.63393304033928
2023-04-25 → 2024-04-25,1368.333930422572,3984.447048889108,2849.46777021869,3417.7142537950263,56.615817922441416,78.33683906503713,21.72102114259571
2023-04-26 → 2024-04-26,1368.333930422572,3984.447048889108,2844.1127817908114,3415.0390841038015,56.41112538104941,78.23458164840092,21.82345626735151
2023-04-27 → 2024-04-27,1368.333930422572,3984.447048889108,2838.8089007453477,3412.552461157931,56.208386401300224,78.13953136451532,21.931144963215097
2023-04-28 → 2024-04-28,1368.333930422572,3984.447048889108,2833.8880504019153,3410.8421704349385,56.020288634858204,78.07415610566586,22.05386747080766
2023-04-29 → 2024-04-29,1368.333930422572,3984.447048889108,2828.868102247055,3409.036341749402,55.8284028895735,78.00512894194004,22.17672605236654
2023-04-30 → 2024-04-30,1368.333930422572,3984.447048889108,2824.0371494431747,3407.139521896561,55.64374142483103,77.93262367298007,22.288882248149044
2023-05-01 → 2024-05-01,1368.333930422572,3984.447048889108,2819.443637674983,3405.3113141167123,55.46815605981883,77.86274107627798,22.394585016459153
2023-05-02 → 2024-05-02,1368.333930422572,3984.447048889108,2814.3570338492395,3403.112021798142,55.27372242505593,77.77867390414211,22.50495147908618
2023-05-03 → 2024-05-03,1368.333930422572,3984.447048889108,2809.18605034124,3401.0334757851183,55.07606340673983,77.69922221689085,22.62315881015102
2023-05-04 → 2024-05-04,1368.333930422572,3984.447048889108,2804.0701897896543,3399.0738041794466,54.880511443964444,77.62431446187678,22.743803017912334
2023-05-05 → 2024-05-05,1368.333930422572,3984.447048889108,2798.8804092630035,3397.098790851928,54.6821339162491,77.54882027496346,22.86668635871436
2023-05-06 → 2024-05-06,1368.333930422572,3984.447048889108,2793.9698383805257,3395.2810276115133,54.494429078571585,77.47933691709245,22.98490783852087
2023-05-07 → 2024-05-07,1368.333930422572,3984.447048889108,2788.908174201194,3393.2942985332506,54.300948752984645,77.40339489974471,23.102446146760066
2023-05-08 → 2024-05-08,1368.333930422572,3984.447048889108,2783.895572753712,3391.3505818268104,54.109343832994774,77.32909701511885,23.219753182124073
2023-05-09 → 2024-05-09,1368.333930422572,3984.447048889108,2778.393621519521,3389.2744168040917,53.8990336902355,77.24973634038106,23.350702650145564
2023-05-10 → 2024-05-10,1368.333930422572,3984.447048889108,2773.0107862792524,3387.1749602603572,53.69327671427479,77.1694853554785,23.476208641203712
2023-05-11 → 2024-05-11,1368.333930422572,3984.447048889108,2767.63312907082,3385.1409798092573,53.48771766675222,77.09173717109218,23.60401950433996
2023-05-12 → 2024-05-12,1368.333930422572,3984.447048889108,2761.9716779095597,3383.0221214955513,53.271310695612584,77.01074456038474,23.739433864772153
2023-05-13 → 2024-05-13,1368.333930422572,3984.447048889108,2756.1272557737857,3380.8855963121614,53.04790972359347,76.92907663982317,23.881166916229695
2023-05-14 → 2024-05-14,1368.333930422572,3984.447048889108,2750.4023514497044,3378.7588961843576,52.82907727771524,76.8477842785414,24.018707000826154
2023-05-15 → 2024-05-15,1368.333930422572,3984.447048889108,2744.3908139145046,3376.646074454203,52.599288378574535,76.76702241410821,24.167734035533677
2023-05-16 → 2024-05-16,1368.333930422572,3984.447048889108,2738.5595151864663,3374.5717202283,52.37638904418122,76.68773095643917,24.31134191225795
2023-05-17 → 2024-05-17,1368.333930422572,3984.447048889108,2732.5467879566513,3372.4777958196437,52.146554669384024,76.60769143544616,24.461136766062133
2023-05-18 → 2024-05-18,1368.333930422572,3984.447048889108,2726.6708764794885,3370.4301325732044,51.92195002841166,76.52942023104046,24.607470202628804
2023-05-19 → 2024-05-19,1368.333930422572,3984.447048889108,2720.6324155242537,3368.319793241808,51.69113199104886,76.44875325542307,24.757621264374208
2023-05-20 → 2024-05-20,1368.333930422572,3984.447048889108,2714.3259514745373,3366.2153182286834,51.4500696300523,76.3683104413005,24.918240811248197
2023-05-21 → 2024-05-21,1368.333930422572,3984.447048889108,2708.152194911042,3364.135771178403,51.21407996584718,76.28882048975362,25.074740523906435
2023-05-22 → 2024-05-22,1368.333930422572,3984.447048889108,2701.9210475112354,3362.019657111416,50.97589655719324,76.20793277690781,25.232036219714573
2023-05-23 → 2024-05-23,1368.333930422572,3984.447048889108,2695.7974543913992,3359.914516872087,50.74182437290536,76.12746453474848,25.38564016184312
2023-05-24 → 2024-05-24,1368.333930422572,3984.447048889108,2689.76118886257,3357.852772152916,50.51109025494156,76.04865507102089,25.537564816079332
2023-05-25 → 2024-05-25,1368.333930422572,3984.447048889108,2683.349904978657,3355.6864695384675,50.26602119280287,75.96584891867384,25.699827725870975
2023-05-26 → 2024-05-26,1368.333930422572,3984.447048889108,2677.0427699806983,3353.540320915865,50.024933185046706,75.88381314554717,25.85887996050046
2023-05-27 → 2024-05-27,1368.333930422572,3984.447048889108,2670.77450099301,3351.4245217222287,49.78533081680651,75.80293746862397,26.01760665181746
2023-05-28 → 2024-05-28,1368.333930422572,3984.447048889108,2664.6149543872157,3349.326569263485,49.54988432321586,75.72274397683897,26.172859653623107
2023-05-29 → 2024-05-29,1368.333930422572,3984.447048889108,2658.9490185913423,3347.3752451143628,49.33330592850201,75.64815530040337,26.314849371901367
2023-05-30 → 2024-05-30,1368.333930422572,3984.447048889108,2653.1203138511573,3345.388732370743,49.110505748378245,75.57222155237095,26.461715803992703
2023-05-31 → 2024-05-31,1368.333930422572,3984.447048889108,2647.331998254062,3343.252839968337,48.88924942898452,75.490577819639,26.60132839065448
2023-06-01 → 2024-06-01,1368.333930422572,3984.447048889108,2641.3448314815764,3341.023646931624,48.660392093641356,75.40536770311242,26.744975609471062
2023-06-02 → 2024-06-02,1368.333930422572,3984.447048889108,2635.2058471163855,3338.9317779745047,48.425731584435646,75.32540675102844,26.899675166592793
2023-06-03 → 2024-06-03,1368.333930422572,3984.447048889108,2629.1670577140007,3336.8918796883345,48.19490099229655,75.24743235948661,27.052531367190056
2023-06-04 → 2024-06-04,1368.333930422572,3984.447048889108,2622.9668109406825,3334.6365389574107,47.95789874917671,75.16122275658358,27.203324007406877
2023-06-05 → 2024-06-05,1368.333930422572,3984.447048889108,2616.7668012402137,3332.587888268976,47.7209055680828,75.08291380755635,27.362008239473553
2023-06-06 → 2024-06-06,1368.333930422572,3984.447048889108,2610.0489895212495,3330.0722584218393,47.46411958770815,74.98675474511447,27.52263515740632
2023-06-07 → 2024-06-07,1368.333930422572,3984.447048889108,2603.966147835765,3327.832237981833,47.23160511260585,74.90113075492097,27.669525642315122
2023-06-08 → 2024-06-08,1368.333930422572,3984.447048889108,2597.5525867525553,3325.3616807162166,46.98644900532832,74.80669457598907,27.820245570660752
2023-06-09 → 2024-06-09,1368.333930422572,3984.447048889108,2591.1912112843465,3322.9350971733716,46.74328767475338,74.71393927707955,27.970651602326164
2023-06-10 → 2024-06-10,1368.333930422572,3984.447048889108,2584.8200653897015,3320.497008084013,46.49975287307861,74.62074418271804,28.12099130963943
2023-06-11 → 2024-06-11,1368.333930422572,3984.447048889108,2578.329283291991,3317.9329387658445,46.25164501979454,74.5227335386037,28.271088518809165
2023-06-12 → 2024-06-12,1368.333930422572,3984.447048889108,2571.8061008577156,3315.3774441893856,46.00229867508834,74.42505066096282,28.422751985874484
2023-06-13 → 2024-06-13,1368.333930422572,3984.447048889108,2565.3684400353773,3312.8210356027794,45.756221363794104,74.32733284560685,28.571111481812743
2023-06-14 → 2024-06-14,1368.333930422572,3984.447048889108,2558.9698060429046,3310.3824100467177,45.51163583928807,74.2341172449951,28.722481405707036
2023-06-15 → 2024-06-15,1368.333930422572,3978.509780532298,2552.228702689681,3307.5662766416294,45.35689701585971,74.29508422344557,28.938187207585862
2023-06-16 → 2024-06-16,1368.333930422572,3978.509780532298,2545.6578524406373,3304.869078989458,45.10515726243399,74.19175027941043,29.086593016976437
2023-06-17 → 2024-06-17,1368.333930422572,3978.509780532298,2539.4083632115735,3302.3610468820752,44.86572936224861,74.09566356911168,29.22993420686307
2023-06-18 → 2024-06-18,1368.333930422572,3978.509780532298,2533.3163858744933,3299.894801289235,44.632335993873674,74.00117776683378,29.368841772960103
2023-06-19 → 2024-06-19,1368.333930422572,3978.509780532298,2527.1769902423202,3297.3868215880625,44.39712595498243,73.90509306430053,29.507967109318102
2023-06-20 → 2024-06-20,1368.333930422572,3978.509780532298,2521.200114585455,3294.9775662883685,44.16814231556158,73.81279065105153,29.644648335489947
2023-06-21 → 2024-06-21,1368.333930422572,3978.509780532298,2515.82548185251,3292.8997094427427,43.962231563122465,73.73318464115229,29.770953078029827
2023-06-22 → 2024-06-22,1368.333930422572,3978.509780532298,2511.0132490202955,3291.16786419164,43.77786724789779,73.66683488732134,29.888967639423555
2023-06-23 → 2024-06-23,1368.333930422572,3978.509780532298,2506.217711677758,3289.4393373116554,43.594142563511646,73.60061226558066,30.00646970206902
2023-06-24 → 2024-06-24,1368.333930422572,3978.509780532298,2501.846107964574,3287.7801113658643,43.42665945263235,73.53704467316265,30.110385220530304
2023-06-25 → 2024-06-25,1368.333930422572,3978.509780532298,2497.340049208609,3286.116007254588,43.254025154610794,73.47329019044433,30.219265035833537
2023-06-26 → 2024-06-26,1368.333930422572,3978.509780532298,2492.878724760451,3284.445701534033,43.08310469927172,73.40929811418307,30.32619341491135
2023-06-27 → 2024-06-27,1368.333930422572,3978.509780532298,2488.2984185839864,3282.761764222821,42.90762586414757,73.34478378994162,30.437157925794047
2023-06-28 → 2024-06-28,1368.333930422572,3978.509780532298,2483.931818111715,3281.110732646171,42.7403344354077,73.28153013687528,30.541195701467572
2023-06-29 → 2024-06-29,1368.333930422572,3978.509780532298,2479.355553667462,3279.4206671883458,42.56501044549107,73.21678103356277,30.6517705880717
2023-06-30 → 2024-06-30,1368.333930422572,3978.509780532298,2474.751683606397,3277.759613098996,42.3886288403639,73.15314340204917,30.764514561685267
2023-07-01 → 2024-07-01,1368.333930422572,3978.509780532298,2470.1497881219793,3276.1021022820537,42.21232288441752,73.08964151895296,30.877318634535442
2023-07-02 → 2024-07-02,1368.333930422572,3978.509780532298,2465.632699640465,3274.453561162785,42.03926602001796,73.02648327928112,30.98721725926316
2023-07-03 → 2024-07-03,1368.333930422572,3978.509780532298,2461.2514618814935,3272.8088480215397,41.87141381347841,72.96347169555291,31.0920578820745
2023-07-04 → 2024-07-04,1368.333930422572,3978.509780532298,2457.2455332165796,3271.206661518001,41.7179402969433,72.90208937514446,31.18414907820116
2023-07-05 → 2024-07-05,1368.333930422572,3978.509780532298,2453.202636881632,3269.5806911026175,41.563050490006425,72.8397958551383,31.27674536513188
2023-07-06 → 2024-07-06,1368.333930422572,3978.509780532298,2448.945263037313,3267.933379827275,41.39994370759788,72.77668473274888,31.376741025151
2023-07-07 → 2024-07-07,1368.333930422572,3978.509780532298,2444.71241481277,3266.248452821319,41.237776540800866,72.71213249172322,31.47435595092236
2023-07-08 → 2024-07-08,1368.333930422572,3978.509780532298,2440.534871549959,3264.5906399430114,41.077728195298185,72.64861903617432,31.57089084087614
2023-07-09 → 2024-07-09,1368.333930422572,3978.509780532298,2436.2307643456493,3262.926995343344,40.91283098332955,72.58488215807864,31.672051174749093
2023-07-10 → 2024-07-10,1368.333930422572,3978.509780532298,2431.917809482829,3261.257452176936,40.747594803451506,72.52091929648302,31.77332449303151
2023-07-11 → 2024-07-11,1368.333930422572,3978.509780532298,2427.70776516331,3259.6067732979595,40.586301290627766,72.4576791558271,31.871377865199328
2023-07-12 → 2024-07-12,1368.333930422572,3978.509780532298,2423.51729199562,3257.973573872544,40.42575757984621,72.3951086809165,31.96935110107028
2023-07-13 → 2024-07-13,1368.333930422572,3978.509780532298,2419.142588066959,3256.3246441261117,40.258155694767204,72.33193555231816,32.07377985755095
2023-07-14 → 2024-07-14,1368.333930422572,3978.509780532298,2414.9402612921067,3254.74924067996,40.097157853388985,72.27157933355667,32.17442148016769
2023-07-15 → 2024-07-15,1368.333930422572,3978.509780532298,2410.1598718537657,3253.094925608265,39.914013509373234,72.20819988455803,32.29418637518479
2023-07-16 → 2024-07-16,1368.333930422572,3978.509780532298,2405.348786462295,3251.4400369464893,39.7296931544336,72.14479846040854,32.41510530597494
2023-07-17 → 2024-07-17,1368.333930422572,3978.509780532298,2400.5852693135,3249.781929279192,39.54719521474135,72.08127371102326,32.53407849628191
2023-07-18 → 2024-07-18,1368.333930422572,3978.509780532298,2395.804467273508,3248.1177260589984,39.36403506329827,72.01751543128424,32.65348036798597
2023-07-19 → 2024-07-19,1368.333930422572,3978.509780532298,2390.7535502634096,3246.4312548431694,39.170526376522005,71.95290402911537,32.78237765259337
2023-07-20 → 2024-07-20,1368.333930422572,3978.509780532298,2385.7001214511815,3244.7532287047184,38.976921458599875,71.8886161713306,32.91169471273072
2023-07-21 → 2024-07-21,1368.333930422572,3978.509780532298,2380.561950595066,3243.068140091764,38.78006993781442,71.82405773888307,33.04398780106865
2023-07-22 → 2024-07-22,1368.333930422572,3978.509780532298,2375.4895504357773,3241.3941933947854,38.585738197327466,71.75992617100775,33.17418797368028
2023-07-23 → 2024-07-23,1368.333930422572,3978.509780532298,2370.456895511326,3239.707352052086,38.39292916018003,71.69530058868816,33.302371428508124
2023-07-24 → 2024-07-24,1368.333930422572,3978.509780532298,2365.5636797971556,3238.048781956522,38.20546226158143,71.6317581229384,33.42629586135696
2023-07-25 → 2024-07-25,1368.333930422572,3978.509780532298,2360.3712047150907,3236.323878969156,38.00653025928562,71.56567433830398,33.55914407901836
2023-07-26 → 2024-07-26,1368.333930422572,3978.509780532298,2355.058730658131,3234.604600116444,37.80300090486545,71.49980602323855,33.6968051183731
2023-07-27 → 2024-07-27,1368.333930422572,3978.509780532298,2349.781092892515,3232.898821258848,37.60080618432989,71.43445491451826,33.833648730188365
2023-07-28 → 2024-07-28,1368.333930422572,3978.509780532298,2344.4471604352334,3231.1814515407136,37.39645472436762,71.36865974144354,33.972205017075915
2023-07-29 → 2024-07-29,1368.333930422572,3978.509780532298,2339.22762944943,3229.4753220848106,37.19648616724593,71.30329520074291,34.10680903349698
2023-07-30 → 2024-07-30,1368.333930422572,3978.509780532298,2334.0639284987424,3227.7725814308956,36.99865654781739,71.23806049045152,34.23940394263413
2023-07-31 → 2024-07-31,1368.333930422572,3978.509780532298,2328.964514697312,3226.062408374292,36.80328987161372,71.17254103295856,34.36925116134484
2023-08-01 → 2024-08-01,1368.333930422572,3978.509780532298,2323.8198939241593,3224.348046027595,36.60619124421907,71.10686107708032,34.500669832861256
2023-08-02 → 2024-08-02,1368.333930422572,3978.509780532298,2319.013243744236,3222.6543166623346,36.422040809307916,71.04197160363012,34.6199307943222
2023-08-03 → 2024-08-03,1368.333930422572,3978.509780532298,2314.1533738232415,3220.933024357925,36.235851441231794,70.97602615001874,34.740174708786945
2023-08-04 → 2024-08-04,1368.333930422572,3978.509780532298,2309.492681700079,3219.218853153916,36.05729289227555,70.91035351712172,34.85306062484617
2023-08-05 → 2024-08-05,1368.333930422572,3978.509780532298,2305.1293591780304,3217.495919372884,35.89012704703699,70.84434517592283,34.954218128885834
2023-08-06 → 2024-08-06,1368.333930422572,3978.509780532298,2300.6122687568704,3215.7738265678163,35.71707010832652,70.77836905385443,35.061298945527916
2023-08-07 → 2024-08-07,1368.333930422572,3978.509780532298,2296.1744766163524,3214.053649430572,35.54705121322673,70.71246632407583,35.1654151108491
2023-08-08 → 2024-08-08,1368.333930422572,3978.509780532298,2291.232887384246,3212.34167076627,35.357731048001135,70.64687769087206,35.289146642870925
2023-08-09 → 2024-08-09,1368.333930422572,3978.509780532298,2286.5703937795297,3210.6695020080874,35.17910348141322,70.58281423866778,35.40371075725456
2023-08-10 → 2024-08-10,1368.333930422572,3978.509780532298,2281.8359994711695,3208.895972009577,34.99772128418842,70.51486747567724,35.51714619148881
2023-08-11 → 2024-08-11,1368.333930422572,3978.509780532298,2277.2086474765088,3207.104430170253,34.82044004873195,70.44623065033659,35.625790601604635
2023-08-12 → 2024-08-12,1368.333930422572,3978.509780532298,2272.528216096713,3205.102172034942,34.641125257370334,70.36952094760805,35.72839569023772
2023-08-13 → 2024-08-13,1368.333930422572,3978.509780532298,2267.7662588152943,3201.925710076633,34.45868707868522,70.24782562358705,35.789138544901824
2023-08-14 → 2024-08-14,1368.333930422572,3978.509780532298,2263.093011770353,3198.594020667738,34.27964753065075,70.12018328834917,35.84053575769842
2023-08-15 → 2024-08-15,1368.333930422572,3978.509780532298,2258.5547484960493,3196.1221475635984,34.10577942616604,70.02548188713762,35.91970246097158
2023-08-16 → 2024-08-16,1368.333930422572,3978.509780532298,2253.836887304497,3193.619572658079,33.92503063901616,69.92960425094638,36.004573611930226
2023-08-17 → 2024-08-17,1368.333930422572,3978.509780532298,2248.9468171429166,3190.9105900068757,33.73768425155438,69.82581880480147,36.088134553247095
2023-08-18 → 2024-08-18,1368.333930422572,3978.509780532298,2243.361035756696,3187.105798653499,33.52368405743007,69.68005117948162,36.156367122051556
2023-08-19 → 2024-08-19,1368.333930422572,3978.509780532298,2237.4824008548267,3181.8966297436555,33.29846417802531,69.48047961001728,36.18201543199197
2023-08-20 → 2024-08-20,1368.333930422572,3978.509780532298,2231.6488293656053,3173.5987713623235,33.07497074983441,69.16257542049752,36.08760467066311
2023-08-21 → 2024-08-21,1368.333930422572,3978.509780532298,2225.6966564912377,3168.440327334282,32.84693351341153,68.96494720216025,36.11801368874872
2023-08-22 → 2024-08-22,1368.333930422572,3978.509780532298,2219.780039329026,3163.60703509265,32.62025847303204,68.77977606737143,36.15951759433939
2023-08-23 → 2024-08-23,1368.333930422572,3978.509780532298,2213.541665712442,3158.644532220598,32.381256429689955,68.58965466724266,36.2083982375527
2023-08-24 → 2024-08-24,1368.333930422572,3978.509780532298,2207.496783785577,3154.009097217329,32.14966736159667,68.41206375883414,36.26239639723747
2023-08-25 → 2024-08-25,1368.333930422572,3978.509780532298,2201.2922794728634,3149.1192484120065,31.91196290530677,68.22472585188368,36.31276294657691
2023-08-26 → 2024-08-26,1368.333930422572,3978.509780532298,2195.1549580655683,3144.1481833773123,31.67683233327895,68.03427642164756,36.35744408836861
2023-08-27 → 2024-08-27,1368.333930422572,3978.509780532298,2189.253259354099,3139.139048525067,31.450728842542063,67.84236847598044,36.39163963343837
2023-08-28 → 2024-08-28,1368.333930422572,3978.509780532298,2183.4183939328173,3134.165507123636,31.22718584175012,67.65182417218489,36.42463833043477
2023-08-29 → 2024-08-29,1368.333930422572,3978.509780532298,2177.5717267760247,3128.776201912827,31.003190697647216,67.44535129371648,36.44216059606927
2023-08-30 → 2024-08-30,1368.333930422572,3978.509780532298,2172.3321809831955,3124.5699941152425,30.802455341345116,67.28420476416723,36.48174942282211
2023-08-31 → 2024-08-31,1368.333930422572,3978.509780532298,2166.9723147922964,3120.07103333472,30.59711031868414,67.11184240090601,36.51473208222187
2023-09-01 → 2024-09-01,1368.333930422572,3978.509780532298,2161.2253532608333,3114.4991781190483,30.37693505611624,66.89837574058743,36.52144068447119
2023-09-02 → 2024-09-02,1368.333930422572,3978.509780532298,2155.271154574626,3108.7762122719896,30.148820207610648,66.67911979096172,36.53029958335107
2023-09-03 → 2024-09-03,1368.333930422572,3978.509780532298,2149.4652619566104,3103.0811568732033,29.92638720112292,66.46093313512598,36.53454593400306
2023-09-04 → 2024-09-04,1368.333930422572,3978.509780532298,2143.6653805631354,3097.43785749742,29.704184494235136,66.2447293350814,36.540544840846266
2023-09-05 → 2024-09-05,1368.333930422572,3978.509780532298,2137.959875032023,3092.090787885814,29.485597477162216,66.03987456978345,36.554277092621234
2023-09-06 → 2024-09-06,1368.333930422572,3978.509780532298,2132.4524381861747,3086.7120906904897,29.27459878733768,65.83380810130784,36.55920931397016
2023-09-07 → 2024-09-07,1368.333930422572,3978.509780532298,2126.912392836185,3080.8269467585933,29.062350813709507,65.60833885058096,36.54598803687146
2023-09-08 → 2024-09-08,1368.333930422572,3978.509780532298,2121.48350105092,3075.29069480718,28.85436131043383,65.39623620810265,36.54187489766882
2023-09-09 → 2024-09-09,1368.333930422572,3978.509780532298,2115.733945496013,3069.4793256974353,28.63408666669037,65.17359338848189,36.539506721791525
2023-09-10 → 2024-09-10,1368.333930422572,3978.509780532298,2109.9365701670595,3064.5172120167413,28.41197997113153,64.98348689889478,36.57150692776325
2023-09-11 → 2024-09-11,1368.333930422572,3978.509780532298,2104.134481579674,3058.6006121230066,28.189692703124596,64.7568125200982,36.5671198169736
2023-09-12 → 2024-09-12,1368.333930422572,3867.020615587954,2097.9817048198793,3052.0638793737353,29.20125115042239,67.38459683430543,38.18334568388303
2023-09-13 → 2024-09-13,1368.333930422572,3817.589774909385,2091.9459144634893,3042.2200772255196,29.544156673944126,68.34264172813164,38.79848505418751
2023-09-14 → 2024-09-14,1368.333930422572,3817.589774909385,2086.09736825128,3032.8489792233877,29.305367973066907,67.96003171933137,38.65466374626446
2023-09-15 → 2024-09-15,1368.333930422572,3817.589774909385,2080.444975668019,3025.1719989845915,29.074587975298034,67.64659038342207,38.572002408124035
2023-09-16 → 2024-09-16,1368.333930422572,3817.589774909385,2074.9088423621247,3017.578565374331,28.848554695910085,67.33656015006147,38.48800545415139
2023-09-17 → 2024-09-17,1368.333930422572,3817.589774909385,2069.1715037277672,3009.7900383747105,28.614306458949784,67.01856450182603,38.40425804287625
2023-09-18 → 2024-09-18,1368.333930422572,3817.589774909385,2063.3347650068695,3001.6831118860227,28.37599984292043,66.68756900754411,38.311569164623684
2023-09-19 → 2024-09-19,1368.333930422572,3817.589774909385,2057.4796242631696,2993.8425705920777,28.136941895712525,66.36744968184794,38.23050778613542
2023-09-20 → 2024-09-20,1368.333930422572,3817.589774909385,2051.7820623066814,2984.9747852277414,27.904317689902697,66.00538928769609,38.10107159779339
2023-09-21 → 2024-09-21,1368.333930422572,3817.589774909385,2046.0398175779928,2976.939018749291,27.669869143352766,65.67729916609697,38.0074300227442
2023-09-22 → 2024-09-22,1368.333930422572,3817.589774909385,2040.0714347574622,2968.092679411039,27.42618766622308,65.31611438590487,37.88992671968179
2023-09-23 → 2024-09-23,1368.333930422572,3817.589774909385,2034.1227038738969,2959.187853975109,27.183308552676987,64.95254169275505,37.76923314007806
2023-09-24 → 2024-09-24,1368.333930422572,3817.589774909385,2028.1045854871184,2950.653186309741,26.937596435654793,64.60408207043429,37.66648563477949
2023-09-25 → 2024-09-25,1368.333930422572,3817.589774909385,2022.059863394899,2941.2058186101426,26.690798123186703,64.2183580669226,37.5275599437359
2023-09-26 → 2024-09-26,1368.333930422572,3817.589774909385,2015.8832833606261,2931.685995340134,26.438616218704325,63.829675794654584,37.39105957595026
2023-09-27 → 2024-09-27,1368.333930422572,3797.071930895616,2009.6241911110612,2921.4282449633442,26.40425853112133,63.94655636953336,37.54229783841203
2023-09-28 → 2024-09-28,1368.333930422572,3739.5283018644486,2003.4208285073046,2909.0474807518735,26.783417915189666,64.9762655008507,38.192847585661035
2023-09-29 → 2024-09-29,1368.333930422572,3739.5283018644486,1997.4939984409,2897.7706157127027,26.53346666118089,64.50068807982665,37.96722141864576
2023-09-30 → 2024-09-30,1368.333930422572,3739.5283018644486,1991.676175059301,2883.74080979181,26.288112528610924,63.90901132443854,37.620898795827614
2023-10-01 → 2024-10-01,1368.333930422572,3739.5283018644486,1986.0532772224346,2869.6613278437444,26.050978959782185,63.315239589922136,37.26426063013995
2023-10-02 → 2024-10-02,1368.333930422572,3739.5283018644486,1980.7944894727682,2857.399770682581,25.829200947274984,62.798134905935086,36.9689339586601
2023-10-03 → 2024-10-03,1368.333930422572,3739.5283018644486,1975.3939607364766,2844.1920979861206,25.601445314867348,62.24112984318988,36.63968452832253
2023-10-04 → 2024-10-04,1368.333930422572,3739.5283018644486,1969.854749738312,2830.540967645989,25.36784105766779,61.66542291234766,36.29758185467987
2023-10-05 → 2024-10-05,1368.333930422572,3739.5283018644486,1964.445031357437,2817.4332243505437,25.13969787185273,61.112632156207546,35.97293428435482
2023-10-06 → 2024-10-06,1368.333930422572,3739.5283018644486,1958.849619942909,2803.38741883288,24.90372348350574,60.52028065239039,35.616557168884654
2023-10-07 → 2024-10-07,1368.333930422572,3739.5283018644486,1953.4634991129403,2790.198108599702,24.676575473421128,59.964049986864744,35.28747451344361
2023-10-08 → 2024-10-08,1368.333930422572,3739.5283018644486,1948.108501930669,2778.1943598969146,24.450740035940097,59.45781781765256,35.00707778171247
2023-10-09 → 2024-10-09,1368.333930422572,3739.5283018644486,1942.850139211506,2765.9821068488977,24.228979948176164,58.94279242812319,34.71381247994702
2023-10-10 → 2024-10-10,1368.333930422572,3739.5283018644486,1937.4992464509567,2753.002188188133,24.00331760581426,58.39539239980447,34.39207479399021
2023-10-11 → 2024-10-11,1368.333930422572,3739.5283018644486,1931.9242043899771,2739.553238267411,23.768202250948203,57.82821199136988,34.06000974042168
2023-10-12 → 2024-10-12,1368.333930422572,3739.5283018644486,1926.078922116572,2724.8297235215064,23.521690098937196,57.20727956494246,33.68558946600527
2023-10-13 → 2024-10-13,1368.333930422572,3725.442797957194,1920.2311229765137,2709.7650146041597,23.4141579184329,56.91001814373702,33.49586022530412
2023-10-14 → 2024-10-14,1368.333930422572,3722.732486993116,1914.202923899059,2694.7190209481673,23.18507170135242,56.336472294547704,33.151400593195284
2023-10-15 → 2024-10-15,1368.333930422572,3685.9148358231714,1908.1301094536873,2679.540023693772,23.291362893663912,56.57649708002557,33.28513418636166
2023-10-16 → 2024-10-16,1368.333930422572,3530.0669011531536,1902.113757350667,2664.6951983049257,24.69221842639048,59.96861247132823,35.276394044937746
2023-10-17 → 2024-10-17,1368.333930422572,3530.0669011531536,1896.6018006817592,2652.1454248671807,24.43723981693508,59.38807021159188,34.950830394656805
2023-10-18 → 2024-10-18,1368.333930422572,3530.0669011531536,1891.0028249333284,2640.4331116826415,24.178235775999415,58.84626817854147,34.66803240254205
2023-10-19 → 2024-10-19,1368.333930422572,3485.4915319071238,1885.3701869036888,2628.4334391413595,24.421245547264448,59.518455680163115,35.09721013289867
2023-10-20 → 2024-10-20,1368.333930422572,3366.438285136628,1879.821207094887,2616.8678818811186,25.598626791717937,62.485923145751876,36.887296354033936
2023-10-21 → 2024-10-21,1368.333930422572,3341.9615646466395,1874.688648706187,2606.6698822409685,25.656041165165817,62.744153473775654,37.08811230860984
2023-10-22 → 2024-10-22,1368.333930422572,3335.094338773462,1869.6236656652757,2596.670426002036,25.488093674970326,62.45481098581869,36.96671731084837
2023-10-23 → 2024-10-23,1368.333930422572,3034.5174188335154,1864.62459710418,2586.65094442975,29.786075191209925,73.12021890032649,43.33414370911657
2023-10-24 → 2024-10-24,1368.333930422572,2951.5105202628943,1860.3555053602856,2580.2891509351784,31.078123444671355,76.55211858803717,45.47399514336582
2023-10-25 → 2024-10-25,1368.333930422572,2950.1189293651382,1856.4254252899423,2574.895732967501,30.85700617932669,76.27849570905802,45.42148952973133
2023-10-26 → 2024-10-26,1368.333930422572,2950.1189293651382,1852.5903127234744,2570.0911400470573,30.614551448182343,75.97475070429091,45.36019925610857
2023-10-27 → 2024-10-27,1368.333930422572,2950.1189293651382,1848.6258038264289,2564.905327404575,30.363916317637052,75.64690509657879,45.28298877894174
2023-10-28 → 2024-10-28,1368.333930422572,2933.2748292840115,1844.4875578415522,2559.3529049157833,30.426300939888662,76.10632295185894,45.68002201197028
2023-10-29 → 2024-10-29,1368.333930422572,2898.962039392315,1840.244076840817,2553.948458250749,30.831143349110775,77.45934632196237,46.6282029728516
2023-10-30 → 2024-10-30,1368.333930422572,2898.962039392315,1836.1240175332007,2548.9946732066137,30.56196893087868,77.13570238682847,46.57373345594979
2023-10-31 → 2024-10-31,1368.333930422572,2887.133869769527,1832.0971973729474,2545.9372485976564,30.53484892485457,77.53511754032752,47.00026861547295
2023-11-01 → 2024-11-01,1368.333930422572,2881.161712759552,1828.1518431758257,2542.9416948369585,30.39459733102853,77.64319099163295,47.24859366060442
2023-11-02 → 2024-11-02,1368.333930422572,2881.161712759552,1824.3968232611574,2537.683638923212,30.14638534295493,77.2956262539188,47.14924091096387
2023-11-03 → 2024-11-03,1368.333930422572,2881.161712759552,1820.5493193254767,2531.622994969425,29.89206003371602,76.89500934136943,47.00294930765341
2023-11-04 → 2024-11-04,1368.333930422572,2855.6974541619375,1816.7188544944956,2528.578213000704,30.1462901916973,78.00677265912599,47.86048246742868
2023-11-05 → 2024-11-05,1368.333930422572,2855.6974541619375,1812.8723552819495,2522.645918160281,29.887678282022673,77.6079263283037,47.72024804628103
2023-11-06 → 2024-11-06,1321.0731296676338,2855.6974541619375,1808.7101740121093,2510.932661902186,31.77566239249882,77.53425468651032,45.75859229401151
2023-11-07 → 2024-11-07,1316.2692961945663,2823.3851023641114,1804.5155468786832,2498.5841941971717,32.396067288620216,78.4488420307629,46.05277474214269
2023-11-08 → 2024-11-08,1307.062297812276,2809.7240621563824,1800.383877111512,2490.5039743565817,32.82984840667486,78.75635785947236,45.9265094527975
2023-11-09 → 2024-11-09,1302.0960025420998,2809.7240621563824,1796.32021397881,2482.9301462535354,32.781574227475865,78.32396964099652,45.54239541352066
2023-11-10 → 2024-11-10,1243.6374487309906,2809.7240621563824,1792.2793657070088,2476.812265725154,35.03266755955548,78.74244032371404,43.70977276415856
2023-11-11 → 2024-11-11,1125.3657635148375,2809.7240621563824,1788.0538699622962,2473.4398174210123,39.34365431523237,80.03487470530544,40.69122039007307
2023-11-12 → 2024-11-12,1125.3657635148375,2809.7240621563824,1783.7802052167397,2469.4186653085308,39.089927732889215,79.7961397451889,40.70621201229968
2023-11-13 → 2024-11-13,1106.569479848316,2809.7240621563824,1779.4416698475643,2465.4151140435342,39.507405668802605,79.78404592927492,40.27664026047232
2023-11-14 → 2024-11-14,1106.569479848316,2809.7240621563824,1775.1099283800852,2456.5346764724127,39.25306930306833,79.26263479822614,40.009565495157815
2023-11-15 → 2024-11-15,1097.2241010698879,2775.077235554889,1770.4437159520564,2445.1497617868763,40.12387026286458,80.33633176903292,40.212461506168346
2023-11-16 → 2024-11-16,1097.2241010698879,2775.077235554889,1766.2515605738372,2441.5937022497687,39.87401791929185,80.12439071984215,40.2503728005503
2023-11-17 → 2024-11-17,1097.2241010698879,2775.077235554889,1761.7528188540084,2436.2025333775364,39.605893038313546,79.803077205481,40.19718416716746
2023-11-18 → 2024-11-18,1097.2241010698879,2775.077235554889,1757.3097652360364,2427.2428734994933,39.34108716665209,79.26908172674126,39.927994560089175
2023-11-19 → 2024-11-19,1083.9622106839906,2775.077235554889,1752.8139490935082,2416.2109796328614,39.55093110597716,78.77931124469646,39.228380138719295
2023-11-20 → 2024-11-20,1062.0216311675938,2775.077235554889,1748.430505213244,2406.9422619725324,40.06926992256954,78.51003945000218,38.44076952743264
2023-11-21 → 2024-11-21,1014.758970257484,2775.077235554889,1743.9325029652614,2397.534183610395,41.42282376332577,78.55256862424771,37.12974486092194
2023-11-22 → 2024-11-22,1010.7304241467481,2686.060364902005,1739.1250184655119,2384.121438662167,43.477680222822,81.97734554282957,38.499665320007566
2023-11-23 → 2024-11-23,1010.7304241467481,2686.060364902005,1734.6287998417695,2373.6942228167823,43.20930212520885,81.35494779348332,38.14564566827447
2023-11-24 → 2024-11-24,1010.7304241467481,2686.060364902005,1730.106977493129,2362.6992781336367,42.93939574804461,80.69866246032745,37.759266712282844
2023-11-25 → 2024-11-25,1010.7304241467481,2686.060364902005,1725.8021228759967,2352.3246276435225,42.682440117251566,80.07940232310116,37.3969622058496
2023-11-26 → 2024-11-26,1010.7304241467481,2686.060364902005,1721.559438410779,2341.7968314766977,42.42919540634375,79.451000961034,37.021805554690246
2023-11-27 → 2024-11-27,1010.7304241467481,2686.060364902005,1717.1286158055811,2330.154848653151,42.16472077973973,78.75609409282043,36.5913733130807
2023-11-28 → 2024-11-28,1010.7304241467481,2651.6258332629036,1712.6557482719866,2317.522772160043,42.77696922214685,79.63897886198485,36.862009639838
2023-11-29 → 2024-11-29,1010.7304241467481,2651.6258332629036,1708.2502803500222,2305.908328069049,42.50848971409964,78.93116750323102,36.422677789131384
2023-11-30 → 2024-11-30,1010.7304241467481,2651.6258332629036,1703.8754372714288,2293.9601557968385,42.241876555558974,78.20301796939535,35.96114141383637
2023-12-01 → 2024-12-01,1010.7304241467481,2583.742072407147,1699.4458324617792,2281.300622984882,43.783236384592875,80.77309537048015,36.989858985887274
2023-12-02 → 2024-12-02,1010.7304241467481,2534.0654464057834,1695.2521032357113,2270.5222811331614,44.93572780030025,82.69959257670058,37.76386477640033
2023-12-03 → 2024-12-03,1010.7304241467481,2526.713689303726,1691.185299982417,2261.0609212794984,44.885381750253615,82.47653690314849,37.59115515289487
2023-12-04 → 2024-12-04,1010.7304241467481,2526.713689303726,1687.1241378609893,2252.38045672703,44.61749210959804,81.90394057230644,37.2864484627084
2023-12-05 → 2024-12-05,1010.7304241467481,2526.713689303726,1683.433169898251,2247.3076204511,44.37402187825903,81.56931707134024,37.19529519308121
2023-12-06 → 2024-12-06,1000.469163430156,2526.713689303726,1679.9759427994948,2245.9809913372937,44.52148838865859,81.6063092638612,37.08482087520262
2023-12-07 → 2024-12-07,1000.2230474567828,2526.713689303726,1676.4726488190768,2244.0344595272622,44.30093331879722,81.48175809093449,37.18082477213727
2023-12-08 → 2024-12-08,992.0734958226994,2526.713689303726,1672.880488652922,2241.1782731046474,44.362645766884754,81.39398294062674,37.03133717374199
2023-12-09 → 2024-12-09,992.0734958226994,2526.713689303726,1669.5143101948704,2239.8493217263003,44.143299338168056,81.30738600513709,37.164086666969034
2023-12-10 → 2024-12-10,992.0734958226994,2526.713689303726,1666.0986224361907,2237.6406756281494,43.920726791639616,81.16346653088293,37.24273973924331
2023-12-11 → 2024-12-11,987.0674238606069,2526.713689303726,1662.557613106513,2235.307671357941,43.87307684934345,81.07318385486964,37.20010700552619
2023-12-12 → 2024-12-12,987.0674238606069,2526.713689303726,1658.6679407329227,2228.172965618961,43.62044269168707,80.60978483269704,36.98934214100998
2023-12-13 → 2024-12-13,987.0674238606069,2526.713689303726,1654.787084435279,2221.293476228932,43.368381138020595,80.16296210825463,36.79458097023404
2023-12-14 → 2024-12-14,986.5155977930698,2526.713689303726,1651.1294106763391,2216.964755532307,43.15119052195444,79.88901976448946,36.73782924253502
2023-12-15 → 2024-12-15,956.467645851043,2526.713689303726,1647.4037350273707,2212.634683244274,44.001772337352044,79.9981023758003,35.99633003844826
2023-12-16 → 2024-12-16,944.6824897842039,2526.713689303726,1643.486808039385,2206.1778983794898,44.171336094219555,79.73897158149687,35.567635487277315
2023-12-17 → 2024-12-17,942.3657531713039,2526.713689303726,1639.59819215965,2199.9260854787944,44.00753288386714,79.37400009352376,35.36646720965662
2023-12-18 → 2024-12-18,942.3657531713039,2526.713689303726,1635.7331694153452,2191.990621706451,43.763582508058924,78.87313386386748,35.109551355808556
2023-12-19 → 2024-12-19,942.3657531713039,2526.713689303726,1632.1313218525997,2186.087197937422,43.53624307834136,78.50052481541316,34.9642817370718
2023-12-20 → 2024-12-20,942.3657531713039,2526.713689303726,1628.4767369171796,2179.2840722207284,43.3055750001955,78.07112887519432,34.765553874998815
2023-12-21 → 2024-12-21,942.3657531713039,2526.713689303726,1625.0343209996588,2174.68308082622,43.08829848920865,77.78072603566778,34.692427546459136
2023-12-22 → 2024-12-22,942.3657531713039,2526.713689303726,1621.6869977227198,2170.3899765053557,42.87702398311056,77.50975624279867,34.63273225968811
2023-12-23 → 2024-12-23,942.3657531713039,2526.713689303726,1618.36985144376,2166.1733671149836,42.66765417214231,77.24361461480089,34.57596044265858
2023-12-24 → 2024-12-24,942.3657531713039,2526.713689303726,1614.9068505131895,2161.34452453375,42.449078387644875,76.93883038962484,34.489752001979966
2023-12-25 → 2024-12-25,942.3657531713039,2526.713689303726,1611.3302883532326,2155.148711834228,42.22333490804735,76.5477664977725,34.32443158972515
2023-12-26 → 2024-12-26,942.3657531713039,2526.713689303726,1607.9335206170701,2149.7078673477117,42.00893959381767,76.20435427357394,34.19541467975627
2023-12-27 → 2024-12-27,942.3657531713039,2526.713689303726,1604.4128482550088,2142.0061801619977,41.78672373568643,75.71824342569322,33.93151969000679
2023-12-28 → 2024-12-28,942.3657531713039,2526.713689303726,1601.0043390299265,2135.746575795625,41.57158732862909,75.3231531665641,33.751565837935004
2023-12-29 → 2024-12-29,942.3657531713039,2526.713689303726,1597.5342425955646,2127.889501944919,41.35256369403322,74.82723470878607,33.47467101475284
2023-12-30 → 2024-12-30,942.3657531713039,2526.713689303726,1593.9914057410379,2118.495187584403,41.12894886967998,74.23428955158475,33.10534068190477
2023-12-31 → 2024-12-31,942.3657531713039,2526.713689303726,1590.4528920527641,2109.155119252333,40.905606912552074,73.64476826531538,32.739161352763304
2024-01-01 → 2025-01-01,942.3657531713039,2526.713689303726,1586.8833856752913,2099.5115663930565,40.68030877594539,73.0360918098887,32.35578303394331
2024-01-02 → 2025-01-02,942.3657531713039,2526.713689303726,1583.51100140776,2092.8406486186736,40.46745248405261,72.6150404977213,32.14758801366869
2024-01-03 → 2025-01-03,942.3657531713039,2526.713689303726,1580.2249562286959,2087.4498286741973,40.26004569516975,72.27478569500188,32.01473999983213
2024-01-04 → 2025-01-04,942.3657531713039,2526.713689303726,1576.6285818276467,2078.0662822894715,40.03305171745622,71.68252018496297,31.64946846750675
2024-01-05 → 2025-01-05,942.3657531713039,2526.713689303726,1573.2396397669452,2070.9911994668837,39.81915033989806,71.23595900599247,31.41680866609441
2024-01-06 → 2025-01-06,942.3657531713039,2526.713689303726,1569.7341219279426,2063.4467251195583,39.59789099660255,70.75977103141523,31.161880034812675
2024-01-07 → 2025-01-07,942.3657531713039,2526.713689303726,1566.33963115609,2055.315452772569,39.383639398551495,70.24654586404205,30.862906465490553
2024-01-08 → 2025-01-08,942.3657531713039,2526.713689303726,1562.9919279198314,2046.77028613029,39.17234091039044,69.70719674460942,30.53485583421898
2024-01-09 → 2025-01-09,942.3657531713039,2526.713689303726,1560.1428178529945,2043.084385121416,38.992512351154154,69.47455207579557,30.482039724641417
2024-01-10 → 2025-01-10,942.3657531713039,2526.713689303726,1557.105643863788,2037.799111857332,38.80081367689572,69.14095911028915,30.340145433393424
2024-01-11 → 2025-01-11,942.3657531713039,2526.713689303726,1554.1658247273442,2033.4799953644315,38.61525979258795,68.8683474954791,30.25308770289115
2024-01-12 → 2025-01-12,942.3657531713039,2526.713689303726,1551.178848482657,2028.315925958154,38.426729471907336,68.542404608282,30.115675136374662
2024-01-13 → 2025-01-13,942.3657531713039,2526.713689303726,1547.7022735508087,2016.9052668409292,38.207296931077,67.82219291380537,29.614895982728363
2024-01-14 → 2025-01-14,942.3657531713039,2526.713689303726,1544.1644962548512,2005.1158970320953,37.98400145315354,67.078077966579,29.094076513425463
2024-01-15 → 2025-01-15,942.3657531713039,2526.713689303726,1540.3796705518835,1991.0719308464525,37.74511291000897,66.19165864760504,28.446545737596068
2024-01-16 → 2025-01-16,942.3657531713039,2526.713689303726,1536.6981488948807,1977.8288046474352,37.512744654713366,65.35578630561524,27.843041650901874
2024-01-17 → 2025-01-17,942.3657531713039,2526.713689303726,1532.999125316708,1965.2092805735974,37.279271722801546,64.55927413893528,27.280002416133733
2024-01-18 → 2025-01-18,942.3657531713039,2526.713689303726,1529.2262756896455,1951.3579130565593,37.04113907901673,63.685011156597504,26.643872077580774
2024-01-19 → 2025-01-19,942.3657531713039,2526.713689303726,1525.3216482104058,1934.4220731292094,36.79468895337252,62.616064144321136,25.821375190948615
2024-01-20 → 2025-01-20,942.3657531713039,2526.713689303726,1521.4287686443424,1917.4748922965173,36.54898032603866,61.54640132303062,24.997420996991963
2024-01-21 → 2025-01-21,942.3657531713039,2526.713689303726,1517.4604323794758,1900.0012324335462,36.29850906436909,60.44350848841587,24.14499942404678
2024-01-22 → 2025-01-22,942.3657531713039,2526.713689303726,1513.5257944382663,1881.8880114243568,36.050164754923124,59.300248185795354,23.25008343087223
2024-01-23 → 2025-01-23,942.3657531713039,2516.5263834787474,1509.2563691284242,1862.354189355749,36.01224710126329,58.443110472453206,22.430863371189915
2024-01-24 → 2025-01-24,942.3657531713039,2505.1567934795335,1505.0014273846057,1839.2412677871384,36.00197721266261,57.38934326363578,21.38736605097317
2024-01-25 → 2025-01-25,942.3657531713039,2505.1567934795335,1500.8050977810199,1816.1661009382465,35.73346213320847,55.91280761339677,20.179345480188303
2024-01-26 → 2025-01-26,942.3657531713039,2388.8737129411197,1496.628776779449,1792.0847041893937,38.31731584085755,58.742777409486656,20.425461568629103
2024-01-27 → 2025-01-27,942.3657531713039,2381.915339734976,1492.7933785483008,1771.113419817616,38.23610041047038,57.569928426335316,19.33382801586494
2024-01-28 → 2025-01-28,942.3657531713039,2381.915339734976,1489.01919975843,1755.434670880489,37.973922655351835,56.480785747023134,18.5068630916713
2024-01-29 → 2025-01-29,942.3657531713039,2348.7250048023193,1485.1510103581916,1733.2670260229836,38.59506428086538,56.23749919762232,17.64243491675694
2024-01-30 → 2025-01-30,942.3657531713039,2348.7250048023193,1481.4416444254823,1712.7632927548475,38.33130763913906,54.779569209651115,16.448261570512052
2024-01-31 → 2025-01-31,942.3657531713039,2348.7250048023193,1477.7620384118038,1700.475007032277,38.069667093921964,53.90580344117345,15.836136347251482
2024-02-01 → 2025-02-01,942.3657531713039,2348.7250048023193,1474.0724905472216,1687.6718299860768,37.807319627561334,52.99542602293186,15.188106395370525
2024-02-02 → 2025-02-02,942.3657531713039,2348.7250048023193,1470.5355752791293,1682.20475742696,37.55582519155642,52.60668661991116,15.050861428354736
2024-02-03 → 2025-02-03,942.3657531713039,2348.7250048023193,1466.9040071672337,1676.1000565475938,37.29760040953975,52.17260828094575,14.875007871406005
2024-02-04 → 2025-02-04,942.3657531713039,2348.7250048023193,1463.3493939349796,1662.7316288057718,37.044847549405915,51.22203838023809,14.177190830832174
2024-02-05 → 2025-02-05,942.3657531713039,2346.3562367939194,1459.771485677169,1656.4339704447866,36.852509938018976,50.85990436566378,14.007394427644805
2024-02-06 → 2025-02-06,942.3657531713039,2320.0399387718735,1456.2005589028877,1650.1913829805949,37.29726600833329,51.37830389851781,14.081037890184518
2024-02-07 → 2025-02-07,942.3657531713039,2259.7321962169453,1452.7059416462723,1644.131601516474,38.73942525020634,53.270360122635715,14.530934872429377
2024-02-08 → 2025-02-08,942.3657531713039,2205.9427776628186,1449.3692357441862,1630.7898172381133,40.124461963599664,54.48216062205176,14.357698658452094
2024-02-09 → 2025-02-09,942.3657531713039,2119.6784657802627,1446.1876925863414,1618.3699753596834,42.79423249397804,57.41925785293991,14.625025358961864
2024-02-10 → 2025-02-10,942.3657531713039,2092.361121125474,1443.210245162769,1606.9703441497522,43.55187037687485,57.79193634151528,14.24006596464043
2024-02-11 → 2025-02-11,942.3657531713039,2074.654422592821,1440.3530572378666,1596.2688226483788,43.9805958953014,57.75056194911426,13.769966053812858
2024-02-12 → 2025-02-12,942.3657531713039,2014.9877142579796,1437.487377353719,1585.2798188948454,46.15993725140648,59.93855142329959,13.77861417189311
2024-02-13 → 2025-02-13,942.3657531713039,2014.9877142579796,1434.8592808032752,1577.5727362846683,45.91492114640511,59.22002403063189,13.305102884226777
2024-02-14 → 2025-02-14,942.3657531713039,1968.9247297129186,1432.1659701632225,1569.2064557325039,47.712818082991355,61.062317595523844,13.34949951253249
2024-02-15 → 2025-02-15,942.3657531713039,1968.9247297129186,1429.7025191800774,1563.4455480221711,47.47284638731302,60.50113135664444,13.028284969331423
2024-02-16 → 2025-02-16,942.3657531713039,1968.9247297129186,1427.2893384449035,1557.9170464981503,47.237771658016534,59.96258445867216,12.724812800655627
2024-02-17 → 2025-02-17,942.3657531713039,1968.9247297129186,1424.9096873142043,1552.311900611424,47.005963141888614,59.416571417550124,12.41060827566151
2024-02-18 → 2025-02-18,942.3657531713039,1968.9247297129186,1422.491583239768,1546.374498686116,46.77040881625379,58.83819238030177,12.067783564047978
2024-02-19 → 2025-02-19,942.3657531713039,1968.9247297129186,1420.0857706420231,1540.338170310539,46.53605183796795,58.250176639022776,11.714124801054822
2024-02-20 → 2025-02-20,942.3657531713039,1968.9247297129186,1417.5953555347135,1533.9013540168226,46.29345349104203,57.623148242135,11.329694751092973
2024-02-21 → 2025-02-21,942.3657531713039,1968.9247297129186,1415.2231043219888,1528.3661364868346,46.062365821757155,57.08394711911375,11.021581297356597
2024-02-22 → 2025-02-22,942.3657531713039,1968.9247297129186,1412.7777536713802,1521.9498483842667,45.824157330429486,56.458918431119244,10.634761100689758
2024-02-23 → 2025-02-23,942.3657531713039,1968.9247297129186,1410.3010886115342,1515.3928955801541,45.58289841433781,55.82018719853069,10.237288784192877
2024-02-24 → 2025-02-24,942.3657531713039,1938.8022905793323,1407.9021076242543,1509.31501229526,46.7201208482301,56.89767866187723,10.177557813647127
2024-02-25 → 2025-02-25,942.3657531713039,1932.4986355847361,1405.6887772893515,1503.576244497875,46.79402455443208,56.680320520073025,9.886295965640947
2024-02-26 → 2025-02-26,942.3657531713039,1857.3912301252,1403.6673852638544,1497.2325562059132,50.41407520457414,60.6394922337847,10.225417029210561
2024-02-27 → 2025-02-27,942.3657531713039,1857.3912301252,1401.892341224189,1491.1893963075709,50.22008672180813,59.97905598905194,9.758969267243813
2024-02-28 → 2025-02-28,942.3657531713039,1857.3912301252,1400.3505959179122,1486.663002555074,50.05159465846042,59.484381920788266,9.43278726232785
2024-02-29 → 2025-02-28,942.3657531713039,1857.3912301252,1399.8023580055415,1484.6587423932858,49.99167961498034,59.26534319320439,9.273663578224046
2024-03-01 → 2025-03-01,942.3657531713039,1857.3912301252,1398.5348603465145,1481.5553108529152,49.85315913757829,58.92617979081456,9.07302065323627
2024-03-02 → 2025-03-02,942.3657531713039,1857.3912301252,1397.0615132007847,1476.8435781215505,49.692142074902115,58.411250660420286,8.719108585518171
2024-03-03 → 2025-03-03,942.3657531713039,1857.3912301252,1395.823592805762,1476.302727948072,49.556853995367575,58.35214299761739,8.795289002249817
2024-03-04 → 2025-03-04,942.3657531713039,1857.3912301252,1394.6149790844238,1473.9143435145952,49.42476874181139,58.091124644180105,8.666355902368714
2024-03-05 → 2025-03-05,942.3657531713039,1857.3912301252,1393.6174697249635,1472.730597478609,49.315754360836884,57.96175709477297,8.646002733936086
2024-03-06 → 2025-03-06,942.3657531713039,1857.3912301252,1392.3733916537592,1471.404569556606,49.179793329965285,57.8168400454229,8.637046715457615
2024-03-07 → 2025-03-07,942.3657531713039,1857.3912301252,1391.3968326853017,1471.8444205601515,49.0730685454589,57.86490985491167,8.79184130945277
2024-03-08 → 2025-03-08,942.3657531713039,1857.3912301252,1390.4938499630375,1471.628913731152,48.974384656867066,57.84135785177871,8.866973194911644
2024-03-09 → 2025-03-09,942.3657531713039,1857.3912301252,1389.883924134565,1473.8284957243256,48.90772795234524,58.081742633249064,9.174014680903824
2024-03-10 → 2025-03-10,942.3657531713039,1857.3912301252,1389.35366913186,1474.9330099271208,48.84977819946293,58.20245120701163,9.352673007548695
2024-03-11 → 2025-03-11,942.3657531713039,1857.3912301252,1388.6890459239942,1473.7519166191582,48.777143805710494,58.07337356516341,9.296229759452913
2024-03-12 → 2025-03-12,942.3657531713039,1857.3912301252,1388.1717307707042,1475.1905488437712,48.72060820464591,58.23059675302503,9.50998854837912
2024-03-13 → 2025-03-13,942.3657531713039,1857.3912301252,1387.715366501989,1477.8236140713702,48.67073371697213,58.51835543230951,9.847621715337382
2024-03-14 → 2025-03-14,942.3657531713039,1857.3912301252,1387.2253234386894,1478.8194883155568,48.617178589203355,58.62719111713675,10.010012527933398
2024-03-15 → 2025-03-15,942.3657531713039,1857.3912301252,1386.6433500852397,1480.0748626658692,48.553576714926905,58.76438667965722,10.210809964730316
2024-03-16 → 2025-03-16,942.3657531713039,1857.3912301252,1386.0199406805114,1481.5137431349942,48.485446436543434,58.921636997311225,10.436190560767791
2024-03-17 → 2025-03-17,942.3657531713039,1857.3912301252,1385.0964806916916,1479.8549448121203,48.384524657633634,58.74035261073915,10.355827953105518
2024-03-18 → 2025-03-18,942.3657531713039,1857.3912301252,1384.3998194633466,1480.4579133558614,48.30838893836775,58.80624897744452,10.49786003907677
2024-03-19 → 2025-03-19,942.3657531713039,1857.3912301252,1383.5169122036195,1478.23386558819,48.21189902830904,58.56319041528566,10.35129138697662
2024-03-20 → 2025-03-20,942.3657531713039,1857.3912301252,1382.3557253570843,1476.9629059599608,48.08499689544157,58.424291591128316,10.339294695686746
2024-03-21 → 2025-03-21,942.3657531713039,1857.3912301252,1381.5787113353088,1476.7930478161281,48.00007969462633,58.40572837642984,10.405648681803513
2024-03-22 → 2025-03-22,942.3657531713039,1857.3912301252,1380.6640719464929,1475.634509025659,47.900121888876406,58.27911564053906,10.378993751662655
2024-03-23 → 2025-03-23,942.3657531713039,1857.3912301252,1379.5462970772908,1472.2742576421717,47.77796410230601,57.91188527721916,10.133921174913155
2024-03-24 → 2025-03-24,942.3657531713039,1857.3912301252,1378.4300380231916,1469.2054939733366,47.65597197397586,57.576510607756305,9.920538633780446
2024-03-25 → 2025-03-25,942.3657531713039,1857.3912301252,1377.4949322706802,1468.255136383093,47.55377746944421,57.47264928212334,9.918871812679129
2024-03-26 → 2025-03-26,942.3657531713039,1857.3912301252,1376.7404862671278,1468.8816719916013,47.471326650034904,57.54112121260925,10.069794562574344
2024-03-27 → 2025-03-27,942.3657531713039,1857.3912301252,1375.9741396267598,1468.9617384411968,47.38757525079308,57.54987140062172,10.162296149828641
2024-03-28 → 2025-03-28,942.3657531713039,1857.3912301252,1375.2704278242245,1470.7787765153093,47.31066899842534,57.748449267563906,10.437780269138564
2024-03-29 → 2025-03-29,942.3657531713039,1857.3912301252,1374.724716501155,1472.894337532405,47.25103007723528,57.97965168436855,10.72862160713327
2024-03-30 → 2025-03-30,942.3657531713039,1857.3912301252,1374.1401124573924,1473.7935934503362,47.18714070382584,58.07792828328083,10.890787579454994
2024-03-31 → 2025-03-31,942.3657531713039,1857.3912301252,1373.531385322588,1473.9591740426204,47.12061500042894,58.096024019023126,10.975409018594185
2024-04-01 → 2025-04-01,942.3657531713039,1857.3912301252,1372.9012977621273,1472.5475895436962,47.05175488928119,57.94175678445133,10.890001895170137
2024-04-02 → 2025-04-02,942.3657531713039,1857.3912301252,1372.2960184905278,1474.4570044237664,46.985605991043464,58.150430196084265,11.164824205040802
2024-04-03 → 2025-04-03,942.3657531713039,1857.3912301252,1371.421374732877,1473.3538784033356,46.89001917082044,58.02987333201713,11.139854161196695
2024-04-04 → 2025-04-04,942.3657531713039,1857.3912301252,1370.5512030663022,1471.948217416212,46.79492109011217,57.87625345775932,11.08133236764715
2024-04-05 → 2025-04-05,942.3657531713039,1857.3912301252,1369.83884033581,1472.034787197035,46.71706940746135,57.8857143725648,11.168644965103447
2024-04-06 → 2025-04-06,942.3657531713039,1857.3912301252,1369.320373306805,1476.268186436112,46.66040792184559,58.3483680740956,11.687960152250014
2024-04-07 → 2025-04-07,942.3657531713039,1857.3912301252,1368.8085621719872,1475.4861972695999,46.60447383610607,58.26290715675422,11.65843332064815
2024-04-08 → 2025-04-08,942.3657531713039,1857.3912301252,1368.449707107741,1478.569816077903,46.56525579537557,58.59990529352396,12.03464949814839
2024-04-09 → 2025-04-09,942.3657531713039,1857.3912301252,1367.9427055049246,1473.7031681055391,46.509847326913665,58.06804600709569,11.558198680182024
2024-04-10 → 2025-04-10,942.3657531713039,1857.3912301252,1367.4214435997974,1476.019844392904,46.452880398860195,58.321227622877245,11.86834722401705
2024-04-11 → 2025-04-11,942.3657531713039,1857.3912301252,1366.8279312432894,1472.8732388781887,46.38801746646581,57.977345884721686,11.589328418255874
2024-04-12 → 2025-04-12,942.3657531713039,1857.3912301252,1366.1315753207577,1470.8694274079273,46.31191511302645,57.758356193097804,11.446441080071352
2024-04-13 → 2025-04-13,942.3657531713039,1857.3912301252,1365.3290118236112,1471.3934137029491,46.224205697566425,57.81562086039058,11.591415162824156
2024-04-14 → 2025-04-14,942.3657531713039,1857.3912301252,1364.3263867873166,1469.3439192550236,46.114632241794205,57.59163863262265,11.477006390828443
2024-04-15 → 2025-04-15,942.3657531713039,1857.3912301252,1363.4299262723814,1469.003646263834,46.01666114289984,57.5544513630045,11.537790220104661
2024-04-16 → 2025-04-16,942.3657531713039,1857.3912301252,1362.3667549599552,1467.048223512384,45.90047079200759,57.34074990870626,11.440279116698669
2024-04-17 → 2025-04-17,942.3657531713039,1857.3912301252,1361.29987627134,1464.1259935900925,45.78387527467109,57.02138941045875,11.237514135787663
2024-04-18 → 2025-04-18,942.3657531713039,1857.3912301252,1360.0803928058115,1461.1792723611436,45.65060210400614,56.69935234120047,11.048750237194334
2024-04-19 → 2025-04-19,942.3657531713039,1857.3912301252,1358.9880301696357,1457.1719811025168,45.5312215333348,56.26140920633094,10.730187672996138
2024-04-20 → 2025-04-20,942.3657531713039,1857.3912301252,1357.9135692576679,1453.7986072086371,45.41379738078062,55.8927447288008,10.478947348020178
2024-04-21 → 2025-04-21,942.3657531713039,1857.3912301252,1356.8317028703598,1448.8654346185072,45.295563909193625,55.35361519477379,10.058051285580163
2024-04-22 → 2025-04-22,942.3657531713039,1857.3912301252,1355.5485175766948,1439.3191019565713,45.155328983939235,54.31032919865974,9.155000214720502
2024-04-23 → 2025-04-23,942.3657531713039,1857.3912301252,1354.3832493448565,1435.63585296327,45.027980810452576,53.907799532976256,8.87981872252368
2024-04-24 → 2025-04-24,942.3657531713039,1857.3912301252,1353.1788063609827,1431.650032444703,44.89635136250722,53.47220286174084,8.575851499233622
2024-04-25 → 2025-04-25,942.3657531713039,1857.3912301252,1351.8052945383229,1425.1758154839754,44.74624496030821,52.76465786722548,8.01841290691727
2024-04-26 → 2025-04-26,942.3657531713039,1857.3912301252,1350.4555939952052,1419.6445714308727,44.59874081128595,52.160167151675566,7.561426340389616
2024-04-27 → 2025-04-27,942.3657531713039,1857.3912301252,1349.0840092146718,1414.2382613354748,44.44884500891996,51.569330040407856,7.120485031487895
2024-04-28 → 2025-04-28,942.3657531713039,1857.3912301252,1347.6505183144282,1406.351025632343,44.292183698787284,50.7073610677637,6.4151773689764156
2024-04-29 → 2025-04-29,942.3657531713039,1857.3912301252,1346.2156157236946,1399.9761065886933,44.135368109836655,50.010668002465486,5.875299892628831
2024-04-30 → 2025-04-30,942.3657531713039,1857.3912301252,1344.8397073354395,1393.196331321981,43.98499979519306,49.269729587364516,5.284729792171454
2024-05-01 → 2025-05-01,942.3657531713039,1857.3912301252,1343.1676899193262,1380.9749663359717,43.80227073920225,47.934098471748584,4.131827732546334
2024-05-02 → 2025-05-02,942.3657531713039,1857.3912301252,1341.2897529406655,1367.5855922031667,43.597037439588306,46.470819637439185,2.873782197850879
2024-05-03 → 2025-05-03,942.3657531713039,1857.3912301252,1339.519906933263,1356.3739061445303,43.40361703196268,45.24553287318866,1.8419158412259762
2024-05-04 → 2025-05-04,942.3657531713039,1857.3912301252,1338.076895532172,1349.4174978839078,43.245915258904446,44.48529084323117,1.239375584326723
2024-05-05 → 2025-05-05,942.3657531713039,1857.3912301252,1336.6803034924064,1340.6548380638444,43.09328649883813,43.52764976757127,0.43436326873313647
2024-05-06 → 2025-05-06,942.3657531713039,1857.3912301252,1335.2418085415575,1329.7616663991798,42.936078313155946,42.337172350382,-0.5989059627739479
2024-05-07 → 2025-05-07,942.3657531713039,1857.3912301252,1333.7333239839118,1319.2736891308443,42.77122120309302,41.19097724079337,-1.5802439622996474
2024-05-08 → 2025-05-08,942.3657531713039,1857.3912301252,1332.0053939136556,1300.435023039095,42.58238164465706,39.13216395458163,-3.4502176900754336
2024-05-09 → 2025-05-09,942.3657531713039,1857.3912301252,1330.186310659983,1286.7669744341524,42.38358026704645,37.63842974179846,-4.745150525247986
2024-05-10 → 2025-05-10,942.3657531713039,1857.3912301252,1328.4618307447658,1280.3118586579185,42.195117764236365,36.932972250306214,-5.26214551393015
2024-05-11 → 2025-05-11,942.3657531713039,1857.3912301252,1326.6029030334432,1276.2019245990168,41.991961922334454,36.48381163539268,-5.5081502869417776
2024-05-12 → 2025-05-12,942.3657531713039,1857.3912301252,1324.7670253693136,1273.0040123861177,41.79132514113343,36.134322763941256,-5.657002377192171
2024-05-13 → 2025-05-13,942.3657531713039,1857.3912301252,1322.942866400309,1267.1726059363405,41.59196905598078,35.4970283282508,-6.094940727729984
2024-05-14 → 2025-05-14,942.3657531713039,1857.3912301252,1321.2361721569002,1263.9572161193996,41.405450288318676,35.145629389322366,-6.25982089899631
2024-05-15 → 2025-05-15,942.3657531713039,1857.3912301252,1319.4318560835718,1259.7365522214373,41.208262765263584,34.68436748959768,-6.5238952756659
2024-05-16 → 2025-05-16,942.3657531713039,1857.3912301252,1317.9478382275522,1256.686920585283,41.04607953721185,34.35108369445064,-6.694995842761216
2024-05-17 → 2025-05-17,942.3657531713039,1857.3912301252,1316.4095075147886,1253.4291201444396,40.87796064309268,33.99504984371148,-6.8829107993812
2024-05-18 → 2025-05-18,942.3657531713039,1857.3912301252,1314.9060876032388,1247.4401192200676,40.713657030852865,33.34053244772494,-7.373124583127925
2024-05-19 → 2025-05-19,942.3657531713039,1857.3912301252,1313.4137141314725,1243.7703053029693,40.550560646177935,32.93947105549846,-7.611089590679477
2024-05-20 → 2025-05-20,935.5120639280841,1857.3912301252,1311.8462109734069,1239.9900698192675,40.82250264942587,33.02797341078863,-7.794529238637239
2024-05-21 → 2025-05-21,911.5366811731703,1857.3912301252,1310.4994507171264,1235.2881824474837,42.18013964049667,34.22846584953442,-7.951673790962246
2024-05-22 → 2025-05-22,897.0459084351565,1857.3912301252,1309.059271839629,1231.0814112875794,42.9026261802785,34.782853137096296,-8.119773043182207
2024-05-23 → 2025-05-23,897.0459084351565,1857.3912301252,1307.6503465139053,1230.86472176184,42.755915898684776,34.760289427892396,-7.995626470792381
2024-05-24 → 2025-05-24,897.0459084351565,1857.3912301252,1306.149829215401,1228.3724863045918,42.59966821729204,34.500774917751166,-8.098893299540876
2024-05-25 → 2025-05-25,897.0459084351565,1857.3912301252,1304.6760954921422,1225.595645197109,42.446209488439656,34.211624645993076,-8.23458484244658
2024-05-26 → 2025-05-26,897.0459084351565,1857.3912301252,1303.2306066473566,1223.1801593941352,42.295691876478806,33.9601020167452,-8.335589859733602
2024-05-27 → 2025-05-27,897.0459084351565,1857.3912301252,1301.7438475237755,1221.3608632050632,42.14087682297652,33.77066014120501,-8.37021668177151
2024-05-28 → 2025-05-28,897.0459084351565,1857.3912301252,1300.336243852706,1220.4797924057061,41.99430416423829,33.67891493461552,-8.315389229622767
2024-05-29 → 2025-05-29,897.0459084351565,1857.3912301252,1298.9224935966552,1220.8148501790506,41.84709146645964,33.713804235971715,-8.133287230487923
2024-05-30 → 2025-05-30,897.0459084351565,1857.3912301252,1297.5074033479068,1221.370975921636,41.69973923629956,33.771713170396126,-7.928026065903431
2024-05-31 → 2025-05-31,897.0459084351565,1857.3912301252,1296.1208334042235,1219.649140425207,41.555356802984505,33.592419799819915,-7.9629370031645905
2024-06-01 → 2025-06-01,897.0459084351565,1857.3912301252,1294.6494012997885,1217.3217398238826,41.40213773988275,33.35006941306231,-8.05206832682044
2024-06-02 → 2025-06-02,897.0459084351565,1857.3912301252,1293.1944777379347,1215.7531725236092,41.25063769828382,33.186735738721815,-8.063901959562003
2024-06-03 → 2025-06-03,897.0459084351565,1857.3912301252,1291.7551451501581,1214.8229859159542,41.10076113250397,33.08987614179911,-8.01088499070486
2024-06-04 → 2025-06-04,897.0459084351565,1857.3912301252,1290.393313313578,1214.3246061797115,40.95895465874683,33.03798025341538,-7.920974405331457
2024-06-05 → 2025-06-05,897.0459084351565,1857.3912301252,1289.2081489791512,1216.9788699950554,40.835544432481456,33.31436664853759,-7.5211777839438625
2024-06-06 → 2025-06-06,897.0459084351565,1857.3912301252,1287.9812175707518,1214.0019041296005,40.707785033785136,33.00437754376265,-7.703407490022485
2024-06-07 → 2025-06-07,897.0459084351565,1857.3912301252,1286.7067558792428,1211.6453979764021,40.575076344241445,32.758996418871945,-7.8160799253695
2024-06-08 → 2025-06-08,897.0459084351565,1857.3912301252,1285.350521522981,1209.9279147567195,40.43385273168975,32.580156247436506,-7.853696484253241
2024-06-09 → 2025-06-09,897.0459084351565,1857.3912301252,1283.8878581496565,1205.5495778733325,40.28154674963421,32.12424348517284,-8.157303264461369
2024-06-10 → 2025-06-10,897.0459084351565,1857.3912301252,1282.4468889909047,1202.9376540724388,40.131499769011036,31.852265922321056,-8.27923384668998
2024-06-11 → 2025-06-11,897.0459084351565,1857.3912301252,1281.0284949496881,1201.3810559998233,39.983803517550115,31.690178594204937,-8.293624923345178
2024-06-12 → 2025-06-12,897.0459084351565,1857.3912301252,1279.5504260459686,1201.170040713113,39.82989336977969,31.66820573903041,-8.161687630749281
2024-06-13 → 2025-06-13,897.0459084351565,1857.3912301252,1278.1220027756308,1199.8749738510624,39.681152782610056,31.53335144934933,-8.147801333260727
2024-06-14 → 2025-06-14,897.0459084351565,1857.3912301252,1276.6214203608865,1198.8673653680748,39.52489832071468,31.42842997368531,-8.096468347029365
2024-06-15 → 2025-06-15,897.0459084351565,1857.3912301252,1275.0700317456951,1197.235176258363,39.36335344928643,31.25847141056768,-8.104882038718749
2024-06-16 → 2025-06-16,897.0459084351565,1857.3912301252,1273.490773709874,1194.3774600306274,39.198906557095405,30.960899676401628,-8.238006880693778
2024-06-17 → 2025-06-17,897.0459084351565,1857.3912301252,1272.0010778605183,1194.3694301628548,39.04378570465724,30.960063532611336,-8.083722172045903
2024-06-18 → 2025-06-18,897.0459084351565,1857.3912301252,1270.498216500307,1192.6350677085693,38.88729393796997,30.779465739805588,-8.107828198164384
2024-06-19 → 2025-06-19,897.0459084351565,1857.3912301252,1268.911355462624,1190.892620254553,38.72205535119886,30.598026062362294,-8.124029288836567
2024-06-20 → 2025-06-20,897.0459084351565,1857.3912301252,1267.3456487959347,1189.9597532715575,38.55901955237455,30.500887360071964,-8.058132192302587
2024-06-21 → 2025-06-21,897.0459084351565,1857.3912301252,1265.826160936588,1189.0740716275138,38.400796481461605,30.408662029866264,-7.992134451595341
2024-06-22 → 2025-06-22,897.0459084351565,1857.3912301252,1264.2706576115565,1188.0930668952042,38.23882314854695,30.306510781752383,-7.932312366794566
2024-06-23 → 2025-06-23,897.0459084351565,1857.3912301252,1262.608558005934,1186.1198671772745,38.06575002910928,30.10104305328392,-7.9647069758253615
2024-06-24 → 2025-06-24,897.0459084351565,1857.3912301252,1260.873749633798,1183.6023670195093,37.8851058032299,29.8388977498284,-8.046208053401497
2024-06-25 → 2025-06-25,897.0459084351565,1857.3912301252,1258.8858209040802,1180.6783946623518,37.67810435439486,29.534426817225558,-8.143677537169303
2024-06-26 → 2025-06-26,897.0459084351565,1857.3912301252,1257.0135891818722,1177.8978560499681,37.48315034359038,29.244891527201922,-8.23825881638846
2024-06-27 → 2025-06-27,897.0459084351565,1857.3912301252,1255.0706912457156,1175.1002476070112,37.2808379157298,28.953578769200078,-8.32725914652972
2024-06-28 → 2025-06-28,897.0459084351565,1857.3912301252,1253.1780591233662,1172.3963383777977,37.083759627367996,28.672022836334698,-8.411736791033299
2024-06-29 → 2025-06-29,897.0459084351565,1857.3912301252,1251.1686559681962,1169.5191153598544,36.87452206356815,28.372419875508072,-8.502102188060078
2024-06-30 → 2025-06-30,897.0459084351565,1857.3912301252,1249.2312795542734,1166.6846168964544,36.67278458745765,28.077265788808113,-8.595518798649536
2024-07-01 → 2025-07-01,897.0459084351565,1857.3912301252,1247.466206270173,1164.2020232651016,36.48898890019442,27.818755274383594,-8.670233625810827
2024-07-02 → 2025-07-02,897.0459084351565,1857.3912301252,1245.6262753955532,1161.880994264799,36.29739835114257,27.57706835740898,-8.72032999373359
2024-07-03 → 2025-07-03,897.0459084351565,1857.3912301252,1243.7136579279575,1159.7234466644231,36.09823900456192,27.352404629513792,-8.745834375048126
2024-07-04 → 2025-07-04,897.0459084351565,1857.3912301252,1241.704235081105,1157.3989960164172,35.888999390282734,27.11036141906577,-8.778637971216963
2024-07-05 → 2025-07-05,897.0459084351565,1857.3912301252,1239.4698777462443,1154.7488658878647,35.65633752538931,26.834405461484934,-8.821932063904377
2024-07-06 → 2025-07-06,897.0459084351565,1857.3912301252,1237.1554044926193,1152.0588886126918,35.41533325313942,26.554300251992274,-8.861033001147149
2024-07-07 → 2025-07-07,897.0459084351565,1857.3912301252,1234.989629037333,1149.4887644209439,35.189812765209645,26.286675249433305,-8.90313751577634
2024-07-08 → 2025-07-08,897.0459084351565,1857.3912301252,1232.6280567944432,1147.0232291749298,34.94390411239984,26.029941011203757,-8.913963101196085
2024-07-09 → 2025-07-09,897.0459084351565,1857.3912301252,1230.260872926121,1144.9249536738907,34.69741112546507,25.811449240207622,-8.885961885257444
2024-07-10 → 2025-07-10,863.0070855869632,1857.3912301252,1227.9065478406542,1142.9156079154805,36.69602580229592,28.14893256956532,-8.5470932327306
2024-07-11 → 2025-07-11,850.2056279783346,1857.3912301252,1225.4960676914104,1140.8492155470724,37.26129910049606,28.857003808356346,-8.404295292139714
2024-07-12 → 2025-07-12,850.2056279783346,1857.3912301252,1223.0560426906623,1138.6769722595066,37.01903739664057,28.641329231303658,-8.377708165336912
2024-07-13 → 2025-07-13,841.0447527676909,1857.3912301252,1220.6317496896013,1136.480163639164,37.348188376549786,29.068375544489733,-8.279812832060053
2024-07-14 → 2025-07-14,834.2294612452506,1857.3912301252,1218.305832094503,1134.2990356328573,37.53818628990596,29.327676572209256,-8.210509717696702
2024-07-15 → 2025-07-15,834.2294612452506,1857.3912301252,1216.1489980243102,1132.1504117073018,37.32738540427925,29.117678115376023,-8.209707288903225
2024-07-16 → 2025-07-16,834.2294612452506,1857.3912301252,1214.2295463309865,1130.1967475980105,37.13978538327524,28.92673430094577,-8.213051082329468
2024-07-17 → 2025-07-17,834.2294612452506,1857.3912301252,1212.3201316526386,1128.2458353361199,36.95316634253077,28.736059441776018,-8.217106900754754
2024-07-18 → 2025-07-18,834.2294612452506,1857.3912301252,1210.3806686925236,1126.2590090413105,36.763610495243974,28.541874479511026,-8.221736015732947
2024-07-19 → 2025-07-19,834.2294612452506,1857.3912301252,1208.4277499954953,1124.2563460669658,36.572739534617085,28.346141699489642,-8.226597835127443
2024-07-20 → 2025-07-20,834.2294612452506,1857.3912301252,1206.6640234441736,1122.3630892555384,36.40035950587026,28.16110186815389,-8.239257637716374
2024-07-21 → 2025-07-21,834.2294612452506,1857.3912301252,1204.923960708377,1120.409617848191,36.2302922898423,27.97017688769005,-8.260115402152252
2024-07-22 → 2025-07-22,832.861338398232,1857.3912301252,1203.1848802930365,1118.5911963791696,36.145703984349325,27.888874720805422,-8.256829263543903
2024-07-23 → 2025-07-23,832.861338398232,1857.3912301252,1201.4419881107394,1116.7630968617354,35.975587700151976,27.71044171146173,-8.265145988690247
2024-07-24 → 2025-07-24,832.861338398232,1857.3912301252,1199.6050623093008,1114.8932780500777,35.796293194811355,27.527936659461155,-8.2683565353502
2024-07-25 → 2025-07-25,832.861338398232,1857.3912301252,1197.749256658333,1112.5230209391425,35.61515590775382,27.29658595607271,-8.318569951681106
2024-07-26 → 2025-07-26,832.861338398232,1857.3912301252,1195.9077789819964,1110.1879309700043,35.43541711328755,27.068667767643667,-8.366749345643882
2024-07-27 → 2025-07-27,832.861338398232,1857.3912301252,1194.172163637245,1107.9898815145377,35.26601109021624,26.854125520197712,-8.411885570018526
2024-07-28 → 2025-07-28,832.861338398232,1857.3912301252,1192.4737435192187,1106.1056843311012,35.10023553483802,26.670217056554897,-8.430018478283124
2024-07-29 → 2025-07-29,832.861338398232,1857.3912301252,1190.7837869483542,1104.2774900186857,34.93528607025813,26.491774794676736,-8.443511275581393
2024-07-30 → 2025-07-30,832.861338398232,1857.3912301252,1189.0184313084774,1102.414519012095,34.76297722362203,26.309938127768913,-8.453039095853118
2024-07-31 → 2025-07-31,832.861338398232,1857.3912301252,1187.2488270999909,1100.720452147601,34.590253692295526,26.14458747493061,-8.445666217364916
2024-08-01 → 2025-08-01,832.861338398232,1857.3912301252,1185.43716815174,1099.015382357979,34.413425376901316,25.978162873424065,-8.43526250347725
2024-08-02 → 2025-08-02,832.861338398232,1857.3912301252,1183.6728769955807,1097.3664244370348,34.241220429988026,25.817215112479317,-8.424005317508708
2024-08-03 → 2025-08-03,832.861338398232,1857.3912301252,1181.6218697192364,1095.62554778544,34.041030343499955,25.647295555651127,-8.393734787848828
2024-08-04 → 2025-08-04,832.861338398232,1857.3912301252,1179.4915158395227,1093.682785868734,33.83309557293677,25.457670837778707,-8.375424735158063
2024-08-05 → 2025-08-05,832.861338398232,1857.3912301252,1177.1998638049506,1091.6483452901246,33.609417176329984,25.259097756110954,-8.35031942021903
2024-08-06 → 2025-08-06,832.861338398232,1857.3912301252,1174.5472980206368,1089.4229667084098,33.35051152548142,25.0418880290269,-8.308623496454523
2024-08-07 → 2025-08-07,832.861338398232,1857.3912301252,1171.9988313419863,1087.2851913234958,33.101766545053884,24.833228876943934,-8.26853766810995
2024-08-08 → 2025-08-08,832.861338398232,1857.3912301252,1169.3832477955805,1085.107819041697,32.84647057296693,24.62070484037057,-8.225765732596358
2024-08-09 → 2025-08-09,832.861338398232,1857.3912301252,1167.3149519189951,1083.2714850311063,32.644593019828974,24.441468097214614,-8.20312492261436
2024-08-10 → 2025-08-10,832.861338398232,1857.3912301252,1165.1076401686075,1081.5158662234621,32.429146719217194,24.27010962131062,-8.159037097906573
2024-08-11 → 2025-08-11,832.861338398232,1857.3912301252,1162.9200944149,1079.7719017418242,32.21562969337228,24.099888674540754,-8.115741018831525
2024-08-12 → 2025-08-12,832.2630088766163,1857.3912301252,1160.5502210475872,1077.940088483165,32.024014690681746,23.96549763378082,-8.058517056900925
2024-08-13 → 2025-08-13,810.0925882684495,1857.3912301252,1158.16340535424,1076.0917042216608,33.23510631778319,25.398592657546352,-7.8365136602368395
2024-08-14 → 2025-08-14,810.0925882684495,1857.3912301252,1155.9554977498176,1074.349479432894,33.02428702363152,25.232238504190622,-7.7920485194409
2024-08-15 → 2025-08-15,810.0925882684495,1857.3912301252,1153.6410933784614,1072.5709752304879,32.803299018982436,25.062420256431512,-7.740878762550924
2024-08-16 → 2025-08-16,810.0925882684495,1857.3912301252,1151.2273113670253,1070.752360472196,32.572822064753154,24.88877210244673,-7.684049962306425
2024-08-17 → 2025-08-17,810.0925882684495,1857.3912301252,1148.9139753901081,1068.9930574716109,32.351936074409856,24.72078725741093,-7.631148816998927
2024-08-18 → 2025-08-18,810.0925882684495,1857.3912301252,1146.6644231182386,1067.2904619302358,32.13714039131021,24.55821705314173,-7.578923338168483
2024-08-19 → 2025-08-19,810.0925882684495,1857.3912301252,1144.4375702503507,1065.6518036622917,31.924512132388777,24.401751819401056,-7.522760312987721
2024-08-20 → 2025-08-20,810.0925882684495,1857.3912301252,1142.2296166698006,1064.0050549280463,31.7136884482641,24.244514077611772,-7.469174370652329
2024-08-21 → 2025-08-21,810.0925882684495,1857.3912301252,1140.0403217673017,1062.413316450214,31.504646364659607,24.09252892130428,-7.412117443355328
2024-08-22 → 2025-08-22,810.0925882684495,1857.3912301252,1137.9102129628714,1060.7901354137693,31.30125559155081,23.93754151164174,-7.3637140799090695
2024-08-23 → 2025-08-23,810.0925882684495,1857.3912301252,1135.7563036141985,1059.1952723623094,31.095592253264204,23.78525800933218,-7.310334243932026
2024-08-24 → 2025-08-24,810.0925882684495,1857.3912301252,1133.9012087584465,1057.6533852272496,30.91846084283259,23.63803284609448,-7.280427996738112
2024-08-25 → 2025-08-25,810.0925882684495,1857.3912301252,1132.115466732766,1056.2114796362753,30.74795150057711,23.500354295455097,-7.2475972051220126
2024-08-26 → 2025-08-26,810.0925882684495,1857.3912301252,1130.3210880177091,1054.7323245137914,30.57661749484637,23.359119019921696,-7.217498474924675
2024-08-27 → 2025-08-27,810.0925882684495,1857.3912301252,1128.4389538708276,1053.2271440718262,30.396904271544113,23.215398749331385,-7.181505522212728
2024-08-28 → 2025-08-28,810.0925882684495,1857.3912301252,1126.2797203154862,1051.3001995947222,30.190732558047635,23.03140686773325,-7.159325690314386
2024-08-29 → 2025-08-29,810.0925882684495,1857.3912301252,1124.1755137352932,1049.4871817221613,29.98981502640045,22.858293125377326,-7.131521901023124
2024-08-30 → 2025-08-30,810.0925882684495,1857.3912301252,1122.0836091796666,1047.673571634636,29.790072138171563,22.685122836116754,-7.104949302054809
2024-08-31 → 2025-08-31,810.0925882684495,1857.3912301252,1119.9863467252098,1045.8791940445838,29.589817657678918,22.51378893780568,-7.076028719873239
2024-09-01 → 2025-09-01,810.0925882684495,1857.3912301252,1117.8591023253082,1044.039082941158,29.38670038865141,22.33808823221101,-7.048612156440399
2024-09-02 → 2025-09-02,810.0925882684495,1857.3912301252,1115.5532315039811,1042.003720251204,29.166527199346113,22.14374417325705,-7.022783026089062
2024-09-03 → 2025-09-03,810.0925882684495,1857.3912301252,1113.3790491951443,1040.094954891463,28.95892812283225,21.96148810192701,-6.997440020905241
2024-09-04 → 2025-09-04,810.0925882684495,1857.3912301252,1111.1023684041027,1038.4293783664502,28.741542107033997,21.802452612101504,-6.939089494932492
2024-09-05 → 2025-09-05,810.0925882684495,1857.3912301252,1108.8622183302875,1036.7834155091973,28.527644181047613,21.64528990879323,-6.882354272254382
2024-09-06 → 2025-09-06,810.0925882684495,1857.3912301252,1106.471404113486,1034.8007701545462,28.299360277942103,21.455979498618717,-6.843380779323386
2024-09-07 → 2025-09-07,810.0925882684495,1849.5761906814546,1103.8512361650762,1032.5660392234213,28.260055975362203,21.402304994377314,-6.857750980984889
2024-09-08 → 2025-09-08,810.0925882684495,1822.846369082129,1101.234805859359,1030.6485506077765,28.747581406903894,21.777846354927963,-6.969735051975931
2024-09-09 → 2025-09-09,810.0925882684495,1750.2167203219933,1098.7050901479581,1028.8679420614258,30.69940362546411,23.270900760211113,-7.428502865252998
2024-09-10 → 2025-09-10,810.0925882684495,1741.8812419239014,1096.3212361983053,1026.963865610488,30.718194174930876,23.2747282864244,-7.443465888506477
2024-09-11 → 2025-09-11,810.0925882684495,1741.8812419239014,1093.9497554346176,1025.0742932897945,30.463685735234353,23.071938489265925,-7.391747245968428
2024-09-12 → 2025-09-12,810.0925882684495,1720.4407096877485,1091.5428716678064,1023.2001540243723,30.916775327723574,23.409458507331525,-7.507316820392049
2024-09-13 → 2025-09-13,810.0925882684495,1717.402626844845,1089.1982918176168,1021.4276616917499,30.761888624873475,23.29248707033963,-7.469401554533846
2024-09-14 → 2025-09-14,810.0925882684495,1717.402626844845,1087.052652771618,1019.835291121039,30.525405068561756,23.11698250155855,-7.408422567003207
2024-09-15 → 2025-09-15,810.0925882684495,1717.402626844845,1084.8666594899848,1018.1864353580072,30.284473833516323,22.93525236600104,-7.349221467515282
2024-09-16 → 2025-09-16,810.0925882684495,1717.402626844845,1082.5851879925149,1016.3145340773981,30.03301938019079,22.728939066134306,-7.304080314056485
2024-09-17 → 2025-09-17,810.0925882684495,1660.5470722749678,1080.2365773562155,1014.7507478435675,31.764661621290895,24.064563527370314,-7.70009809392058
2024-09-18 → 2025-09-18,810.0925882684495,1660.5470722749678,1078.0358117891078,1013.0040603329675,31.505886388930442,23.859180694608785,-7.646705694321657
2024-09-19 → 2025-09-19,810.0925882684495,1660.5470722749678,1075.9423796386707,1011.5668076094244,31.259731869222946,23.69018250004672,-7.569549369176226
2024-09-20 → 2025-09-20,810.0925882684495,1660.5470722749678,1073.9655212945413,1010.0448453872975,31.027284585881414,23.511223807871122,-7.516060778010292
2024-09-21 → 2025-09-21,810.0925882684495,1660.5470722749678,1072.0084547041913,1008.6187040177792,30.797164499838694,23.343532132850527,-7.453632366988167
2024-09-22 → 2025-09-22,810.0925882684495,1660.5470722749678,1070.1204848732873,1007.6331968397939,30.575169100154316,23.22765207148115,-7.347517028673167
2024-09-23 → 2025-09-23,810.0925882684495,1660.5470722749678,1068.260973699314,1005.6451039779051,30.35651998853895,22.993883786490425,-7.362636202048524
2024-09-24 → 2025-09-24,810.0925882684495,1660.5470722749678,1066.35807802044,1003.252482549856,30.13276954513962,22.712549338492998,-7.420220206646622
2024-09-25 → 2025-09-25,810.0925882684495,1660.5470722749678,1064.6145192711788,1002.0573916125852,29.927754605239816,22.57202554095351,-7.3557290642863045
2024-09-26 → 2025-09-26,810.0925882684495,1660.5470722749678,1062.7730798208386,999.945641888331,29.711230442575033,22.323717164201156,-7.387513278373877
2024-09-27 → 2025-09-27,810.0925882684495,1660.5470722749678,1061.0652697080945,998.0475521044702,29.51041897707502,22.100531818064958,-7.4098871590100615
2024-09-28 → 2025-09-28,810.0925882684495,1660.5470722749678,1059.346693167088,995.5105715774448,29.308341549849253,21.80222302262259,-7.506118527226661
2024-09-29 → 2025-09-29,810.0925882684495,1660.5470722749678,1057.5820428563761,992.8996268109618,29.10084657582095,21.495217202136725,-7.6056293736842235
2024-09-30 → 2025-09-30,810.0925882684495,1660.5470722749678,1055.815465906548,990.8363964778504,28.893125059496448,21.25261393859798,-7.640511120898466
2024-10-01 → 2025-10-01,810.0925882684495,1660.5470722749678,1053.8041706139825,987.3626301766283,28.65662853553313,20.844153948492803,-7.812474587040327
2024-10-02 → 2025-10-02,810.0925882684495,1660.5470722749678,1051.5809726681887,984.0521707939188,28.3952156101382,20.454896269808597,-7.940319340329605
2024-10-03 → 2025-10-03,810.0925882684495,1660.5470722749678,1049.3118907760227,980.7550007876656,28.128407458163235,20.067201211665086,-8.061206246498148
2024-10-04 → 2025-10-04,810.0925882684495,1660.5470722749678,1047.0480954408613,977.870511149363,27.862220921701393,19.728030839523157,-8.134190082178236
2024-10-05 → 2025-10-05,809.5607943721222,1660.5470722749678,1044.8568999186584,974.8419624542487,27.64981194836601,19.422307077552674,-8.227504870813338
2024-10-06 → 2025-10-06,801.1250765566017,1660.5470722749678,1042.6410903743822,971.7293886136556,28.10214481605212,19.85105255706781,-8.251092258984311
2024-10-07 → 2025-10-07,801.1250765566017,1660.5470722749678,1040.5368234979912,969.8900736847934,27.857298060107492,19.637034887282105,-8.220263172825387
2024-10-08 → 2025-10-08,801.1250765566017,1660.5470722749678,1038.3736975281574,966.8318013152441,27.605602620543408,19.281182653480133,-8.324419967063275
2024-10-09 → 2025-10-09,801.1250765566017,1660.5470722749678,1036.2226656327382,964.6715862337846,27.355314414500782,19.029825916950045,-8.325488497550737
2024-10-10 → 2025-10-10,801.1250765566017,1660.5470722749678,1034.1170201289265,965.3362076589939,27.110307245228636,19.10715945373644,-8.003147791492196
2024-10-11 → 2025-10-11,801.1250765566017,1600.9595520752741,1032.042812866812,965.1012014199293,28.87069054637411,20.50125743291989,-8.369433113454221
2024-10-12 → 2025-10-12,801.1250765566017,1593.3860174630252,1030.0413126707285,962.4902637434913,28.894045420467705,20.367681764327813,-8.526363656139893
2024-10-13 → 2025-10-13,801.1250765566017,1593.3860174630252,1028.087361256755,960.9675635608203,28.647415640670914,20.17548496349489,-8.471930677176026
2024-10-14 → 2025-10-14,801.1250765566017,1513.093736531245,1026.1447809729098,960.0087064097031,31.605282235923436,22.316098837659517,-9.28918339826392
2024-10-15 → 2025-10-15,801.1250765566017,1509.1711344468888,1024.475167581298,959.4627774946923,31.544570940793893,22.362627285840393,-9.1819436549535
2024-10-16 → 2025-10-16,801.1250765566017,1509.1711344468888,1022.9198669083512,959.3163834610564,31.324909994219187,22.341951507477596,-8.982958486741591
2024-10-17 → 2025-10-17,801.1250765566017,1509.1711344468888,1021.4443118773515,958.9146347315726,31.116511823710862,22.285211027814334,-8.831300795896528
2024-10-18 → 2025-10-18,801.1250765566017,1509.1711344468888,1019.9368706144877,957.5333971780508,30.903610241099777,22.090133668350262,-8.813476572749515
2024-10-19 → 2025-10-19,801.1250765566017,1509.1711344468888,1018.4552209538346,955.4142286778676,30.694351303190015,21.790835553973707,-8.903515749216307
2024-10-20 → 2025-10-20,801.1250765566017,1509.1711344468888,1016.927738620884,952.9390552133767,30.478619245094553,21.441257523433432,-9.03736172166112
2024-10-21 → 2025-10-21,801.1250765566017,1509.1711344468888,1015.4822304946782,952.1046390633265,30.274464711629186,21.323409801417096,-8.95105491021209
2024-10-22 → 2025-10-22,801.1250765566017,1509.1711344468888,1013.9685553618226,950.9893117738227,30.060682696181516,21.165887945730603,-8.894794750450913
2024-10-23 → 2025-10-23,801.1250765566017,1509.1711344468888,1012.3988143492414,948.5883076538823,29.838982286287504,20.82678512986373,-9.012197156423774
2024-10-24 → 2025-10-24,801.1250765566017,1509.1711344468888,1010.7601868228876,946.5728430330491,29.607552775722002,20.542133503267777,-9.065419272454225
2024-10-25 → 2025-10-25,801.1250765566017,1509.1711344468888,1009.1978368308545,944.753908007444,29.38689622737706,20.2852384884117,-9.101657738965361
2024-10-26 → 2025-10-26,801.1250765566017,1492.0175577342022,1007.4594652119159,941.6961016046741,29.864905795996645,20.346295390054667,-9.518610405941978
2024-10-27 → 2025-10-27,801.1250765566017,1475.3811197894868,1005.7777727348874,940.0421356502013,30.35237106619445,20.603012829892915,-9.749358236301536
2024-10-28 → 2025-10-28,801.1250765566017,1475.3811197894868,1004.1781060431421,939.1416774000063,30.11512192207475,20.46946441616605,-9.645657505908698
2024-10-29 → 2025-10-29,801.1250765566017,1475.3811197894868,1002.746428704382,939.3697239709344,29.902787549527552,20.503286370483977,-9.399501179043575
2024-10-30 → 2025-10-30,801.1250765566017,1475.3811197894868,1001.5164821323464,939.7564976092665,29.720372191982026,20.56064939187829,-9.159722800103737
2024-10-31 → 2025-10-31,801.1250765566017,1475.3811197894868,1000.2392499919945,938.1924543794864,29.53094383562234,20.328683620792148,-9.202260214830194
2024-11-01 → 2025-11-01,801.1250765566017,1475.3811197894868,998.8401464488767,936.8899497855352,29.32344053518332,20.135507066125164,-9.187933469058155
2024-11-02 → 2025-11-02,801.1250765566017,1475.3811197894868,997.383034696783,936.0177694174893,29.107333943819725,20.006152590655567,-9.101181353164158
2024-11-03 → 2025-11-03,801.1250765566017,1475.3811197894868,996.0026721178785,937.7041204602091,28.902610145974915,20.25625803051699,-8.646352115457926
2024-11-04 → 2025-11-04,801.1250765566017,1475.3811197894868,994.7239388370494,940.9047433359376,28.712959153052715,20.73094756542755,-7.982011587625166
2024-11-05 → 2025-11-05,801.1250765566017,1438.0621421054163,993.3221237103922,939.3369035379375,30.175202158816838,21.699447945025156,-8.475754213791681
2024-11-06 → 2025-11-06,801.1250765566017,1321.0731296676338,992.0917258448552,941.0052064267193,36.72802468354923,26.90271249852087,-9.82531218502836
2024-11-07 → 2025-11-07,801.1250765566017,1316.2692961945663,991.123907896459,939.6311755517061,36.88264841123239,26.886858808673868,-9.99578960255852
2024-11-08 → 2025-11-08,801.1250765566017,1309.7331721889386,990.1974414514445,940.2512436212594,37.17447019001436,27.354296610573286,-9.820173579441075
2024-11-09 → 2025-11-09,801.1250765566017,1309.7331721889386,989.2361830294327,938.5281719780513,36.98547232893692,27.015514814136125,-9.969957514800797
2024-11-10 → 2025-11-10,801.1250765566017,1309.7331721889386,988.254124947279,937.1848397244471,36.792384941892344,26.751395492178798,-10.040989449713546
2024-11-11 → 2025-11-11,801.1250765566017,1309.7331721889386,987.5095283606613,939.0181197756057,36.645986055792825,27.111845918922263,-9.534140136870562
2024-11-12 → 2025-11-12,801.1250765566017,1309.7331721889386,987.1217995192454,940.1704517596643,36.56975273494215,27.338411715643595,-9.231341019298554
2024-11-13 → 2025-11-13,801.1250765566017,1309.7331721889386,986.749975867759,941.7395340877989,36.49664661361229,27.646916897061097,-8.849729716551195
2024-11-14 → 2025-11-14,801.1250765566017,1309.7331721889386,986.617722046227,946.9104477566943,36.4706435234791,28.66359628405878,-7.807047239420317
2024-11-15 → 2025-11-15,801.1250765566017,1309.7331721889386,986.3443192967782,947.0216886113441,36.41688843153372,28.68546790891198,-7.73142052262174
2024-11-16 → 2025-11-16,801.1250765566017,1309.7331721889386,986.2474514858169,949.0016569762221,36.39784276321009,29.07475946401717,-7.323083299192923
2024-11-17 → 2025-11-17,801.1250765566017,1309.7331721889386,986.2033449828607,952.0305729604798,36.38917076145963,29.67028989506389,-6.718880866395743
2024-11-18 → 2025-11-18,801.1250765566017,1309.7331721889386,986.1015570857861,952.1495600686268,36.369157730218355,29.693684549842047,-6.675473180376308
2024-11-19 → 2025-11-19,801.1250765566017,1309.7331721889386,986.0773547195357,954.4463068337905,36.36439918106071,30.145259502125928,-6.219139678934784
2024-11-20 → 2025-11-20,801.1250765566017,1309.7331721889386,986.2594207952014,960.2578384238259,36.40019610942839,31.28789400596923,-5.1123021034591645
2024-11-21 → 2025-11-21,801.1250765566017,1309.7331721889386,986.5740887703978,964.2600216909826,36.46206456529816,32.074783420731876,-4.3872811445662805
2024-11-22 → 2025-11-22,801.1250765566017,1309.7331721889386,987.0244550235172,966.3952679440748,36.55061334322501,32.49460494371363,-4.056008399511377
2024-11-23 → 2025-11-23,801.1250765566017,1309.7331721889386,987.4080135995237,965.6777741463011,36.62602672718413,32.353534873469926,-4.272491853714207
2024-11-24 → 2025-11-24,801.1250765566017,1309.7331721889386,987.7032070114828,965.0646679576423,36.6840661910649,32.232988976948846,-4.451077214116054
2024-11-25 → 2025-11-25,801.1250765566017,1309.7331721889386,988.0395412988238,966.8485650833514,36.75019456971817,32.58372997793336,-4.166464591784809
2024-11-26 → 2025-11-26,801.1250765566017,1309.7331721889386,988.1331881618677,964.4840540914114,36.76860695124495,32.11883155963345,-4.649775391611499
2024-11-27 → 2025-11-27,801.1250765566017,1309.7331721889386,988.1507497038816,963.7776923960719,36.77205981449364,31.97995022813177,-4.7921095863618675
2024-11-28 → 2025-11-28,801.1250765566017,1309.7331721889386,988.3071299607444,964.364061204984,36.80280652462383,32.09523915372055,-4.707567370903284
2024-11-29 → 2025-11-29,801.1250765566017,1309.7331721889386,988.4609374057825,964.9073801486711,36.8330473812596,32.20206382842646,-4.630983552833136
2024-11-30 → 2025-11-30,801.1250765566017,1309.7331721889386,988.6711935094013,965.6355555273097,36.87438689304173,32.34523405809677,-4.529152834944959
2024-12-01 → 2025-12-01,801.1250765566017,1309.7331721889386,988.9972787652899,970.7256266274511,36.93850015798755,33.34601858037478,-3.592481577612766
2024-12-02 → 2025-12-02,801.1250765566017,1309.7331721889386,989.1792478293833,966.585108161137,36.974278012421244,32.531930385186634,-4.442347627234611
2024-12-03 → 2025-12-03,801.1250765566017,1309.7331721889386,989.243807480041,964.546649307197,36.98697141058226,32.131138720357605,-4.855832690224652
2024-12-04 → 2025-12-04,801.1250765566017,1309.7331721889386,989.361250805352,965.8236083944674,37.01006253443961,32.38220807970056,-4.627854454739051
2024-12-05 → 2025-12-05,801.1250765566017,1309.7331721889386,989.6594978863332,969.3167651037597,37.06870239557087,33.06901521849558,-3.9996871770752875
2024-12-06 → 2025-12-06,801.1250765566017,1309.7331721889386,989.905388292659,970.353060832509,37.11704814713037,33.27276654248125,-3.844281604649119
2024-12-07 → 2025-12-07,801.1250765566017,1309.7331721889386,990.2054018348432,970.1934750073456,37.176035321098006,33.24138956941814,-3.9346457516798665
2024-12-08 → 2025-12-08,801.1250765566017,1309.7331721889386,990.4858371731818,970.1099301052958,37.23117312577451,33.2249633853351,-4.0062097404394095
2024-12-09 → 2025-12-09,801.1250765566017,1309.7331721889386,990.7191976483908,968.2544973428185,37.277055304452546,32.86015740241607,-4.4168979020364745
2024-12-10 → 2025-12-10,801.1250765566017,1309.7331721889386,990.8802479723439,969.056907632173,37.30872022000071,33.017923331870435,-4.290796888130274
2024-12-11 → 2025-12-11,801.1250765566017,1309.7331721889386,991.0085483572584,968.7156705685007,37.33394600504351,32.95083099366297,-4.383115011380539
2024-12-12 → 2025-12-12,801.1250765566017,1309.7331721889386,991.3363209976078,971.6966942408229,37.39839103514903,33.536945075983255,-3.8614459591657777
2024-12-13 → 2025-12-13,801.1250765566017,1309.7331721889386,991.634133645319,972.5351335636266,37.45694548016646,33.70179485521479,-3.7551506249516677
2024-12-14 → 2025-12-14,801.1250765566017,1309.7331721889386,992.0381073652674,976.0118643082674,37.536372788425496,34.385372402347286,-3.151000386078209
2024-12-15 → 2025-12-15,801.1250765566017,1309.7331721889386,992.5067614349146,979.5015417663806,37.62851722609209,35.071495468039856,-2.5570217580522367
2024-12-16 → 2025-12-16,801.1250765566017,1309.7331721889386,993.0070399840631,978.9261152166855,37.72687951199448,34.95835795516176,-2.7685215568327237
2024-12-17 → 2025-12-17,801.1250765566017,1309.7331721889386,993.6007655852918,982.2655758543333,37.843614893583435,35.61494613500501,-2.228668758578422
2024-12-18 → 2025-12-18,801.1250765566017,1309.7331721889386,994.2240600855295,984.4755011163325,37.96616396537175,36.0494506741535,-1.916713291218251
2024-12-19 → 2025-12-19,801.1250765566017,1309.7331721889386,994.6034948946285,981.7190138876688,38.04076655474408,35.5074838332135,-2.5332827215305826
2024-12-20 → 2025-12-20,801.1250765566017,1309.7331721889386,994.901383480656,982.0022501114164,38.09933593037644,35.563172334080846,-2.5361635962955944
2024-12-21 → 2025-12-21,801.1250765566017,1309.7331721889386,995.1885685502381,982.1683594537803,38.155800833717194,35.5958319287256,-2.5599689049915924
2024-12-22 → 2025-12-22,801.1250765566017,1309.7331721889386,995.4626928454737,982.7376719907421,38.2096977924148,35.70776733475841,-2.5019304576563925
2024-12-23 → 2025-12-23,801.1250765566017,1309.7331721889386,995.7185072905195,984.8617131447107,38.259994759223346,36.125385766751286,-2.13460899247206
2024-12-24 → 2025-12-24,801.1250765566017,1309.7331721889386,995.9545023074761,985.2137602557957,38.306394928426954,36.19460352284054,-2.111791405586416
2024-12-25 → 2025-12-25,801.1250765566017,1309.7331721889386,996.3167062205571,986.5013435265228,38.37760966452561,36.44776175641648,-1.9298479081091244
2024-12-26 → 2025-12-26,801.1250765566017,1309.7331721889386,996.6918799876262,987.115454825707,38.451374468957724,36.56850527278163,-1.8828691961760953
2024-12-27 → 2025-12-27,801.1250765566017,1309.7331721889386,996.9503361259704,987.212516110912,38.50219083239426,36.58758898105102,-1.9146018513432423
2024-12-28 → 2025-12-28,801.1250765566017,1309.7331721889386,997.1642314348612,987.6562526529534,38.54424586665889,36.674834258082974,-1.8694116085759163
2024-12-29 → 2025-12-29,801.1250765566017,1309.7331721889386,997.4276195258218,989.149490179141,38.59603192614603,36.968427210890994,-1.627604715255039
2024-12-30 → 2025-12-30,801.1250765566017,1309.7331721889386,997.5938846792253,987.7799259755491,38.62872215558424,36.69915029309258,-1.9295718624916631
2024-12-31 → 2025-12-31,801.1250765566017,1309.7331721889386,997.7628054400029,989.4741591019424,38.66193451736696,37.03226200345318,-1.629672513913782
