window,min_sats_per_dollar,max_sats_per_dollar,uniform_sats_per_dollar,dynamic_sats_per_dollar,uniform_percentile,dynamic_percentile,excess_percentile
2016-01-01 → 2017-01-01,100275.01847945956,272969.2071151107,186496.47341994694,231231.5507405991,49.927247478139954,75.83146444923554,25.904216971095586
2016-01-02 → 2017-01-02,98320.88709000811,272969.2071151107,186137.52393541028,231207.29289290638,50.28198200405254,76.0879954549796,25.806013450927068
2016-01-03 → 2017-01-03,96842.07173230938,272969.2071151107,185774.20138438346,231175.6830935137,50.493144885815376,76.27082054632787,25.777675660512493
2016-01-04 → 2017-01-04,88144.83325140158,272969.2071151107,185380.9052563922,231063.0465886325,52.60998318148948,77.32649668956535,24.716513508075863
2016-01-05 → 2017-01-05,88144.83325140158,272969.2071151107,185024.61791834253,231004.4858317429,52.41721242804308,77.29481214728048,24.877599719237402
2016-01-06 → 2017-01-06,88144.83325140158,272969.2071151107,184700.1657403096,230927.65972548738,52.241666220986986,77.25324506137645,25.01157884038946
2016-01-07 → 2017-01-07,88144.83325140158,272969.2071151107,184369.08755776478,230809.73450083376,52.06253498649463,77.18944112567877,25.126906139184136
2016-01-08 → 2017-01-08,88144.83325140158,272969.2071151107,184074.33291946893,231171.24052440564,51.90305675744179,77.38503547073981,25.48197871329802
2016-01-09 → 2017-01-09,88144.83325140158,272969.2071151107,183775.91467847806,231458.9317304485,51.741596320837836,77.54069200024874,25.799095679410904
2016-01-10 → 2017-01-10,88144.83325140158,272969.2071151107,183470.78072528774,231681.69768641077,51.57650232007832,77.66122045182978,26.08471813175146
2016-01-11 → 2017-01-11,88144.83325140158,272969.2071151107,183209.00233455587,231887.41942648357,51.43486602760268,77.77252705916312,26.337661031560444
2016-01-12 → 2017-01-12,88144.83325140158,272969.2071151107,182939.78740908127,232103.82809462937,51.28920616692157,77.88961587359913,26.600409706677553
2016-01-13 → 2017-01-13,88144.83325140158,272969.2071151107,182652.5746569847,232200.13828916076,51.13380850692011,77.94172490690359,26.807916399983476
2016-01-14 → 2017-01-14,88144.83325140158,272969.2071151107,182354.5620087385,232129.11525629787,50.97256751796593,77.90329759811408,26.93073008014815
2016-01-15 → 2017-01-15,88144.83325140158,272969.2071151107,182051.08767611842,232007.04803676848,50.808371461852765,77.83725261877633,27.028881156923568
2016-01-16 → 2017-01-16,88144.83325140158,272969.2071151107,181638.25567589968,230555.798178307,50.585006982596816,77.05204781698346,26.467040834386644
2016-01-17 → 2017-01-17,88144.83325140158,272969.2071151107,181236.85877774152,229534.3342467741,50.3678295131067,76.49938048735616,26.131550974249464
2016-01-18 → 2017-01-18,88144.83325140158,272969.2071151107,180833.65376554205,228350.8627070072,50.149673755957046,75.8590582641414,25.70938450818435
2016-01-19 → 2017-01-19,88144.83325140158,272969.2071151107,180427.6621177894,227182.1074567848,49.930010277993894,75.22669835089519,25.296688072901297
2016-01-20 → 2017-01-20,88144.83325140158,272969.2071151107,180011.51207552457,225818.62789051884,49.7048505582203,74.48898203255321,24.78413147433291
2016-01-21 → 2017-01-21,88144.83325140158,272969.2071151107,179658.4539306847,225309.33701510122,49.51382697325729,74.21342807569621,24.699601102438926
2016-01-22 → 2017-01-22,88144.83325140158,272969.2071151107,179288.1118690071,224559.04610126393,49.31345185284666,73.80748004073057,24.494028187883906
2016-01-23 → 2017-01-23,88144.83325140158,272969.2071151107,178869.48798663827,223171.4058253019,49.08695365154475,73.05669146942162,23.96973781787687
2016-01-24 → 2017-01-24,88144.83325140158,272969.2071151107,178471.19459783638,221859.2994287576,48.87145534876376,72.34677081928494,23.47531547052118
2016-01-25 → 2017-01-25,88144.83325140158,272969.2071151107,178100.02753893973,220872.43797647074,48.67063386015948,71.8128253056837,23.142191445524226
2016-01-26 → 2017-01-26,88144.83325140158,272969.2071151107,177702.15213039084,219607.24385130877,48.455361707341424,71.12828673606035,22.67292502871892
2016-01-27 → 2017-01-27,88144.83325140158,272969.2071151107,177301.55531699804,218280.9127769954,48.238617127057765,70.41066976456099,22.172052637503228
2016-01-28 → 2017-01-28,88144.83325140158,272969.2071151107,176906.36533985625,216986.20827112164,48.02479793812697,69.71016448010728,21.685366541980308
2016-01-29 → 2017-01-29,88144.83325140158,272969.2071151107,176484.82036363002,215293.42478917405,47.796719266784045,68.79427690177529,20.997557634991246
2016-01-30 → 2017-01-30,88144.83325140158,272969.2071151107,176061.94953927456,213547.28843441716,47.56792323976908,67.84952252860778,20.2815992888387
2016-01-31 → 2017-01-31,88144.83325140158,272969.2071151107,175621.03759689184,211702.86250253368,47.329365990437964,66.85158816890932,19.522222178471353
2016-02-01 → 2017-02-01,88144.83325140158,271666.63190916245,175153.1718576791,209531.80883385253,47.41035628608583,66.14308298537247,18.732726699286644
2016-02-02 → 2017-02-02,88144.83325140158,271666.63190916245,174689.56397988112,207411.75323678486,47.15773895060378,64.98787656707596,17.83013761647218
2016-02-03 → 2017-02-03,88144.83325140158,271666.63190916245,174227.28691707904,205264.64264036735,46.90584676875776,63.817928031195734,16.912081262437972
2016-02-04 → 2017-02-04,88144.83325140158,269676.7261346181,173750.62530778316,202929.58536231925,47.15743922278918,63.23117678542648,16.073737562637298
2016-02-05 → 2017-02-05,88144.83325140158,269676.7261346181,173320.03043205698,201027.57574059066,46.92023854753197,62.18342170970973,15.263183162177754
2016-02-06 → 2017-02-06,88144.83325140158,269676.7261346181,172877.45448803622,198944.23279155671,46.67643789245618,61.035776017294566,14.359338124838388
2016-02-07 → 2017-02-07,88144.83325140158,269676.7261346181,172408.739359175,197273.68877726462,46.41823801285555,60.11552779657734,13.697289783721793
2016-02-08 → 2017-02-08,88144.83325140158,269676.7261346181,171941.34580854315,195832.73246376598,46.160766147604555,59.321751953328885,13.16098580572433
2016-02-09 → 2017-02-09,88144.83325140158,267729.2928968212,171483.7936330867,194311.45321234793,46.406554635202646,59.1179326822415,12.711378047038856
2016-02-10 → 2017-02-10,88144.83325140158,264803.0427971326,171027.68141976124,193574.78404533223,46.917065661137016,59.6801875582455,12.763121897108483
2016-02-11 → 2017-02-11,88144.83325140158,264803.0427971326,170578.30953782197,192743.1063430186,46.662692041538584,59.20940405803214,12.546712016493558
2016-02-12 → 2017-02-12,88144.83325140158,261578.47259009586,170127.5500022797,192006.4083885758,47.270366385367765,59.885484461492226,12.61511807612446
2016-02-13 → 2017-02-13,88144.83325140158,256674.54400532218,169687.29444132908,191343.2766233671,48.384620625731735,61.23456980392684,12.849949178195104
2016-02-14 → 2017-02-14,88144.83325140158,251689.8114505232,169257.1005626437,190971.11497546203,49.59630567958201,62.873395965032884,13.277090285450875
2016-02-15 → 2017-02-15,88144.83325140158,251689.8114505232,168854.9606051403,190646.5025827339,49.350416162256835,62.67491087774827,13.324494715491433
2016-02-16 → 2017-02-16,88144.83325140158,251689.8114505232,168435.3186451904,190420.1478298561,49.09382500025919,62.53650567853622,13.442680678277036
2016-02-17 → 2017-02-17,88144.83325140158,251689.8114505232,168023.27291295203,190206.33025122323,48.84187857134672,62.40576636694908,13.563887795602362
2016-02-18 → 2017-02-18,88144.83325140158,251689.8114505232,167624.10213999957,190005.36600067824,48.59780456959629,62.28288625607199,13.685081686475698
2016-02-19 → 2017-02-19,88144.83325140158,251689.8114505232,167234.67811188666,189813.38202655103,48.3596902401922,62.16549715844194,13.805806918249736
2016-02-20 → 2017-02-20,88144.83325140158,251689.8114505232,166835.62225223015,189627.06960735237,48.11568650247386,62.051575947744894,13.935889445271037
2016-02-21 → 2017-02-21,88144.83325140158,251689.8114505232,166458.00278892898,189468.0629787039,47.884790104761535,61.95435093331806,14.069560828556526
2016-02-22 → 2017-02-22,88144.83325140158,251689.8114505232,166078.1183243448,189307.2622613749,47.65250876615531,61.856028918726324,14.203520152571016
2016-02-23 → 2017-02-23,84114.06710114426,251689.8114505232,165684.55177646494,189141.41684190877,48.67678493210464,62.674553616657555,13.997768684552916
2016-02-24 → 2017-02-24,84114.06710114426,251689.8114505232,165265.68698425943,188951.41458491283,48.426829430589926,62.56117070570368,14.134341275113755
2016-02-25 → 2017-02-25,84114.06710114426,251689.8114505232,164859.64767736723,188771.46861607168,48.18452747426046,62.453788835171174,14.269261360910711
2016-02-26 → 2017-02-26,84114.06710114426,251689.8114505232,164447.72546434795,188587.36577094454,47.93871492267755,62.34392636919084,14.405211446513292
2016-02-27 → 2017-02-27,83741.40168431975,251689.8114505232,164044.81661026474,188413.9733403071,47.81433479348405,62.32424099858955,14.509906205105501
2016-02-28 → 2017-02-28,83741.40168431975,251689.8114505232,163644.740461663,188088.9977672015,47.57612107704656,62.13074373740204,14.554622660355484
2016-02-29 → 2017-02-28,83741.40168431975,251689.8114505232,163461.003818709,187825.92682002246,47.466720432402305,61.97410578676871,14.507385354366406
2016-03-01 → 2017-03-01,81402.75502744006,251689.8114505232,163059.29716565687,187513.96702656095,47.95228941848566,62.31314007535869,14.360850656873026
2016-03-02 → 2017-03-02,79180.86023057195,251689.8114505232,162644.35578767446,187197.524288832,48.38212450244707,62.615106807146105,14.232982304699036
2016-03-03 → 2017-03-03,77557.66620995408,251689.8114505232,162210.46406959204,187013.45003635282,48.61411300175932,62.857885128091695,14.243772126332374
2016-03-04 → 2017-03-04,77557.66620995408,251689.8114505232,161774.11278519878,186828.79959306383,48.36352671064667,62.75184471663642,14.388318005989753
2016-03-05 → 2017-03-05,77557.66620995408,251689.8114505232,161318.50936009956,186628.33341830512,48.10188436743095,62.636721702168444,14.534837334737496
2016-03-06 → 2017-03-06,77557.66620995408,247705.51160938002,160843.91323223722,186412.06697870966,48.94933980901537,63.97636156556516,15.027021756549793
2016-03-07 → 2017-03-07,77557.66620995408,244557.62237222082,160388.45008512968,186205.45626966373,49.59928480142381,65.05857399994838,15.459289198524566
2016-03-08 → 2017-03-08,77557.66620995408,244557.62237222082,159964.40281601672,186012.7566305938,49.34536421434238,64.9431849642275,15.597820749885116
2016-03-09 → 2017-03-09,77557.66620995408,244557.62237222082,159529.2476262797,185817.54009683695,49.08479217603946,64.82628880554398,15.741496629504525
2016-03-10 → 2017-03-10,77557.66620995408,244557.62237222082,159115.6694984099,185651.59349172752,48.837140537455824,64.726919554843,15.88977901738717
2016-03-11 → 2017-03-11,77557.66620995408,244557.62237222082,158691.58966148514,185489.9904142832,48.58320044868556,64.63015121959427,16.04695077090871
2016-03-12 → 2017-03-12,77557.66620995408,244557.62237222082,158262.11745525664,185324.78807110837,48.326031395412755,64.53122763483935,16.2051962394266
2016-03-13 → 2017-03-13,77557.66620995408,244557.62237222082,157816.5957324435,185148.60560327565,48.059251850644344,64.42572912341369,16.366477272769345
2016-03-14 → 2017-03-14,77557.66620995408,244557.62237222082,157372.30451991284,184974.42499746365,47.793209138573836,64.32142933207557,16.52822019350173
2016-03-15 → 2017-03-15,77557.66620995408,244557.62237222082,156931.0529169142,184769.79641452595,47.52898655244938,64.19889721431927,16.669910661869892
2016-03-16 → 2017-03-16,77557.66620995408,244557.62237222082,156505.038914342,184565.62458511294,47.27388828035268,64.07663860173939,16.80275032138671
2016-03-17 → 2017-03-17,77557.66620995408,244557.62237222082,156104.7168271074,184369.6047136001,47.03417439273606,63.95926140235715,16.925087009621087
2016-03-18 → 2017-03-18,77557.66620995408,244557.62237222082,155735.86482722234,184078.7087872361,46.81330487374849,63.78507217916876,16.971767305420265
2016-03-19 → 2017-03-19,77557.66620995408,244424.4163880815,155335.4834824195,183904.6880728526,46.61073412734348,63.73170314000534,17.12096901266186
2016-03-20 → 2017-03-20,77557.66620995408,242953.27742632237,154930.94063184116,183731.08957750973,46.78073006463782,64.19361589266175,17.41288582802393
2016-03-21 → 2017-03-21,77557.66620995408,242953.27742632237,154513.61237670376,183561.05151944107,46.528408825840586,64.09080901839337,17.562400192552786
2016-03-22 → 2017-03-22,77557.66620995408,242261.1505855176,154113.2042067826,183386.94282046575,46.480824790727254,64.25442486037241,17.773600069645155
2016-03-23 → 2017-03-23,77557.66620995408,242261.1505855176,153723.07014429895,183219.0007829868,46.24395423272858,64.15245856736067,17.908504334632084
2016-03-24 → 2017-03-24,77557.66620995408,242261.1505855176,153360.64886194014,183052.21184112475,46.02390953620449,64.05119237830922,18.027282842104732
2016-03-25 → 2017-03-25,77557.66620995408,242261.1505855176,152982.0835370066,182880.83279228388,45.79406295683869,63.94713929801732,18.153076341178632
2016-03-26 → 2017-03-26,77557.66620995408,242261.1505855176,152609.61783349092,182712.96563734522,45.56791977296628,63.84521847006697,18.27729869710069
2016-03-27 → 2017-03-27,77557.66620995408,242261.1505855176,152216.10629041004,182545.66831091273,45.32899857189225,63.743643614461,18.41464504256875
2016-03-28 → 2017-03-28,77557.66620995408,242261.1505855176,151835.33130675694,182388.63576673975,45.097810394485606,63.6483010388207,18.550490644335092
2016-03-29 → 2017-03-29,77557.66620995408,242261.1505855176,151452.07960787194,182213.85697256395,44.86511847522354,63.54218379738016,18.677065322156622
2016-03-30 → 2017-03-30,77557.66620995408,242261.1505855176,151058.30073214302,182029.60589646723,44.626034962678645,63.43031544389919,18.804280481220545
2016-03-31 → 2017-03-31,77557.66620995408,240409.57450928085,150648.9624896463,181857.7682268357,44.88206312286386,64.04598085837277,19.16391773550891
2016-04-01 → 2017-04-01,77557.66620995408,239692.8133775258,150242.87932354756,181689.89604423268,44.830016429732574,64.22557456135942,19.39555813162685
2016-04-02 → 2017-04-02,77557.66620995408,238866.74323962914,149835.11659807578,181507.53983531625,44.80680921311405,64.4414285541037,19.634619340989644
2016-04-03 → 2017-04-03,77557.66620995408,238866.74323962914,149422.90945737428,181317.1994649099,44.55127049930338,64.3234312448938,19.77216074559042
2016-04-04 → 2017-04-04,77557.66620995408,238866.74323962914,149011.75680091424,181127.37209427703,44.29638548971126,64.20575195856452,19.909366468853257
2016-04-05 → 2017-04-05,77557.66620995408,238866.74323962914,148601.06523158267,180936.8103031467,44.04178632090193,64.08761738446657,20.04583106356464
2016-04-06 → 2017-04-06,77557.66620995408,238866.74323962914,148183.09979545747,180750.3569032868,43.78267787900791,63.972029716808166,20.189351837800253
2016-04-07 → 2017-04-07,77557.66620995408,238866.74323962914,147764.7734862579,180563.127810011,43.523345721820874,63.85596117514678,20.332615453325907
2016-04-08 → 2017-04-08,77557.66620995408,238866.74323962914,147347.18686351244,180375.4818816735,43.26447211691602,63.73963422579415,20.47516210887813
2016-04-09 → 2017-04-09,77557.66620995408,238801.04565286302,146919.67432659454,180183.73756473017,43.016965010460666,63.64668844658683,20.629723436126163
2016-04-10 → 2017-04-10,77557.66620995408,236992.38357409684,146492.70997448184,179992.00150342594,43.23715995123118,64.24845039209106,21.01129044085988
2016-04-11 → 2017-04-11,77557.66620995408,236254.11874277255,146067.36201675693,179741.23189491095,43.17027552499009,64.3893193918908,21.219043866900705
2016-04-12 → 2017-04-12,77557.66620995408,235364.71702839778,145646.52865475765,179492.98232690617,43.14690762654166,64.59490598694998,21.44799836040832
2016-04-13 → 2017-04-13,77557.66620995408,235364.71702839778,145240.31523243774,179279.38287889442,42.889496173622966,64.4595511679454,21.57005499432244
2016-04-14 → 2017-04-14,77557.66620995408,234820.83213053396,144829.9053633345,179103.08648008105,42.7768567163107,64.5703777332124,21.7935210169017
2016-04-15 → 2017-04-15,77557.66620995408,232915.65491887127,144420.73828800503,178928.08500495044,43.03806494516826,65.24956948620559,22.21150454103733
2016-04-16 → 2017-04-16,77557.66620995408,232915.65491887127,144019.1925620273,178719.36892887487,42.77960013797378,65.11522423765412,22.335624099680338
2016-04-17 → 2017-04-17,77557.66620995408,232915.65491887127,143616.27983094438,178513.14699475432,42.520255424237924,64.98248440506855,22.462228980830623
2016-04-18 → 2017-04-18,77557.66620995408,232743.82923860825,143207.1812597443,178301.85400831263,42.30371688335927,64.9182799756166,22.614563092257328
2016-04-19 → 2017-04-19,77557.66620995408,228535.52828649737,142797.1561238473,178091.0340170915,43.21129536250677,66.58815168290612,23.376856320399348
2016-04-20 → 2017-04-20,77557.66620995408,228454.3622158911,142393.83238885493,177893.61949500025,42.967253687482916,66.49314129521993,23.525887607737012
2016-04-21 → 2017-04-21,77557.66620995408,228454.3622158911,141995.6484617856,177704.53410930483,42.70337519470686,66.36783345833528,23.664458263628426
2016-04-22 → 2017-04-22,77557.66620995408,228454.3622158911,141611.10355694042,177563.41121958752,42.448535350612424,66.2743106089604,23.82577525834798
2016-04-23 → 2017-04-23,77557.66620995408,228454.3622158911,141219.99037165163,177382.82581942668,42.18934267400577,66.15463575527525,23.96529308126948
2016-04-24 → 2017-04-24,77557.66620995408,228454.3622158911,140835.38284525563,177211.12497637933,41.934461330294404,66.0408487423107,24.106387412016296
2016-04-25 → 2017-04-25,77557.66620995408,228454.3622158911,140459.2325524254,177053.7210288166,41.68518463783758,65.93653635394897,24.251351716111387
2016-04-26 → 2017-04-26,77131.60176632316,228454.3622158911,140082.79508307547,176847.2377112327,41.60061125618466,65.89599320595416,24.295381949769492
2016-04-27 → 2017-04-27,74300.27958732945,228454.3622158911,139703.98924925373,176649.2910334814,42.42749108339625,66.39396745188033,23.96647636848408
2016-04-28 → 2017-04-28,74184.79320063037,228454.3622158911,139293.7141730579,176489.00458313333,42.204643072534154,66.31522473001968,24.110581657485525
2016-04-29 → 2017-04-29,73653.14615724926,228454.3622158911,138889.21466747063,176239.8106307887,42.14183206772008,66.26993449113316,24.128102423413075
2016-04-30 → 2017-04-30,72361.18448066026,228454.3622158911,138489.07143012152,176004.00928060358,42.36436717409203,66.39804910355845,24.033681929466418
2016-05-01 → 2017-05-01,69592.25607570364,228454.3622158911,138071.91536327,175750.67889876312,43.10635239037852,66.82425746601913,23.717905075640616
2016-05-02 → 2017-05-02,68314.45371497168,228454.3622158911,137658.0886346295,175457.38028255818,43.30190741882415,66.90582476945237,23.603917350628215
2016-05-03 → 2017-05-03,65815.06602518205,228454.3622158911,137223.83223191212,175133.62009819108,43.90621939423357,67.2153388716238,23.309119477390233
2016-05-04 → 2017-05-04,64942.23170889377,228454.3622158911,136796.295289266,174844.034049854,43.944179161250254,67.21324099942365,23.269061838173393
2016-05-05 → 2017-05-05,64942.23170889377,228454.3622158911,136365.51596923565,174544.70379830492,43.680725117385336,67.03017797491228,23.34945285752694
2016-05-06 → 2017-05-06,63561.25406921095,228454.3622158911,135931.11892539836,174247.2897942686,43.888956712375766,67.12593204720069,23.236975334824926
2016-05-07 → 2017-05-07,63561.25406921095,228454.3622158911,135518.34724081433,173942.9003823451,43.638629885970836,66.9413340277051,23.30270414173426
2016-05-08 → 2017-05-08,59344.134688936545,228454.3622158911,135088.27763275505,173636.43825199167,44.78980606406292,67.58450108810717,22.794695024044252
2016-05-09 → 2017-05-09,58165.64132931377,228454.3622158911,134655.00995643224,173328.9951251946,44.91746031615626,67.62829222998666,22.710831913830397
2016-05-10 → 2017-05-10,56101.013240400134,228454.3622158911,134218.76323817114,173026.90095491995,45.3241845674142,67.84079822617602,22.51661365876182
2016-05-11 → 2017-05-11,54481.43742359763,228454.3622158911,133761.9083436119,172685.2778936855,45.57058002828161,67.94381402233228,22.373233994050665
2016-05-12 → 2017-05-12,54481.43742359763,228454.3622158911,133320.23629568738,172351.5793094562,45.316706014005064,67.75200338017189,22.43529736616682
2016-05-13 → 2017-05-13,54481.43742359763,228454.3622158911,132874.05468828027,172022.19493966427,45.060239895533,67.56267255746764,22.502432661934634
2016-05-14 → 2017-05-14,54481.43742359763,228454.3622158911,132428.75498488918,171696.89060801844,44.80428069732861,67.37568694919885,22.571406251870243
2016-05-15 → 2017-05-15,54481.43742359763,228454.3622158911,131989.65870474358,170839.4487386742,44.55188723974327,66.88282757446112,22.330940334717845
2016-05-16 → 2017-05-16,54481.43742359763,228454.3622158911,131552.30246067003,169994.45873481693,44.300493958521095,66.3971255579743,22.09663159945321
2016-05-17 → 2017-05-17,54481.43742359763,228454.3622158911,131103.1628004203,169091.0079786932,44.04232754510593,65.87782017916184,21.835492634055917
2016-05-18 → 2017-05-18,52791.41845486765,228454.3622158911,130644.98386074562,168161.91810873777,44.3198569595828,65.67719815217444,21.35734119259164
2016-05-19 → 2017-05-19,50824.74462526852,228454.3622158911,130182.67799733016,167228.36781300697,44.67607060606041,65.5316521910272,20.8555815849668
2016-05-20 → 2017-05-20,48825.319499160396,226984.52458407832,129691.88826313142,166133.7473922787,45.39005925931626,65.84471896201171,20.45465970269545
2016-05-21 → 2017-05-21,48825.319499160396,226984.52458407832,129207.8801140744,165068.8282818883,45.11838755488407,65.24698441897601,20.12859686409194
2016-05-22 → 2017-05-22,48101.35532716232,226984.52458407832,128724.04348786769,164160.67364886045,45.07002447218121,64.879954220294,19.809929748112786
2016-05-23 → 2017-05-23,44300.94160883688,225121.25506433824,128224.90801525774,163216.19289701435,46.41290837440892,65.7643209524917,19.35141257808278
2016-05-24 → 2017-05-24,41407.743586205004,224379.02574822176,127722.9585303448,162290.3994531892,47.174187076915004,66.06646378525426,18.892276708339253
2016-05-25 → 2017-05-25,41407.743586205004,221951.18176363033,127227.69030579564,161311.14077459328,47.53423751421686,66.41249241667576,18.8782549024589
2016-05-26 → 2017-05-26,41407.743586205004,220054.09166218038,126741.13198540594,160851.19220475713,47.76665703958865,66.86028004768102,19.093623008092365
2016-05-27 → 2017-05-27,41407.743586205004,211945.18065971642,126273.54290320154,160494.2731173394,49.76373561918519,69.83013910300603,20.066403483820842
2016-05-28 → 2017-05-28,41407.743586205004,189760.1087175169,125817.2163646463,159828.01023193134,56.897962296541415,79.82364591282949,22.925683616288076
2016-05-29 → 2017-05-29,41407.743586205004,189760.1087175169,125422.1712561914,159463.16796617143,56.63167391744801,79.57771638859374,22.94604247114573
2016-05-30 → 2017-05-30,41407.743586205004,189760.1087175169,125030.32841338968,159079.96477383235,56.36754409218039,79.31941029957393,22.951866207393543
2016-05-31 → 2017-05-31,41407.743586205004,189760.1087175169,124637.00917185123,158976.19401351945,56.10241906960975,79.24946145836668,23.14704238875693
2016-06-01 → 2017-06-01,41407.743586205004,189760.1087175169,124236.25706389236,158868.65816954564,55.83228376869687,79.17697468413924,23.34469091544237
2016-06-02 → 2017-06-02,40331.94978424217,189760.1087175169,123838.23733121523,158770.54510843888,55.88390310307025,79.26122905461477,23.37732595154452
2016-06-03 → 2017-06-03,39222.577888792635,189760.1087175169,123438.2784440616,158684.30011590978,55.943325290147286,79.35677008216378,23.41344479201649
2016-06-04 → 2017-06-04,39222.577888792635,189760.1087175169,123067.29377412598,158633.985613029,55.696885304122986,79.3233468536813,23.626461549558314
2016-06-05 → 2017-06-05,37239.52465292951,189760.1087175169,122693.2616833651,158587.77029407484,56.02767492304434,79.56188103092916,23.53420610788482
2016-06-06 → 2017-06-06,34826.92456587288,189760.1087175169,122313.35868003289,158542.23067103242,56.46720203499521,79.85074778045654,23.383545745461333
2016-06-07 → 2017-06-07,34826.92456587288,189760.1087175169,121947.93372086949,158507.91630614235,56.23134232478249,79.8285999332552,23.597257608472717
2016-06-08 → 2017-06-08,34826.92456587288,189760.1087175169,121573.10196858001,158465.62316906077,55.989411098530404,79.80130227116095,23.811891172630546
2016-06-09 → 2017-06-09,34826.92456587288,189760.1087175169,121201.93903666805,158428.01292086334,55.749847873941484,79.77702713061997,24.027179256678487
2016-06-10 → 2017-06-10,34289.697457821,189760.1087175169,120822.1849758407,158383.85929288843,55.658492710536976,79.81850747650114,24.160014765964164
2016-06-11 → 2017-06-11,33622.32213224221,189760.1087175169,120442.82299637339,158342.36911008888,55.60505420429674,79.87819585858595,24.273141654289212
2016-06-12 → 2017-06-12,33622.32213224221,189760.1087175169,120094.0547632026,158326.69691986317,55.381682116861455,79.86815844831618,24.486476331454725
2016-06-13 → 2017-06-13,33622.32213224221,189760.1087175169,119787.42363785229,158366.9930129134,55.18529715966671,79.8939664823171,24.708669322650387
2016-06-14 → 2017-06-14,33622.32213224221,189760.1087175169,119511.30044151639,158432.7244395262,55.00845130936058,79.93606482894438,24.9276135195838
2016-06-15 → 2017-06-15,33622.32213224221,189760.1087175169,119225.77942873082,158484.09494155907,54.82558653394016,79.96896557844028,25.143379044500115
2016-06-16 → 2017-06-16,33622.32213224221,189760.1087175169,118942.9851048362,158596.2659077586,54.644468093568165,80.04080659056983,25.396338497001665
2016-06-17 → 2017-06-17,33622.32213224221,189760.1087175169,118689.95209071519,158659.08583621832,54.4824105803583,80.08104023921669,25.598629658858393
2016-06-18 → 2017-06-18,33622.32213224221,189760.1087175169,118434.59217623038,158715.972608981,54.31886278064273,80.1174739392241,25.798611158581366
2016-06-19 → 2017-06-19,33622.32213224221,189760.1087175169,118179.7820484338,158775.3368989059,54.15566709728557,80.15549438976537,25.999827292479793
2016-06-20 → 2017-06-20,33622.32213224221,189760.1087175169,117923.4134767814,158837.24705620692,53.99147329304436,80.19514536641555,26.203672073371187
2016-06-21 → 2017-06-21,33622.32213224221,189760.1087175169,117648.7702991354,158883.22654184906,53.81557533544393,80.2245933857885,26.409018050344564
2016-06-22 → 2017-06-22,33622.32213224221,189760.1087175169,117342.42919396165,158907.06699594727,53.61937612455885,80.23986224198251,26.62048611742366
2016-06-23 → 2017-06-23,33622.32213224221,189760.1087175169,116984.82662088469,158893.2748864115,53.390345996171796,80.23102894810957,26.840682951937772
2016-06-24 → 2017-06-24,33622.32213224221,189760.1087175169,116656.17014862015,158897.03116405554,53.17985468625109,80.23343469352598,27.05358000727489
2016-06-25 → 2017-06-25,33622.32213224221,189760.1087175169,116354.15582228912,158918.05864237214,52.98642660395528,80.24690195137333,27.26047534741805
2016-06-26 → 2017-06-26,33622.32213224221,189760.1087175169,116058.27776399466,158941.07463196162,52.79692855561906,80.26164277106396,27.4647142154449
2016-06-27 → 2017-06-27,33622.32213224221,189760.1087175169,115732.86647589519,158945.16119069737,52.58851565620747,80.26426004829398,27.675744392086507
2016-06-28 → 2017-06-28,33622.32213224221,189760.1087175169,115420.58033608914,158955.7969935326,52.38850888870055,80.27107185411488,27.88256296541433
2016-06-29 → 2017-06-29,33622.32213224221,189760.1087175169,115105.97910836241,158964.77366069693,52.18701940008472,80.2768210499762,28.089801649891484
2016-06-30 → 2017-06-30,33622.32213224221,189760.1087175169,114789.51817875457,158971.02777314655,51.98433884688309,80.28082655856346,28.29648771168037
2016-07-01 → 2017-07-01,33622.32213224221,189760.1087175169,114497.5722591171,158987.64332823636,51.797359175899956,80.29146815625303,28.494108980353076
2016-07-02 → 2017-07-02,33622.32213224221,189760.1087175169,114202.76769535121,159004.66560320152,51.608548657822794,80.30237024173627,28.693821583913476
2016-07-03 → 2017-07-03,33622.32213224221,189760.1087175169,113921.03487967857,159028.28085099312,51.42811007096043,80.31749486230895,28.88938479134852
2016-07-04 → 2017-07-04,33622.32213224221,189760.1087175169,113613.74889378024,159040.56169549536,51.23130570180761,80.3253602514443,29.094054549636688
2016-07-05 → 2017-07-05,33622.32213224221,189760.1087175169,113316.61532349097,159057.5838365246,51.041003548313846,80.33626225114693,29.295258702833088
2016-07-06 → 2017-07-06,33622.32213224221,189760.1087175169,113012.65607479951,159071.11065281738,50.84632982112773,80.344925635321,29.498595814193273
2016-07-07 → 2017-07-07,33622.32213224221,189760.1087175169,112718.93778440983,159087.43718348042,50.6582150176498,80.35538212443879,29.69716710678899
2016-07-08 → 2017-07-08,33622.32213224221,189760.1087175169,112399.06079045495,159092.06543056617,50.45334661202514,80.35834633136587,29.904999719340722
2016-07-09 → 2017-07-09,33622.32213224221,189760.1087175169,112097.24992676539,159104.25238877596,50.26004883940382,80.36615159009042,30.106102750686603
2016-07-10 → 2017-07-10,33622.32213224221,189760.1087175169,111795.95843948635,159298.51759981102,50.06708370657578,80.49057067869393,30.42348697211815
2016-07-11 → 2017-07-11,33622.32213224221,189760.1087175169,111493.39872397472,159482.5647223175,49.8733063243491,80.60844549076319,30.735139166414086
2016-07-12 → 2017-07-12,33622.32213224221,189760.1087175169,111188.27746206697,159674.32616215054,49.67788837422906,80.7312610141716,31.05337263994253
2016-07-13 → 2017-07-13,33622.32213224221,189760.1087175169,110897.070629851,160025.19004578062,49.49138205914374,80.95597528180883,31.464593222665094
2016-07-14 → 2017-07-14,33622.32213224221,189760.1087175169,110605.40838843989,160297.55451480197,49.30458407270513,81.1304138177827,31.825829745077563
2016-07-15 → 2017-07-15,33622.32213224221,189760.1087175169,110329.32386346892,160598.98621657255,49.127762989859704,81.32346875237789,32.19570576251819
2016-07-16 → 2017-07-16,33622.32213224221,189760.1087175169,110062.5374729432,160953.91847582243,48.95689698979634,81.55078865168748,32.59389166189114
2016-07-17 → 2017-07-17,33622.32213224221,189760.1087175169,109775.15463504939,161305.3341735754,48.772839789948144,81.77585633417384,33.003016544225694
2016-07-18 → 2017-07-18,33622.32213224221,189760.1087175169,109492.59648708116,161785.87506664434,48.59187261079967,82.08362353363167,33.491750922832
2016-07-19 → 2017-07-19,33622.32213224221,189760.1087175169,109208.94401162685,162237.57248511526,48.41020455871711,82.37291764260397,33.962713083886854
2016-07-20 → 2017-07-20,33622.32213224221,189760.1087175169,108900.7180976335,162695.5942534001,48.21279820325745,82.66626224438278,34.45346404112533
2016-07-21 → 2017-07-21,33622.32213224221,189760.1087175169,108593.75356546517,163114.90614588794,48.016199712346555,82.93481472079363,34.91861500844707
2016-07-22 → 2017-07-22,33622.32213224221,189760.1087175169,108280.58523213908,163541.6058500602,47.815627935216206,83.2080987947543,35.3924708595381
2016-07-23 → 2017-07-23,33622.32213224221,189760.1087175169,107959.84139938687,163854.82617099924,47.610204354053145,83.40870386786898,35.798499513815834
2016-07-24 → 2017-07-24,33622.32213224221,189760.1087175169,107643.38250618664,164230.42729897963,47.40752510508903,83.64926134994603,36.241736244857
2016-07-25 → 2017-07-25,33622.32213224221,189760.1087175169,107337.06185369605,164649.33698783306,47.211338993328496,83.9175562310347,36.7062172377062
2016-07-26 → 2017-07-26,33622.32213224221,189760.1087175169,107028.32436274124,165030.57901795834,47.01360499331039,84.16172648505395,37.14812149174356
2016-07-27 → 2017-07-27,33622.32213224221,189760.1087175169,106713.46773435599,165417.08012287528,46.81195193079993,84.40926496588533,37.5973130350854
2016-07-28 → 2017-07-28,33622.32213224221,189760.1087175169,106394.93768063268,165826.95701067898,46.60794618645735,84.67177469960686,38.06382851314951
2016-07-29 → 2017-07-29,33622.32213224221,189760.1087175169,106079.5152029786,166249.0058202872,46.40593072014882,84.94208006183747,38.536149341688656
2016-07-30 → 2017-07-30,33622.32213224221,189760.1087175169,105763.37814591452,166692.6099913356,46.20345759434245,85.22619076991784,39.02273317557538
2016-07-31 → 2017-07-31,33622.32213224221,189760.1087175169,105441.91817832396,167130.49005214125,45.99757535749199,85.50663541460126,39.509060057109274
2016-08-01 → 2017-08-01,33622.32213224221,189760.1087175169,105104.80078518411,167329.80898844017,45.781665166555776,85.63429121186726,39.85262604531149
2016-08-02 → 2017-08-02,33622.32213224221,189760.1087175169,104755.8793659698,167370.15556467255,45.55819496959372,85.66013157832484,40.101936608731116
2016-08-03 → 2017-08-03,33622.32213224221,176502.4288620446,104335.34779365723,166567.70976002276,49.49116240173235,93.04681433307636,43.555651931344
2016-08-04 → 2017-08-04,33622.32213224221,176502.4288620446,103951.82280138404,166226.22363352423,49.222738055578645,92.8078124633869,43.58507440780825
2016-08-05 → 2017-08-05,30888.7620734845,176502.4288620446,103568.00186579906,166003.60496531473,49.91237525654048,92.78994607561474,42.87757081907426
2016-08-06 → 2017-08-06,30888.7620734845,176502.4288620446,103182.54952868025,165751.67057855878,49.64766635550132,92.61693045674308,42.969264101241755
2016-08-07 → 2017-08-07,29476.244696469792,176502.4288620446,102800.61758893688,165582.38617758406,49.87164246192516,92.57272250760258,42.701080045677415
2016-08-08 → 2017-08-08,29191.31348109993,176502.4288620446,102420.96852668705,165444.55315557294,49.71088220750767,92.493522516698,42.78264030919032
2016-08-09 → 2017-08-09,29191.31348109993,176502.4288620446,102040.77949777806,165271.94447099025,49.45279643582247,92.37634963117858,42.923553195356114
2016-08-10 → 2017-08-10,29094.868909214892,176502.4288620446,101655.55330018316,165054.23099951565,49.22453394804692,92.2336426529329,43.00910870488598
2016-08-11 → 2017-08-11,27318.519041579882,176502.4288620446,101267.07794015518,164845.47305433496,49.568722918958656,92.18618427299687,42.61746135403821
2016-08-12 → 2017-08-12,25832.56813132209,176502.4288620446,100874.24186004877,164623.97201249338,49.80536476557932,92.11623559486763,42.31087082928831
2016-08-13 → 2017-08-13,24607.503837601485,176502.4288620446,100476.1690581057,164369.86312659294,49.948123815391035,92.01252725626003,42.06440344086899
2016-08-14 → 2017-08-14,23230.941010615752,176502.4288620446,100072.88202152257,164086.757303922,50.134530621502336,91.89955566285263,41.7650250413503
2016-08-15 → 2017-08-15,23230.941010615752,176502.4288620446,99660.3835843899,163655.27741309346,49.86540135100649,91.61804218837864,41.75264083737215
2016-08-16 → 2017-08-16,22911.19455649011,175376.7550333047,99240.73540322718,163154.02645263597,50.06346391147428,91.98328557449703,41.91982166302275
2016-08-17 → 2017-08-17,22911.19455649011,175376.7550333047,98831.78341102037,162759.69067123608,49.795238096458824,91.72464632497297,41.92940822851414
2016-08-18 → 2017-08-18,22911.19455649011,175376.7550333047,98422.00634971786,162304.66441450472,49.52647113031842,91.4262010529336,41.89972992261519
2016-08-19 → 2017-08-19,22911.19455649011,175376.7550333047,98011.06808480731,161826.0248254454,49.256942547190924,91.11226813092655,41.85532558373563
2016-08-20 → 2017-08-20,22911.19455649011,175376.7550333047,97601.9050012879,161338.73480639554,48.98857828037564,90.79266151450385,41.80408323412821
2016-08-21 → 2017-08-21,22911.19455649011,175376.7550333047,97200.71630064867,160913.72499291465,48.725444298258914,90.51390360212565,41.78845930386674
2016-08-22 → 2017-08-22,22911.19455649011,175376.7550333047,96797.34276760578,160460.49190414103,48.460877315537445,90.21663444353258,41.75575712799514
2016-08-23 → 2017-08-23,22911.19455649011,175376.7550333047,96396.1567744407,160031.75065849844,48.19774510921463,89.93542913769055,41.73768402847592
2016-08-24 → 2017-08-24,22911.19455649011,175376.7550333047,95990.36673368503,159562.19069569584,47.93159317333704,89.62745141384649,41.695858240509445
2016-08-25 → 2017-08-25,22911.19455649011,175376.7550333047,95580.99899637907,159036.84661843997,47.66309467700402,89.28288568004213,41.61979100303811
2016-08-26 → 2017-08-26,22911.19455649011,175376.7550333047,95169.60539148838,158465.75268421049,47.39326744283775,88.9083132635282,41.51504582069045
2016-08-27 → 2017-08-27,22911.19455649011,175376.7550333047,94760.49747185479,157902.8964676847,47.12493935723326,88.53914384929097,41.414204492057706
2016-08-28 → 2017-08-28,22832.28087422883,174757.44041604584,94343.70929109228,157230.57079639143,47.07016838588879,88.46348447320197,41.39331608731318
2016-08-29 → 2017-08-29,21736.97171260791,174757.44041604584,93928.01462109815,156583.3701423871,47.177376673966705,88.12311161529568,40.94573494132898
2016-08-30 → 2017-08-30,21736.97171260791,174757.44041604584,93511.11041972938,155896.5631125971,46.90492671684577,87.67427817777623,40.76935146093046
2016-08-31 → 2017-08-31,21095.461059745205,174757.44041604584,93094.15026257977,155207.49345193894,46.85523999133777,87.27730369867497,40.4220637073372
2016-09-01 → 2017-09-01,20332.78157361623,174757.44041604584,92672.26756432417,154458.020825381,46.844517276558165,86.85480690530277,40.0102896287446
2016-09-02 → 2017-09-02,20332.78157361623,173356.26314228034,92254.2491228289,153684.68244159967,47.0002817946214,87.14473066550005,40.14444887087865
2016-09-03 → 2017-09-03,20332.78157361623,167907.8649604284,91839.66981494456,152930.54851304158,48.45458094975296,89.85105337319753,41.39647242344457
2016-09-04 → 2017-09-04,20332.78157361623,167907.8649604284,91447.03511861521,152381.6716876091,48.188523369219396,89.47912281904443,41.29059944982504
2016-09-05 → 2017-09-05,20332.78157361623,167907.8649604284,91060.86500966953,151904.65786944792,47.92684632992308,89.15588815963321,41.22904182971013
2016-09-06 → 2017-09-06,20332.78157361623,167907.8649604284,90670.43309289361,151380.72289390562,47.66228139943779,88.80085873087185,41.138577331434064
2016-09-07 → 2017-09-07,20332.78157361623,167907.8649604284,90283.66016009459,150886.93855762668,47.400195873939396,88.46626001342801,41.06606413948862
2016-09-08 → 2017-09-08,20332.78157361623,167907.8649604284,89902.74533585005,150401.21070976806,47.14207992678718,88.13712054305721,40.995040616270025
2016-09-09 → 2017-09-09,20332.78157361623,167907.8649604284,89532.45361682292,150025.58940925138,46.89116242057339,87.88259159962296,40.99142917904957
2016-09-10 → 2017-09-10,20332.78157361623,167907.8649604284,89157.98553583353,149570.24749691764,46.63741492309926,87.57404228229665,40.93662735919739
2016-09-11 → 2017-09-11,20332.78157361623,167907.8649604284,88785.51355549545,149112.66073782984,46.385020025674876,87.26397180929652,40.878951783621645
2016-09-12 → 2017-09-12,20332.78157361623,167907.8649604284,88401.92488383412,148490.56319719861,46.12509222291979,86.84242534877336,40.71733312585357
2016-09-13 → 2017-09-13,20332.78157361623,167907.8649604284,88022.61645226052,147844.98978314764,45.86806480144148,86.4049711395429,40.53690633810142
2016-09-14 → 2017-09-14,20332.78157361623,167907.8649604284,87657.8818452116,147197.83726212004,45.62091291192303,85.96644689400253,40.3455339820795
2016-09-15 → 2017-09-15,20332.78157361623,167907.8649604284,87283.40205405733,146512.43127284545,45.367157479393335,85.50200128872507,40.134843809331734
2016-09-16 → 2017-09-16,20332.78157361623,167907.8649604284,86906.95296882153,145785.27387166314,45.112067611512934,85.00926404305036,39.89719643153743
2016-09-17 → 2017-09-17,20332.78157361623,167907.8649604284,86531.03667463754,145038.4449601405,44.85733877412603,84.50319696561218,39.64585819148615
2016-09-18 → 2017-09-18,20332.78157361623,167907.8649604284,86148.15702456822,144251.46031230953,44.59789141940847,83.9699195113361,39.37202809192763
2016-09-19 → 2017-09-19,20332.78157361623,167907.8649604284,85770.97008277291,143481.69347842355,44.34230156430626,83.44830921221241,39.10600764790615
2016-09-20 → 2017-09-20,20332.78157361623,167907.8649604284,85392.36489309809,142659.075305988,44.08575067442301,82.89088572746373,38.805135053040715
2016-09-21 → 2017-09-21,20332.78157361623,167907.8649604284,85018.79161131325,141810.13639387413,43.83260951182874,82.31562675241798,38.48301724058924
2016-09-22 → 2017-09-22,20332.78157361623,167907.8649604284,84636.58096220891,140819.7277447407,43.573615486324776,81.64450488929327,38.0708894029685
2016-09-23 → 2017-09-23,20332.78157361623,166497.37910223388,84250.18202074601,139775.4215766081,43.72974135177662,81.71790024571861,37.98815889394199
2016-09-24 → 2017-09-24,20332.78157361623,166497.37910223388,83870.9151998479,138764.0234589738,43.470262088459215,81.02594190920264,37.55567982074343
2016-09-25 → 2017-09-25,20332.78157361623,166497.37910223388,83487.2947423853,137710.74443313997,43.2078042402874,80.30533032223637,37.09752608194897
2016-09-26 → 2017-09-26,20332.78157361623,165374.95202535225,83102.61977198199,136604.99745589544,43.27695731721896,80.16442081647541,36.887463499256455
2016-09-27 → 2017-09-27,20332.78157361623,165374.95202535225,82717.2666532091,135508.23339580736,43.01127381457093,79.40825172670503,36.396977912134105
2016-09-28 → 2017-09-28,20332.78157361623,165374.95202535225,82331.01313852055,134362.90869782327,42.74496952976496,78.61860227894996,35.873632749185006
2016-09-29 → 2017-09-29,20332.78157361623,165233.93370551994,81944.92673973694,133174.71633696233,42.52012096497003,77.8751121734532,35.35499120848317
2016-09-30 → 2017-09-30,20332.78157361623,164239.7935792421,81556.50198720922,131941.10992037773,42.543945260429375,77.55586527110874,35.01192001067937
2016-10-01 → 2017-10-01,20332.78157361623,163932.3081821811,81170.10959303066,130701.46482604204,42.36596697512083,76.85866789329859,34.49270091817776
2016-10-02 → 2017-10-02,20332.78157361623,163932.3081821811,80788.41988665314,129479.36430290483,42.10016546769806,76.00762015518974,33.90745468749168
2016-10-03 → 2017-10-03,20332.78157361623,163932.3081821811,80405.2355055662,128186.99729357177,41.833323097018486,75.10764016231978,33.2743170653013
2016-10-04 → 2017-10-04,20332.78157361623,163932.3081821811,80024.01716088045,126860.06575330997,41.56784983698128,74.18359008248989,32.615740245508604
2016-10-05 → 2017-10-05,20332.78157361623,163462.56533502,79639.36946505475,125451.6290747796,41.43553237689658,73.44302823540603,32.00749585850945
2016-10-06 → 2017-10-06,20332.78157361623,163462.56533502,79255.61388113127,124015.86446277745,41.167415166181584,72.43990744931196,31.272492283130376
2016-10-07 → 2017-10-07,20332.78157361623,162048.01694379977,78870.54765742399,122524.21305596958,41.3066145858612,72.11040592453767,30.803791338676476
2016-10-08 → 2017-10-08,20332.78157361623,162048.01694379977,78487.7570668826,121027.90449019303,41.03650206793644,71.05455010080219,30.01804803286575
2016-10-09 → 2017-10-09,20332.78157361623,162048.01694379977,78103.76506815258,119488.6922668972,40.76554178781768,69.96841972161243,29.202877933794753
2016-10-10 → 2017-10-10,20332.78157361623,161789.99270650712,77718.6400214824,117891.55550010176,40.567644440519516,68.96698524250891,28.399340801989396
2016-10-11 → 2017-10-11,20332.78157361623,159083.95611787314,77333.3355982769,116240.9038920929,41.08113261879411,69.12238590663982,28.041253287845713
2016-10-12 → 2017-10-12,18540.255310375847,159083.95611787314,76959.05898085325,114704.94218715288,41.56629100758749,68.42333475229447,26.857043744706978
2016-10-13 → 2017-10-13,17812.365386786605,159083.95611787314,76578.53259745955,113083.39889513585,41.59800771447076,67.43821104817859,25.840203333707827
2016-10-14 → 2017-10-14,17283.878833646555,159083.95611787314,76195.78293287662,111398.90194957005,41.545748935768216,66.37163033929642,24.8258814035282
2016-10-15 → 2017-10-15,17283.878833646555,159083.95611787314,75816.61351121926,109709.79000690876,41.27835174606334,65.18043779905852,23.90208605299518
2016-10-16 → 2017-10-16,17283.878833646555,159083.95611787314,75435.34781589481,107934.85718331237,41.009476225946216,63.928722808777735,22.91924658283152
2016-10-17 → 2017-10-17,17283.878833646555,159083.95611787314,75059.24323952901,106164.81003439594,40.744240421023534,62.68045328536379,21.936212864340256
2016-10-18 → 2017-10-18,17283.878833646555,159083.95611787314,74680.68553050622,104294.10430283486,40.47727462222217,61.36119749411948,20.883922871897312
2016-10-19 → 2017-10-19,17283.878833646555,159083.95611787314,74298.66596868388,102318.3438891463,40.20786746170518,59.967855225533604,19.759987763828427
2016-10-20 → 2017-10-20,16664.21388787295,159083.95611787314,73910.2601734528,100208.31078359226,40.195302553722215,58.66047472603911,18.465172172316898
2016-10-21 → 2017-10-21,16583.176198648463,158502.16634850728,73520.91378023087,98037.58872271865,40.119886367186815,57.39500572690005,17.275119359713237
2016-10-22 → 2017-10-22,16583.176198648463,153839.72401933954,73133.41092584106,95820.84758184676,41.20039125642922,57.7296111852621,16.52921992883288
2016-10-23 → 2017-10-23,16583.176198648463,153839.72401933954,72762.36338827573,93733.0159421433,40.93005986353271,56.208494945014706,15.278435081481994
2016-10-24 → 2017-10-24,16583.176198648463,153839.72401933954,72392.80071933528,91590.12575264202,40.660810290519095,54.647265099498924,13.986454808979829
2016-10-25 → 2017-10-25,16583.176198648463,152487.25660119782,72020.10665818462,89299.425934943,40.79121855306432,53.50556769223428,12.714349139169961
2016-10-26 → 2017-10-26,16583.176198648463,148124.03809366442,71649.78147577462,86977.93117644709,41.86273716305383,53.515503824189146,11.652766661135317
2016-10-27 → 2017-10-27,16583.176198648463,145661.47435691042,71292.40755276986,84759.23785628717,42.384531044128586,52.817601897763275,10.433070853634689
2016-10-28 → 2017-10-28,16583.176198648463,144940.306322558,70941.84044996226,82539.74515008453,42.34954785825973,51.38520071909126,9.035652860831526
2016-10-29 → 2017-10-29,16195.043136795806,144940.306322558,70590.33638876736,81779.29288622536,42.2503258807172,50.941097269575074,8.690771388857875
2016-10-30 → 2017-10-30,16195.043136795806,144940.306322558,70253.09266860379,81107.19625403745,41.98837937346824,50.41906126175849,8.430681888290252
2016-10-31 → 2017-10-31,15555.692978218314,144940.306322558,69904.90245515628,80362.08575269804,42.00592950901733,50.08817594253364,8.08224643351631
2016-11-01 → 2017-11-01,14866.76737300191,144940.306322558,69554.58637935953,79608.49645522016,42.04376958450108,49.77317416367505,7.729404579173973
2016-11-02 → 2017-11-02,14196.926829193488,144940.306322558,69219.39264358737,78900.35502089016,42.084322760822005,49.48887541566149,7.404552654839485
2016-11-03 → 2017-11-03,13891.528065535027,144940.306322558,68888.30900850662,78551.37167510348,41.96664911679502,49.34028723469102,7.373638117896
2016-11-04 → 2017-11-04,13476.184339737121,142120.86837985623,68529.11741838962,78168.61512365364,42.79456511509151,50.28768290475303,7.493117789661518
2016-11-05 → 2017-11-05,13476.184339737121,142120.86837985623,68178.86965880754,77818.74678805041,42.522305315010804,50.015718044165304,7.4934127291545
2016-11-06 → 2017-11-06,13476.184339737121,142120.86837985623,67831.42971557194,77507.26420645555,42.25222812851218,49.77359176905415,7.521363640541971
2016-11-07 → 2017-11-07,13476.184339737121,142120.86837985623,67488.16077601665,77158.13683176451,41.98539320865786,49.502202883228,7.5168096745701405
2016-11-08 → 2017-11-08,13420.634044814447,142120.86837985623,67137.92559105673,76841.14445225678,41.738301273330656,49.27769614027389,7.539394866943233
2016-11-09 → 2017-11-09,13420.634044814447,142120.86837985623,66792.48182199991,76585.9487342228,41.46989168507961,49.079409230112056,7.609517545032446
2016-11-10 → 2017-11-10,13420.634044814447,142120.86837985623,66455.06268861954,76366.5956529649,41.20771723363146,48.90897202586668,7.701254792235218
2016-11-11 → 2017-11-11,13420.634044814447,142120.86837985623,66115.12784528242,76134.6503280306,40.94358807715132,48.72875065631542,7.785162579164101
2016-11-12 → 2017-11-12,13420.634044814447,142120.86837985623,65780.24427133767,75946.03962888524,40.6833837537676,48.582200263365586,7.898816509597985
2016-11-13 → 2017-11-13,13420.634044814447,142120.86837985623,65433.96697052639,75605.18005804748,40.41432651187492,48.317352594207186,7.903026082332268
2016-11-14 → 2017-11-14,13420.634044814447,141714.6024488478,65087.104055216885,75337.74598545642,40.2719400242499,48.26190405588498,7.989964031635083
2016-11-15 → 2017-11-15,13420.634044814447,140380.99205152437,64737.55347526232,75016.75161644309,40.4196398278396,48.51602385082535,8.096384022985745
2016-11-16 → 2017-11-16,12765.352694951169,137411.5022823112,64388.87686499846,74700.09341259947,41.4160600555625,49.68845080468406,8.272390749121563
2016-11-17 → 2017-11-17,12765.352694951169,137411.5022823112,64056.025612381265,74436.6775412903,41.1490231244426,49.47711987133297,8.328096746890367
2016-11-18 → 2017-11-18,12765.352694951169,137411.5022823112,63719.4990251496,74167.45326527233,40.87903757868308,49.261129022911874,8.382091444228791
2016-11-19 → 2017-11-19,12471.439330631027,137411.5022823112,63389.070530562196,73893.79676239248,40.753646186030224,49.16145868720763,8.407812501177403
2016-11-20 → 2017-11-20,12092.082284067676,137411.5022823112,63058.39891960857,73617.4189962093,40.669129043411814,49.094814445362054,8.42568540195024
2016-11-21 → 2017-11-21,12092.082284067676,137411.5022823112,62718.06390678645,73361.59593160936,40.39755500259125,48.89067763671459,8.493122634123345
2016-11-22 → 2017-11-22,12092.082284067676,137411.5022823112,62380.21080867051,73091.64714233701,40.127961432719424,48.67526905177529,8.547307619055864
2016-11-23 → 2017-11-23,12092.082284067676,137411.5022823112,62048.78664375556,72846.12880332084,39.863497900315906,48.479355011461664,8.615857111145758
2016-11-24 → 2017-11-24,12092.082284067676,137411.5022823112,61713.37156074459,72581.41061598965,39.59584977122652,48.26812024247302,8.672270471246499
2016-11-25 → 2017-11-25,11415.30952360433,137411.5022823112,61374.0147862036,72291.91558633429,39.65096418292124,48.31622664925574,8.665262466334497
2016-11-26 → 2017-11-26,10729.725043603205,137411.5022823112,61033.952158492626,71997.57222707596,39.70912645162892,48.36358355474048,8.654457103111561
2016-11-27 → 2017-11-27,10276.722773957541,137411.5022823112,60690.12162417405,71706.44923556571,39.65350712462123,48.31858496877466,8.66507784415343
2016-11-28 → 2017-11-28,10068.268721653438,136970.82483894035,60342.189292041105,71422.122343569,39.61616070516586,48.34721655662366,8.731055851457796
2016-11-29 → 2017-11-29,10068.268721653438,136678.03889858827,59995.83199178437,71155.30527328272,39.434210488146434,48.24828010212897,8.81406961398254
2016-11-30 → 2017-11-30,10003.286107549318,134733.76483100094,59649.72610984163,70879.37112131866,39.80297398871272,48.806102274923376,9.003128286210654
2016-12-01 → 2017-12-01,9251.58529835599,132860.22229042108,59306.878624779754,70582.30694694276,40.49498040305792,49.61685780300596,9.12187739994804
2016-12-02 → 2017-12-02,9145.0645121153,132860.22229042108,58969.34273123886,70309.18399044665,40.273382109253994,49.43947094012182,9.166088830867828
2016-12-03 → 2017-12-03,8917.470248634596,132860.22229042108,58639.92881961684,70038.4975435507,40.11727814000664,49.31391815013882,9.196640010132178
2016-12-04 → 2017-12-04,8648.926486261997,132860.22229042108,58306.921846476085,69764.93917408024,39.97864690060769,49.20326472093035,9.224617820322656
2016-12-05 → 2017-12-05,8520.243282540958,132860.22229042108,57973.68877228857,69496.80939234226,39.7727632611338,49.040193344360205,9.267430083226408
2016-12-06 → 2017-12-06,7146.873513619082,131731.94261899721,57630.20967726999,69171.9378389117,40.521176836166816,49.78531116985599,9.26413433368917
2016-12-07 → 2017-12-07,5871.199948835439,130721.06456691156,57286.32786669578,68838.09889719228,41.18156481398083,50.43409469523791,9.252529881257082
2016-12-08 → 2017-12-08,5871.199948835439,130266.13475215387,56945.93025506806,68562.26879630075,41.058528940094845,50.39680188472828,9.338272944633438
2016-12-09 → 2017-12-09,5871.199948835439,129786.5017697024,56608.166249132606,68302.98897082296,40.94487569714591,50.38263080070568,9.437755103559766
2016-12-10 → 2017-12-10,5871.199948835439,129786.5017697024,56271.86014362466,68034.26937771507,40.673475716218526,50.16577332696417,9.492297610745645
2016-12-11 → 2017-12-11,5871.199948835439,129786.5017697024,55935.72123196192,67756.47682950237,40.40221066119839,49.94159395272169,9.5393832915233
2016-12-12 → 2017-12-12,5735.941108283111,128836.6288701362,55596.78527387061,67481.10602659476,40.50411502334316,50.15826153446192,9.65414651111876
2016-12-13 → 2017-12-13,5735.941108283111,128836.6288701362,55262.369926176616,67219.48756299057,40.23245500764857,49.94573756862487,9.713282560976303
2016-12-14 → 2017-12-14,5735.941108283111,128836.6288701362,54928.05823306431,64985.70923872522,39.960879195043,48.131143056702435,8.170263861659436
2016-12-15 → 2017-12-15,5649.078506920944,128836.6288701362,54591.83686751783,64707.26060486522,39.73027973710853,47.94168073300652,8.21140099589799
2016-12-16 → 2017-12-16,5091.516474246202,127839.60267414433,54253.735467529055,62360.02724381712,40.0513120124912,46.655318663223646,6.604006650732444
2016-12-17 → 2017-12-17,5091.516474246202,126852.89971468727,53918.64004764785,59979.46688792707,40.100664327197386,45.07829079544386,4.977626468246477
2016-12-18 → 2017-12-18,5091.516474246202,126852.89971468727,53587.00673860084,57563.60547176488,39.828301037440625,43.094195878099164,3.2658948406585395
2016-12-19 → 2017-12-19,5091.516474246202,126852.89971468727,53256.90760173141,55085.42065944577,39.55719773023066,41.05891609860991,1.501718368379251
2016-12-20 → 2017-12-20,5091.516474246202,126852.89971468727,52927.782198440385,52531.60744294495,39.28689412942391,38.961524340618936,-0.32536978880497003
2016-12-21 → 2017-12-21,5091.516474246202,126852.89971468727,52603.633596604355,49948.858798295885,39.02067786839808,36.84036853907146,-2.1803093293266187
2016-12-22 → 2017-12-22,5091.516474246202,126852.89971468727,52292.94445352289,47441.35092427918,38.76551557078526,34.781006360945455,-3.984509209839807
2016-12-23 → 2017-12-23,5091.516474246202,126852.89971468727,51993.011339427576,47193.59029429045,38.51918696797772,34.577525894975814,-3.941661073001903
2016-12-24 → 2017-12-24,5091.516474246202,126852.89971468727,51714.06860782786,46975.025424670006,38.29009731395425,34.39802327780462,-3.89207403614963
2016-12-25 → 2017-12-25,5091.516474246202,126852.89971468727,51426.87709715519,46737.96395094353,38.05423311544596,34.20332979829777,-3.8509033171481875
2016-12-26 → 2017-12-26,5091.516474246202,126852.89971468727,51139.31343203429,46478.00318600066,37.81806327450957,33.98982962441298,-3.8282336500965926
2016-12-27 → 2017-12-27,5091.516474246202,126852.89971468727,50854.56166026583,46239.635623710725,37.584202780984974,33.79406348251622,-3.790139298468752
2016-12-28 → 2017-12-28,5091.516474246202,126852.89971468727,50578.60830330053,46014.9756963407,37.357568235925335,33.60955512576867,-3.7480131101566627
2016-12-29 → 2017-12-29,5091.516474246202,126852.89971468727,50318.547416847025,45788.69827289012,37.14398583440156,33.4237183543485,-3.72026748005306
2016-12-30 → 2017-12-30,5091.516474246202,126852.89971468727,50058.97552086303,45592.55374831985,36.930805030212255,33.26262908339061,-3.6681759468216484
2016-12-31 → 2017-12-31,5091.516474246202,126852.89971468727,49794.34340624592,45356.60575826522,36.71346837751134,33.06885008402699,-3.644618293484349
2017-01-01 → 2018-01-01,5091.516474246202,126852.89971468727,49532.66184021449,45151.6810391112,36.49855494677715,32.90054982847769,-3.5980051182994544
2017-01-02 → 2018-01-02,5091.516474246202,126852.89971468727,49277.20461745417,44921.43842342365,36.28875343503194,32.71145653012636,-3.5772969049055803
2017-01-03 → 2018-01-03,5091.516474246202,126852.89971468727,49026.770767954185,44706.20158067392,36.08307751148773,32.53468714970244,-3.5483903617852874
2017-01-04 → 2018-01-04,5091.516474246202,126852.89971468727,48780.304909723236,44496.97455945473,35.880660413659385,32.362853506185076,-3.5178069074743092
2017-01-05 → 2018-01-05,5091.516474246202,126852.89971468727,48555.54665622784,44267.84583385789,35.69607130378408,32.17467502176003,-3.5213962820240496
2017-01-06 → 2018-01-06,5091.516474246202,126852.89971468727,48298.433306731335,44041.7275220903,35.4849096508413,31.98896892533611,-3.495940725505193
2017-01-07 → 2018-01-07,5091.516474246202,126852.89971468727,48009.12030921453,43812.86526694018,35.24730312090767,31.801009287346293,-3.4462938335613735
2017-01-08 → 2018-01-08,5091.516474246202,126852.89971468727,47724.98967903202,43599.94148794857,35.01395275758152,31.626139576338534,-3.3878131812429864
2017-01-09 → 2018-01-09,5091.516474246202,126852.89971468727,47444.563295826134,43383.37169121369,34.78364461246779,31.44827546953283,-3.335369142934958
2017-01-10 → 2018-01-10,5091.516474246202,126852.89971468727,47160.78578689773,43146.63906570819,34.550584260017594,31.253852065982933,-3.296732194034661
2017-01-11 → 2018-01-11,5091.516474246202,126852.89971468727,46880.09956478095,42934.530514931,34.32006271480608,31.079651884338862,-3.2404108304672157
2017-01-12 → 2018-01-12,5091.516474246202,123898.8745316759,46553.32094311429,42634.48421490881,34.89834733032787,31.599867512006202,-3.2984798183216704
2017-01-13 → 2018-01-13,5091.516474246202,121944.50404673119,46233.99834042546,42321.688286321354,35.20875479598517,31.860693154277236,-3.348061641707936
2017-01-14 → 2018-01-14,5091.516474246202,121944.50404673119,45923.48843296166,42044.3379724754,34.9430278223627,31.623343370067474,-3.3196844522952276
2017-01-15 → 2018-01-15,5091.516474246202,121278.70466654166,45610.40900505359,41754.248531512974,34.87380421303135,31.55488365600876,-3.31892055702259
2017-01-16 → 2018-01-16,5091.516474246202,120360.40212327345,45302.94836478336,41555.659677005,34.88489687752656,31.633986047011398,-3.25091083051516
2017-01-17 → 2018-01-17,5091.516474246202,113473.91343140576,44998.57810695389,41299.76238234546,36.82061179038309,33.40786596776536,-3.4127458226177296
2017-01-18 → 2018-01-18,5091.516474246202,113473.91343140576,44721.31037866611,41048.273606656054,36.5647882101043,33.17582757154054,-3.388960638563759
2017-01-19 → 2018-01-19,5091.516474246202,112645.18916941338,44435.15505090809,40766.27991158303,36.58046963042459,33.16926567300741,-3.411203957417179
2017-01-20 → 2018-01-20,5091.516474246202,112645.18916941338,44153.73294644987,40432.12156822049,36.31881226679756,32.8585758239405,-3.4602364428570596
2017-01-21 → 2018-01-21,5091.516474246202,112645.18916941338,43872.434232624626,40215.981600881016,36.05726962787484,32.657615724742335,-3.399653903132503
2017-01-22 → 2018-01-22,5091.516474246202,112645.18916941338,43602.3331237111,39998.85117092164,35.80613816751173,32.45573472475568,-3.350403442756054
2017-01-23 → 2018-01-23,5091.516474246202,112645.18916941338,43331.32807902185,39737.77753808494,35.55416625628064,32.21299672586219,-3.3411695304184477
2017-01-24 → 2018-01-24,5091.516474246202,112645.18916941338,43058.39843290259,39451.28502954715,35.30040491156784,31.9466250610379,-3.353779850529939
2017-01-25 → 2018-01-25,5091.516474246202,111645.7661547798,42775.172098153795,39182.92374370649,35.36569938495097,31.99441352331952,-3.3712858616314527
2017-01-26 → 2018-01-26,5091.516474246202,109214.17935623451,42494.88754523305,38921.94740124106,35.92241115978708,32.49093904305729,-3.4314721167297932
2017-01-27 → 2018-01-27,5091.516474246202,109214.17935623451,42220.95954400881,38643.080497846444,35.659329143209476,32.223113676632806,-3.4362154665766695
2017-01-28 → 2018-01-28,5091.516474246202,109214.17935623451,41947.64495669113,38359.64192038185,35.396836252850484,31.950897648326038,-3.4459386045244464
2017-01-29 → 2018-01-29,5091.516474246202,109214.17935623451,41676.09817927744,38124.90296035545,35.13604117721795,31.7254530106947,-3.4105881665232474
2017-01-30 → 2018-01-30,5091.516474246202,108658.65380979302,41405.13216353951,37954.3682801927,35.06287479168314,31.730964716611084,-3.3319100750720594
2017-01-31 → 2018-01-31,5091.516474246202,106944.60900920314,41135.43680862412,37701.76495539178,35.38814525637237,32.01694486591405,-3.37120039045832
2017-02-01 → 2018-02-01,5091.516474246202,106944.60900920314,40883.55037260546,37559.78117206416,35.14084158620427,31.877544303993076,-3.263297282211191
2017-02-02 → 2018-02-02,5091.516474246202,106944.60900920314,40637.97431418717,37371.05852912873,34.89973348402858,31.692255238891136,-3.2074782451374446
2017-02-03 → 2018-02-03,5091.516474246202,106944.60900920314,40396.758275058135,37123.75146383366,34.66290607591993,31.44944762339317,-3.2134584525267584
2017-02-04 → 2018-02-04,5091.516474246202,106944.60900920314,40160.7680554951,36999.19081891982,34.43120940997723,31.327153207176906,-3.1040562028003222
2017-02-05 → 2018-02-05,5091.516474246202,106944.60900920314,39936.36284729587,37014.15197080379,34.21088698027563,31.3418421591877,-2.8690448210879325
2017-02-06 → 2018-02-06,5091.516474246202,106944.60900920314,39702.368395354184,36703.31964681815,33.98114977140161,31.03666504944117,-2.9444847219604426
2017-02-07 → 2018-02-07,5091.516474246202,106944.60900920314,39471.20464281995,36520.58428885047,33.75419176081896,30.857254337974588,-2.896937422844374
2017-02-08 → 2018-02-08,5091.516474246202,106944.60900920314,39245.13107392338,36248.02983434378,33.53223132420387,30.58965867865463,-2.942572645549241
2017-02-09 → 2018-02-09,5091.516474246202,106944.60900920314,39017.0516026183,35983.47269125889,33.30830148012299,30.32991482944937,-2.978386650673624
2017-02-10 → 2018-02-10,5091.516474246202,106944.60900920314,38771.06211976789,35776.50642750361,33.06678747526744,30.12671406391125,-2.940073411356188
2017-02-11 → 2018-02-11,5091.516474246202,106944.60900920314,38530.66473378917,35640.717974381994,32.83076382591559,29.993396115735045,-2.837367710180544
2017-02-12 → 2018-02-12,5091.516474246202,106944.60900920314,38291.186640924374,35354.600879450314,32.595642744263,29.712484571656518,-2.8831581726064854
2017-02-13 → 2018-02-13,5091.516474246202,106944.60900920314,38051.72580397313,35200.7191257291,32.36053860457372,29.561402508371692,-2.7991360962020266
2017-02-14 → 2018-02-14,5091.516474246202,106944.60900920314,37807.34872952097,34894.35645758982,32.120607672316275,29.260613734546165,-2.85999393777011
2017-02-15 → 2018-02-15,5091.516474246202,106944.60900920314,37564.45529660618,34614.966735344016,31.88213338855172,28.98630716682961,-2.895826221722107
2017-02-16 → 2018-02-16,5091.516474246202,106944.60900920314,37321.79277876163,34387.36765572478,31.643885818639916,28.762848974294986,-2.88103684434493
2017-02-17 → 2018-02-17,5091.516474246202,106944.60900920314,37082.91500325642,34095.76388766696,31.409354132306266,28.476550580402094,-2.932803551904172
2017-02-18 → 2018-02-18,5091.516474246202,106944.60900920314,36850.973240155785,33933.855008274855,31.181632266108604,28.317587435187296,-2.8640448309213085
2017-02-19 → 2018-02-19,5091.516474246202,106944.60900920314,36617.90505187607,33666.24152453222,30.952804468661295,28.054842851707136,-2.8979616169541593
2017-02-20 → 2018-02-20,5091.516474246202,106944.60900920314,36384.146438874006,33438.940344092676,30.723298807925627,27.831677138440718,-2.891621669484909
2017-02-21 → 2018-02-21,5091.516474246202,106944.60900920314,36159.30387684464,33304.441406042184,30.502546981512307,27.69962524418495,-2.802921737327356
2017-02-22 → 2018-02-22,5091.516474246202,106944.60900920314,35944.926910802336,33180.959385593655,30.292070342357995,27.57838982818013,-2.7136805141778666
2017-02-23 → 2018-02-23,5091.516474246202,106944.60900920314,35729.96649934187,32972.499326329664,30.08102087286183,27.373722444916883,-2.7072984279449486
2017-02-24 → 2018-02-24,5091.516474246202,106944.60900920314,35528.35303141064,32851.41487362793,29.883075515569875,27.254840975843987,-2.628234539725888
2017-02-25 → 2018-02-25,5091.516474246202,106944.60900920314,35326.33057663727,32694.519840474208,29.68472861245151,27.100800456063123,-2.5839281563883887
2017-02-26 → 2018-02-26,5091.516474246202,106944.60900920314,35115.57032064734,32426.570063460334,29.477802881730476,26.837725697756788,-2.6400771839736876
2017-02-27 → 2018-02-27,5091.516474246202,106944.60900920314,34910.004699449804,32179.88788419986,29.27597727577061,26.59553159925574,-2.6804456765148714
2017-02-28 → 2018-02-28,5091.516474246202,106944.60900920314,34707.71158193159,31953.269884842495,29.077364634285242,26.373036637426683,-2.7043279968585594
2017-03-01 → 2018-03-01,5091.516474246202,106944.60900920314,34502.81461252774,31630.30530197832,28.8761955148169,26.055948000424,-2.8202475143929
2017-03-02 → 2018-03-02,5091.516474246202,106944.60900920314,34305.2095587724,31337.878540848287,28.682185643503942,25.768841586811998,-2.913344056691944
2017-03-03 → 2018-03-03,5091.516474246202,106944.60900920314,34112.78156327103,31024.67455132676,28.493258640197368,25.46133596108538,-3.0319226791119895
2017-03-04 → 2018-03-04,5091.516474246202,106944.60900920314,33924.71153812368,30728.941433799115,28.308610319300477,25.170983346189423,-3.137626973111054
2017-03-05 → 2018-03-05,5091.516474246202,106944.60900920314,33733.06979687103,30446.6926116224,28.120455265307516,24.893869696370846,-3.2265855689366703
2017-03-06 → 2018-03-06,5091.516474246202,106944.60900920314,33544.58016699946,30262.271336423342,27.93539497388153,24.712803740876403,-3.222591233005126
2017-03-07 → 2018-03-07,5091.516474246202,106944.60900920314,33359.08900508852,30098.86263380571,27.75327859695632,24.552368059886597,-3.200910537069724
2017-03-08 → 2018-03-08,5091.516474246202,106944.60900920314,33167.0441080425,29920.81154118689,27.564727722096922,24.37755638928591,-3.187171332811012
2017-03-09 → 2018-03-09,5091.516474246202,106944.60900920314,32959.347303957846,29653.84503336662,27.360809707517863,24.11544701079194,-3.2453626967259233
2017-03-10 → 2018-03-10,5091.516474246202,106944.60900920314,32761.507727164862,29466.193900466576,27.166569580027293,23.931209960909886,-3.235359619117407
2017-03-11 → 2018-03-11,5091.516474246202,106944.60900920314,32541.509395807727,29062.442101601562,26.950573849429695,23.534803932564262,-3.4157699168654325
2017-03-12 → 2018-03-12,5091.516474246202,106944.60900920314,32339.20592803113,28832.18798509636,26.751951045996243,23.308739008294854,-3.4432120377013895
2017-03-13 → 2018-03-13,5091.516474246202,106944.60900920314,32147.21404211656,28569.296396663045,26.56345221779554,23.050630411009905,-3.5128218067856345
2017-03-14 → 2018-03-14,5091.516474246202,106944.60900920314,31959.995079055705,28503.450434333223,26.379639474950643,22.985982435488474,-3.3936570394621697
2017-03-15 → 2018-03-15,5091.516474246202,106944.60900920314,31773.85214452729,28285.3636903657,26.196883183614144,22.771863513284245,-3.425019670329899
2017-03-16 → 2018-03-16,5091.516474246202,106944.60900920314,31589.391670446897,28049.166824191423,26.01577874241411,22.53996396041283,-3.4758147820012795
2017-03-17 → 2018-03-17,5091.516474246202,106944.60900920314,31392.122630247934,27911.34869585523,25.822098771301537,22.404653264481933,-3.417445506819604
2017-03-18 → 2018-03-18,5091.516474246202,106944.60900920314,31170.63377229679,27585.683708807068,25.604639632419595,22.084913353848986,-3.5197262785706087
2017-03-19 → 2018-03-19,5091.516474246202,106944.60900920314,30918.789633208296,27201.61487482888,25.357377489640715,21.707832182900372,-3.649545306740343
2017-03-20 → 2018-03-20,5091.516474246202,106944.60900920314,30681.695450789004,26830.903035480336,25.124596946096673,21.343864992388887,-3.780731953707786
2017-03-21 → 2018-03-21,5091.516474246202,106944.60900920314,30449.181906406397,26527.59417383895,24.896313701478636,21.046074464784347,-3.8502392366942892
2017-03-22 → 2018-03-22,5091.516474246202,106944.60900920314,30234.803280071163,26279.87743575201,24.685835432238395,20.802864629990264,-3.8829708022481313
2017-03-23 → 2018-03-23,5091.516474246202,106944.60900920314,30002.552873644374,25971.107298635958,24.457810538102684,20.49971218814361,-3.958098349959073
2017-03-24 → 2018-03-24,5091.516474246202,106944.60900920314,29768.545108726295,25699.378432378755,24.2280602584656,20.23292709650396,-3.9951331619616397
2017-03-25 → 2018-03-25,5091.516474246202,103846.68316917396,29508.71689739438,25399.86191962449,24.724985274519604,20.564337163355084,-4.1606481111645195
2017-03-26 → 2018-03-26,5091.516474246202,103846.68316917396,29260.056500965486,25156.818899528032,24.47319045228306,20.318230525869204,-4.154959926413856
2017-03-27 → 2018-03-27,5091.516474246202,96340.25886455341,29011.18455983931,24938.097109311002,26.213696166111706,21.74997716699817,-4.463718999113535
2017-03-28 → 2018-03-28,5091.516474246202,96340.25886455341,28783.64315295061,24654.584405497986,25.96433228346726,21.439274031386375,-4.5250582520808855
2017-03-29 → 2018-03-29,5091.516474246202,96340.25886455341,28560.661358523117,24663.410991794655,25.719965305264196,21.448947135985357,-4.27101816927884
2017-03-30 → 2018-03-30,5091.516474246202,96340.25886455341,28337.858186361325,24567.639877796933,25.47579408018717,21.34399104400102,-4.131803036186152
2017-03-31 → 2018-03-31,5091.516474246202,92443.3538317219,28114.10366663688,24359.323018866096,26.35615676654152,22.057700361549326,-4.298456404992194
2017-04-01 → 2018-04-01,5091.516474246202,91783.13571714156,27901.679484641896,24215.699651837902,26.3118433011217,22.06001381057257,-4.251829490549131
2017-04-02 → 2018-04-02,5091.516474246202,90451.65585485799,27689.75331742051,23963.52262515574,26.47399243622503,22.108687131778535,-4.365305304446494
2017-04-03 → 2018-04-03,5091.516474246202,88042.76708027783,27479.436320860605,23658.154191554764,26.989249327829317,22.382589269797613,-4.606660058031704
2017-04-04 → 2018-04-04,5091.516474246202,88042.76708027783,27281.03811882528,23656.23361981486,26.750074872247453,22.380273968068135,-4.369800904179318
2017-04-05 → 2018-04-05,5091.516474246202,88042.76708027783,27081.960612538573,23482.814739035908,26.5100814968224,22.171212767047088,-4.338868729775314
2017-04-06 → 2018-04-06,5091.516474246202,85283.60305459557,26882.738479156644,23373.237449667984,27.173781022740297,22.797412756063164,-4.376368266677133
2017-04-07 → 2018-04-07,5091.516474246202,85283.60305459557,26693.69736550641,23120.65083979671,26.93804565069604,22.482435779353388,-4.455609871342652
2017-04-08 → 2018-04-08,5091.516474246202,85283.60305459557,26503.40725910914,22903.73613013747,26.7007527774066,22.211941870404026,-4.4888109070025735
2017-04-09 → 2018-04-09,5091.516474246202,85283.60305459557,26313.28148300148,22812.748108554428,26.463664824947397,22.098479276446113,-4.365185548501284
2017-04-10 → 2018-04-10,5091.516474246202,85283.60305459557,26128.234106297365,22623.95758597336,26.232909666184067,21.863056392927664,-4.369853273256403
2017-04-11 → 2018-04-11,5091.516474246202,85283.60305459557,25942.07891313317,22411.902683217464,26.000773053829334,21.598622691550627,-4.402150362278707
2017-04-12 → 2018-04-12,5091.516474246202,85283.60305459557,25754.473072069413,21957.072242763374,25.76682747507727,21.03144647772513,-4.7353809973521415
2017-04-13 → 2018-04-13,5091.516474246202,85283.60305459557,25564.305437202256,21740.684093497053,25.529687324500667,20.76160919265897,-4.768078131841698
2017-04-14 → 2018-04-14,5091.516474246202,85201.27327591275,25365.415756730825,21508.094967875255,25.307653014948183,20.49260807803068,-4.815044936917502
2017-04-15 → 2018-04-15,5091.516474246202,85201.27327591275,25165.504386420682,21218.481907854788,25.058106170354616,20.13108774444949,-4.927018425905125
2017-04-16 → 2018-04-16,5091.516474246202,85201.27327591275,24967.03809258644,21075.92688748608,24.810363196517358,19.95313810877447,-4.857225087742886
2017-04-17 → 2018-04-17,5091.516474246202,83899.57143881709,24768.886815743583,20918.744647396394,24.96872984664268,20.083262022220335,-4.885467824422346
2017-04-18 → 2018-04-18,5091.516474246202,83185.57785964316,24573.124724297657,20674.288789491213,24.94633766568885,19.9538505730205,-4.992487092668352
2017-04-19 → 2018-04-19,5091.516474246202,82674.6295002957,24378.86784859569,20464.230186619334,24.86024422334474,19.814510030309755,-5.045734193034985
2017-04-20 → 2018-04-20,5091.516474246202,80919.04127930474,24183.89032431401,20151.830481426776,25.17868531137144,19.861276028590456,-5.317409282780982
2017-04-21 → 2018-04-21,5091.516474246202,80414.91570979715,23993.625656567983,19943.166822031006,25.09460456399638,19.71718018373122,-5.377424380265161
2017-04-22 → 2018-04-22,5091.516474246202,80414.91570979715,23805.624406257146,19786.05913477876,24.845012468818993,19.508602651587537,-5.336409817231456
2017-04-23 → 2018-04-23,5091.516474246202,79999.90507363711,23616.505031213113,19605.337331410374,24.730192310020595,19.37542794410369,-5.354764365916903
2017-04-24 → 2018-04-24,5091.516474246202,79539.34361187399,23426.23293417901,19309.53699894988,24.627604545178173,19.097965745084235,-5.529638800093938
2017-04-25 → 2018-04-25,5091.516474246202,78133.25786637832,23239.76589082985,19299.413101107923,24.84640846547305,19.451749583276175,-5.394658882196875
2017-04-26 → 2018-04-26,5091.516474246202,77131.60176632316,23055.77782478411,19082.749041764037,24.936479846885515,19.42145475091019,-5.515025095975325
2017-04-27 → 2018-04-27,5091.516474246202,74300.27958732945,22875.457075226655,18997.922564505578,25.696082115963392,20.093418036581706,-5.602664079381686
2017-04-28 → 2018-04-28,5091.516474246202,74184.79320063037,22701.6982426105,18795.59892022692,25.487547562843577,19.834176486158217,-5.65337107668536
2017-04-29 → 2018-04-29,5091.516474246202,73653.14615724926,22528.083225236966,18645.366872451224,25.431960750655,19.76885680937238,-5.663103941282621
2017-04-30 → 2018-04-30,5091.516474246202,72361.18448066026,22356.450944082513,18546.772672583298,25.665258922030254,20.00196611205835,-5.663292809971903
2017-05-01 → 2018-05-01,5091.516474246202,69592.25607570364,22188.859518301415,18456.540649112445,26.507204645555543,20.720730114797398,-5.786474530758145
2017-05-02 → 2018-05-02,5091.516474246202,68314.45371497168,22028.40168941257,18316.28735509451,26.789146399000835,20.91767870653356,-5.871467692467274
2017-05-03 → 2018-05-03,5091.516474246202,65815.06602518205,21869.77114319032,18094.805775827554,27.630556502416344,21.413915025955443,-6.2166414764609
2017-05-04 → 2018-05-04,5091.516474246202,65519.30261083969,21718.125737498565,17979.313511480017,27.514840980056565,21.32760086246036,-6.187240117596204
2017-05-05 → 2018-05-05,5091.516474246202,65519.30261083969,21568.57954599033,17831.346798434668,27.267361796936747,21.082735507454835,-6.184626289481912
2017-05-06 → 2018-05-06,5091.516474246202,65519.30261083969,21418.45969332098,17741.28462992667,27.01893328040957,20.933694521070827,-6.085238759338743
2017-05-07 → 2018-05-07,5091.516474246202,65519.30261083969,21274.049706441074,17662.451871078716,26.77995383715564,20.803236723610308,-5.976717113545334
2017-05-08 → 2018-05-08,5091.516474246202,59344.134688936545,21124.693607593712,17576.054373087638,29.55281728505796,23.011862486409758,-6.540954798648201
2017-05-09 → 2018-05-09,5091.516474246202,58662.668056652576,20991.952088606027,17434.30846039587,29.6809666111075,23.039997501571797,-6.640969109535703
2017-05-10 → 2018-05-10,5091.516474246202,58662.668056652576,20863.26172858653,17378.063757684555,29.440743363672667,22.935006846993844,-6.505736516678823
2017-05-11 → 2018-05-11,5091.516474246202,58662.668056652576,20742.430613407785,17425.197012978548,29.21519078246135,23.022989378452944,-6.192201404008404
2017-05-12 → 2018-05-12,5091.516474246202,58662.668056652576,20625.772115249878,17333.227872302894,28.997427126627933,22.851312761544342,-6.146114365083591
2017-05-13 → 2018-05-13,5091.516474246202,57574.40706134547,20496.91171274105,17175.196989193766,29.35317598966552,23.024037700236416,-6.329138289429103
2017-05-14 → 2018-05-14,5091.516474246202,57574.40706134547,20374.911109019202,17082.564966414095,29.120718130814588,22.847538232041266,-6.273179898773321
2017-05-15 → 2018-05-15,5091.516474246202,57574.40706134547,20254.850374544996,17030.91697923558,28.891956465572548,22.749129042683066,-6.142827422889482
2017-05-16 → 2018-05-16,5091.516474246202,56914.32341518506,20130.352094182046,16977.681036965147,29.01972414785487,22.936165106350384,-6.083559041504486
2017-05-17 → 2018-05-17,5091.516474246202,55286.92056429757,20008.787176830792,16963.882780891563,29.718399469048528,23.65229749987896,-6.066101969169569
2017-05-18 → 2018-05-18,5091.516474246202,52791.41845486765,19890.916118434725,16836.07464325493,31.02605881706198,24.62176583461339,-6.404292982448588
2017-05-19 → 2018-05-19,5091.516474246202,52335.482920267066,19779.877903317385,16753.141398280502,31.090449287007978,24.68383965465394,-6.406609632354037
2017-05-20 → 2018-05-20,5091.516474246202,52335.482920267066,19673.11324878208,16599.003592933077,30.864463489102356,24.357580415765653,-6.506883073336702
2017-05-21 → 2018-05-21,5091.516474246202,52335.482920267066,19572.24274079517,16540.406141558167,30.650953668536886,24.233548807535087,-6.417404861001799
2017-05-22 → 2018-05-22,5091.516474246202,52335.482920267066,19472.772289955996,16565.583601439546,30.44040731029911,24.286841242051874,-6.153566068247237
2017-05-23 → 2018-05-23,5091.516474246202,52335.482920267066,19377.676614665525,16650.704251774958,30.239120918736024,24.467013773570088,-5.772107145165936
2017-05-24 → 2018-05-24,5091.516474246202,52335.482920267066,19292.701997973934,16596.929463696688,30.059257492601642,24.353190163650055,-5.706067328951587
2017-05-25 → 2018-05-25,5091.516474246202,52335.482920267066,19216.36207581601,16604.265804116603,29.89767088609783,24.3687187929583,-5.52895209313953
2017-05-26 → 2018-05-26,5091.516474246202,52335.482920267066,19135.866428833706,16600.087269219453,29.72728797154243,24.359874203455167,-5.367413768087264
2017-05-27 → 2018-05-27,5091.516474246202,52335.482920267066,19053.233905519595,16557.96215121758,29.552381989826177,24.270709128693706,-5.281672861132471
2017-05-28 → 2018-05-28,5091.516474246202,52335.482920267066,18958.005983265644,16583.984645999022,29.35081567476507,24.325790225263304,-5.025025449501765
2017-05-29 → 2018-05-29,5091.516474246202,52335.482920267066,18871.903817904396,16436.31246957117,29.168565597478217,24.013216604679233,-5.155348992798984
2017-05-30 → 2018-05-30,5091.516474246202,52335.482920267066,18789.36504875303,16409.818860199593,28.99385806261094,23.95713831285789,-5.0367197497530505
2017-05-31 → 2018-05-31,5091.516474246202,52335.482920267066,18699.829851396047,16323.863310784847,28.804341381238974,23.775198573498884,-5.02914280774009
2017-06-01 → 2018-06-01,5091.516474246202,52335.482920267066,18617.341254669118,16257.78217979038,28.629740044957913,23.63532646714226,-4.994413577815653
2017-06-02 → 2018-06-02,5091.516474246202,52335.482920267066,18539.26683065058,16169.600053973143,28.46448206623222,23.448673794958204,-5.015808271274018
2017-06-03 → 2018-06-03,5091.516474246202,52335.482920267066,18464.543947039856,16096.064570455104,28.306318200596387,23.293023266330263,-5.013294934266124
2017-06-04 → 2018-06-04,5091.516474246202,52335.482920267066,18393.873251384324,16111.819179768714,28.1567314893784,23.32637061308958,-4.830360876288822
2017-06-05 → 2018-06-05,5091.516474246202,52335.482920267066,18321.563311872145,16030.629056323076,28.003675035926722,23.154517719369483,-4.849157316557239
2017-06-06 → 2018-06-06,5091.516474246202,52335.482920267066,18255.527916380794,15973.235639991673,27.863899736647397,23.033034658888145,-4.830865077759253
2017-06-07 → 2018-06-07,5091.516474246202,52335.482920267066,18196.01364498861,15926.953708163932,27.73792752078744,22.9350709710157,-4.8028565497717395
2017-06-08 → 2018-06-08,5091.516474246202,52335.482920267066,18130.916214859702,15894.137065699633,27.600137586906076,22.86560888954167,-4.734528697364407
2017-06-09 → 2018-06-09,5091.516474246202,52335.482920267066,18069.584514225735,15873.39275214411,27.470318468725047,22.82169997351273,-4.648618495212318
2017-06-10 → 2018-06-10,5091.516474246202,52335.482920267066,18012.683230687107,16105.897880788514,27.349877092144947,23.313837162946342,-4.036039929198605
2017-06-11 → 2018-06-11,5091.516474246202,52335.482920267066,17958.885441615486,16083.856321787112,27.23600479665704,23.26718240328177,-3.9688223933752695
2017-06-12 → 2018-06-12,5091.516474246202,52335.482920267066,17908.88368550088,16198.883899050243,27.130167459371364,23.5106581016962,-3.619509357675163
2017-06-13 → 2018-06-13,5091.516474246202,52335.482920267066,17849.70136324757,16291.487619208077,27.00489787109297,23.70666984059971,-3.298228030493263
2017-06-14 → 2018-06-14,5091.516474246202,52335.482920267066,17789.985780113515,16179.186652898003,26.87849954422454,23.468965484344217,-3.409534059880322
2017-06-15 → 2018-06-15,5091.516474246202,52335.482920267066,17720.877382209128,16237.817234886255,26.73221970554218,23.593067219229756,-3.139152486312426
2017-06-16 → 2018-06-16,5091.516474246202,52335.482920267066,17649.565867900546,16191.119701977674,26.581276591165746,23.494223840018705,-3.0870527511470414
2017-06-17 → 2018-06-17,5091.516474246202,52335.482920267066,17581.588661649912,16187.567193021747,26.43739111463976,23.48670434234912,-2.950686772290638
2017-06-18 → 2018-06-18,5091.516474246202,52335.482920267066,17519.348856154353,16079.889512698788,26.305649835958867,23.258785967955248,-3.0468638680036193
2017-06-19 → 2018-06-19,5091.516474246202,52335.482920267066,17450.999951511443,16029.321793042911,26.160977595703592,23.151750671260473,-3.0092269244431193
2017-06-20 → 2018-06-20,5091.516474246202,52335.482920267066,17385.951882819125,15984.676597023059,26.023292143812842,23.05725141690413,-2.9660407269087123
2017-06-21 → 2018-06-21,5091.516474246202,52335.482920267066,17326.644043523695,15962.417596697138,25.897756877075253,23.010136405188604,-2.887620471886649
2017-06-22 → 2018-06-22,5091.516474246202,52335.482920267066,17268.210753010873,16185.979950309193,25.77407274361117,23.483344669502078,-2.2907280741090936
2017-06-23 → 2018-06-23,5091.516474246202,52335.482920267066,17210.76609091304,16156.040715414732,25.652481212630242,23.419973117224245,-2.232508095405997
2017-06-24 → 2018-06-24,5091.516474246202,52335.482920267066,17153.491714272484,16163.392575009766,25.53125012017742,23.43553459554219,-2.095715524635228
2017-06-25 → 2018-06-25,5091.516474246202,52335.482920267066,17090.615871717244,16114.19204183415,25.398162559404806,23.33139318474039,-2.0667693746644176
2017-06-26 → 2018-06-26,5091.516474246202,52335.482920267066,17026.046153132826,16151.924918369503,25.261489617986577,23.411261323200915,-1.850228294785662
2017-06-27 → 2018-06-27,5091.516474246202,52335.482920267066,16957.944734736084,16119.99416245801,25.11734122503877,23.343674373345685,-1.7736668516930862
2017-06-28 → 2018-06-28,5091.516474246202,52335.482920267066,16896.601909277153,16223.766799241326,24.987498559247744,23.563327049845412,-1.4241715094023313
2017-06-29 → 2018-06-29,5091.516474246202,52335.482920267066,16833.910295028574,16073.799337638357,24.854800949447753,23.2458950624734,-1.6089058869743518
2017-06-30 → 2018-06-30,5091.516474246202,52335.482920267066,16769.21556808644,15979.068954827744,24.717863406288565,23.045381875421572,-1.6724815308669925
2017-07-01 → 2018-07-01,5091.516474246202,52335.482920267066,16700.76914619008,15939.113514230792,24.572984753954056,22.960809296947232,-1.612175457006824
2017-07-02 → 2018-07-02,5091.516474246202,52335.482920267066,16628.85454266882,15806.689399446752,24.420765097284406,22.680510827648845,-1.7402542696355603
2017-07-03 → 2018-07-03,5091.516474246202,52335.482920267066,16562.429171494678,15791.189281356063,24.280164347239342,22.647702155437972,-1.6324621918013698
2017-07-04 → 2018-07-04,5091.516474246202,52335.482920267066,16496.89103202122,15721.576209592145,24.141441576050475,22.500354087524464,-1.6410874885260114
2017-07-05 → 2018-07-05,5091.516474246202,52335.482920267066,16433.601975734407,15692.958852069141,24.00747937717557,22.43978051659938,-1.56769886057619
2017-07-06 → 2018-07-06,5091.516474246202,52335.482920267066,16370.24961836404,15632.208906369517,23.873383190644002,22.31119278303337,-1.5621904076106325
2017-07-07 → 2018-07-07,5091.516474246202,52335.482920267066,16305.843033689136,15542.288569771972,23.73705555027009,22.12086088805947,-1.6161946622106171
2017-07-08 → 2018-07-08,5091.516474246202,52335.482920267066,16237.11844826568,15499.233058495414,23.59158811687417,22.029726475529245,-1.561861641344926
2017-07-09 → 2018-07-09,5091.516474246202,52335.482920267066,16171.118240487636,15465.105735368139,23.451887298456533,21.957490112466317,-1.4943971859902163
2017-07-10 → 2018-07-10,5091.516474246202,52335.482920267066,16105.40427754326,15537.766270104714,23.31279236657892,22.11128866115421,-1.2015037054247095
2017-07-11 → 2018-07-11,5091.516474246202,52335.482920267066,16030.441818530046,15499.00689724137,23.154121398300116,22.029247766244108,-1.1248736320560084
2017-07-12 → 2018-07-12,5091.516474246202,52335.482920267066,15956.988949243923,15560.803801925103,22.998645736936993,22.160051568999197,-0.8385941679377957
2017-07-13 → 2018-07-13,5091.516474246202,52335.482920267066,15885.946356146704,15538.541958128213,22.848271840667316,22.112930538587143,-0.7353413020801725
2017-07-14 → 2018-07-14,5091.516474246202,52335.482920267066,15813.050301420853,15509.255881447156,22.69397477331769,22.05094150827463,-0.6430332650430621
2017-07-15 → 2018-07-15,5091.516474246202,52335.482920267066,15732.732503462508,15453.617667860413,22.52396830688327,21.933173637005158,-0.590794669878111
2017-07-16 → 2018-07-16,5091.516474246202,52335.482920267066,15636.122710839723,15290.600226559412,22.319477024947474,21.588119117742348,-0.7313579072051262
2017-07-17 → 2018-07-17,5091.516474246202,45131.520776584344,15530.452244276077,15068.024898323201,26.071265355534166,24.916352028200002,-1.1549133273341639
2017-07-18 → 2018-07-18,5091.516474246202,44305.32109133738,15444.18419095683,14960.957590873673,26.400569436709187,25.168282478578767,-1.2322869581304197
2017-07-19 → 2018-07-19,5091.516474246202,44305.32109133738,15362.175775599055,14863.669301844373,26.191437942944273,24.920185437296276,-1.2712525056479969
2017-07-20 → 2018-07-20,5091.516474246202,39645.96712288297,15278.411708584079,14806.441115882117,29.480703767865478,28.114828797080545,-1.3658749707849331
2017-07-21 → 2018-07-21,5091.516474246202,39645.96712288297,15218.527013958204,14743.294129549544,29.307398467095965,27.932082478886468,-1.375315988209497
2017-07-22 → 2018-07-22,5091.516474246202,39645.96712288297,15152.97249116855,14689.127528660112,29.11768477881818,27.77532524538211,-1.3423595334360705
2017-07-23 → 2018-07-23,5091.516474246202,39645.96712288297,15091.827836261697,14598.27032819001,28.94073317415053,27.512386032734877,-1.428347141415653
2017-07-24 → 2018-07-24,5091.516474246202,39645.96712288297,15025.126601260277,14454.343020349042,28.747700919985462,27.09586282041564,-1.6518380995698223
2017-07-25 → 2018-07-25,5091.516474246202,39645.96712288297,14959.267416780143,14379.20139045893,28.557105545890778,26.87840420515886,-1.6787013407319193
2017-07-26 → 2018-07-26,5091.516474246202,39645.96712288297,14887.009199052462,14331.118572443014,28.34799147701892,26.739253337142348,-1.6087381398765714
2017-07-27 → 2018-07-27,5091.516474246202,37521.37480402425,14812.113796395874,14244.094142471859,29.974220742197733,28.222687793308953,-1.75153294888878
2017-07-28 → 2018-07-28,5091.516474246202,37172.70817032268,14742.955601426564,14174.029614455967,30.08441587399239,28.31102169225389,-1.7733941817384995
2017-07-29 → 2018-07-29,5091.516474246202,37172.70817032268,14678.360345688863,14106.187957989036,29.8830665714177,28.09955306256695,-1.7835135088507492
2017-07-30 → 2018-07-30,5091.516474246202,37172.70817032268,14610.842276678102,14044.223328591843,29.672606593339584,27.906403662182395,-1.7662029311571885
2017-07-31 → 2018-07-31,5091.516474246202,37172.70817032268,14546.834036865688,14026.532648259548,29.47308707293398,27.85126019837379,-1.6218268745601883
2017-08-01 → 2018-08-01,5091.516474246202,37172.70817032268,14487.354458466167,14002.978644476847,29.287683803120924,27.777840220693907,-1.5098435824270169
2017-08-02 → 2018-08-02,5091.516474246202,37172.70817032268,14423.400251584291,13973.250471752752,29.08833270828707,27.68517479540133,-1.4031579128857388
2017-08-03 → 2018-08-03,5091.516474246202,35845.55325111955,14358.701127936829,13951.464162329317,30.133230056678066,28.8090560350298,-1.3241740216482647
2017-08-04 → 2018-08-04,5091.516474246202,34961.6996280641,14299.782152531317,13968.061707767265,30.82761706169233,29.717076684166543,-1.110540377525787
2017-08-05 → 2018-08-05,5091.516474246202,30958.6336998795,14243.115047210438,13956.974875378459,35.379275135829054,34.273082399560685,-1.106192736268369
2017-08-06 → 2018-08-06,5091.516474246202,30958.6336998795,14198.145843158816,13966.151043693333,35.20542814832223,34.30855665915766,-0.8968714891645675
2017-08-07 → 2018-08-07,5091.516474246202,30793.214049387676,14154.202157690857,13993.179524579404,35.261039302750305,34.63453347510725,-0.626505827643058
2017-08-08 → 2018-08-08,5091.516474246202,30793.214049387676,14117.260528741795,14068.83439352138,35.11730704988623,34.928890953716554,-0.18841609616967503
2017-08-09 → 2018-08-09,5091.516474246202,30793.214049387676,14079.164934701123,14072.823847368687,34.969084957048594,34.94441309514571,-0.024671861902881176
2017-08-10 → 2018-08-10,5091.516474246202,30793.214049387676,14042.067508117865,14142.971977104087,34.824746527749134,35.2173449881863,0.3925984604371635
2017-08-11 → 2018-08-11,5091.516474246202,30793.214049387676,14005.847783115889,14159.33752011688,34.683823054129995,35.281019937924334,0.5971968837943393
2017-08-12 → 2018-08-12,5091.516474246202,30793.214049387676,13974.475015189046,14182.860689951201,34.56175808999632,35.37254373616976,0.8107856461734428
2017-08-13 → 2018-08-13,5091.516474246202,30793.214049387676,13947.499505603259,14209.414758313525,34.456801950399225,35.47586013495895,1.019058184559725
2017-08-14 → 2018-08-14,5091.516474246202,30793.214049387676,13924.442379120572,14242.130692885688,34.36709143063578,35.60315108325726,1.2360596526214778
2017-08-15 → 2018-08-15,5091.516474246202,30793.214049387676,13904.544772408462,14256.945749395454,34.28967395012137,35.660793410058645,1.371119459937276
2017-08-16 → 2018-08-16,5091.516474246202,30793.214049387676,13882.29906087523,14271.260473708151,34.20312047843649,35.716489047558255,1.5133685691217664
2017-08-17 → 2018-08-17,5091.516474246202,30793.214049387676,13861.33064015429,14246.54942112969,34.12153668164783,35.62034344275446,1.4988067611066285
2017-08-18 → 2018-08-18,5091.516474246202,30793.214049387676,13840.611778968876,14272.852696789832,34.04092386949859,35.72268405890732,1.6817601894087275
2017-08-19 → 2018-08-19,5091.516474246202,30793.214049387676,13816.204345997387,14265.27248632801,33.94595958591331,35.69319102468395,1.7472314387706405
2017-08-20 → 2018-08-20,5091.516474246202,30793.214049387676,13794.086628553338,14304.235607463881,33.8599041128093,35.844788486376736,1.9848843735674322
2017-08-21 → 2018-08-21,5091.516474246202,30793.214049387676,13769.424489328208,14276.222817097616,33.76394881976678,35.73579650137509,1.9718476816083097
2017-08-22 → 2018-08-22,5091.516474246202,30793.214049387676,13743.91826643979,14293.886802188917,33.66470937142354,35.80452342122021,2.1398140497966693
2017-08-23 → 2018-08-23,5091.516474246202,30793.214049387676,13718.787024062338,14265.041738646038,33.56692889484616,35.69229323308362,2.1253643382374605
2017-08-24 → 2018-08-24,5091.516474246202,30793.214049387676,13693.694450267521,14218.786853729382,33.469298869741955,35.51232502366311,2.0430261539211543
2017-08-25 → 2018-08-25,5091.516474246202,30793.214049387676,13671.038189741656,14191.912002400657,33.38114803667099,35.40776052456668,2.02661248789569
2017-08-26 → 2018-08-26,5091.516474246202,30793.214049387676,13649.114714157304,14180.477743042851,33.295848318548266,35.363272181629895,2.067423863081629
2017-08-27 → 2018-08-27,5091.516474246202,30793.214049387676,13626.138502900692,14140.787391020098,33.206452623227214,35.208845214669,2.002392591441783
2017-08-28 → 2018-08-28,5091.516474246202,30793.214049387676,13601.77508148854,14080.343711315723,33.11165957953458,34.973671333536586,1.8620117540020047
2017-08-29 → 2018-08-29,5091.516474246202,30793.214049387676,13578.238297606073,14054.02213755466,33.020082811837995,34.87125952325009,1.8511767114120943
2017-08-30 → 2018-08-30,5091.516474246202,30793.214049387676,13558.064754447178,14040.832186404174,32.94159171956708,34.819940145952444,1.8783484263853651
2017-08-31 → 2018-08-31,5091.516474246202,30793.214049387676,13537.38744111229,14011.070411724051,32.86114056152806,34.70414322400552,1.8430026624774598
2017-09-01 → 2018-09-01,5091.516474246202,30793.214049387676,13517.737702164775,13961.191920089766,32.784687483321584,34.510076308820395,1.7253888254988112
2017-09-02 → 2018-09-02,5091.516474246202,30793.214049387676,13499.680086201837,13919.441280537842,32.714429027007,34.34763318836167,1.6332041613546693
2017-09-03 → 2018-09-03,5091.516474246202,30793.214049387676,13477.86646649803,13894.408281917129,32.62955673543936,34.25023495796259,1.6206782225232317
2017-09-04 → 2018-09-04,5091.516474246202,30793.214049387676,13455.923609922525,13850.186722015656,32.54418160988062,34.0781779964635,1.533996386582885
2017-09-05 → 2018-09-05,5091.516474246202,30793.214049387676,13433.70274561565,13898.262686539707,32.45772481362461,34.26523165073476,1.8075068371101537
2017-09-06 → 2018-09-06,5091.516474246202,30793.214049387676,13414.47166893214,13927.848883793285,32.382900663868405,34.38034543715716,1.9974447732887555
2017-09-07 → 2018-09-07,5091.516474246202,30793.214049387676,13397.805645675053,13954.535712163533,32.31805660752403,34.48417837773327,2.1661217702092443
2017-09-08 → 2018-09-08,5091.516474246202,30793.214049387676,13383.014402851151,13986.616250125253,32.260506934858796,34.60899712897695,2.348490194118156
2017-09-09 → 2018-09-09,5091.516474246202,30793.214049387676,13363.859741243252,14006.343194624877,32.18598010038843,34.685750598050156,2.4997704976617285
2017-09-10 → 2018-09-10,5091.516474246202,30793.214049387676,13344.241571004075,14021.250151267746,32.10964984950978,34.7437504892997,2.6341006397899207
2017-09-11 → 2018-09-11,5091.516474246202,30793.214049387676,13323.650144912908,14032.429272768495,32.0295328610075,34.78724614349945,2.757713282491949
2017-09-12 → 2018-09-12,5091.516474246202,30793.214049387676,13301.970732044372,14038.46364971107,31.94518274053334,34.81072465858559,2.8655419180522514
2017-09-13 → 2018-09-13,5091.516474246202,30793.214049387676,13278.453319830565,14037.809444371684,31.853681344000872,34.808179280649085,2.954497936648213
2017-09-14 → 2018-09-14,5091.516474246202,30793.214049387676,13250.23251109268,14029.613362608427,31.74388000245376,34.776290018318086,3.0324100158643255
2017-09-15 → 2018-09-15,5091.516474246202,27645.36060268255,13207.976818053618,14010.916654013117,35.987037498295095,39.54713940991173,3.560101911616634
2017-09-16 → 2018-09-16,5091.516474246202,27645.36060268255,13176.168228578455,13998.331873632793,35.846003494095974,39.49134058329638,3.645337089200403
2017-09-17 → 2018-09-17,5091.516474246202,27645.36060268255,13146.203240479806,13988.664299244318,35.71314371228668,39.44847616367273,3.73533245138605
2017-09-18 → 2018-09-18,5091.516474246202,27645.36060268255,13115.687684906517,13981.016293437435,35.57784280571167,39.414566175808446,3.8367233700967773
2017-09-19 → 2018-09-19,5091.516474246202,27645.36060268255,13091.526614082133,13976.21790502281,35.47071662940755,39.39329091830777,3.922574288900222
2017-09-20 → 2018-09-20,5091.516474246202,27645.36060268255,13063.971924677593,13968.576028988602,35.348543711799245,39.359408108837734,4.010864397038489
2017-09-21 → 2018-09-21,5091.516474246202,27645.36060268255,13034.369356266365,13956.34103488101,35.217290838707406,39.30516017647677,4.087869337769362
2017-09-22 → 2018-09-22,5091.516474246202,27630.31083092653,12999.581989249928,13938.166043377078,35.086461990189974,39.25076660770364,4.164304617513665
2017-09-23 → 2018-09-23,5091.516474246202,27196.84601390803,12964.84996114989,13917.47340759468,35.61735405381401,39.92682813216047,4.309474078346462
2017-09-24 → 2018-09-24,5091.516474246202,27196.84601390803,12934.029469529934,13897.678915797991,35.47792843898815,39.837281890557634,4.359353451569483
2017-09-25 → 2018-09-25,5091.516474246202,25706.339934620904,12902.302995038704,13878.697056345729,37.88917492214377,42.62554369669973,4.736368774555956
2017-09-26 → 2018-09-26,5091.516474246202,25706.339934620904,12874.854012146816,13865.008529676445,37.75602324638651,42.55914231957615,4.8031190731896345
2017-09-27 → 2018-09-27,5091.516474246202,24067.330070546515,12845.532773038763,13850.896454925114,40.86262894311077,46.160761098468605,5.298132155357834
2017-09-28 → 2018-09-28,5091.516474246202,24067.330070546515,12821.85285883148,13841.259614803304,40.73783896197447,46.10997623976991,5.372137277795439
2017-09-29 → 2018-09-29,5091.516474246202,24067.330070546515,12798.10456777343,13837.540209472558,40.612688643978714,46.090375471076264,5.47768682709755
2017-09-30 → 2018-09-30,5091.516474246202,23715.312913908056,12773.716305108619,13834.42557825469,41.24937606438905,46.944827454134426,5.695451389745379
2017-10-01 → 2018-10-01,5091.516474246202,23715.312913908056,12752.320716044962,13832.011647063726,41.134492994586516,46.93186591216963,5.797372917583111
2017-10-02 → 2018-10-02,5091.516474246202,23715.312913908056,12731.948651719264,13829.985902376884,41.02510571476041,46.92098872773838,5.895883012977976
2017-10-03 → 2018-10-03,5091.516474246202,23715.312913908056,12711.932087448431,13828.204332676776,40.9176272834122,46.91142263467095,5.993795351258747
2017-10-04 → 2018-10-04,5091.516474246202,23715.312913908056,12690.232108311544,13826.478532131032,40.80110979887465,46.90215599265553,6.101046193780881
2017-10-05 → 2018-10-05,5091.516474246202,23151.2515099685,12666.927111025401,13824.13260302565,41.9464107407721,48.35406561340056,6.407654872628456
2017-10-06 → 2018-10-06,5091.516474246202,22904.702388485464,12645.382874012994,13822.092066394796,42.40603806716285,49.01187038737223,6.60583232020938
2017-10-07 → 2018-10-07,5091.516474246202,22528.327458154556,12624.422742516197,13820.226019149419,43.20116949837774,50.05909367807306,6.857924179695324
2017-10-08 → 2018-10-08,5091.516474246202,21735.634793708636,12604.238150751486,13818.609502031124,45.13739648029568,52.43349548639106,7.296099006095382
2017-10-09 → 2018-10-09,5091.516474246202,21092.249862508597,12586.308875148741,13817.558610972923,46.84030549749969,54.535263634402256,7.694958136902564
2017-10-10 → 2018-10-10,5091.516474246202,21092.249862508597,12570.966643576388,13817.064975243768,46.74442094521031,54.53217855250521,7.7877576072949
2017-10-11 → 2018-10-11,5091.516474246202,20768.573813293024,12557.69748728071,13816.395350190656,47.62488808686374,55.65380471125415,8.028916624390412
2017-10-12 → 2018-10-12,5091.516474246202,18540.255310375847,12545.080380429661,13816.421952862915,55.422028764211525,64.87526886296214,9.45324009875062
2017-10-13 → 2018-10-13,5091.516474246202,18123.245981762226,12538.508795065693,13819.281952822928,57.145080524610734,66.97319395359614,9.828113428985404
2017-10-14 → 2018-10-14,5091.516474246202,18123.245981762226,12534.031551479064,13823.483154334592,57.110724044267535,67.00543220339438,9.894708159126843
2017-10-15 → 2018-10-15,5091.516474246202,18123.245981762226,12529.216051219224,13828.622262204964,57.07377192477286,67.04486755130739,9.971095626534527
2017-10-16 → 2018-10-16,5091.516474246202,18123.245981762226,12523.478691551049,13833.642762612717,57.029745844697565,67.08339275553956,10.053646910841998
2017-10-17 → 2018-10-17,5091.516474246202,18123.245981762226,12518.420337012001,13838.808519040176,56.990930163815534,67.12303259324858,10.132102429433047
2017-10-18 → 2018-10-18,5091.516474246202,18123.245981762226,12512.261439475551,13843.461794447012,56.94366937979682,67.1587398675912,10.215070487794371
2017-10-19 → 2018-10-19,5091.516474246202,18123.245981762226,12506.134932301624,13848.078525926549,56.89665714576915,67.1941667192372,10.297509573468055
2017-10-20 → 2018-10-20,5091.516474246202,18123.245981762226,12500.906973386669,13853.005250316019,56.8565399923864,67.23197232582709,10.375432333440685
2017-10-21 → 2018-10-21,5091.516474246202,18123.245981762226,12497.965506909659,13858.62615316539,56.833968418327,67.27510476535579,10.441136347028795
2017-10-22 → 2018-10-22,5091.516474246202,18123.245981762226,12495.294017899081,13864.266871777763,56.813468537562606,67.31838926269836,10.504920725135754
2017-10-23 → 2018-10-23,5091.516474246202,18123.245981762226,12492.448881938491,13869.79431743632,56.791636163287585,67.36080455113242,10.569168387844833
2017-10-24 → 2018-10-24,5091.516474246202,18123.245981762226,12488.646689898285,13874.925381880528,56.76245974401021,67.40017817718295,10.637718433172743
2017-10-25 → 2018-10-25,5091.516474246202,17433.69763819235,12481.80537884274,13879.014432357159,59.878305191184324,71.19890594201377,11.320600750829442
2017-10-26 → 2018-10-26,5091.516474246202,17353.914729326872,12476.836193464811,13883.647587143583,60.227367971503085,71.69993120435917,11.47256323285609
2017-10-27 → 2018-10-27,5091.516474246202,17353.914729326872,12473.15813781092,13888.625099543417,60.19737338498437,71.74052287571328,11.543149490728915
2017-10-28 → 2018-10-28,5091.516474246202,17353.914729326872,12468.468629690386,13893.214330719897,60.159130391868466,71.77794810918732,11.618817717318855
2017-10-29 → 2018-10-29,5091.516474246202,17155.313387733848,12464.678378194341,13898.63890926343,61.118087090016814,73.00456479974918,11.886477709732361
2017-10-30 → 2018-10-30,5091.516474246202,17155.313387733848,12463.99096849035,13904.957543531993,61.11238896935944,73.056941628652,11.944552659292555
2017-10-31 → 2018-10-31,5091.516474246202,17155.313387733848,12462.666545616303,13910.895728235535,61.10141047822978,73.10616481059154,12.004754332361756
2017-11-01 → 2018-11-01,5091.516474246202,17155.313387733848,12463.239697618526,13917.272996795975,61.10616148660909,73.15902767463155,12.052866188022456
2017-11-02 → 2018-11-02,5091.516474246202,17155.313387733848,12465.659936299875,13924.222637105153,61.126223484491724,73.21663507932358,12.090411594831856
2017-11-03 → 2018-11-03,5091.516474246202,17155.313387733848,12470.017283149939,13931.875665135394,61.16234268378952,73.28007305067807,12.117730366888551
2017-11-04 → 2018-11-04,5091.516474246202,17155.313387733848,12474.61775343492,13939.024581172846,61.20047719747516,73.33933230453253,12.138855107057374
2017-11-05 → 2018-11-05,5091.516474246202,17155.313387733848,12480.469186605023,13946.689394596184,61.24898127303333,73.40286796812421,12.153886695090883
2017-11-06 → 2018-11-06,5091.516474246202,17155.313387733848,12485.821003911668,13953.872131310325,61.293343900695454,73.46240757050356,12.169063669808104
2017-11-07 → 2018-11-07,5091.516474246202,17155.313387733848,12488.735499628576,13959.81875580191,61.31750292573383,73.51170071207606,12.194197786342237
2017-11-08 → 2018-11-08,5091.516474246202,17155.313387733848,12492.99790489675,13966.787810901073,61.35283512917476,73.56946905109187,12.216633921917115
2017-11-09 → 2018-11-09,5091.516474246202,17155.313387733848,12499.483462338081,13974.89141406449,61.406595628359554,73.63664195877202,12.230046330412463
2017-11-10 → 2018-11-10,5091.516474246202,17155.313387733848,12504.103430947016,13982.148859418632,61.4448917688041,73.69680084080716,12.251909072003059
2017-11-11 → 2018-11-11,5091.516474246202,17155.313387733848,12505.96092246913,13988.567360838559,61.460289006800025,73.75000549491361,12.289716488113584
2017-11-12 → 2018-11-12,5091.516474246202,17155.313387733848,12506.138452421013,13994.081829764387,61.4617605994765,73.79571638482143,12.333955785344934
2017-11-13 → 2018-11-13,5091.516474246202,17068.82007789293,12502.85674962085,13998.25971372294,61.878203313791914,74.36350896845349,12.485305654661573
2017-11-14 → 2018-11-14,5091.516474246202,17939.60626518091,12509.96297279911,14012.00054502869,57.7396844143102,69.43043063939791,11.690746225087715
2017-11-15 → 2018-11-15,5091.516474246202,18055.232592128214,12517.848741147629,14026.150642106262,57.28552059742826,68.92031641710913,11.634795819680875
2017-11-16 → 2018-11-16,5091.516474246202,18194.997211471265,12529.914060890771,14042.737893570618,56.76657779572396,68.31178370717417,11.54520591145021
2017-11-17 → 2018-11-17,5091.516474246202,18194.997211471265,12544.703282642447,14060.604835611593,56.87944262949032,68.44813634811955,11.568693718629227
2017-11-18 → 2018-11-18,5091.516474246202,18194.997211471265,12558.534845463037,14077.356788107816,56.984999031624724,68.5759798794084,11.590980847783669
2017-11-19 → 2018-11-19,5091.516474246202,20867.24249949181,12580.5031663868,14107.926805322122,47.471581847682366,57.15369496558904,9.682113117906674
2017-11-20 → 2018-11-20,5091.516474246202,23161.38729322337,12609.710674481312,14147.892940110847,41.606242100742755,50.11865638991476,8.512414289172007
2017-11-21 → 2018-11-21,5091.516474246202,23161.38729322337,12636.730387871525,14180.628019604828,41.75577119068974,50.29981473809511,8.544043547405366
2017-11-22 → 2018-11-22,5091.516474246202,23236.276306007498,12666.452762322602,14220.11066857723,41.747239193637256,50.30980998906352,8.56257079542626
2017-11-23 → 2018-11-23,5091.516474246202,23310.605513847426,12697.023258896583,14259.408066430185,41.74471494221781,50.32025241358965,8.575537471371838
2017-11-24 → 2018-11-24,5091.516474246202,26272.11605683284,12734.955242027,14313.547135066416,36.086980153596556,43.539988680971945,7.453008527375388
2017-11-25 → 2018-11-25,5091.516474246202,26272.11605683284,12770.992297304914,14360.567367948603,36.257121962554336,43.76198538460088,7.50486342204654
2017-11-26 → 2018-11-26,5091.516474246202,27024.938125711167,12813.641555780614,14417.966939118453,35.20711544347044,42.52163940982424,7.314523966353796
2017-11-27 → 2018-11-27,5091.516474246202,27024.938125711167,12856.672778525945,14471.696084370997,35.403305638639814,42.766604131272324,7.363298492632509
2017-11-28 → 2018-11-28,5091.516474246202,27024.938125711167,12893.516636584452,14511.233487127422,35.571286078007546,42.9468651201171,7.375579042109557
2017-11-29 → 2018-11-29,5091.516474246202,27024.938125711167,12930.461939792756,14552.853150584391,35.739729031393416,43.13661966055466,7.396890629161241
2017-11-30 → 2018-11-30,5091.516474246202,27024.938125711167,12971.346441803169,14604.087181205621,35.92613178541917,43.37020852523509,7.4440767398159196
2017-12-01 → 2018-12-01,5091.516474246202,27024.938125711167,13009.88275127646,14647.311428838333,36.101828537552315,43.56727876953884,7.465450231986523
2017-12-02 → 2018-12-02,5091.516474246202,27024.938125711167,13051.265582382328,14694.711548632931,36.29050329958199,43.7833878680088,7.49288456842681
2017-12-03 → 2018-12-03,5091.516474246202,27024.938125711167,13097.357553862572,14752.954989339289,36.50064822002657,44.0489344007472,7.5482861807206305
2017-12-04 → 2018-12-04,5091.516474246202,27024.938125711167,13143.177170119005,14805.179032756554,36.7095514043292,44.287036983404555,7.577485579075358
2017-12-05 → 2018-12-05,5091.516474246202,27024.938125711167,13193.201030660995,14871.198375975562,36.93762279846414,44.588035816455296,7.650413017991156
2017-12-06 → 2018-12-06,5091.516474246202,28474.05558654294,13247.719643513461,14947.548482257032,34.88159746080766,42.15124782076212,7.269650359954461
2017-12-07 → 2018-12-07,5091.516474246202,29647.23620017019,13309.196044296388,15030.296871558592,33.46543966852093,40.474400702740596,7.008961034219666
2017-12-08 → 2018-12-08,5091.516474246202,29647.23620017019,13373.327036848095,15101.52614846341,33.726604860449726,40.764472741759754,7.037867881310028
2017-12-09 → 2018-12-09,5091.516474246202,29647.23620017019,13433.7356203309,15167.311348279321,33.97261102177201,41.032374479318925,7.059763457546914
2017-12-10 → 2018-12-10,5091.516474246202,29647.23620017019,13495.62125263011,15256.540931907515,34.224632273805916,41.39575044477268,7.171118170966764
2017-12-11 → 2018-12-11,5091.516474246202,29827.91500152927,13559.462452820286,15345.415833270295,34.232735898212276,41.45267690328699,7.219941005074716
2017-12-12 → 2018-12-12,5091.516474246202,29827.91500152927,13623.089709362737,15420.825939530287,34.48995707967195,41.75753173563786,7.267574655965909
2017-12-13 → 2018-12-13,5091.516474246202,30671.632855764834,13691.220014683724,15527.21362599319,33.61870373135096,40.79612850896437,7.17742477761341
2017-12-14 → 2018-12-14,5091.516474246202,31260.28195903754,13760.086781008922,15627.86031199785,33.12563717153829,40.26305269874164,7.137415527203352
2017-12-15 → 2018-12-15,5091.516474246202,31396.444360089477,13829.413003911559,15718.595238967759,33.21771710451218,40.39957383970177,7.181856735189591
2017-12-16 → 2018-12-16,5091.516474246202,31396.444360089477,13899.483401415442,15803.819133465302,33.48409455974784,40.72355836027295,7.239463800525115
2017-12-17 → 2018-12-17,5194.67899762432,31396.444360089477,13963.654985074727,15837.31797503072,33.46711897516737,40.618022603363634,7.150903628196268
2017-12-18 → 2018-12-18,5268.14182745109,31396.444360089477,14024.122892200945,15878.412014324073,33.511480716408,40.608340988164365,7.096860271756363
2017-12-19 → 2018-12-19,5664.65489242416,31396.444360089477,14083.618824371837,15931.799866603697,32.718144000544484,39.9006255941946,7.182481593650117
2017-12-20 → 2018-12-20,5846.725992123569,31396.444360089477,14135.310175237872,15938.475348954502,32.441000185373795,39.498475918560075,7.05747573318628
2017-12-21 → 2018-12-21,5846.725992123569,31396.444360089477,14189.873523430166,16010.578462653535,32.65455771820635,39.78068299677756,7.126125278571209
2017-12-22 → 2018-12-22,5846.725992123569,31396.444360089477,14241.30696585291,16048.169325531639,32.855864995578266,39.92781128342527,7.071946287847005
2017-12-23 → 2018-12-23,5846.725992123569,31396.444360089477,14291.507321854382,16099.6320990897,33.052346049805514,40.129233361026664,7.0768873112211494
2017-12-24 → 2018-12-24,5846.725992123569,31396.444360089477,14340.812438152654,16136.812327409147,33.24532319181617,40.274754449689866,7.029431257873696
2017-12-25 → 2018-12-25,5846.725992123569,31396.444360089477,14393.968462862364,16224.00990246873,33.45337254854159,40.616040305775506,7.162667757233919
2017-12-26 → 2018-12-26,5846.725992123569,31396.444360089477,14446.321110953113,16277.321203044097,33.65827753941769,40.824697402529296,7.1664198631116065
2017-12-27 → 2018-12-27,5846.725992123569,31396.444360089477,14505.15167648422,16375.083830503601,33.88853669407384,41.20733421304725,7.318797518973405
2017-12-28 → 2018-12-28,5846.725992123569,31396.444360089477,14557.796602282724,16395.51732347733,34.09458564162119,41.28730962678546,7.192723985164271
2017-12-29 → 2018-12-29,5846.725992123569,31396.444360089477,14610.14182810072,16454.481942496815,34.29946158218586,41.51809345841241,7.218631876226546
2017-12-30 → 2018-12-30,5846.725992123569,31396.444360089477,14662.815081062512,16508.548534826255,34.505621400478944,41.72970671986123,7.224085319382283
2017-12-31 → 2018-12-31,5846.725992123569,31396.444360089477,14715.815292650363,16586.34620094136,34.71306091438882,42.034201920139616,7.321141005750796
2018-01-01 → 2019-01-01,5846.725992123569,31396.444360089477,14767.937007549512,16626.197390717956,34.917062047193866,42.19017698492375,7.273114937729886
2018-01-02 → 2019-01-02,5846.725992123569,31396.444360089477,14817.734901493854,16659.57522514026,35.11196789009653,42.32081574164739,7.208847851550857
2018-01-03 → 2019-01-03,5846.725992123569,31396.444360089477,14871.414334433759,16725.19102240355,35.32206583390482,42.57763186900462,7.255566035099797
2018-01-04 → 2019-01-04,5846.725992123569,31396.444360089477,14924.595887742842,16769.525507138922,35.53021510797182,42.75115426990498,7.22093916193316
2018-01-05 → 2019-01-05,5846.725992123569,31396.444360089477,14978.393221092227,16823.917582433838,35.74077450661018,42.96404145132735,7.223266944717167
2018-01-06 → 2019-01-06,5846.725992123569,31396.444360089477,15029.848123319223,16830.54807951408,35.942165776314,42.989992802276696,7.047827025962697
2018-01-07 → 2019-01-07,6160.786042591422,31396.444360089477,15082.162088862544,16874.344829405858,35.35226200176107,42.45404915545953,7.10178715369846
2018-01-08 → 2019-01-08,6694.598724167442,31396.444360089477,15133.761560768795,16916.588174403834,34.16409834708429,41.381480561805965,7.217382214721674
2018-01-09 → 2019-01-09,6817.056260699874,31396.444360089477,15183.703666276037,16955.949474667774,34.039282718286785,41.24957534731992,7.210292629033134
2018-01-10 → 2019-01-10,6817.056260699874,31396.444360089477,15240.013345709338,17072.65700678987,34.2683758072018,41.72439405171636,7.45601824451456
2018-01-11 → 2019-01-11,7026.801947562095,31396.444360089477,15296.777098955032,17139.088155632056,33.935562169519976,41.49542302217644,7.559860852656463
2018-01-12 → 2019-01-12,7026.801947562095,31396.444360089477,15351.595912800987,17201.46420731233,34.16050931038477,41.75138103183606,7.590871721451293
2018-01-13 → 2019-01-13,7026.801947562095,31396.444360089477,15409.65302451156,17285.35835330934,34.39874469655821,42.09563781072866,7.69689311417045
2018-01-14 → 2019-01-14,7309.372233038978,31396.444360089477,15464.964100450088,17314.245754813535,33.858792900994125,41.53627916669368,7.677486265699557
2018-01-15 → 2019-01-15,7357.43343237105,31396.444360089477,15521.285148390121,17383.739475246635,33.9608469773008,41.70847990802587,7.747632930725075
2018-01-16 → 2019-01-16,7831.832029555435,31396.444360089477,15576.93143254672,17434.786132399,32.86750188949855,40.75158957909296,7.884087689594409
2018-01-17 → 2019-01-17,7831.832029555435,31396.444360089477,15628.088379484641,17479.561344029313,33.08459413875926,40.94159996841005,7.857005829650795
2018-01-18 → 2019-01-18,7831.832029555435,31396.444360089477,15679.302430922477,17535.865862024475,33.3019287196107,41.18053671477106,7.878607995160358
2018-01-19 → 2019-01-19,7831.832029555435,31396.444360089477,15729.105932213028,17569.158629788337,33.51327741736126,41.32181961515097,7.808542197789713
2018-01-20 → 2019-01-20,7831.832029555435,31396.444360089477,15782.441961476794,17647.06462958547,33.73961693237486,41.65242551990497,7.912808587530115
2018-01-21 → 2019-01-21,8608.846026879573,31396.444360089477,15838.320986993534,17706.53662001237,31.725480036998714,39.92386762353152,8.198387586532807
2018-01-22 → 2019-01-22,8608.846026879573,31396.444360089477,15890.777944238658,17754.250882873752,31.955679623976142,40.13325459869092,8.177574974714776
2018-01-23 → 2019-01-23,8608.846026879573,31396.444360089477,15942.255294832687,17809.480890031497,32.18158035226398,40.3756233044674,8.194042952203425
2018-01-24 → 2019-01-24,8608.846026879573,31396.444360089477,15993.657012582125,17858.973073608144,32.407149177016024,40.59281242134119,8.18566324432517
2018-01-25 → 2019-01-25,8608.846026879573,31396.444360089477,16046.0375068684,17910.26489980595,32.637013217624194,40.81789900329597,8.180885785671776
2018-01-26 → 2019-01-26,8608.846026879573,31396.444360089477,16098.302295751626,17960.95857099654,32.86636950220929,41.04036067059994,8.17399116839065
2018-01-27 → 2019-01-27,8608.846026879573,31396.444360089477,16150.777758729811,18014.16252141594,33.096650298855195,41.273838326478504,8.177188027623309
2018-01-28 → 2019-01-28,8608.846026879573,31396.444360089477,16206.183417871507,18083.968827230234,33.33978982734578,41.580172959876705,8.240383132530923
2018-01-29 → 2019-01-29,8665.013949999768,31396.444360089477,16263.120821486695,18151.165318425497,33.42555542881448,41.73143175457691,8.305876325762434
2018-01-30 → 2019-01-30,8665.013949999768,31396.444360089477,16318.052228249458,18204.789525969994,33.667209410863855,41.96733511207392,8.300125701210064
2018-01-31 → 2019-01-31,8665.013949999768,31396.444360089477,16370.740107389045,18265.505049851694,33.89899367691779,42.234434554503856,8.335440877586066
2018-02-01 → 2019-02-01,8665.013949999768,31396.444360089477,16422.86306342347,18316.69363356972,34.128292735947916,42.45962312730615,8.331330391358236
2018-02-02 → 2019-02-02,8665.013949999768,31396.444360089477,16471.561060409345,18366.029268363323,34.34252473150355,42.67666021605752,8.334135484553968
2018-02-03 → 2019-02-03,8665.013949999768,31396.444360089477,16520.517091256683,18424.610059740768,34.557891868389085,42.934368553459116,8.376476685070031
2018-02-04 → 2019-02-04,8665.013949999768,31396.444360089477,16570.689764359973,18479.519177293463,34.77861125207125,43.175924480922106,8.397313228850855
2018-02-05 → 2019-02-05,8665.013949999768,31396.444360089477,16617.313149117315,18529.320541528432,34.983716623428116,43.39501040440567,8.411293780977552
2018-02-06 → 2019-02-06,8665.013949999768,31396.444360089477,16658.559183737878,18587.67035719235,35.1651659817679,43.65170263455243,8.48653665278453
2018-02-07 → 2019-02-07,8665.013949999768,31396.444360089477,16704.596683327505,18643.792968001915,35.36769392989559,43.898596955750335,8.530903025854748
2018-02-08 → 2019-02-08,8665.013949999768,31396.444360089477,16744.395500324565,18656.62452882552,35.542776695384,43.955045496788514,8.412268801404515
2018-02-09 → 2019-02-09,8665.013949999768,31396.444360089477,16786.600650381373,18687.31797327192,35.728445389766186,44.09007195087729,8.361626561111102
2018-02-10 → 2019-02-10,8665.013949999768,31396.444360089477,16830.07205179181,18718.03970838952,35.919684571050354,44.22522286115155,8.305538290101197
2018-02-11 → 2019-02-11,8665.013949999768,31396.444360089477,16874.13606309631,18759.01027329536,36.11353075894772,44.40546037443913,8.291929615491412
2018-02-12 → 2019-02-12,8665.013949999768,31396.444360089477,16916.542539457067,18796.862266434113,36.30008512704386,44.57197868171623,8.271893554672374
2018-02-13 → 2019-02-13,8665.013949999768,31396.444360089477,16962.272753047957,18837.205951691754,36.50126126407478,44.749458429052034,8.248197164977256
2018-02-14 → 2019-02-14,8665.013949999768,31396.444360089477,17006.926162285872,18878.410704254795,36.69770032854339,44.9307261795617,8.233025851018311
2018-02-15 → 2019-02-15,8665.013949999768,31396.444360089477,17054.70693806179,18918.91409197935,36.90789728893666,45.10890848922654,8.201011200289884
2018-02-16 → 2019-02-16,8665.013949999768,31396.444360089477,17103.89180953251,18957.08081926772,37.124271140398676,45.27681137347017,8.152540233071491
2018-02-17 → 2019-02-17,8665.013949999768,31396.444360089477,17152.495859809755,18991.004494693352,37.338089846042784,45.42604824424172,8.087958398198936
2018-02-18 → 2019-02-18,8665.013949999768,31396.444360089477,17198.520317007256,18994.957328046632,37.540560418141375,45.443437529834256,7.902877111692881
2018-02-19 → 2019-02-19,8665.013949999768,31396.444360089477,17242.519251116897,19010.94160035366,37.73412031875419,45.51375546415982,7.779635145405635
2018-02-20 → 2019-02-20,8665.013949999768,31396.444360089477,17287.485557395314,19027.227836302147,37.93193587838768,45.58540179549345,7.653465917105777
2018-02-21 → 2019-02-21,8665.013949999768,31396.444360089477,17333.3869195321,19051.824515615037,38.133864931283576,45.69360738955045,7.559742458266875
2018-02-22 → 2019-02-22,8665.013949999768,31396.444360089477,17376.463657123404,19068.171965935766,38.32336790938119,45.765523014857834,7.442155105476644
2018-02-23 → 2019-02-23,8665.013949999768,31396.444360089477,17415.279672852856,19069.863307174506,38.4941271402311,45.772963555150405,7.278836414919304
2018-02-24 → 2019-02-24,8665.013949999768,31396.444360089477,17461.163616759623,19122.698071489285,38.69597956693276,46.005393997764905,7.309414430832142
2018-02-25 → 2019-02-25,8665.013949999768,31396.444360089477,17504.444070445148,19150.42330956766,38.88637873189827,46.12736273258798,7.240984000689714
2018-02-26 → 2019-02-26,8665.013949999768,31396.444360089477,17547.966307610375,19182.693117583738,39.077841549591916,46.26932391775719,7.191482368165275
2018-02-27 → 2019-02-27,8665.013949999768,31396.444360089477,17593.384269442515,19214.051115985018,39.27764403017835,46.40727387442759,7.129629844249237
2018-02-28 → 2019-02-28,8665.013949999768,31396.444360089477,17639.774070645817,19245.852878280937,39.48172182188085,46.54717603510202,7.065454213221166
2018-03-01 → 2019-03-01,8665.013949999768,31396.444360089477,17684.965984999737,19275.611421292007,39.68052987548166,46.67808967526547,6.997559799783808
2018-03-02 → 2019-03-02,8665.013949999768,31396.444360089477,17731.67284484927,19305.93844514349,39.88600247006506,46.81150417362463,6.9255017035595685
2018-03-03 → 2019-03-03,8665.013949999768,31396.444360089477,17779.10197501802,19338.342318616007,40.0946524727842,46.95405513890895,6.859402666124751
2018-03-04 → 2019-03-04,8665.013949999768,31396.444360089477,17829.06986228786,19376.387212015678,40.31447096360675,47.12142205209178,6.806951088485029
2018-03-05 → 2019-03-05,8665.013949999768,31396.444360089477,17876.383417755358,19403.71510138142,40.52261253065261,47.241642772357636,6.719030241705028
2018-03-06 → 2019-03-06,9365.89585383936,31396.444360089477,17923.63898234742,19431.26178920704,38.844893607983515,45.6882221180835,6.843328510099987
2018-03-07 → 2019-03-07,10097.863393503589,31396.444360089477,17968.907372642614,19458.322100342248,36.95572015566413,43.94874344691668,6.993023291252548
2018-03-08 → 2019-03-08,10208.325616879292,31396.444360089477,18012.483881147895,19485.945292570483,36.83270968438137,43.78689674213875,6.95418705775738
2018-03-09 → 2019-03-09,10208.325616879292,31396.444360089477,18053.072727967847,19509.50139857694,37.02427386859172,43.89807275682861,6.873798888236891
2018-03-10 → 2019-03-10,10208.325616879292,31396.444360089477,18093.61182236313,19533.52483196513,37.215603239955925,44.01145438206557,6.7958511421096475
2018-03-11 → 2019-03-11,10208.325616879292,31396.444360089477,18133.454521326967,19559.84817269317,37.40364588520777,44.13569071020338,6.732044824995604
2018-03-12 → 2019-03-12,10208.325616879292,31396.444360089477,18175.538350841245,19586.445274098252,37.60226582888618,44.26121908640056,6.658953257514376
2018-03-13 → 2019-03-13,10208.325616879292,31396.444360089477,18216.60213306209,19613.0781828841,37.796071530650075,44.386916460049555,6.590844929399481
2018-03-14 → 2019-03-14,10208.325616879292,31396.444360089477,18257.673563941524,19639.616966536334,37.989913331223306,44.51216959825343,6.522256267030123
2018-03-15 → 2019-03-15,10208.325616879292,31396.444360089477,18294.466307021317,19663.14945848458,38.16356132482625,44.62323416341585,6.459672838589604
2018-03-16 → 2019-03-16,10208.325616879292,31396.444360089477,18329.903399760755,19684.414180685704,38.33081115558715,44.72359570310158,6.392784547514431
2018-03-17 → 2019-03-17,10208.325616879292,31396.444360089477,18366.15878243581,19704.9877163429,38.5019230089539,44.820695100676886,6.318772091722984
2018-03-18 → 2019-03-18,10208.325616879292,31396.444360089477,18400.324875595677,19725.527529400868,38.663174196819824,44.91763534018988,6.254461143370058
2018-03-19 → 2019-03-19,10208.325616879292,31396.444360089477,18435.33169326136,19746.512806723982,38.828393290076505,45.01667800451249,6.188284714435987
2018-03-20 → 2019-03-20,10208.325616879292,31396.444360089477,18471.113568632547,19767.91813668351,38.99727036597384,45.11770316025639,6.12043279428255
2018-03-21 → 2019-03-21,10208.325616879292,31396.444360089477,18509.11245894632,19789.6979635205,39.17661092364346,45.22049580126878,6.043884877625324
2018-03-22 → 2019-03-22,10208.325616879292,31396.444360089477,18546.924845993388,19811.415329446263,39.35507125561221,45.32299365012912,5.967922394516911
2018-03-23 → 2019-03-23,10208.325616879292,31396.444360089477,18584.176871274878,19832.693807891166,39.530886889519905,45.42342011414316,5.892533224623257
2018-03-24 → 2019-03-24,10208.325616879292,31396.444360089477,18621.839295287617,19853.69854638864,39.70863945202529,45.52255462793385,5.813915175908562
2018-03-25 → 2019-03-25,10208.325616879292,31396.444360089477,18660.01936091801,19874.316985849895,39.88883508946303,45.619865954678524,5.731030865215494
2018-03-26 → 2019-03-26,10208.325616879292,31396.444360089477,18697.388988920233,19894.78567597384,40.06520576425074,45.71647052052985,5.651264756279112
2018-03-27 → 2019-03-27,10208.325616879292,31396.444360089477,18731.799384016296,19915.045894801482,40.227609965931414,45.81209117979267,5.5844812138612525
2018-03-28 → 2019-03-28,10208.325616879292,31396.444360089477,18765.05696476656,19934.98487682744,40.38457331484092,45.90619572143512,5.521622406594197
2018-03-29 → 2019-03-29,10208.325616879292,31396.444360089477,18797.430051143692,19955.063304528805,40.5373621809478,46.00095839453841,5.4635962135906055
2018-03-30 → 2019-03-30,10208.325616879292,31396.444360089477,18825.766261745037,19974.188252558626,40.67109850244367,46.09122100001842,5.420122497574752
2018-03-31 → 2019-03-31,10208.325616879292,31396.444360089477,18852.50781977411,19992.992577852296,40.797308659905816,46.179970386037866,5.382661726132049
2018-04-01 → 2019-04-01,10208.325616879292,31396.444360089477,18879.058965852688,20012.017386747648,40.92262014414076,46.26976037223685,5.3471402280960945
2018-04-02 → 2019-04-02,10208.325616879292,31396.444360089477,18894.623393420894,20030.91247128841,40.996078424023175,46.35893810797527,5.362859683952095
2018-04-03 → 2019-04-03,10208.325616879292,31396.444360089477,18910.85893084349,20050.154783433158,41.072704091546385,46.4497546282051,5.3770505366587145
2018-04-04 → 2019-04-04,10208.325616879292,31396.444360089477,18929.67231423389,20069.917511318024,41.161496228396324,46.54302731618831,5.381531087791984
2018-04-05 → 2019-04-05,10208.325616879292,31396.444360089477,18943.661099218723,20088.815046397118,41.22751806428639,46.6322166175516,5.404698553265206
2018-04-06 → 2019-04-06,10208.325616879292,31396.444360089477,18957.63606741106,20107.6856669294,41.29347469008081,46.72127889231504,5.427804202234235
2018-04-07 → 2019-04-07,10208.325616879292,31396.444360089477,18968.95752613704,20126.213357122295,41.3469077431196,46.808722664069585,5.461814920949983
2018-04-08 → 2019-04-08,10208.325616879292,31396.444360089477,18980.995489284043,20145.082038352255,41.403722429184455,46.897775786051014,5.494053356866559
2018-04-09 → 2019-04-09,10208.325616879292,31396.444360089477,18994.606947957254,20164.044353900317,41.46796342593445,46.98727082701183,5.519307401077377
2018-04-10 → 2019-04-10,10208.325616879292,31396.444360089477,19005.488310627738,20182.513486097472,41.519319390106446,47.07443822691642,5.555118836809974
2018-04-11 → 2019-04-11,10208.325616879292,31396.444360089477,19019.503485890174,20201.007977823137,41.58546577824168,47.16172531431578,5.5762595360741045
2018-04-12 → 2019-04-12,10208.325616879292,31396.444360089477,19033.91514015078,20219.572267162897,41.653483399037874,47.24934182036216,5.595858421324287
2018-04-13 → 2019-04-13,10208.325616879292,31396.444360089477,19053.18823572579,20239.19542430607,41.74444520555119,47.341955786618435,5.597510581067247
2018-04-14 → 2019-04-14,10208.325616879292,31396.444360089477,19071.669388303722,20258.70227124718,41.83166933715964,47.43402081219962,5.602351475039981
2018-04-15 → 2019-04-15,10208.325616879292,31396.444360089477,19091.72372899705,20277.923745290915,41.92631832858912,47.52473898438229,5.59842065579317
2018-04-16 → 2019-04-16,10208.325616879292,31396.444360089477,19111.45487306592,20297.177171533258,42.019441952767366,47.61560795899813,5.596166006230767
2018-04-17 → 2019-04-17,10208.325616879292,31396.444360089477,19129.779422765165,20315.83479086333,42.10592697732915,47.70366494771051,5.59773797038136
2018-04-18 → 2019-04-18,10208.325616879292,31396.444360089477,19146.901995524146,20334.011262430606,42.186739120051676,47.789451098843436,5.60271197879176
2018-04-19 → 2019-04-19,10208.325616879292,31396.444360089477,19165.079919105745,20352.13263666275,42.27253212414943,47.87497721115085,5.602445087001421
2018-04-20 → 2019-04-20,10208.325616879292,31396.444360089477,19183.469944697084,20370.02120584757,42.35932617044593,47.95940457066124,5.60007840021531
2018-04-21 → 2019-04-21,10208.325616879292,31396.444360089477,19204.1537388526,20388.069544022837,42.45694594691686,48.044585980082275,5.587640033165414
2018-04-22 → 2019-04-22,10208.325616879292,31396.444360089477,19224.077423123308,20405.751400765923,42.55097828887309,48.1280377341402,5.5770594452671105
2018-04-23 → 2019-04-23,10208.325616879292,31396.444360089477,19242.307788192662,20422.984091659768,42.637018797189555,48.20936959329531,5.572350796105752
2018-04-24 → 2019-04-24,10208.325616879292,31396.444360089477,19262.013738159603,20439.937835154502,42.730023514624676,48.28938492500175,5.559361410377072
2018-04-25 → 2019-04-25,10208.325616879292,31396.444360089477,19286.991075404694,20457.09427903479,42.847907209481235,48.37035692675526,5.5224497172740215
2018-04-26 → 2019-04-26,10208.325616879292,31396.444360089477,19309.18902395125,20473.232949106798,42.952673228662,48.446525416594305,5.493852187932305
2018-04-27 → 2019-04-27,10208.325616879292,31396.444360089477,19332.425796410454,20489.32637671833,43.062342108380975,48.52248037893229,5.460138270551319
2018-04-28 → 2019-04-28,10208.325616879292,31396.444360089477,19355.071385635027,20504.80019244944,43.169220824226514,48.5955110048158,5.426290180589284
2018-04-29 → 2019-04-29,10208.325616879292,31396.444360089477,19378.889561953267,20520.16785506306,43.2816337128218,48.668040627666564,5.386406914844763
2018-04-30 → 2019-04-30,10208.325616879292,31396.444360089477,19401.69234789424,20535.193965558927,43.38925433840603,48.73895825219933,5.349703913793299
2018-05-01 → 2019-05-01,10208.325616879292,31396.444360089477,19423.491046150466,20549.727528588017,43.49213604546278,48.80755123681127,5.315415191348492
2018-05-02 → 2019-05-02,10208.325616879292,31396.444360089477,19444.03582128675,20563.813070030716,43.58909970413053,48.874029727013294,5.284930022882762
2018-05-03 → 2019-05-03,10208.325616879292,31396.444360089477,19462.637063814753,20577.652465878185,43.676890615411715,48.93934650201913,5.2624558866074125
2018-05-04 → 2019-05-04,10208.325616879292,31396.444360089477,19481.929975912954,20591.563513007022,43.76794594850674,49.005001444288574,5.237055495781831
2018-05-05 → 2019-05-05,10208.325616879292,31396.444360089477,19501.449596530136,20605.10304862906,43.860071261063986,49.068902991123046,5.20883173005906
2018-05-06 → 2019-05-06,10422.000538627015,31396.444360089477,19521.56203777369,20618.393810461443,43.38404191597868,48.61341429898033,5.229372383001653
2018-05-07 → 2019-05-07,10707.198871164717,31396.444360089477,19539.986044262652,20631.223967202342,42.692650042874924,47.96707111117268,5.274421068297755
2018-05-08 → 2019-05-08,10760.738739443661,31396.444360089477,19556.79229742855,20643.5549047201,42.62540724163329,47.89182568774765,5.266418446114358
2018-05-09 → 2019-05-09,10760.738739443661,31396.444360089477,19571.559567514396,20655.48645621755,42.696968982032764,47.94964562236386,5.252676640331096
2018-05-10 → 2019-05-10,11064.96956217875,31396.444360089477,19585.135537419337,20667.174762873183,41.90628599218058,47.22827682761685,5.321990835436274
2018-05-11 → 2019-05-11,11499.760738421191,31396.444360089477,19592.203168957036,20678.356267823554,40.67231798229354,46.13128350398307,5.458965521689528
2018-05-12 → 2019-05-12,11499.760738421191,31396.444360089477,19599.107410735884,20688.7308941936,40.7070184475074,46.18342599449715,5.476407546989748
2018-05-13 → 2019-05-13,11499.760738421191,31396.444360089477,19601.94316092194,20698.91297787543,40.72127082363187,46.23460077254278,5.513329948910908
2018-05-14 → 2019-05-14,11532.59653702185,31396.444360089477,19604.866844811186,20709.04043596029,40.63799914141063,46.19670861695768,5.558709475547047
2018-05-15 → 2019-05-15,11748.881065347285,31396.444360089477,19606.615346219056,20718.87867011722,39.993429022185914,45.6545041754382,5.661075153252284
2018-05-16 → 2019-05-16,11748.881065347285,31396.444360089477,19609.179823850696,20728.307094477026,40.006481417504205,45.702491929534546,5.696010512030341
2018-05-17 → 2019-05-17,11748.881065347285,31396.444360089477,19613.66141394943,20737.361457822655,40.02929132034815,45.748575829149985,5.7192845088018345
2018-05-18 → 2019-05-18,11748.881065347285,31396.444360089477,19617.26386828382,20745.910305477522,40.047626694971186,45.79208681077464,5.744460115803456
2018-05-19 → 2019-05-19,11748.881065347285,31396.444360089477,19617.317741542916,20754.417603603863,40.047900893141666,45.83538631819303,5.787485425051365
2018-05-20 → 2019-05-20,11748.881065347285,31396.444360089477,19618.350822525957,20762.783731038016,40.05315895475238,45.87796731059728,5.824808355844901
2018-05-21 → 2019-05-21,11906.71357595092,31396.444360089477,19620.472323883245,20771.442591845218,39.57858029629665,45.48410193079082,5.905521634494171
2018-05-22 → 2019-05-22,11908.140809060415,31396.444360089477,19623.572496361012,20779.807902110537,39.590063173524356,45.52303421290696,5.9329710393826005
2018-05-23 → 2019-05-23,11908.140809060415,31396.444360089477,19624.047988335777,20787.570847997613,39.59250305739378,45.562868084884315,5.970365027490537
2018-05-24 → 2019-05-24,11908.140809060415,31396.444360089477,19621.927360077123,20794.77214333608,39.58162151373811,45.59981996897012,6.018198455232003
2018-05-25 → 2019-05-25,11908.140809060415,31396.444360089477,19619.753224121163,20801.874154000012,39.57046540694684,45.63626239529695,6.065796988350115
2018-05-26 → 2019-05-26,11452.753156563938,31396.444360089477,19614.248910132526,20808.60088327725,40.92269415064872,46.91131461692225,5.988620466273531
2018-05-27 → 2019-05-27,11342.00058454483,31396.444360089477,19607.944406899845,20814.84622897202,41.217517248894744,47.235643882473724,6.01812663357898
2018-05-28 → 2019-05-28,11342.00058454483,31396.444360089477,19602.047430599792,20820.958972504846,41.188112412909,47.26612462580045,6.078012212891451
2018-05-29 → 2019-05-29,11342.00058454483,31396.444360089477,19595.19031282396,20826.611115280975,41.15391990249795,47.2943086175351,6.1403887150371546
2018-05-30 → 2019-05-30,11342.00058454483,31396.444360089477,19591.56531918852,20832.59250548265,41.13584413995868,47.324134377195264,6.188290237236586
2018-05-31 → 2019-05-31,11342.00058454483,31396.444360089477,19586.44911836916,20838.313261001975,41.110332583135545,47.352660501296995,6.24232791816145
2018-06-01 → 2019-06-01,11342.00058454483,31396.444360089477,19581.853765870746,20844.035814012033,41.08741819792573,47.381195588453274,6.293777390527545
2018-06-02 → 2019-06-02,11342.00058454483,31396.444360089477,19576.765755138797,20849.660313200504,41.062047208887606,47.409241737483484,6.347194528595878
2018-06-03 → 2019-06-03,11342.00058454483,31396.444360089477,19574.419935956583,20855.30074029261,41.050349955109496,47.43736730982663,6.3870173547171305
2018-06-04 → 2019-06-04,11342.00058454483,31396.444360089477,19574.662079970527,20860.903626342155,41.05155738831809,47.46530568653882,6.413748298220732
2018-06-05 → 2019-06-05,11342.00058454483,31396.444360089477,19573.202523642572,20866.126607308415,41.04427941868557,47.491349694663484,6.447070275977914
2018-06-06 → 2019-06-06,11342.00058454483,31396.444360089477,19572.438270767554,20871.392501430826,41.040468528273585,47.517607686066036,6.47713915779245
2018-06-07 → 2019-06-07,11342.00058454483,31396.444360089477,19570.777395835135,20877.928646093565,41.03218669831607,47.55019968779839,6.518012989482322
2018-06-08 → 2019-06-08,11342.00058454483,31396.444360089477,19569.548068713866,20884.41028307944,41.026056749587354,47.582519891033236,6.556463141445882
2018-06-09 → 2019-06-09,11342.00058454483,31396.444360089477,19569.494244960566,20890.726544589153,41.0257883614241,47.61401546169282,6.588227100268725
2018-06-10 → 2019-06-10,11342.00058454483,31396.444360089477,19567.516809608333,20896.8283996002,41.01592802635639,47.64444191021136,6.628513883854971
2018-06-11 → 2019-06-11,11342.00058454483,31396.444360089477,19561.494751621703,20901.392321872976,40.98589947979569,47.667199570926655,6.681300091130964
2018-06-12 → 2019-06-12,11342.00058454483,31396.444360089477,19555.14261401577,20906.063261053336,40.95422501563689,47.69049086353311,6.73626584789622
2018-06-13 → 2019-06-13,11342.00058454483,31396.444360089477,19546.46744965493,20910.05894792203,40.910966950452256,47.710415060451325,6.799448109999069
2018-06-14 → 2019-06-14,11342.00058454483,31396.444360089477,19534.555610177307,20913.467876081584,40.85156944428881,47.72741342848242,6.875843984193608
2018-06-15 → 2019-06-15,11298.688400687653,31396.444360089477,19524.214651614086,20917.43098506511,40.92758548537601,47.85978396696456,6.93219848158855
2018-06-16 → 2019-06-16,11087.068179535721,31396.444360089477,19511.813756406445,20920.818739984512,41.48204997521009,48.41975683066334,6.93770685545325
2018-06-17 → 2019-06-17,10705.982243800578,31396.444360089477,19499.000288746396,20924.409287612012,42.497929700774414,49.38713783375003,6.889208132975618
2018-06-18 → 2019-06-18,10705.982243800578,31396.444360089477,19486.844599230648,20927.756052383025,42.439179492840786,49.40331323259905,6.96413373975826
2018-06-19 → 2019-06-19,10705.982243800578,31396.444360089477,19475.51429833522,20931.504044908306,42.38441850764989,49.4214278232941,7.037009315644212
2018-06-20 → 2019-06-20,10474.802060111992,31396.444360089477,19463.551178291174,20935.220604708353,42.963879170178025,49.998075651105154,7.034196480927129
2018-06-21 → 2019-06-21,9917.204911992623,31396.444360089477,19450.18895166779,20938.89621634091,44.382316528064166,51.31322890170979,6.930912373645626
2018-06-22 → 2019-06-22,9358.655780810835,31396.444360089477,19435.102967663355,20942.431408859782,45.72349512567268,52.5632396661649,6.8397445404922195
2018-06-23 → 2019-06-23,9264.03907764088,31396.444360089477,19415.324918147864,20944.420134775894,45.8661664241127,52.77501883809153,6.908852413978835
2018-06-24 → 2019-06-24,9087.433635399864,31396.444360089477,19395.901614743274,20946.621935373576,46.20764276174255,53.15873682757714,6.951094065834589
2018-06-25 → 2019-06-25,8527.865434626821,31396.444360089477,19374.74972927386,20948.682032130637,47.43138753833867,54.313897850793225,6.882510312454556
2018-06-26 → 2019-06-26,7773.957759032041,31396.444360089477,19352.22894062029,20950.89823802899,49.013769706487885,55.78134385906307,6.767574152575186
2018-06-27 → 2019-06-27,7773.957759032041,31396.444360089477,19332.002740889344,20952.713836737807,48.92814705349402,55.78902975064375,6.8608826971497265
2018-06-28 → 2019-06-28,7773.957759032041,31396.444360089477,19309.60654813912,20954.524421017286,48.83333826757551,55.79669441486838,6.963356147292863
2018-06-29 → 2019-06-29,7773.957759032041,31396.444360089477,19285.84517671631,20955.566344972463,48.73275033276535,55.80110514424151,7.068354811476162
2018-06-30 → 2019-06-30,7773.957759032041,31396.444360089477,19267.124020624233,20957.459263937006,48.653498912674635,55.809118352150186,7.155619439475551
2018-07-01 → 2019-07-01,7773.957759032041,31396.444360089477,19250.11909250863,20959.64362320192,48.58151272255509,55.8183653010502,7.23685257849511
2018-07-02 → 2019-07-02,7773.957759032041,31396.444360089477,19232.547030004727,20961.787915378594,48.50712570817907,55.82744263576475,7.320316927585679
2018-07-03 → 2019-07-03,7773.957759032041,31396.444360089477,19214.06192614416,20964.497020327948,48.42887355728256,55.83891096674576,7.4100374094632
2018-07-04 → 2019-07-04,7773.957759032041,31396.444360089477,19196.461693400506,20966.91662748818,48.354367291109604,55.8491537798801,7.494786488770494
2018-07-05 → 2019-07-05,7773.957759032041,31396.444360089477,19179.776240180392,20969.464406048115,48.28373351956005,55.85993917518146,7.576205655621408
2018-07-06 → 2019-07-06,7773.957759032041,31396.444360089477,19162.34590882093,20972.027741625032,48.20994648920279,55.87079042729648,7.660843938093684
2018-07-07 → 2019-07-07,7773.957759032041,31396.444360089477,19144.78814099409,20974.68022267062,48.135619987834154,55.882019054876565,7.746399067042411
2018-07-08 → 2019-07-08,7773.957759032041,31396.444360089477,19126.41550551167,20977.56592493565,48.057843944216486,55.894234967256004,7.836391023039518
2018-07-09 → 2019-07-09,7773.957759032041,31396.444360089477,19107.386184268253,20980.323450408243,47.97728798258217,55.90590827463961,7.928620292057438
2018-07-10 → 2019-07-10,7773.957759032041,31396.444360089477,19088.954174499893,20982.942035527725,47.89926059249558,55.91699341213469,8.017732819639107
2018-07-11 → 2019-07-11,7773.957759032041,31396.444360089477,19069.83823442062,20984.68178022372,47.81833795127618,55.92435819436686,8.106020243090683
2018-07-12 → 2019-07-12,7773.957759032041,31396.444360089477,19050.12802740085,20986.536338319478,47.73489962679899,55.93220901095142,8.197309384152426
2018-07-13 → 2019-07-13,7773.957759032041,31396.444360089477,19029.84894740581,20987.784876275153,47.649053118184064,55.93749438999198,8.288441271807919
2018-07-14 → 2019-07-14,7773.957759032041,31396.444360089477,19012.41459303903,20989.11028166328,47.57524905741257,55.94310516844436,8.367856111031791
2018-07-15 → 2019-07-15,7773.957759032041,31396.444360089477,18993.740382749078,20990.552174376695,47.49619637085452,55.949209067402016,8.453012696547496
2018-07-16 → 2019-07-16,7773.957759032041,31396.444360089477,18979.544795193902,20992.166836095075,47.43610283457735,55.956044341544185,8.519941506966838
2018-07-17 → 2019-07-17,7773.957759032041,31396.444360089477,18967.071315287863,20998.241927168536,47.38329941842267,55.98176174875902,8.598462330336346
2018-07-18 → 2019-07-18,7773.957759032041,31396.444360089477,18955.331696591056,21008.327251463874,47.33360262360565,56.024455494195976,8.690852870590327
2018-07-19 → 2019-07-19,7773.957759032041,31396.444360089477,18944.231359828496,21018.492586994053,47.28661207197565,56.067487947560664,8.780875875585018
2018-07-20 → 2019-07-20,7773.957759032041,31396.444360089477,18932.793273043637,21028.900872069506,47.23819173851106,56.111548868204764,8.873357129693701
2018-07-21 → 2019-07-21,7773.957759032041,31396.444360089477,18921.305458267172,21038.267228015393,47.189560893797406,56.15119903757121,8.961638143773804
2018-07-22 → 2019-07-22,7773.957759032041,31396.444360089477,18910.91482240033,21047.78970784378,47.1455746867468,56.19151011908099,9.04593543233419
2018-07-23 → 2019-07-23,7773.957759032041,31396.444360089477,18901.68175411809,21057.18614293957,47.10648875799522,56.23128762114704,9.124798863151817
2018-07-24 → 2019-07-24,7773.957759032041,31396.444360089477,18894.172957680752,21067.47587210784,47.07470211095781,56.27484666445203,9.20014455349422
2018-07-25 → 2019-07-25,7773.957759032041,31396.444360089477,18889.243286755704,21079.598891378402,47.05383355885192,56.326166491510456,9.272332932658536
2018-07-26 → 2019-07-26,7773.957759032041,31396.444360089477,18883.710327150682,21091.131105406883,47.03041113216813,56.37498528956182,9.344574157393687
2018-07-27 → 2019-07-27,7773.957759032041,31396.444360089477,18878.108667980523,21101.79196547521,47.00669788273439,56.42011542445563,9.413417541721238
2018-07-28 → 2019-07-28,7773.957759032041,31396.444360089477,18873.35228066474,21113.10423385266,46.986562884264046,56.46800313656863,9.481440252304587
2018-07-29 → 2019-07-29,7773.957759032041,31396.444360089477,18868.74089854342,21124.379074476794,46.96704172969975,56.51573240747286,9.54869067777311
2018-07-30 → 2019-07-30,7773.957759032041,31396.444360089477,18864.033923424402,21135.68839178829,46.94711590563851,56.56360762697237,9.616491721333858
2018-07-31 → 2019-07-31,7773.957759032041,31396.444360089477,18857.761232890738,21146.787922042044,46.92056200960039,56.61059476444525,9.690032754844864
2018-08-01 → 2019-08-01,7773.957759032041,31396.444360089477,18848.663800871345,21156.540350852498,46.88205026368205,56.65187927854048,9.769829014858423
2018-08-02 → 2019-08-02,7773.957759032041,31396.444360089477,18838.64559806632,21165.838269588443,46.83964066060251,56.69123973577332,9.85159907517081
2018-08-03 → 2019-08-03,7773.957759032041,31396.444360089477,18827.69606699015,21174.932331116855,46.793288507837694,56.72973721354523,9.936448705707534
2018-08-04 → 2019-08-04,7773.957759032041,31396.444360089477,18815.699464564797,21183.53570495788,46.74250383547041,56.76615748540873,10.023653649938325
2018-08-05 → 2019-08-05,7773.957759032041,31396.444360089477,18799.85394197877,21190.644018582378,46.675425704138895,56.7962487867376,10.120823082598704
2018-08-06 → 2019-08-06,7773.957759032041,31396.444360089477,18784.915001413774,21197.862935116435,46.612185365315604,56.826808298341824,10.21462293302622
2018-08-07 → 2019-08-07,7773.957759032041,31396.444360089477,18768.319615610057,21204.627144227874,46.54193287207057,56.855442917658905,10.313510045588338
2018-08-08 → 2019-08-08,7773.957759032041,31396.444360089477,18750.56333982216,21210.39783376849,46.466766035963225,56.879871715685425,10.4131056797222
2018-08-09 → 2019-08-09,7773.957759032041,31396.444360089477,18730.009444305888,21214.1448846509,46.37975616327966,56.895733936059145,10.515977772779486
2018-08-10 → 2019-08-10,7773.957759032041,31396.444360089477,18712.51849033578,21219.126276336814,46.30571250197718,56.916821435313736,10.611108933336553
2018-08-11 → 2019-08-11,7773.957759032041,31396.444360089477,18691.685044632974,21222.145630253486,46.217519222181345,56.9296031291619,10.712083906980553
2018-08-12 → 2019-08-12,7773.957759032041,31396.444360089477,18672.40983107232,21225.984872979527,46.13592233576469,56.94585562108148,10.809933285316788
2018-08-13 → 2019-08-13,7773.957759032041,31396.444360089477,18654.284255561714,21230.163663261825,46.059192159908456,56.96354550425454,10.904353344346084
2018-08-14 → 2019-08-14,7773.957759032041,31396.444360089477,18637.934933368477,21233.496044232936,45.98998131657368,56.97765232131994,10.987671004746254
2018-08-15 → 2019-08-15,7773.957759032041,31396.444360089477,18620.25909926957,21235.43389384939,45.91515501061605,56.98585573211737,11.070700721501325
2018-08-16 → 2019-08-16,7773.957759032041,31396.444360089477,18603.023297347067,21237.6789612063,45.84219147289208,56.995359673826925,11.153168200934843
2018-08-17 → 2019-08-17,7773.957759032041,31396.444360089477,18586.35852706755,21237.120009026694,45.7716452574959,56.99299348694302,11.221348229447123
2018-08-18 → 2019-08-18,7773.957759032041,31396.444360089477,18571.1742704471,21236.72573402895,45.707366433353094,56.991324420496284,11.28395798714319
2018-08-19 → 2019-08-19,7773.957759032041,31396.444360089477,18553.58008241594,21236.33459982565,45.632885755987104,56.98966864983206,11.356782893844958
2018-08-20 → 2019-08-20,7773.957759032041,31396.444360089477,18536.85120357601,21236.129220587885,45.56206815273283,56.988799227229634,11.426731074496807
2018-08-21 → 2019-08-21,7773.957759032041,31396.444360089477,18520.355690953707,21235.301384047318,45.492238448092145,56.985294784388586,11.49305633629644
2018-08-22 → 2019-08-22,7773.957759032041,31396.444360089477,18505.145570421326,21234.493296667046,45.42785013542526,56.98187394477115,11.554023809345892
2018-08-23 → 2019-08-23,7773.957759032041,31396.444360089477,18488.455489745513,21233.809791387423,45.3571967746776,56.97898049290402,11.621783718226425
2018-08-24 → 2019-08-24,7773.957759032041,31396.444360089477,18473.453221152613,21233.471062419107,45.29368835218905,56.977546566941704,11.683858214752654
2018-08-25 → 2019-08-25,7773.957759032041,31396.444360089477,18459.710633440143,21233.526287323664,45.235512479578524,56.9777803480228,11.742267868444273
2018-08-26 → 2019-08-26,7773.957759032041,31396.444360089477,18445.571877129736,21237.023829793598,45.17565952442954,56.99258633576236,11.81692681133282
2018-08-27 → 2019-08-27,7773.957759032041,31396.444360089477,18431.60080170196,21240.263570753603,45.1165164051478,57.006300984074876,11.889784578927078
2018-08-28 → 2019-08-28,7773.957759032041,31396.444360089477,18419.746449031627,21243.97058839297,45.06633391220989,57.021993733538444,11.955659821328553
2018-08-29 → 2019-08-29,7773.957759032041,31396.444360089477,18410.04014464692,21244.06947717384,45.02524465455201,57.02241235492467,11.997167700372657
2018-08-30 → 2019-08-30,7773.957759032041,31396.444360089477,18399.72081449879,21243.99802613549,44.981560302762944,57.0221098844881,12.040549581725159
2018-08-31 → 2019-08-31,7773.957759032041,31396.444360089477,18388.9496743692,21243.74649086329,44.935963324292835,57.02104507164072,12.085081747347886
2018-09-01 → 2019-09-01,7773.957759032041,31396.444360089477,18378.04319794302,21243.563494858285,44.889793432823026,57.02027040296126,12.130476970138233
2018-09-02 → 2019-09-02,7773.957759032041,31396.444360089477,18366.383978548958,21243.548296723024,44.840436988723944,57.0202060653853,12.179769076661358
2018-09-03 → 2019-09-03,7773.957759032041,31396.444360089477,18354.61780976315,21243.661761746356,44.790627800620605,57.02068639171694,12.230058591096338
2018-09-04 → 2019-09-04,7773.957759032041,31396.444360089477,18342.80184032172,21244.26762345196,44.74060779366291,57.023251158567426,12.282643364904516
2018-09-05 → 2019-09-05,7773.957759032041,31396.444360089477,18331.497140567804,21253.66688412166,44.69275212146026,57.06304062200722,12.370288500546962
2018-09-06 → 2019-09-06,7773.957759032041,31396.444360089477,18317.710669036893,21268.704383842727,44.63439047747358,57.12669818683105,12.492307709357469
2018-09-07 → 2019-09-07,7773.957759032041,31396.444360089477,18301.633905617266,21281.288693503182,44.56633344482018,57.179970773553116,12.613637328732935
2018-09-08 → 2019-09-08,7773.957759032041,31396.444360089477,18285.2534965366,21290.72898868034,44.49699100277628,57.219933946510245,12.722942943733969
2018-09-09 → 2019-09-09,7773.957759032041,31396.444360089477,18267.541408420286,21298.418911605826,44.4220112243328,57.25248734808628,12.830476123753478
2018-09-10 → 2019-09-10,7773.957759032041,31396.444360089477,18250.909853433983,21306.52476906275,44.351605617729305,57.28680150642964,12.935195888700335
2018-09-11 → 2019-09-11,7773.957759032041,31396.444360089477,18234.44865481617,21314.916541865983,44.28192117300587,57.32232601722714,13.040404844221271
2018-09-12 → 2019-09-12,7773.957759032041,31396.444360089477,18217.193782609145,21323.098076192997,44.208876905912284,57.3569605350287,13.148083629116414
2018-09-13 → 2019-09-13,7773.957759032041,31396.444360089477,18200.42397341322,21336.67779818642,44.137886034040335,57.41444695558536,13.276560921545027
2018-09-14 → 2019-09-14,7773.957759032041,31396.444360089477,18184.69484450403,21351.787991230958,44.07130062677636,57.47841224975494,13.407111622978576
2018-09-15 → 2019-09-15,7773.957759032041,31396.444360089477,18169.136771071913,21361.392061728904,44.00543934089709,57.519068725341704,13.513629384444613
2018-09-16 → 2019-09-16,7773.957759032041,31396.444360089477,18153.89367551212,21376.719044240606,43.94091143654383,57.58395174451978,13.643040307975951
2018-09-17 → 2019-09-17,7773.957759032041,31396.444360089477,18138.640618744823,21390.858039863222,43.8763413638631,57.643805712738285,13.767464348875187
2018-09-18 → 2019-09-18,7773.957759032041,31396.444360089477,18121.87344623085,21402.710293222382,43.80536165373714,57.69397931875751,13.888617665020377
2018-09-19 → 2019-09-19,7773.957759032041,31396.444360089477,18105.38879345339,21415.272464867652,43.735577921584564,57.74715818962501,14.011580268040447
2018-09-20 → 2019-09-20,7773.957759032041,31396.444360089477,18089.455575535947,21428.178432110497,43.66812855358819,57.801792434786435,14.133663881198245
2018-09-21 → 2019-09-21,7773.957759032041,31396.444360089477,18074.771694461073,21442.072794947042,43.605967946524,57.86061081013868,14.254642863614684
2018-09-22 → 2019-09-22,7773.957759032041,31396.444360089477,18061.435428635246,21458.005907348685,43.549512137908025,57.92805973145981,14.378547593551787
2018-09-23 → 2019-09-23,7773.957759032041,31396.444360089477,18048.877545456067,21473.585061180216,43.49635142120932,57.99401025603683,14.497658834827511
2018-09-24 → 2019-09-24,7773.957759032041,31396.444360089477,18039.836734299297,21489.083903821178,43.45807936581797,58.05962080289716,14.601541437079185
2018-09-25 → 2019-09-25,7773.957759032041,31396.444360089477,18030.724905353127,21503.433051209213,43.41950667404317,58.120364397042714,14.700857722999544
2018-09-26 → 2019-09-26,7773.957759032041,31396.444360089477,18021.909040130166,21516.29467092582,43.382186872060224,58.17481090783482,14.792624035774594
2018-09-27 → 2019-09-27,7773.957759032041,31396.444360089477,18013.009378672166,21538.185151218568,43.34451233928009,58.26747888416788,14.922966544887792
2018-09-28 → 2019-09-28,7773.957759032041,31396.444360089477,18005.406682037545,21564.398419112265,43.312328188800855,58.37844632098515,15.066118132184293
2018-09-29 → 2019-09-29,7773.957759032041,31396.444360089477,17998.033464093452,21589.882472590376,43.28111548004325,58.48632680752534,15.20521132748209
2018-09-30 → 2019-09-30,7773.957759032041,31396.444360089477,17989.527074505335,21614.84669912012,43.24510576721421,58.592006734246624,15.346900967032411
2018-10-01 → 2019-10-01,7773.957759032041,31396.444360089477,17981.018553078728,21640.025673791773,43.209087029770096,58.698595744526884,15.489508714756788
2018-10-02 → 2019-10-02,7773.957759032041,31396.444360089477,17972.052470723534,21664.621326188586,43.171131320421566,58.802715403105545,15.631584082683979
2018-10-03 → 2019-10-03,7773.957759032041,31396.444360089477,17963.174977135182,21688.49849093947,43.13355062987752,58.903793520554096,15.770242890676577
2018-10-04 → 2019-10-04,7773.957759032041,31396.444360089477,17954.369415806315,21711.733014123893,43.09627444690162,59.0021511726371,15.905876725735482
2018-10-05 → 2019-10-05,7773.957759032041,31396.444360089477,17946.184648559614,21735.96664954557,43.061626243327936,59.10473832119154,16.043112077863604
2018-10-06 → 2019-10-06,7773.957759032041,31396.444360089477,17939.478892428957,21760.66569365259,43.03323907036047,59.209295663202745,16.176056592842272
2018-10-07 → 2019-10-07,7773.957759032041,31396.444360089477,17930.982939752255,21784.871486452095,42.997273539634676,59.31176494684887,16.31449140721419
2018-10-08 → 2019-10-08,7773.957759032041,31396.444360089477,17922.722137360703,21816.00651535807,42.962303459934496,59.44356745109742,16.481263991162926
2018-10-09 → 2019-10-09,7773.957759032041,31396.444360089477,17913.13032294074,21847.747569563835,42.92169886744619,59.577935414732316,16.656236547286127
2018-10-10 → 2019-10-10,7773.957759032041,31396.444360089477,17903.524001423502,21879.259141589602,42.88103286272167,59.711331921873764,16.830299059152097
2018-10-11 → 2019-10-11,7773.957759032041,31396.444360089477,17894.63574370161,21909.829947424398,42.843406604859815,59.840745926212435,16.99733932135262
2018-10-12 → 2019-10-12,7773.957759032041,31396.444360089477,17883.100435018674,21934.392575529775,42.794574706348264,59.944725784557576,17.150151078209312
2018-10-13 → 2019-10-13,7773.957759032041,31396.444360089477,17871.92610149375,21959.454046325365,42.74727090758382,60.0508173710143,17.30354646343048
2018-10-14 → 2019-10-14,7773.957759032041,31396.444360089477,17860.57693127359,21984.562494322214,42.6992269805755,60.157107823924214,17.45788084334871
2018-10-15 → 2019-10-15,7773.957759032041,31396.444360089477,17849.866924654616,22001.108566361218,42.65388879582024,60.227151559448075,17.573262763627838
2018-10-16 → 2019-10-16,7773.957759032041,31396.444360089477,17841.595264228596,22022.56614519175,42.61887275129574,60.317986953676105,17.699114202380365
2018-10-17 → 2019-10-17,7773.957759032041,31396.444360089477,17833.159517863627,22042.506211315624,42.58316208921586,60.40239833026243,17.819236241046568
2018-10-18 → 2019-10-18,7773.957759032041,31396.444360089477,17825.078915467424,22062.13373789122,42.54895484197441,60.48548664736922,17.936531805394814
2018-10-19 → 2019-10-19,7773.957759032041,31396.444360089477,17816.738552233932,22081.103998078594,42.51364796097434,60.56579258851652,18.052144627542184
2018-10-20 → 2019-10-20,7773.957759032041,31396.444360089477,17807.19850951792,22083.44471436557,42.473262531289784,60.57570143649899,18.102438905209205
2018-10-21 → 2019-10-21,7773.957759032041,31396.444360089477,17797.834947041916,22085.856749355677,42.43362418739256,60.58591219470934,18.152288007316777
2018-10-22 → 2019-10-22,7773.957759032041,31396.444360089477,17789.274552053295,22088.23690190716,42.39738585595358,60.595987986439816,18.198602130486236
2018-10-23 → 2019-10-23,7773.957759032041,31396.444360089477,17783.271668999114,22090.528470328292,42.37197412366832,60.60568877899325,18.233714655324924
2018-10-24 → 2019-10-24,7773.957759032041,31396.444360089477,17777.206494026264,22092.71239125276,42.346298693832,60.61493387228657,18.268635178454574
2018-10-25 → 2019-10-25,7773.957759032041,31396.444360089477,17766.169427430163,22094.9357427137,42.29957598092502,60.62434588507967,18.32476990415465
2018-10-26 → 2019-10-26,7773.957759032041,31396.444360089477,17753.03253544775,22096.79683943168,42.243964172548225,60.6322243813168,18.38826020876858
2018-10-27 → 2019-10-27,7773.957759032041,31396.444360089477,17738.95410168815,22098.598271220213,42.18436657811475,60.63985030071704,18.455483722602295
2018-10-28 → 2019-10-28,7773.957759032041,31396.444360089477,17725.643961001635,22100.355589791154,42.128021363864875,60.647289477636136,18.51926811377126
2018-10-29 → 2019-10-29,7773.957759032041,31396.444360089477,17711.967114766972,22102.44828452253,42.0701237916675,60.65614838722816,18.58602459556066
2018-10-30 → 2019-10-30,7773.957759032041,31396.444360089477,17698.096012740483,22103.85561369167,42.01140388524635,60.66210596990312,18.65070208465677
2018-10-31 → 2019-10-31,7773.957759032041,31396.444360089477,17684.378009666318,22105.261227489576,41.95333208566894,60.668056290974924,18.714724205305984
2018-11-01 → 2019-11-01,7773.957759032041,31396.444360089477,17670.58588000336,22106.8162332051,41.89494648936877,60.67463902606875,18.779692536699983
2018-11-02 → 2019-11-02,7773.957759032041,31396.444360089477,17656.889161201765,22108.52072112531,41.83696479153606,60.681854557392775,18.844889765856713
2018-11-03 → 2019-11-03,7773.957759032041,31396.444360089477,17643.516523311006,22110.186669363946,41.78035501070901,60.68890694043259,18.90855192972358
2018-11-04 → 2019-11-04,7773.957759032041,31396.444360089477,17629.379484571757,22111.70956086611,41.72050932647602,60.69535372788509,18.974844401409072
2018-11-05 → 2019-11-05,7773.957759032041,31396.444360089477,17616.10601231159,22113.72679324196,41.66431933901055,60.70389318611367,19.03957384710312
2018-11-06 → 2019-11-06,7773.957759032041,31396.444360089477,17602.640815897175,22115.599551368785,41.60731773438772,60.7118210480634,19.10450331367568
2018-11-07 → 2019-11-07,7773.957759032041,31396.444360089477,17589.88587547103,22117.659008173283,41.55332282419239,60.72053925304866,19.16721642885627
2018-11-08 → 2019-11-08,7773.957759032041,31396.444360089477,17578.935823908814,22120.914425541494,41.50696846807763,60.73432026358828,19.22735179551065
2018-11-09 → 2019-11-09,7773.957759032041,31396.444360089477,17567.299748363628,22123.481447017657,41.45770999778321,60.74518711905322,19.28747712127001
2018-11-10 → 2019-11-10,7773.957759032041,31396.444360089477,17554.360028919287,22125.17825488199,41.40293287095964,60.75237013874539,19.349437267785753
2018-11-11 → 2019-11-11,7773.957759032041,31396.444360089477,17542.7111590023,22127.209640249923,41.35362023883198,60.76096951019277,19.407349271360793
2018-11-12 → 2019-11-12,7773.957759032041,31396.444360089477,17530.67188373338,22129.091794029307,41.30265492145348,60.76893714633189,19.466282224878412
2018-11-13 → 2019-11-13,7773.957759032041,31396.444360089477,17518.61073608366,22130.725412345255,41.25159701271843,60.77585266857787,19.52425565585944
2018-11-14 → 2019-11-14,7773.957759032041,31396.444360089477,17506.623268135718,22131.93201757345,41.20085100891963,60.78096053570706,19.58010952678743
2018-11-15 → 2019-11-15,7773.957759032041,31396.444360089477,17489.881513510223,22127.265779550213,41.12997889918692,60.761207162143805,19.63122826295688
2018-11-16 → 2019-11-16,7773.957759032041,31396.444360089477,17472.778871724357,22122.247160924202,41.057579062223525,60.73996207177391,19.682383009550385
2018-11-17 → 2019-11-17,7773.957759032041,31396.444360089477,17455.190263648492,22116.36721428845,40.98312200622893,60.71507076064713,19.731948754418198
2018-11-18 → 2019-11-18,7773.957759032041,31396.444360089477,17438.910079614394,22110.47695151347,40.91420384232416,60.69013577867652,19.775931936352357
2018-11-19 → 2019-11-19,7773.957759032041,31396.444360089477,17423.389626329852,22104.965065712648,40.84850181210756,60.66680256277125,19.818300750663695
2018-11-20 → 2019-11-20,7773.957759032041,31396.444360089477,17400.204584378927,22092.407391902292,40.750353626683726,60.613642732384065,19.86328910570034
2018-11-21 → 2019-11-21,7773.957759032041,31396.444360089477,17372.814654563845,22074.202201669275,40.634405080378464,60.53657552713819,19.902170446759726
2018-11-22 → 2019-11-22,7773.957759032041,31396.444360089477,17350.300007744478,22058.82983523091,40.5390948482272,60.47150038624394,19.932405538016738
2018-11-23 → 2019-11-23,7773.957759032041,31396.444360089477,17324.113958985195,22040.317449537764,40.42824263693582,60.39313274440424,19.96489010746842
2018-11-24 → 2019-11-24,7773.957759032041,31396.444360089477,17299.77407017571,22021.578573690003,40.32520569073899,60.31380631207632,19.988600621337334
2018-11-25 → 2019-11-25,7773.957759032041,31396.444360089477,17266.264125774473,21995.593136354215,40.18334956455227,60.20380334001568,20.02045377546341
2018-11-26 → 2019-11-26,7773.957759032041,31396.444360089477,17235.169115531236,21971.840418895183,40.051716469491716,60.10325203963747,20.051535570145752
2018-11-27 → 2019-11-27,7773.957759032041,31396.444360089477,17197.63033892542,21943.918200383647,39.89280527085383,59.98505017976093,20.092244908907105
2018-11-28 → 2019-11-28,7773.957759032041,31396.444360089477,17162.024681767383,21917.486871436744,39.74207745900508,59.873159634987715,20.131082175982634
2018-11-29 → 2019-11-29,7773.957759032041,31396.444360089477,17132.367354143094,21897.574565910098,39.616530440500426,59.788865776077216,20.17233533557679
2018-11-30 → 2019-11-30,7773.957759032041,31396.444360089477,17104.072071690007,21878.019920480743,39.496749305978284,59.7060859834178,20.209336677439516
2018-12-01 → 2019-12-01,7773.957759032041,31396.444360089477,17072.141573472385,21854.978243809222,39.3615793776093,59.60854469972209,20.246965322112786
2018-12-02 → 2019-12-02,7773.957759032041,31396.444360089477,17043.60817689185,21834.448312991284,39.24079024536249,59.52163627570791,20.280846030345423
2018-12-03 → 2019-12-03,7773.957759032041,31396.444360089477,17014.34272008953,21813.556103580926,39.11690211581644,59.43319423417692,20.316292118360487
2018-12-04 → 2019-12-04,7773.957759032041,31396.444360089477,16981.133017094526,21792.228420252934,38.9763169879429,59.342908720682175,20.366591732739273
2018-12-05 → 2019-12-05,7773.957759032041,31396.444360089477,16947.850516361774,21771.247349370165,38.83542368871139,59.254090505914604,20.418666817203217
2018-12-06 → 2019-12-06,7773.957759032041,31396.444360089477,16910.460175262793,21748.524422974315,38.67714085536518,59.15789857328871,20.48075771792353
2018-12-07 → 2019-12-07,7773.957759032041,31396.444360089477,16869.03358969284,21724.079638598276,38.50177157155703,59.05441757745255,20.552646005895518
2018-12-08 → 2019-12-08,7773.957759032041,31396.444360089477,16824.3200528895,21698.061482145647,38.31248778632953,58.94427609704014,20.63178831071061
2018-12-09 → 2019-12-09,7773.957759032041,31396.444360089477,16781.370361082987,21672.443101250683,38.130670806043504,58.83582696834503,20.705156162301527
2018-12-10 → 2019-12-10,7773.957759032041,31396.444360089477,16741.97740446016,21648.288369703823,37.96391039132467,58.7335738399814,20.769663448656736
2018-12-11 → 2019-12-11,7773.957759032041,31396.444360089477,16699.88271326707,21622.732936380347,37.785712846315974,58.62539118438268,20.839678338066705
2018-12-12 → 2019-12-12,7773.957759032041,31396.444360089477,16656.371188463443,21596.476874204647,37.60151748391209,58.51424258847439,20.9127251045623
2018-12-13 → 2019-12-13,7773.957759032041,31396.444360089477,16614.264020517243,21570.914368171347,37.42326712163094,58.406029992294286,20.982762870663343
2018-12-14 → 2019-12-14,7773.957759032041,31396.444360089477,16569.10124513893,21543.36328892969,37.23208159514072,58.28939925943815,21.05731766429743
2018-12-15 → 2019-12-15,7773.957759032041,31396.444360089477,16522.111821300277,21515.007973748958,37.033163400658395,58.16936399109572,21.136200590437326
2018-12-16 → 2019-12-16,7773.957759032041,31294.843993340724,16476.02815927129,21486.471068093073,36.99720458468948,58.299305444789354,21.302100860099877
2018-12-17 → 2019-12-17,7773.957759032041,29771.88544035732,16431.86456687325,21458.080587044467,39.35782921584552,62.20641792376335,22.848588707917827
2018-12-18 → 2019-12-18,7773.957759032041,29771.88544035732,16391.288680516274,21433.363488747622,39.173375993956704,62.09405689296575,22.92068089900905
2018-12-19 → 2019-12-19,7773.957759032041,29771.88544035732,16354.861307374927,21410.343421675563,39.0077814267363,61.98941036714049,22.981628940404192
2018-12-20 → 2019-12-20,7773.957759032041,29771.88544035732,16319.002684878462,21387.689534233505,38.844772333261986,61.88642845097896,23.041656117716975
2018-12-21 → 2019-12-21,7773.957759032041,29771.88544035732,16290.0992105239,21368.366961600535,38.71338052775523,61.798590301345556,23.08520977359033
2018-12-22 → 2019-12-22,7773.957759032041,29771.88544035732,16255.460356607045,21347.036792273524,38.555916359226934,61.70162585253014,23.145709493303208
2018-12-23 → 2019-12-23,7773.957759032041,29771.88544035732,16223.86722994373,21326.827208045688,38.412297709684154,61.609755452187876,23.197457742503722
2018-12-24 → 2019-12-24,7773.957759032041,29771.88544035732,16192.328859345866,21306.43439251255,38.26892797479482,61.51705210381543,23.24812412902061
2018-12-25 → 2019-12-25,7773.957759032041,29771.88544035732,16162.694269790507,21286.869715414454,38.13421260530793,61.428113375670115,23.293900770362185
2018-12-26 → 2019-12-26,7773.957759032041,29771.88544035732,16128.034956695277,21264.797271029554,37.97665543175356,61.327774631472685,23.35111919971913
2018-12-27 → 2019-12-27,7773.957759032041,29771.88544035732,16094.031476983653,21243.153865003733,37.82207959986512,61.229386245351236,23.407306645486116
2018-12-28 → 2019-12-28,7773.957759032041,29771.88544035732,16055.222064980351,21219.273274007064,37.645656563270414,61.12082787866044,23.47517131539003
2018-12-29 → 2019-12-29,7773.957759032041,29771.88544035732,16021.78687179634,21198.285641021517,37.49366409530538,61.02542055989121,23.531756464585833
2018-12-30 → 2019-12-30,7773.957759032041,29771.88544035732,15988.114441642676,21176.76767559679,37.34059317589214,60.92760241203452,23.58700923614238
2018-12-31 → 2019-12-31,7773.957759032041,29771.88544035732,15954.811338362764,21155.265178305137,37.189201173143694,60.829854580497155,23.64065340735346
2019-01-01 → 2020-01-01,7773.957759032041,29771.88544035732,15918.813855981913,21132.418345546343,37.025560838916164,60.725995557548416,23.700434718632252
2019-01-02 → 2020-01-02,7773.957759032041,29771.88544035732,15886.396842787643,21110.744701529315,36.8781968978037,60.62746971306431,23.74927281526061
2019-01-03 → 2020-01-03,7773.957759032041,29771.88544035732,15853.656623965857,21089.87950068977,36.729363701804154,60.53261895647574,23.803255254671583
2019-01-04 → 2020-01-04,7773.957759032041,29771.88544035732,15818.666897676158,21068.051892738433,36.57030450860841,60.43339320999841,23.863088701389998
2019-01-05 → 2020-01-05,7773.957759032041,29771.88544035732,15784.478847337114,21046.62011073324,36.414889640288486,60.33596684186199,23.921077201573503
2019-01-06 → 2020-01-06,7773.957759032041,29771.88544035732,15747.73454549783,21024.91264643013,36.2478543523669,60.237287254322744,23.989432901955844
2019-01-07 → 2020-01-07,7773.957759032041,29771.88544035732,15713.78677018708,21005.366571187984,36.093531746153545,60.148433088033535,24.05490134187999
2019-01-08 → 2020-01-08,7773.957759032041,29771.88544035732,15679.39817196131,20985.4385018503,35.93720521065464,60.05784242137452,24.120637210719877
2019-01-09 → 2020-01-09,7773.957759032041,29771.88544035732,15645.917887724701,20965.449744868656,35.785007764051386,59.96697587580161,24.181968111750223
2019-01-10 → 2020-01-10,7773.957759032041,29771.88544035732,15611.292174998,20945.55032660009,35.62760333383273,59.87651545354347,24.248912119710738
2019-01-11 → 2020-01-11,7773.957759032041,29771.88544035732,15569.997260588407,20922.03051250964,35.43988149472218,59.769597136367544,24.329715641645365
2019-01-12 → 2020-01-12,7773.957759032041,29771.88544035732,15528.07234944423,20898.404875769105,35.24929576432282,59.66219776183196,24.412901997509145
2019-01-13 → 2020-01-13,7773.957759032041,29771.88544035732,15486.174257509321,20874.704620168,35.05883195090426,59.55445917870521,24.495627227800945
2019-01-14 → 2020-01-14,7773.957759032041,29771.88544035732,15439.245257338993,20849.812391103278,34.84549821851742,59.44130202397081,24.595803805453393
2019-01-15 → 2020-01-15,7773.957759032041,29771.88544035732,15395.74311665681,20826.615596155505,34.64774258756718,59.33585211394375,24.68810952637657
2019-01-16 → 2020-01-16,7773.957759032041,29771.88544035732,15350.788857506359,20802.513312136678,34.443385796319916,59.226285956767555,24.78290016044764
2019-01-17 → 2020-01-17,7773.957759032041,29771.88544035732,15305.696426265069,20778.680780085633,34.238400890948256,59.1179460604087,24.879545169460442
2019-01-18 → 2020-01-18,7773.957759032041,29771.88544035732,15261.23997045489,20755.35624551252,34.03630705531882,59.01191546102223,24.975608405703404
2019-01-19 → 2020-01-19,7773.957759032041,29771.88544035732,15216.993394294204,20731.714099642566,33.835167307967765,58.90444103791997,25.069273729952208
2019-01-20 → 2020-01-20,7773.957759032041,29771.88544035732,15174.531611178656,20706.857804268755,33.64214102053436,58.791447233531244,25.149306212996883
2019-01-21 → 2020-01-21,7773.957759032041,29771.88544035732,15128.60692624879,20678.742843238542,33.43337278747551,58.66363991714443,25.230267129668917
2019-01-22 → 2020-01-22,7773.957759032041,29771.88544035732,15082.923715765384,20650.56925965989,33.22570226893758,58.53556610952586,25.309863840588278
2019-01-23 → 2020-01-23,7773.957759032041,29771.88544035732,15039.204086994365,20622.994199684395,33.02695796263579,58.41021312003084,25.38325515739505
2019-01-24 → 2020-01-24,7773.957759032041,29771.88544035732,14994.716952452482,20595.02777759166,32.82472466508909,58.283081044237726,25.458356379148633
2019-01-25 → 2020-01-25,7773.957759032041,29771.88544035732,14950.873815980307,20567.2580449902,32.62541890725903,58.15684309581029,25.531424188551256
2019-01-26 → 2020-01-26,7773.957759032041,29771.88544035732,14906.021636544814,20539.378422409558,32.42152615842719,58.030105600421976,25.608579441994785
2019-01-27 → 2020-01-27,7773.957759032041,29771.88544035732,14859.902015467693,20511.414374917334,32.21187176849903,57.90298431928438,25.69111255078535
2019-01-28 → 2020-01-28,7773.957759032041,29771.88544035732,14812.055210602975,20483.137211957153,31.994365803583364,57.774439651941975,25.78007384835861
2019-01-29 → 2020-01-29,7773.957759032041,29771.88544035732,14761.85645555458,20453.281593227144,31.766168148896963,57.63871950974261,25.872551360845645
2019-01-30 → 2020-01-30,7773.957759032041,29771.88544035732,14710.131058252071,20422.78698682823,31.53103055752093,57.50009460452118,25.969064047000252
2019-01-31 → 2020-01-31,7773.957759032041,29771.88544035732,14659.855925657219,20392.94936972214,31.30248569946354,57.36445629559348,26.06197059612994
2019-02-01 → 2020-02-01,7773.957759032041,29771.88544035732,14608.857172339078,20362.658846169914,31.070651346442023,57.226759127064554,26.15610778062253
2019-02-02 → 2020-02-02,7773.957759032041,29771.88544035732,14558.80303289863,20332.568469363672,30.843111097353287,57.08997180217582,26.24686070482253
2019-02-03 → 2020-02-03,7773.957759032041,29771.88544035732,14509.323527073486,20302.731596030775,30.618183065304393,56.95433687435384,26.33615380904945
2019-02-04 → 2020-02-04,7773.957759032041,29771.88544035732,14459.092764394516,20272.09763089012,30.38983990768227,56.815078460632165,26.425238552949896
2019-02-05 → 2020-02-05,7773.957759032041,29771.88544035732,14407.378676282537,20241.41875859476,30.154753726560397,56.67561590425052,26.520862177690123
2019-02-06 → 2020-02-06,7773.957759032041,29771.88544035732,14355.693163014312,20210.976187569602,29.91979744332785,56.53722754573709,26.617430102409237
2019-02-07 → 2020-02-07,7773.957759032041,29771.88544035732,14302.43695250311,20179.551472954598,29.677700954591725,56.39437447761977,26.716673523028046
2019-02-08 → 2020-02-08,7773.957759032041,28074.774710040525,14248.659944524521,20147.966738445466,31.89380112690901,60.9532562619295,29.059455135020492
2019-02-09 → 2020-02-09,7773.957759032041,28074.774710040525,14199.942317104817,20120.319887364316,31.65382247217175,60.81707035794411,29.16324788577236
2019-02-10 → 2020-02-10,7773.957759032041,28074.774710040525,14152.168143936973,20092.7872373466,31.41849118829714,60.68144699813472,29.262955809837578
2019-02-11 → 2020-02-11,7773.957759032041,28074.774710040525,14103.74661161962,20065.533544198,31.179971071425932,60.54719775479454,29.367226683368607
2019-02-12 → 2020-02-12,7773.957759032041,28074.774710040525,14054.025378038741,20037.52086144523,30.935048742926202,60.409209796869646,29.474161053943444
2019-02-13 → 2020-02-13,7773.957759032041,28074.774710040525,14004.567682111336,20009.45422899169,30.691424577225085,60.27095608756684,29.579531510341752
2019-02-14 → 2020-02-14,7773.957759032041,28074.774710040525,13954.533437061877,19981.19748498087,30.444960382359405,60.13176590581695,29.686805523457544
2019-02-15 → 2020-02-15,7773.957759032041,28050.436405718185,13905.392145156498,19951.69601095982,30.239147994893774,60.05844734740481,29.819299352511035
2019-02-16 → 2020-02-16,7773.957759032041,27896.057039244246,13856.205664400954,19924.396372927604,30.226706571068906,60.3835536476263,30.156847076557394
2019-02-17 → 2020-02-17,7773.957759032041,27603.28339949321,13808.20357673291,19896.451722748494,30.430917960155757,61.13417159775142,30.70325363759566
2019-02-18 → 2020-02-18,7773.957759032041,27040.460617832723,13759.583779187313,19869.042199494546,31.067527220806017,62.777788626738925,31.710261405932908
2019-02-19 → 2020-02-19,7773.957759032041,27040.460617832723,13717.26706730178,19844.873478730362,30.847888440506026,62.65234437283716,31.804455932331138
2019-02-20 → 2020-02-20,7773.957759032041,27040.460617832723,13675.546828651972,19821.052293979694,30.631345568374197,62.52870395441123,31.89735838603703
2019-02-21 → 2020-02-21,7773.957759032041,27040.460617832723,13634.21491698913,19797.65458030255,30.416818251373535,62.40726150142108,31.990443250047548
2019-02-22 → 2020-02-22,7773.957759032041,27040.460617832723,13592.257672956055,19773.759988219983,30.199045237035797,62.28324007284276,32.08419483580696
2019-02-23 → 2020-02-23,7773.957759032041,27040.460617832723,13550.454062925217,19749.82593731101,29.982069637793913,62.159013838925894,32.17694420113198
2019-02-24 → 2020-02-24,7773.957759032041,27040.460617832723,13512.297856193794,19727.860751091917,29.78402535850223,62.04500671277503,32.2609813542728
2019-02-25 → 2020-02-25,7773.957759032041,27040.460617832723,13468.758996914541,19701.271640158007,29.55804319869701,61.906999773327975,32.34895657463096
2019-02-26 → 2020-02-26,7773.957759032041,27040.460617832723,13428.324262988574,19672.25764782857,29.348172553140294,61.75640683727688,32.40823428413658
2019-02-27 → 2020-02-27,7773.957759032041,27040.460617832723,13387.473104896088,19642.7602820344,29.13614051810065,61.60330502108143,32.46716450298078
2019-02-28 → 2020-02-28,7773.957759032041,27040.460617832723,13346.783832675179,19613.282827378494,28.924948728292666,61.45030655077295,32.52535782248029
2019-03-01 → 2020-03-01,7773.957759032041,27040.460617832723,13302.22753951511,19571.09813351893,28.69368572489962,61.23135299096647,32.53766726606685
2019-03-02 → 2020-03-02,7773.957759032041,27040.460617832723,13261.316785511852,19541.779445566222,28.481344365893875,61.07917857629672,32.597834210402844
2019-03-03 → 2020-03-03,7773.957759032041,27040.460617832723,13220.866864893327,19512.411365718257,28.271394896003194,60.92674780012942,32.655352904126225
2019-03-04 → 2020-03-04,7773.957759032041,27040.460617832723,13179.945587085007,19480.865546818484,28.058998914707463,60.76301378399289,32.70401486928543
2019-03-05 → 2020-03-05,7773.957759032041,26046.86550643562,13136.332184200495,19449.140568882758,29.346037857222807,63.89340422029799,34.547366363075184
2019-03-06 → 2020-03-06,7773.957759032041,26046.86550643562,13095.165007690583,19418.59599243789,29.12074707658193,63.72624649768974,34.60549942110781
2019-03-07 → 2020-03-07,7773.957759032041,26046.86550643562,13055.049319088834,19388.23192894593,28.901210650544595,63.56007664715637,34.65886599661178
2019-03-08 → 2020-03-08,7773.957759032041,26046.86550643562,13017.98369403455,19357.90852529679,28.698365949708464,63.39412931097803,34.69576336126957
2019-03-09 → 2020-03-09,7773.957759032041,25963.445555142123,12981.518181286308,19327.23346485519,28.629505572817344,63.51622341061126,34.88671783779392
2019-03-10 → 2020-03-10,7773.957759032041,25963.445555142123,12946.284543468975,19297.813835172332,28.435802274449216,63.35448367383235,34.91868139938313
2019-03-11 → 2020-03-11,7773.957759032041,25963.445555142123,12910.808171498982,19268.311340680488,28.240764501161397,63.192288372774165,34.951523871612764
2019-03-12 → 2020-03-12,7773.957759032041,25960.826637480193,12895.006089675435,19238.147075459106,28.15794387076684,63.03553070651093,34.8775868357441
2019-03-13 → 2020-03-13,7773.957759032041,25960.826637480193,12872.81331451236,19207.87838822224,28.03591750486845,62.86909915944714,34.83318165457869
2019-03-14 → 2020-03-14,7773.957759032041,25948.527232164128,12855.033662390088,19177.603221028417,27.957063361910862,62.74506517942373,34.78800181751287
2019-03-15 → 2020-03-15,7773.957759032041,25628.446628388738,12835.178148347144,19147.245286726342,28.347047212320785,63.69987744210391,35.35283022978312
2019-03-16 → 2020-03-16,7773.957759032041,25586.972579571917,12819.70124690187,19111.38695558592,28.32616229596166,63.64688577859874,35.32072348263708
2019-03-17 → 2020-03-17,7773.957759032041,25586.972579571917,12801.710240809383,19077.434609191387,28.22516307559531,63.45628162350994,35.231118547914626
2019-03-18 → 2020-03-18,7773.957759032041,25586.972579571917,12783.555642333953,18983.983115269348,28.123245468394447,62.931656820445816,34.808411352051365
2019-03-19 → 2020-03-19,7773.957759032041,25586.972579571917,12758.834466806227,18889.54131426364,27.984463932664628,62.401472559346956,34.41700862668233
2019-03-20 → 2020-03-20,7773.957759032041,25586.972579571917,12734.781576546087,18796.236247325087,27.84943406544414,61.877669778747666,34.02823571330353
2019-03-21 → 2020-03-21,7773.957759032041,25586.972579571917,12711.300081060936,18683.027460596993,27.71761193582869,61.24213004631813,33.52451811048944
2019-03-22 → 2020-03-22,7773.957759032041,25586.972579571917,12689.506716151653,18562.39747774444,27.595266756594043,60.56492866256663,32.969661905972586
2019-03-23 → 2020-03-23,7773.957759032041,25586.972579571917,12663.11909260026,18440.786836988784,27.447129993574205,59.882221990053075,32.435091996478874
2019-03-24 → 2020-03-24,7773.957759032041,25586.972579571917,12634.905471285878,18317.148866092935,27.288742311317016,59.188134143939095,31.89939183262208
2019-03-25 → 2020-03-25,7773.957759032041,25586.972579571917,12607.011919987168,18190.505512556094,27.132151461425924,58.47717446185984,31.345023000433915
2019-03-26 → 2020-03-26,7773.957759032041,25524.76751053806,12577.63333472961,18055.223884710555,27.061726439212237,57.91998376190263,30.858257322690392
2019-03-27 → 2020-03-27,7773.957759032041,24931.82727159103,12550.06293900404,17919.02525256378,27.83623675699391,59.12778090604947,31.291544149055564
2019-03-28 → 2020-03-28,7773.957759032041,24931.82727159103,12526.12382253368,17792.491725375963,27.696714093921805,58.39031447937454,30.693600385452733
2019-03-29 → 2020-03-29,7773.957759032041,24453.100059156557,12504.33467315386,17662.44918927957,28.361032174217403,59.28657033026038,30.92553815604298
2019-03-30 → 2020-03-30,7773.957759032041,24438.57841350643,12480.03580320374,17491.12603653048,28.239935020111805,58.31016786385362,30.070232843741817
2019-03-31 → 2020-03-31,7773.957759032041,24424.09322507313,12455.806263586064,17316.512063034123,28.11898145875703,57.312172164993314,29.193190706236283
2019-04-01 → 2020-04-01,7773.957759032041,24163.82411016625,12430.272468500625,17138.544295809148,28.409717380925187,57.13644233669459,28.726724955769406
2019-04-02 → 2020-04-02,7773.957759032041,20392.68371152051,12404.544323813134,16939.351616585926,36.69614969225891,72.63327448478607,35.93712479252716
2019-04-03 → 2020-04-03,7773.957759032041,20361.333434818054,12389.33439624714,16837.161110768397,36.66671080687273,72.0023266578989,35.335615851026176
2019-04-04 → 2020-04-04,7773.957759032041,20361.333434818054,12374.121636793896,16788.74340960747,36.54585353014499,71.61767379293303,35.071820262788044
2019-04-05 → 2020-04-05,7773.957759032041,20164.08152590028,12358.765901153398,16738.688259250084,37.0037315880681,72.35384140544379,35.35010981737569
2019-04-06 → 2020-04-06,7773.957759032041,20164.08152590028,12341.96503637191,16693.813405269037,36.86813274258753,71.99165895411875,35.12352621153122
2019-04-07 → 2020-04-07,7773.957759032041,20164.08152590028,12325.858033666611,16613.88983425751,36.73813401934337,71.34660025643853,34.608466237095165
2019-04-08 → 2020-04-08,7773.957759032041,20164.08152590028,12310.308609723526,16544.783853417524,36.612635483286255,70.78884972754732,34.17621424426106
2019-04-09 → 2020-04-09,7773.957759032041,20164.08152590028,12296.064185648771,16481.959383797042,36.49766952860511,70.2817969264407,33.7841273978356
2019-04-10 → 2020-04-10,7773.957759032041,20164.08152590028,12283.340750382904,16379.755452618268,36.39497939002966,69.45691468069532,33.06193529066566
2019-04-11 → 2020-04-11,7773.957759032041,20164.08152590028,12271.629434238514,16288.262854921204,36.300458008607244,68.71848301190343,32.41802500329619
2019-04-12 → 2020-04-12,7773.957759032041,20164.08152590028,12256.72484724146,16160.83517412893,36.18016391568697,67.69002128553214,31.50985736984517
2019-04-13 → 2020-04-13,7773.957759032041,20164.08152590028,12242.816694679348,16033.401480447414,36.06791198968683,66.6615110294661,30.59359903977927
2019-04-14 → 2020-04-14,7773.957759032041,20164.08152590028,12228.754212727623,15900.682658812935,35.95441447976421,65.59034479955825,29.635930319794042
2019-04-15 → 2020-04-15,7773.957759032041,20164.08152590028,12217.041406094495,15774.152078982981,35.85988106869007,64.56912352517273,28.709242456482656
2019-04-16 → 2020-04-16,7773.957759032041,20164.08152590028,12201.23683072044,15628.65832797177,35.73232321962066,63.39485155058385,27.66252833096319
2019-04-17 → 2020-04-17,7773.957759032041,20164.08152590028,12187.375165436757,15499.331676558673,35.6204464898599,62.35106333791948,26.730616848059576
2019-04-18 → 2020-04-18,7773.957759032041,20164.08152590028,12172.756649667848,15368.260218327492,35.5024612619157,61.29319288644205,25.79073162452635
2019-04-19 → 2020-04-19,7773.957759032041,20164.08152590028,12159.24375788231,15239.243946656139,35.39339946366577,60.251909731415395,24.858510267749622
2019-04-20 → 2020-04-20,7773.957759032041,20164.08152590028,12147.493897560797,15107.36283829485,35.298566994332944,59.18750463875647,23.888937644423528
2019-04-21 → 2020-04-21,7773.957759032041,20164.08152590028,12135.877636981824,14974.02779563595,35.2048128010937,58.111364923223974,22.90655212213027
2019-04-22 → 2020-04-22,7773.957759032041,20164.08152590028,12122.674938324139,14834.128610253692,35.098254554331135,56.9822463767543,21.883991822423162
2019-04-23 → 2020-04-23,7773.957759032041,20164.08152590028,12108.449816564449,14700.074371910765,34.98344438756163,55.90030207284512,20.91685768528349
2019-04-24 → 2020-04-24,7773.957759032041,20164.08152590028,12095.608336339665,14579.835667035513,34.879801514686356,54.929862171374765,20.05006065668841
2019-04-25 → 2020-04-25,7773.957759032041,20164.08152590028,12081.594649537745,14443.00826009485,34.76669782770469,53.8255357779085,19.05883795020381
2019-04-26 → 2020-04-26,7773.957759032041,20164.08152590028,12063.915946915371,14264.897045415742,34.62401400182034,52.38801006766995,17.76399606584961
2019-04-27 → 2020-04-27,7773.957759032041,20164.08152590028,12046.043361532285,14083.953358907265,34.47976535895466,50.9276236347892,16.44785827583454
2019-04-28 → 2020-04-28,7773.957759032041,20164.08152590028,12028.528087949753,13901.212789408914,34.338400559763805,49.45273465920844,15.114334099444633
2019-04-29 → 2020-04-29,7773.957759032041,20164.08152590028,12006.704214485459,13708.427529491164,34.162261290496346,47.89677554576305,13.734514255266703
2019-04-30 → 2020-04-30,7773.957759032041,20164.08152590028,11985.27498526522,13509.533868298779,33.98930717297945,46.291515865272714,12.302208692293263
2019-05-01 → 2020-05-01,7773.957759032041,20164.08152590028,11964.307289583674,13318.99206994622,33.8200780669909,44.75366360537782,10.933585538386914
2019-05-02 → 2020-05-02,7773.957759032041,20164.08152590028,11943.394958656068,13128.253342403557,33.651295806852985,43.214221940939346,9.56292613408636
2019-05-03 → 2020-05-03,7773.957759032041,20164.08152590028,11923.498205437774,12940.638694163848,33.490710217938215,41.69999454684826,8.209284328910044
2019-05-04 → 2020-05-04,7773.957759032041,20164.08152590028,11906.021469655881,12776.345999680838,33.34965645519352,40.373997344767545,7.024340889574027
2019-05-05 → 2020-05-05,7773.957759032041,20164.08152590028,11889.159593559116,12618.846889408924,33.21356519077972,39.10283078311404,5.8892655923343185
2019-05-06 → 2020-05-06,7773.957759032041,20164.08152590028,11870.996562839133,12451.640433660788,33.06697237974944,37.753316775875035,4.686344396125598
2019-05-07 → 2020-05-07,7773.957759032041,20164.08152590028,11850.388311111188,12275.36836063555,32.900644325924404,36.33063467566391,3.429990349739505
2019-05-08 → 2020-05-08,7773.957759032041,20164.08152590028,11831.25342474467,12107.191003540293,32.74620772200858,34.97328457763687,2.2270768556282903
2019-05-09 → 2020-05-09,7773.957759032041,20164.08152590028,11813.768482400505,11944.088612527034,32.605087724556086,33.65689424867662,1.0518065241205363
2019-05-10 → 2020-05-10,7773.957759032041,20164.08152590028,11800.729338495428,11796.045591290827,32.499849519107784,32.4620472558477,-0.03780226326008318
2019-05-11 → 2020-05-11,7773.957759032041,20164.08152590028,11789.583998450253,11661.24970142807,32.40989609931243,31.374117123759703,-1.0357789755527236
2019-05-12 → 2020-05-12,7773.957759032041,20164.08152590028,11783.288851452646,11592.278614498364,32.35908831792092,30.817455316117886,-1.541633001803035
2019-05-13 → 2020-05-13,7773.957759032041,20164.08152590028,11773.26810690214,11495.768664614146,32.278211445832675,30.038528876801042,-2.2396825690316327
2019-05-14 → 2020-05-14,7773.957759032041,20164.08152590028,11766.130363865828,11449.548052225133,32.22060311866326,29.66548488419291,-2.5551182344703527
2019-05-15 → 2020-05-15,7773.957759032041,20164.08152590028,11761.094600165032,11410.38968263508,32.179959749835405,29.34943986053653,-2.8305198892988734
2019-05-16 → 2020-05-16,7773.957759032041,20164.08152590028,11756.928041420997,11383.390524226812,32.14633168588357,29.131531154245284,-3.014800531638283
2019-05-17 → 2020-05-17,7773.957759032041,20164.08152590028,11750.411917590023,11337.102573341155,32.09374041275683,28.757943676374943,-3.3357967363818872
2019-05-18 → 2020-05-18,7773.957759032041,20164.08152590028,11741.236228672067,11258.042488951149,32.01968393769165,28.119854131204963,-3.8998298064866894
2019-05-19 → 2020-05-19,7773.957759032041,20164.08152590028,11731.731952173976,11173.431348520835,31.942975450537496,27.436962321386503,-4.506013129150993
2019-05-20 → 2020-05-20,7773.957759032041,20164.08152590028,11727.217278465288,11139.269202036912,31.906537770062027,27.161241536617,-4.745296233445028
2019-05-21 → 2020-05-21,7773.957759032041,20164.08152590028,11723.12266365058,11091.802765623986,31.873490361563512,26.778142567582858,-5.095347793980654
2019-05-22 → 2020-05-22,7773.957759032041,20164.08152590028,11718.734427270376,11043.013939354285,31.838073149735983,26.38437066354292,-5.4537024861930625
2019-05-23 → 2020-05-23,7773.957759032041,20164.08152590028,11712.869374509632,10975.298835777185,31.79073663501587,25.837845827704125,-5.952890807311746
2019-05-24 → 2020-05-24,7773.957759032041,20164.08152590028,11709.30892589806,10918.265345367694,31.762000452241875,25.377531697816252,-6.3844687544256224
2019-05-25 → 2020-05-25,7773.957759032041,20164.08152590028,11705.778063426487,10864.276010176525,31.733503057558742,24.941786775432675,-6.7917162821260675
2019-05-26 → 2020-05-26,7773.957759032041,20164.08152590028,11702.81878591837,10812.551368647786,31.709618893334092,24.524320069675845,-7.185298823658247
2019-05-27 → 2020-05-27,7773.957759032041,20164.08152590028,11701.32966678344,10791.334278943803,31.69760029559488,24.353078118399146,-7.344522177195735
2019-05-28 → 2020-05-28,7773.957759032041,20164.08152590028,11698.902468983988,10773.207948208967,31.67801051711387,24.206781510908375,-7.471229006205494
2019-05-29 → 2020-05-29,7773.957759032041,20164.08152590028,11696.539256510247,10752.106510516373,31.658937160638928,24.03647298058505,-7.622464180053878
2019-05-30 → 2020-05-30,7773.957759032041,20164.08152590028,11693.173493817392,10727.85674375649,31.631772277089865,23.840754461414747,-7.791017815675119
2019-05-31 → 2020-05-31,7773.957759032041,20164.08152590028,11689.114892559192,10686.39242901186,31.599015532003484,23.506098282632188,-8.092917249371297
2019-06-01 → 2020-06-01,7773.957759032041,20164.08152590028,11683.985061404368,10656.293665568637,31.55761294998456,23.263172836449737,-8.294440113534822
2019-06-02 → 2020-06-02,7773.957759032041,20164.08152590028,11680.778846685369,10622.535926155744,31.53173576926121,22.99071599866445,-8.541019770596762
2019-06-03 → 2020-06-03,7773.957759032041,20164.08152590028,11677.877068215565,10596.33555734254,31.50831567657768,22.77925427878022,-8.729061397797462
2019-06-04 → 2020-06-04,7773.957759032041,20164.08152590028,11672.305897682749,10542.457380565093,31.46335106897858,22.344406509773098,-9.118944559205481
2019-06-05 → 2020-06-05,7773.957759032041,20164.08152590028,11664.947341135858,10458.765652659215,31.40396056824308,21.668935227317686,-9.735025340925393
2019-06-06 → 2020-06-06,7773.957759032041,20164.08152590028,11658.189242811943,10380.958602617375,31.349416332438217,21.040958852699866,-10.308457479738351
2019-06-07 → 2020-06-07,7773.957759032041,20164.08152590028,11651.104920641446,10299.615527189153,31.292239162106473,20.384443413800565,-10.907795748305908
2019-06-08 → 2020-06-08,7773.957759032041,20164.08152590028,11645.03792845984,10245.109119769753,31.243272805548923,19.94452523021347,-11.298747575335454
2019-06-09 → 2020-06-09,7773.957759032041,20164.08152590028,11638.582303185653,10186.007776034709,31.191169812910136,19.46752157111295,-11.723648241797186
2019-06-10 → 2020-06-10,7773.957759032041,20164.08152590028,11630.445067540979,10134.621411323586,31.125494636472972,19.052785078742048,-12.072709557730924
2019-06-11 → 2020-06-11,7773.957759032041,20164.08152590028,11625.726672478911,10093.518470132516,31.087412732281795,18.721045525816994,-12.366367206464801
2019-06-12 → 2020-06-12,7773.957759032041,20164.08152590028,11620.148500954843,10049.794853771466,31.042391620071562,18.368154649311226,-12.674236970760337
2019-06-13 → 2020-06-13,7773.957759032041,20164.08152590028,11615.50138930056,10011.972528100763,31.004885040301065,18.06289276184049,-12.941992278460575
2019-06-14 → 2020-06-14,7773.957759032041,20164.08152590028,11611.568642277176,9976.076987582146,30.973144057746076,17.773181850198082,-13.199962207547994
2019-06-15 → 2020-06-15,7773.957759032041,20164.08152590028,11609.102099781074,9951.80037331919,30.95323673040607,17.577246646323264,-13.375990084082805
2019-06-16 → 2020-06-16,7773.957759032041,20164.08152590028,11606.937009391002,9930.885317943803,30.93576240625233,17.40844239731878,-13.52732000893355
2019-06-17 → 2020-06-17,7773.957759032041,20164.08152590028,11605.564817406907,9913.665060466112,30.924687521046064,17.269458656706448,-13.655228864339616
2019-06-18 → 2020-06-18,7773.957759032041,20164.08152590028,11605.411290135815,9903.34307683083,30.92344841097759,17.186150500714632,-13.737297910262956
2019-06-19 → 2020-06-19,7773.957759032041,20164.08152590028,11604.636585769766,9886.541337225488,30.917195815114738,17.05054459457937,-13.866651220535367
2019-06-20 → 2020-06-20,7773.957759032041,20164.08152590028,11604.410039118955,9874.82376599283,30.915367369692614,16.955972728687357,-13.959394641005257
2019-06-21 → 2020-06-21,7773.957759032041,20164.08152590028,11605.215283525235,9868.467393302759,30.92186645252206,16.904670798136273,-14.017195654385787
2019-06-22 → 2020-06-22,7773.957759032041,20164.08152590028,11606.32821336753,9872.403538832474,30.930848847397492,16.9364392098469,-13.994409637550593
2019-06-23 → 2020-06-23,7773.957759032041,20164.08152590028,11609.176450113424,9886.806889681531,30.953836807804404,17.052687853686702,-13.901148954117701
2019-06-24 → 2020-06-24,7773.957759032041,20164.08152590028,11613.254962336632,9903.277134710916,30.986754253182262,17.18561828553135,-13.80113596765091
2019-06-25 → 2020-06-25,7773.957759032041,20164.08152590028,11617.959982797222,9923.35297791381,31.024728211708574,17.34764929975397,-13.677078911954602
2019-06-26 → 2020-06-26,7773.957759032041,20164.08152590028,11624.471795457153,9954.14767207542,31.07728468961354,17.59619156406901,-13.481093125544529
2019-06-27 → 2020-06-27,7949.689521114651,20164.08152590028,11633.557573096929,9999.358704430837,30.160060775345414,16.780771261583222,-13.379289513762192
2019-06-28 → 2020-06-28,7949.689521114651,20164.08152590028,11638.947806785984,10022.80658999526,30.20419095953259,16.972740583963215,-13.231450375569374
2019-06-29 → 2020-06-29,7949.689521114651,20164.08152590028,11646.567480849975,10063.384649826621,30.26657371309909,17.304955726685527,-12.961617986413561
2019-06-30 → 2020-06-30,7949.689521114651,20164.08152590028,11653.55389396721,10100.895950801729,30.323771919235725,17.61206312065496,-12.711708798580766
2019-07-01 → 2020-07-01,7949.689521114651,20164.08152590028,11657.908324755284,10122.808856235515,30.35942191954985,17.791465463605803,-12.567956455944046
2019-07-02 → 2020-07-02,7949.689521114651,20164.08152590028,11662.08994276576,10140.603970893826,30.393657090722005,17.93715519299503,-12.456501897726977
2019-07-03 → 2020-07-03,7949.689521114651,20164.08152590028,11666.833685486312,10162.052489313657,30.432494412454375,18.112755570086474,-12.3197388423679
2019-07-04 → 2020-07-04,7949.689521114651,20164.08152590028,11673.892695132461,10192.408018080994,30.490286970965542,18.361278204331743,-12.129008766633799
2019-07-05 → 2020-07-05,7949.689521114651,20164.08152590028,11679.524160335464,10215.032537674026,30.53639213281721,18.54650657741955,-11.98988555539766
2019-07-06 → 2020-07-06,7949.689521114651,20164.08152590028,11683.926389332364,10235.936483128819,30.572433460090597,18.717648501197683,-11.854784958892914
2019-07-07 → 2020-07-07,7949.689521114651,20164.08152590028,11689.066088426927,10257.03210630653,30.61451250170437,18.890359702618483,-11.72415279908589
2019-07-08 → 2020-07-08,7949.689521114651,20164.08152590028,11694.16257100368,10280.713606892841,30.65623772695305,19.084241645960674,-11.571996080992378
2019-07-09 → 2020-07-09,7949.689521114651,20164.08152590028,11701.561321465515,10310.054597834693,30.716811765013524,19.32445819485116,-11.392353570162363
2019-07-10 → 2020-07-10,8259.832572139929,20164.08152590028,11709.245554041227,10340.554038082251,28.976317576185153,17.47881343900371,-11.497504137181444
2019-07-11 → 2020-07-11,8356.122186429126,20164.08152590028,11716.237359956967,10368.00980454331,28.456357927112673,17.038402320618854,-11.41795560649382
2019-07-12 → 2020-07-12,8356.122186429126,20164.08152590028,11721.446026298489,10389.34919598284,28.500469413202485,17.21912272137598,-11.281346691826503
2019-07-13 → 2020-07-13,8356.122186429126,20164.08152590028,11727.880495086376,10413.591593146666,28.554962053318366,17.42442828236982,-11.130533770948546
2019-07-14 → 2020-07-14,8356.122186429126,20164.08152590028,11733.291097782037,10434.584965300626,28.600783710897886,17.602218292907747,-10.99856541799014
2019-07-15 → 2020-07-15,8356.122186429126,20164.08152590028,11736.421120811645,10446.702210297475,28.62729144978503,17.70483759103104,-10.92245385875399
2019-07-16 → 2020-07-16,8356.122186429126,20164.08152590028,11741.319299888615,10464.646894134099,28.668773461504,17.856808675286377,-10.811964786217622
2019-07-17 → 2020-07-17,8356.122186429126,20164.08152590028,11742.307993979506,10468.736141467278,28.6771465771497,17.891439954202706,-10.785706622946993
2019-07-18 → 2020-07-18,8356.122186429126,20164.08152590028,11743.839504467907,10475.653583855325,28.69011673096181,17.950022831981794,-10.740093898980017
2019-07-19 → 2020-07-19,8356.122186429126,20164.08152590028,11747.882984831911,10500.982729806947,28.724360415647336,18.164531920499343,-10.559828495147993
2019-07-20 → 2020-07-20,8356.122186429126,20164.08152590028,11751.735239471649,10516.80526269494,28.756984635709316,18.29853079730019,-10.458453838409124
2019-07-21 → 2020-07-21,8356.122186429126,20164.08152590028,11755.673622051523,10527.967073993326,28.790338261570042,18.393058657512885,-10.397279604057157
2019-07-22 → 2020-07-22,8356.122186429126,20164.08152590028,11758.531013724709,10536.666743343916,28.81453712261824,18.46673497278871,-10.34780214982953
2019-07-23 → 2020-07-23,8356.122186429126,20164.08152590028,11760.480484432828,10544.542675123916,28.83104692462613,18.533435166730538,-10.297611757895591
2019-07-24 → 2020-07-24,8356.122186429126,20164.08152590028,11761.401829767921,10551.171088331108,28.838849672828466,18.5895702957281,-10.249279377100365
2019-07-25 → 2020-07-25,8356.122186429126,20164.08152590028,11761.660890085344,10557.315328203445,28.841043619385832,18.64160502667267,-10.199438592713161
2019-07-26 → 2020-07-26,8356.122186429126,20164.08152590028,11761.559124243453,10563.69344434025,28.8401817783262,18.6956204238589,-10.1445613544673
2019-07-27 → 2020-07-27,8356.122186429126,20164.08152590028,11758.525391283325,10570.069462094332,28.81448950692765,18.74961805012756,-10.064871456800091
2019-07-28 → 2020-07-28,8356.122186429126,20164.08152590028,11754.577643712444,10574.98068110252,28.781056570233122,18.791210495248624,-9.989846074984499
2019-07-29 → 2020-07-29,8356.122186429126,20164.08152590028,11750.498120145974,10580.198054754233,28.746507640573167,18.835395722362964,-9.911111918210203
2019-07-30 → 2020-07-30,8356.122186429126,20164.08152590028,11746.29830217258,10585.342477424452,28.71093995395897,18.878963137547245,-9.831976816411725
2019-07-31 → 2020-07-31,8356.122186429126,20164.08152590028,11741.914778530681,10591.53351403548,28.67381648904963,18.931394183700434,-9.742422305349198
2019-08-01 → 2020-08-01,8356.122186429126,20164.08152590028,11737.922873952688,10601.650390713628,28.640009592673817,19.017072634881497,-9.62293695779232
2019-08-02 → 2020-08-02,8356.122186429126,20164.08152590028,11736.284628175494,10616.69867833085,28.626135512232853,19.144514533897173,-9.48162097833568
2019-08-03 → 2020-08-03,8356.122186429126,20164.08152590028,11734.657753187854,10652.887847024644,28.612357729460502,19.450995676433145,-9.161362053027357
2019-08-04 → 2020-08-04,8356.122186429126,20164.08152590028,11733.77525964992,10696.891259785523,28.604884011838656,19.82365458806902,-8.781229423769638
2019-08-05 → 2020-08-05,8356.122186429126,20164.08152590028,11732.220228776376,10748.524593269363,28.591714667087054,20.2609302594989,-8.330784407588155
2019-08-06 → 2020-08-06,8356.122186429126,20164.08152590028,11732.260905844405,10819.633136621038,28.59205915563804,20.86313883176232,-7.72892032387572
2019-08-07 → 2020-08-07,8356.122186429126,20164.08152590028,11731.900058560776,10884.74144588576,28.589003189122103,21.41453223847131,-7.174470950650793
2019-08-08 → 2020-08-08,8376.447880236941,20164.08152590028,11732.334889730779,10963.18249470225,28.469556404380324,21.944477511115785,-6.5250788932645385
2019-08-09 → 2020-08-09,8432.882742158143,20164.08152590028,11732.838477561168,11047.100986424395,28.129740159005063,22.284323132340123,-5.84541702666494
2019-08-10 → 2020-08-10,8424.337559445135,20164.08152590028,11732.815193684566,11131.654808296784,28.181855104276487,23.061126857514694,-5.120728246761793
2019-08-11 → 2020-08-11,8424.337559445135,20164.08152590028,11732.627064815613,11203.909591101645,28.180252608774964,23.676598396002415,-4.503654212772549
2019-08-12 → 2020-08-12,8424.337559445135,20164.08152590028,11732.534548055233,11242.899321030667,28.179464544225652,24.008715774715533,-4.170748769510119
2019-08-13 → 2020-08-13,8424.337559445135,20164.08152590028,11731.744267486543,11280.831815282048,28.172732876389045,24.331827542397765,-3.84090533399128
2019-08-14 → 2020-08-14,8424.337559445135,20164.08152590028,11729.812034437196,11313.505278705645,28.15627397358104,24.61014249983599,-3.5461314737450493
2019-08-15 → 2020-08-15,8424.337559445135,20164.08152590028,11725.59163536025,11338.928656267692,28.12032430475516,24.826700694245435,-3.2936236105097265
2019-08-16 → 2020-08-16,8403.613626954813,20164.08152590028,11722.06131754612,11369.068656782314,28.216969929307524,25.215451079913294,-3.0015188493942304
2019-08-17 → 2020-08-17,8119.675958083712,20164.08152590028,11717.918436095817,11400.525908398648,29.874803349588642,27.239617030844414,-2.6351863187442284
2019-08-18 → 2020-08-18,8119.675958083712,20164.08152590028,11713.943940073144,11437.671673247947,29.841804659862575,27.548023823028135,-2.29378083683444
2019-08-19 → 2020-08-19,8119.675958083712,20164.08152590028,11710.78551955732,11477.897629568266,29.815581526657358,27.88200424318108,-1.9335772834762786
2019-08-20 → 2020-08-20,8119.675958083712,20164.08152590028,11708.712203757033,11528.941703661338,29.798367594524205,28.305803274238823,-1.492564320285382
2019-08-21 → 2020-08-21,8119.675958083712,20164.08152590028,11707.058703545905,11578.963119518416,29.784639227426148,28.721111572979098,-1.06352765444705
2019-08-22 → 2020-08-22,8119.675958083712,20164.08152590028,11703.396217942867,11617.199204388166,29.754231038475552,29.038570866876668,-0.7156601715988842
2019-08-23 → 2020-08-23,8119.675958083712,20164.08152590028,11699.82810847205,11656.589288427716,29.72460641772754,29.36561136561912,-0.3589950521084191
2019-08-24 → 2020-08-24,8119.675958083712,20164.08152590028,11696.81131050083,11704.997622321127,29.699559121252573,29.767526874199806,0.0679677529472329
2019-08-25 → 2020-08-25,8119.675958083712,20164.08152590028,11693.947468150593,11748.847544916833,29.675781755619102,30.131595672355154,0.45581391673605154
2019-08-26 → 2020-08-26,8119.675958083712,20164.08152590028,11690.72185012679,11792.552140859787,29.64900070772396,30.49445788001558,0.8454571722916207
2019-08-27 → 2020-08-27,8119.675958083712,20164.08152590028,11688.509407078096,11868.461177969231,29.630631656331285,31.124700997303812,1.4940693409725263
2019-08-28 → 2020-08-28,8119.675958083712,20164.08152590028,11685.34880252786,11940.5835016792,29.60439038994051,31.723504510718243,2.119114120777734
2019-08-29 → 2020-08-29,8119.675958083712,20164.08152590028,11681.042685180228,11999.908524299984,29.568638377743756,32.21605702637999,2.6474186486362363
2019-08-30 → 2020-08-30,8119.675958083712,20164.08152590028,11675.598012823391,12052.30001974199,29.523433387541626,32.6510431711674,3.1276097836257755
2019-08-31 → 2020-08-31,8119.675958083712,20164.08152590028,11670.480605865238,12109.9576702085,29.48094555425388,33.12975214639964,3.6488065921457604
2019-09-01 → 2020-09-01,8119.675958083712,20164.08152590028,11664.875010811576,12170.487404703701,29.434404485688077,33.63230691470586,4.19790242901778
2019-09-02 → 2020-09-02,8119.675958083712,20164.08152590028,11660.83672971784,12238.634469419838,29.40087621340432,34.19810540374238,4.7972291903380615
2019-09-03 → 2020-09-03,8119.675958083712,20164.08152590028,11661.13315196534,12329.40655960628,29.403337291668674,34.951750651532684,5.548413359864011
2019-09-04 → 2020-09-04,8119.675958083712,20164.08152590028,11661.492902719867,12430.431779601324,29.406324161817654,35.790523635605815,6.384199473788161
2019-09-05 → 2020-09-05,8119.675958083712,20164.08152590028,11662.633853974521,12533.422988716778,29.41579703491405,36.64561946026531,7.229822425351259
2019-09-06 → 2020-09-06,8119.675958083712,20164.08152590028,11663.454908038162,12639.72464410893,29.422613926449444,37.52820062870583,8.105586702256389
2019-09-07 → 2020-09-07,8119.675958083712,20164.08152590028,11663.360709196593,12741.654701785137,29.421831830221954,38.37448612700033,8.952654296778377
2019-09-08 → 2020-09-08,8119.675958083712,20164.08152590028,11664.351819704909,12851.8608575918,29.430060634065665,39.289484838942926,9.85942420487726
2019-09-09 → 2020-09-09,8119.675958083712,20164.08152590028,11664.823443755136,12962.777786726081,29.433976344538642,40.210384824498526,10.776408479959883
2019-09-10 → 2020-09-10,8119.675958083712,20164.08152590028,11664.817915969363,13074.766343854464,29.43393044949017,41.14018211916638,11.706251669676213
2019-09-11 → 2020-09-11,8119.675958083712,20164.08152590028,11664.034861774973,13182.204623755879,29.427429056042563,42.03220023742451,12.604771181381949
2019-09-12 → 2020-09-12,8119.675958083712,20164.08152590028,11663.275933794604,13294.806324600875,29.421127973136514,42.96708822513787,13.545960252001358
2019-09-13 → 2020-09-13,8119.675958083712,20164.08152590028,11663.481041110907,13419.208059766774,29.42283089915596,43.99994729373572,14.577116394579761
2019-09-14 → 2020-09-14,8119.675958083712,20164.08152590028,11662.6970658304,13545.574485381288,29.416321858289706,45.049118420554755,15.63279656226505
2019-09-15 → 2020-09-15,8119.675958083712,20164.08152590028,11661.682561449945,13676.37704166377,29.407898824253344,46.13512100944129,16.727222185187948
2019-09-16 → 2020-09-16,8119.675958083712,20164.08152590028,11660.08648579332,13757.246769469002,29.394647230825683,46.806550806037656,17.411903575211973
2019-09-17 → 2020-09-17,8119.675958083712,20164.08152590028,11658.438553896958,13838.431129671573,29.380965095272522,47.48059287266733,18.099627777394808
2019-09-18 → 2020-09-18,8119.675958083712,20164.08152590028,11656.665455116192,13919.709358359898,29.36624374791517,48.15541429270907,18.789170544793897
2019-09-19 → 2020-09-19,8119.675958083712,20164.08152590028,11654.4559137241,14001.639045437536,29.347898787845107,48.83564451757428,19.487745729729173
2019-09-20 → 2020-09-20,8119.675958083712,20164.08152590028,11652.869715425137,14086.97385359095,29.33472920226422,49.54414613413752,20.2094169318733
2019-09-21 → 2020-09-21,8119.675958083712,20164.08152590028,11652.138743240874,14092.883576705377,29.32866022542558,49.59321225932862,20.264552033903037
2019-09-22 → 2020-09-22,8119.675958083712,20164.08152590028,11650.755191078973,14099.007267492274,29.317173131653202,49.64405487461932,20.32688174296612
2019-09-23 → 2020-09-23,8119.675958083712,20164.08152590028,11650.261492701973,14105.21461514871,29.31307414665788,49.69559206025696,20.382517913599084
2019-09-24 → 2020-09-24,8119.675958083712,20164.08152590028,11647.522576967898,14110.609311994343,29.290333997975132,49.74038212328878,20.45004812531365
2019-09-25 → 2020-09-25,8119.675958083712,20164.08152590028,11641.393591467253,14113.242855365133,29.239447422742042,49.76224740635287,20.522799983610827
2019-09-26 → 2020-09-26,8119.675958083712,20164.08152590028,11634.414310751488,14115.513532453293,29.18150117810201,49.78109995225374,20.59959877415173
2019-09-27 → 2020-09-27,8119.675958083712,20164.08152590028,11626.06648028812,14116.668184390219,29.112192398881938,49.790686576769374,20.678494177887437
2019-09-28 → 2020-09-28,8119.675958083712,20164.08152590028,11618.184000241345,14118.103192551176,29.046747242602596,49.802600889625054,20.75585364702246
2019-09-29 → 2020-09-29,8119.675958083712,20164.08152590028,11610.096644378915,14119.5510570925,28.979601082363356,49.81462194399068,20.835020861627324
2019-09-30 → 2020-09-30,8119.675958083712,20164.08152590028,11601.603487969702,14120.501015916372,28.90908571851753,49.822509081454825,20.913423362937294
2019-10-01 → 2020-10-01,8119.675958083712,20164.08152590028,11594.394308516865,14122.137079470922,28.849230714364392,49.83609267879665,20.98686196443226
2019-10-02 → 2020-10-02,8119.675958083712,20164.08152590028,11587.401219301373,14123.840868586865,28.791169823138862,49.85023857504991,21.059068751911045
2019-10-03 → 2020-10-03,8119.675958083712,20164.08152590028,11580.631320539671,14125.660965593279,28.734961995167748,49.865350130337255,21.130388135169508
2019-10-04 → 2020-10-04,8119.675958083712,20164.08152590028,11573.168329013202,14127.097836392102,28.67299968839845,49.877279907948385,21.204280219549936
2019-10-05 → 2020-10-05,8119.675958083712,20164.08152590028,11565.093154952547,14128.289930249626,28.605954668906303,49.88717739812183,21.281222729215525
2019-10-06 → 2020-10-06,8119.675958083712,20164.08152590028,11557.340140628,14129.366911160667,28.541584416004305,49.89611915041485,21.354534734410542
2019-10-07 → 2020-10-07,8119.675958083712,20164.08152590028,11548.193435005656,14129.394823836512,28.46564288804061,49.89635089847155,21.430708010430944
2019-10-08 → 2020-10-08,8119.675958083712,20164.08152590028,11540.061667762955,14130.679621501858,28.3981279974392,49.90701807219061,21.50889007475141
2019-10-09 → 2020-10-09,8119.675958083712,20164.08152590028,11531.397459610012,14131.80820729521,28.32619245770535,49.916388279686494,21.590195821981144
2019-10-10 → 2020-10-10,8119.675958083712,20164.08152590028,11523.814789220587,14134.229802595315,28.263236504032662,49.9364938406166,21.673257336583937
2019-10-11 → 2020-10-11,8119.675958083712,20164.08152590028,11515.997573443457,14136.566233287529,28.19833321151968,49.9558923130365,21.75755910151682
2019-10-12 → 2020-10-12,8119.675958083712,20164.08152590028,11506.723100564264,14137.9520082198,28.121330881874,49.967397861603985,21.846066979729983
2019-10-13 → 2020-10-13,8119.675958083712,20164.08152590028,11497.81653131061,14139.408838008198,28.047383112484248,49.979493350918055,21.932110238433808
2019-10-14 → 2020-10-14,8119.675958083712,20164.08152590028,11488.818925797586,14140.726959566855,27.97267950455307,49.990437199921104,22.017757695368033
2019-10-15 → 2020-10-15,8119.675958083712,20164.08152590028,11479.861002249263,14142.191848859546,27.89830536049187,50.002599604154696,22.104294243662824
2019-10-16 → 2020-10-16,8119.675958083712,20164.08152590028,11470.502141251936,14143.010332681113,27.820602389227485,50.009395155973,22.188792766745518
2019-10-17 → 2020-10-17,8119.675958083712,20164.08152590028,11460.438566286355,14143.255417672763,27.737048452846665,50.01143000103255,22.274381548185886
2019-10-18 → 2020-10-18,8119.675958083712,20164.08152590028,11450.399747916175,14143.713939620071,27.65370006081805,50.01523692985711,22.36153686903906
2019-10-19 → 2020-10-19,8119.675958083712,20164.08152590028,11439.363792538648,14143.742028461365,27.562072829275667,50.01547014054681,22.453397311271143
2019-10-20 → 2020-10-20,8119.675958083712,20164.08152590028,11427.923969761412,14143.696570309383,27.467092444292586,50.01509271924755,22.548000274954962
2019-10-21 → 2020-10-21,7783.015373161113,20164.08152590028,11415.957342004818,14144.530264264135,29.34272318737235,51.38099427483965,22.0382710874673
2019-10-22 → 2020-10-22,7693.7876564062535,20164.08152590028,11403.739287186074,14145.325408167484,29.750314383973286,51.735250341963244,21.984935957989958
2019-10-23 → 2020-10-23,7693.7876564062535,20164.08152590028,11390.838553028612,14145.461646552762,29.646862658677374,51.736342845369364,22.08948018669199
2019-10-24 → 2020-10-24,7625.51584411094,20164.08152590028,11375.081495320612,14143.412242390534,29.904262946562028,51.98279104400277,22.07852809744074
2019-10-25 → 2020-10-25,7625.51584411094,20164.08152590028,11359.421546703938,14141.365310896395,29.779368688206638,51.96646595909205,22.18709727088541
2019-10-26 → 2020-10-26,7625.51584411094,20164.08152590028,11348.77596241986,14143.532222647562,29.694465960460526,51.98374793381036,22.289281973349837
2019-10-27 → 2020-10-27,7312.334103610285,20164.08152590028,11339.242203383734,14147.263649723753,31.33354529508729,53.18288106299853,21.849335767911242
2019-10-28 → 2020-10-28,7312.334103610285,20164.08152590028,11331.23675178032,14151.758318835444,31.271254531501867,53.21785427686589,21.946599745364026
2019-10-29 → 2020-10-29,7312.334103610285,20164.08152590028,11322.218960572234,14155.615325901621,31.20108670986817,53.247865814903804,22.046779105035633
2019-10-30 → 2020-10-30,7312.334103610285,20164.08152590028,11313.358096736503,14159.73266246603,31.13213994687497,53.27990298797546,22.14776304110049
2019-10-31 → 2020-10-31,7242.580434070226,20164.08152590028,11303.42000707435,14163.173885197322,31.42699554908286,53.55874214570021,22.131746596617347
2019-11-01 → 2020-11-01,7242.580434070226,20164.08152590028,11293.493579439506,14166.51225936789,31.350174539168457,53.58457795337335,22.23440341420489
2019-11-02 → 2020-11-02,7242.580434070226,20164.08152590028,11284.082525543057,14170.075185425092,31.27734202667965,53.61215157683924,22.334809550159587
2019-11-03 → 2020-11-03,7144.431265907445,20164.08152590028,11274.25136406147,14173.735346729565,31.719900425008024,53.98996087031595,22.270060445307923
2019-11-04 → 2020-11-04,7077.567494964144,20164.08152590028,11263.949942351956,14177.129010405251,31.9900505015417,54.25097545960635,22.260924958064653
2019-11-05 → 2020-11-05,6407.600199675989,20164.08152590028,11252.478663338128,14181.033658803342,35.21887864178056,56.50742566203088,21.28854702025032
2019-11-06 → 2020-11-06,6402.469828495783,20164.08152590028,11240.721879920895,14184.684750830284,35.157597509727935,56.550170819034676,21.39257330930674
2019-11-07 → 2020-11-07,6402.469828495783,20164.08152590028,11229.923653309972,14188.353962134053,35.07913121632888,56.57683347588366,21.497702259554778
2019-11-08 → 2020-11-08,6402.469828495783,20164.08152590028,11217.920196425735,14191.612585325336,34.99190700779741,56.60051255696031,21.608605549162903
2019-11-09 → 2020-11-09,6402.469828495783,20164.08152590028,11204.712168553911,14193.67426461105,34.89592967489305,56.61549393654759,21.71956426165454
2019-11-10 → 2020-11-10,6402.469828495783,20164.08152590028,11191.573195005307,14195.767487339943,34.800454131493694,56.630704529426666,21.83025039793297
2019-11-11 → 2020-11-11,6356.777531253977,20164.08152590028,11178.762205303796,14198.490651172098,34.92343382835283,56.79394849971216,21.87051467135933
2019-11-12 → 2020-11-12,6138.805175373268,20164.08152590028,11164.217180460791,14200.253189194182,35.83110863194285,57.47799766895857,21.646889037015725
2019-11-13 → 2020-11-13,6123.675176321391,20164.08152590028,11149.900456490093,14202.214893603192,35.798289273297655,57.5377914010594,21.739502127761746
2019-11-14 → 2020-11-14,6123.675176321391,20164.08152590028,11135.741443793217,14204.087243399661,35.69744452319325,57.55112683986261,21.853682316669364
2019-11-15 → 2020-11-15,6123.675176321391,20164.08152590028,11121.268368110348,14205.57399152217,35.594362921973755,57.561715907482814,21.96735298550906
2019-11-16 → 2020-11-16,5972.626042987401,20164.08152590028,11105.356929338519,14206.477713367649,36.16775525619022,58.019782962319546,21.852027706129327
2019-11-17 → 2020-11-17,5655.414725551787,20164.08152590028,11088.62600025691,14207.340010637992,37.448039502668976,58.94356389024517,21.495524387576197
2019-11-18 → 2020-11-18,5616.4976680534255,20164.08152590028,11071.892842252413,14208.263620605612,37.50035213755712,59.059745154298284,21.55939301674116
2019-11-19 → 2020-11-19,5612.091559467427,20164.08152590028,11053.88856721122,14208.130856940657,37.39555222547852,59.071228864930205,21.675676639451687
2019-11-20 → 2020-11-20,5357.970897160188,20164.08152590028,11034.918202407358,14207.689738834992,38.34192143767767,59.7707194251044,21.428797987426734
2019-11-21 → 2020-11-21,5345.709910393248,20164.08152590028,11015.747065527083,14207.090247777447,38.26356432578794,59.799960260889925,21.536395935101986
2019-11-22 → 2020-11-22,5345.709910393248,20164.08152590028,10994.694733367052,14204.798007683323,38.12149519224023,59.78449135409233,21.6629961618521
2019-11-23 → 2020-11-23,5345.709910393248,20164.08152590028,10972.083715042812,14201.149738265603,37.96890745243366,59.759871446369814,21.790963993936153
2019-11-24 → 2020-11-24,5221.8636584287715,20164.08152590028,10949.112819125421,14197.673126681697,38.32931102660868,60.070128463277406,21.740817436668728
2019-11-25 → 2020-11-25,5221.8636584287715,20164.08152590028,10924.403238913721,14192.518383856448,38.16394347253565,60.03563062051425,21.871687147978598
2019-11-26 → 2020-11-26,5221.8636584287715,20164.08152590028,10902.157434004199,14188.219951061727,38.01506460390431,60.00686358718059,21.991798983276283
2019-11-27 → 2020-11-27,5221.8636584287715,20164.08152590028,10880.063492693815,14184.011781899928,37.867202074349834,59.97870063841943,22.1114985640696
2019-11-28 → 2020-11-28,5221.8636584287715,20164.08152590028,10859.217510513634,14181.246926704473,37.72769144503715,59.96019699177221,22.232505546735055
2019-11-29 → 2020-11-29,5221.8636584287715,20164.08152590028,10837.55479139021,14177.70684812816,37.58271484708122,59.93650520379461,22.35379035671339
2019-11-30 → 2020-11-30,5085.329901629869,20164.08152590028,10816.242358117042,14175.030070754898,38.00654456873491,60.28151663758727,22.274972068852364
2019-12-01 → 2020-12-01,5085.329901629869,20164.08152590028,10794.659656126089,14171.802528324652,37.863411353673435,60.260112064379435,22.396700710706
2019-12-02 → 2020-12-02,5085.329901629869,20164.08152590028,10772.10675087388,14168.15752393654,37.71384389733369,60.23593894661121,22.522095049277524
2019-12-03 → 2020-12-03,5085.329901629869,20164.08152590028,10748.868801311522,14164.13409602852,37.55973333074704,60.2092561812983,22.649522850551264
2019-12-04 → 2020-12-04,5085.329901629869,20164.08152590028,10726.121221914915,14160.066319047648,37.40887482492754,60.18227929964236,22.773404474714823
2019-12-05 → 2020-12-05,5085.329901629869,20164.08152590028,10702.610647588735,14155.724074107267,37.25295625214372,60.153482187994264,22.900525935850546
2019-12-06 → 2020-12-06,5085.329901629869,20164.08152590028,10679.886447131212,14151.891576820968,37.10225279191199,60.128065645684956,23.02581285377297
2019-12-07 → 2020-12-07,5085.329901629869,20164.08152590028,10657.92562442483,14148.380480035961,36.95661193745933,60.10478058288601,23.14816864542668
2019-12-08 → 2020-12-08,5085.329901629869,20164.08152590028,10636.509675235173,14144.799581183092,36.81458460175346,60.08103260333109,23.26644800157763
2019-12-09 → 2020-12-09,5085.329901629869,20164.08152590028,10614.988111875688,14141.261740275373,36.67185684884821,60.05757017755558,23.385713328707375
2019-12-10 → 2020-12-10,5085.329901629869,20164.08152590028,10592.76049338751,14137.204930072516,36.5244466451255,60.03066602591262,23.506219380787122
2019-12-11 → 2020-12-11,5085.329901629869,20164.08152590028,10570.17003250639,14132.833906572516,36.37463012553538,60.00167805921011,23.627047933674724
2019-12-12 → 2020-12-12,5085.329901629869,20164.08152590028,10546.811449789215,14128.324861732164,36.219719538112635,59.97177475585512,23.752055217742488
2019-12-13 → 2020-12-13,5085.329901629869,20164.08152590028,10523.153621738917,14123.852033656742,36.062824400903665,59.94211163660707,23.87928723570341
2019-12-14 → 2020-12-14,5085.329901629869,20164.08152590028,10499.671606646985,14119.536733923784,35.90709522864158,59.913493221498946,24.006397992857366
2019-12-15 → 2020-12-15,5085.329901629869,20164.08152590028,10475.159175514988,14114.63072483431,35.74453249305979,59.88095731128754,24.136424818227745
2019-12-16 → 2020-12-16,4679.299457808105,20164.08152590028,10449.592817541467,14109.835000883664,37.26428524702058,60.90195846222498,23.6376732152044
2019-12-17 → 2020-12-17,4388.030478306353,20164.08152590028,10421.958502611838,14104.323457253935,38.247391607076125,61.588878925626034,23.34148731854991
2019-12-18 → 2020-12-18,4338.627336619999,20164.08152590028,10392.55157661991,14097.889567570608,38.25434750618829,61.66813359177558,23.41378608558729
2019-12-19 → 2020-12-19,4191.681658854675,20164.08152590028,10366.568306788744,14093.554941182725,38.65972990492273,61.99364757175708,23.333917666834353
2019-12-20 → 2020-12-20,4191.681658854675,20164.08152590028,10340.01964497684,14088.814151889403,38.493514044858514,61.96396643847226,23.470452393613748
2019-12-21 → 2020-12-21,4191.681658854675,20164.08152590028,10313.971392596799,14084.18281064234,38.33043114813125,61.934970537508015,23.604539389376768
2019-12-22 → 2020-12-22,4191.681658854675,20164.08152590028,10287.280078419064,14079.411491019055,38.16332217014477,61.90509825993543,23.741776089790662
2019-12-23 → 2020-12-23,4191.681658854675,20164.08152590028,10262.540172420282,14075.584892950783,38.00843056835219,61.88114069501016,23.87271012665797
2019-12-24 → 2020-12-24,4191.681658854675,20164.08152590028,10236.818405195741,14071.319470891893,37.84739172986424,61.8544357408743,24.00704401101006
2019-12-25 → 2020-12-25,4053.6435971072774,20164.08152590028,10210.205721875314,14066.74304544747,38.214740977120584,62.152869416693605,23.93812843957302
2019-12-26 → 2020-12-26,3776.7105818552927,20164.08152590028,10182.605655538575,14062.046655604645,39.09043796931393,62.763796028471205,23.673358059157273
2019-12-27 → 2020-12-27,3776.7105818552927,20164.08152590028,10155.042222511767,14057.339393459193,38.92223873149279,62.73507109045933,23.81283235896654
2019-12-28 → 2020-12-28,3698.313887885281,20164.08152590028,10127.469254662983,14052.724490213857,39.045585411605856,62.884469342462026,23.83888393085617
2019-12-29 → 2020-12-29,3672.257825996902,20164.08152590028,10100.18337642427,14048.247017876256,38.97643867284991,62.915959936802764,23.939521263952855
2019-12-30 → 2020-12-30,3466.851770511931,20164.08152590028,10072.766324239383,14043.898693926629,39.562937388435124,63.34611835835455,23.783180969919428
2019-12-31 → 2020-12-31,3445.582199456053,20164.08152590028,10044.464335383418,14039.166083712962,39.47054102810343,63.36444245029021,23.89390142218678
2020-01-01 → 2021-01-01,3403.5956029317167,20164.08152590028,10015.721897391408,14034.328470557484,39.45068373822286,63.427354770528545,23.97667103230569
2020-01-02 → 2021-01-02,3122.7866217482774,20164.08152590028,9986.23147292991,14029.478674333532,40.275371618088705,64.0015451521111,23.7261735340224
2020-01-03 → 2021-01-03,3005.0031524953233,20164.08152590028,9955.195882571908,14024.315476150103,40.50446404422725,64.21855582135304,23.714091777125788
2020-01-04 → 2021-01-04,3005.0031524953233,20164.08152590028,9926.515991428085,14019.651608866305,40.337322834660455,64.19137564778949,23.85405281312903
2020-01-05 → 2021-01-05,2940.0372777058974,20164.08152590028,9897.42043201268,14015.019680945132,40.39343521215194,64.29954686397325,23.906111651821305
2020-01-06 → 2021-01-06,2729.013511226157,20164.08152590028,9867.761830517253,14010.39026915151,40.944768975279075,64.70509176351045,23.760322788231377
2020-01-07 → 2021-01-07,2550.002284036006,20164.08152590028,9839.622934417941,14006.259844281356,41.38519277837881,65.04034302864201,23.655150250263205
2020-01-08 → 2021-01-08,2452.4588062512476,20164.08152590028,9812.815135733537,14002.528192500125,41.55664585897492,65.21180791320373,23.65516205422881
2020-01-09 → 2021-01-09,2452.4588062512476,20164.08152590028,9785.756919513973,13998.716945335646,41.40387489807619,65.19028957338358,23.78641467530739
2020-01-10 → 2021-01-10,2452.4588062512476,20164.08152590028,9758.009123049405,13994.643987201744,41.24721056017911,65.16729361079803,23.920083050618913
2020-01-11 → 2021-01-11,2452.4588062512476,20164.08152590028,9732.218690837195,13990.905895211738,41.10159752053594,65.14618830582866,24.04459078529272
2020-01-12 → 2021-01-12,2452.4588062512476,20164.08152590028,9706.3769221402,13987.066000809018,40.955694634583395,65.12450822341329,24.16881358882989
2020-01-13 → 2021-01-13,2452.4588062512476,20164.08152590028,9680.309186035485,13983.359386169466,40.80851593437432,65.10358063988116,24.29506470550684
2020-01-14 → 2021-01-14,2452.4588062512476,20164.08152590028,9653.73905619016,13979.60598028882,40.65850071405321,65.08238887253121,24.423888158478
2020-01-15 → 2021-01-15,2452.4588062512476,20164.08152590028,9630.30367970192,13976.524570859743,40.52618434271225,65.06499120390507,24.538806861192818
2020-01-16 → 2021-01-16,2452.4588062512476,20164.08152590028,9606.912112916625,13973.423771368687,40.39411532139472,65.047484058794,24.653368737399276
2020-01-17 → 2021-01-17,2452.4588062512476,20164.08152590028,9583.213951466681,13970.237846494161,40.260315263517164,65.02949629491174,24.769181031394574
2020-01-18 → 2021-01-18,2452.4588062512476,20164.08152590028,9560.087310283061,13967.219216287816,40.12974201481103,65.0124530784085,24.88271106359747
2020-01-19 → 2021-01-19,2452.4588062512476,20164.08152590028,9537.084911057753,13964.214210267848,39.99987023745101,64.99548678419858,24.995616546747563
2020-01-20 → 2021-01-20,2452.4588062512476,20164.08152590028,9513.391968022279,13960.99714626696,39.86609964279404,64.97732320849572,25.11122356570168
2020-01-21 → 2021-01-21,2452.4588062512476,20164.08152590028,9490.62448036361,13957.735381589455,39.73755417850176,64.95890725232314,25.221353073821383
2020-01-22 → 2021-01-22,2452.4588062512476,20164.08152590028,9467.676070589803,13954.545752726053,39.6079872261279,64.94089857568244,25.332911349554543
2020-01-23 → 2021-01-23,2452.4588062512476,20164.08152590028,9444.673238138519,13951.280702416605,39.47811300276967,64.92246406879886,25.444351066029192
2020-01-24 → 2021-01-24,2452.4588062512476,20164.08152590028,9420.56272984159,13947.747127784674,39.34198483044709,64.90251347088999,25.560528640442897
2020-01-25 → 2021-01-25,2452.4588062512476,20164.08152590028,9396.619515124241,13944.263205063824,39.20680119935728,64.88284320817044,25.676042008813162
2020-01-26 → 2021-01-26,2452.4588062512476,20164.08152590028,9372.31466032664,13940.7020946187,39.06957574473737,64.86273714278337,25.793161398046003
2020-01-27 → 2021-01-27,2452.4588062512476,20164.08152590028,9349.509715380098,13937.358018897738,38.94081879622106,64.84385645763163,25.903037661410572
2020-01-28 → 2021-01-28,2452.4588062512476,20164.08152590028,9327.031751066337,13934.300568040819,38.813907983645855,64.82659405934484,26.012686075698987
2020-01-29 → 2021-01-29,2452.4588062512476,20164.08152590028,9305.699775377481,13931.565670066164,38.69346743437202,64.81115279787521,26.117685363503192
2020-01-30 → 2021-01-30,2452.4588062512476,20164.08152590028,9284.370955399618,13928.842319750585,38.573044702274174,64.79577673460487,26.222732032330697
2020-01-31 → 2021-01-31,2452.4588062512476,20164.08152590028,9263.933457668096,13926.269434419683,38.457654384543154,64.78125019815121,26.32359581360806
2020-02-01 → 2021-02-01,2452.4588062512476,20164.08152590028,9242.93063814407,13923.576916423981,38.33907225428625,64.76604821446898,26.42697596018273
2020-02-02 → 2021-02-02,2452.4588062512476,20164.08152590028,9221.54223219656,13920.89370841919,38.21831309920453,64.75089879508903,26.5325856958845
2020-02-03 → 2021-02-03,2452.4588062512476,20164.08152590028,9199.617884240497,13918.173895240738,38.09452801015259,64.7355427025305,26.641014692377908
2020-02-04 → 2021-02-04,2452.4588062512476,20164.08152590028,9177.593955115479,13915.401559221968,37.970180684819226,64.71989006548728,26.74970938066805
2020-02-05 → 2021-02-05,2452.4588062512476,20164.08152590028,9155.014516756213,13912.526139287951,37.84269694876259,64.70365541562185,26.860958466859266
2020-02-06 → 2021-02-06,2452.4588062512476,20164.08152590028,9133.64014324811,13910.007597494518,37.72201702097489,64.68943570332729,26.967418682352402
2020-02-07 → 2021-02-07,2452.4588062512476,20164.08152590028,9112.648877688585,13907.539123981318,37.603500124517744,64.67549867704645,27.071998552528704
2020-02-08 → 2021-02-08,2168.1657981399535,20164.08152590028,9090.753441932347,13905.093613914718,38.46754868446998,65.21995320121161,26.752404516741628
2020-02-09 → 2021-02-09,2148.3125374280903,20164.08152590028,9069.115327537893,13902.725084746307,38.415250520464824,65.24513360955922,26.829883089094395
2020-02-10 → 2021-02-10,2148.3125374280903,20164.08152590028,9048.31752176531,13900.514788164848,38.299808288796044,65.23286493214182,26.93305664334578
2020-02-11 → 2021-02-11,2087.9947416534974,20164.08152590028,9026.406640028434,13898.110631601945,38.38447989982946,65.33557860676406,26.9510987069346
2020-02-12 → 2021-02-12,2087.9947416534974,20164.08152590028,9005.61414650392,13895.970406754237,38.2694522737028,65.32373851729528,27.054286243592486
2020-02-13 → 2021-02-13,2087.9947416534974,20164.08152590028,8985.085190987098,13893.89890739951,38.155882584854474,65.31227862899395,27.156396044139477
2020-02-14 → 2021-02-14,2047.9285940596615,20164.08152590028,8964.04433980803,13891.987550162892,38.17651447174929,65.37844431245846,27.201929840709163
2020-02-15 → 2021-02-15,2047.9285940596615,20164.08152590028,8943.410974594082,13890.163080919561,38.062619621713644,65.36837335947968,27.305753737766032
2020-02-16 → 2021-02-16,2034.9861883731633,20164.08152590028,8921.465264282637,13888.009311448808,37.98578444041002,65.38121678107103,27.39543234066101
2020-02-17 → 2021-02-17,1914.7939987402185,20164.08152590028,8899.303437442177,13886.008081697979,38.27277874989392,65.59825453536875,27.325475785474836
2020-02-18 → 2021-02-18,1914.7939987402185,20164.08152590028,8876.439167271337,13884.223364388814,38.14749018650858,65.58847488064792,27.440984694139345
2020-02-19 → 2021-02-19,1791.4564024091771,20164.08152590028,8854.594532134017,13882.395557444086,38.44381563467467,65.80953496719161,27.36571933251694
2020-02-20 → 2021-02-20,1790.131416857254,20164.08152590028,8831.195032920607,13880.12099631554,38.320903095290234,65.79962124479705,27.47871814950682
2020-02-21 → 2021-02-21,1739.1087757620262,20164.08152590028,8807.591881830127,13878.436612841822,38.36360141164964,65.88518746649818,27.52158605484854
2020-02-22 → 2021-02-22,1739.1087757620262,20164.08152590028,8784.556802381436,13878.57238281022,38.23858044276642,65.88592434665665,27.64734390389023
2020-02-23 → 2021-02-23,1739.1087757620262,20164.08152590028,8762.005402069688,13878.664112267405,38.11618460198246,65.88642220062056,27.770237598638097
2020-02-24 → 2021-02-24,1739.1087757620262,20164.08152590028,8740.18040397762,13879.229862524671,37.99773124854722,65.88949276286745,27.89176151432023
2020-02-25 → 2021-02-25,1739.1087757620262,20164.08152590028,8717.66654521274,13879.294952252836,37.87553916137189,65.88984603192813,28.01430687055624
2020-02-26 → 2021-02-26,1739.1087757620262,20164.08152590028,8694.400302494387,13878.857742961098,37.74926357315872,65.88747311503069,28.138209541871966
2020-02-27 → 2021-02-27,1739.1087757620262,20164.08152590028,8669.377661458228,13878.282005178384,37.61345527984132,65.88434834632399,28.27089306648267
2020-02-28 → 2021-02-28,1739.1087757620262,20164.08152590028,8644.347227763004,13877.648756797871,37.477604692518,65.88091144365335,28.403306751135347
2020-02-29 → 2021-02-28,1739.1087757620262,20164.08152590028,8636.742175467276,13882.052287787665,37.43632890666551,65.90481124013886,28.468482333473347
2020-03-01 → 2021-03-01,1739.1087757620262,20164.08152590028,8610.41036374004,13880.937522195703,37.29341519881734,65.89876094303895,28.60534574422161
2020-03-02 → 2021-03-02,1739.1087757620262,20164.08152590028,8584.079821620706,13879.71345985586,37.15050838165998,65.8921174469728,28.741609065312822
2020-03-03 → 2021-03-03,1739.1087757620262,20164.08152590028,8558.791960709572,13879.329317073994,37.01326062963307,65.89003254412343,28.876771914490355
2020-03-04 → 2021-03-04,1739.1087757620262,20164.08152590028,8533.269987167123,13878.608501003386,36.874742250862305,65.886120375132,29.01137812426969
2020-03-05 → 2021-03-05,1739.1087757620262,20164.08152590028,8507.665855930181,13877.846723865074,36.73577796806981,65.88198589336834,29.146207925298526
2020-03-06 → 2021-03-06,1739.1087757620262,20164.08152590028,8483.096738282904,13877.764516183717,36.60243113504889,65.88153971804711,29.27910858299822
2020-03-07 → 2021-03-07,1739.1087757620262,20164.08152590028,8458.574937714639,13877.851855514522,36.46934111152046,65.88201374496693,29.41267263344647
2020-03-08 → 2021-03-08,1739.1087757620262,20164.08152590028,8433.115149729972,13877.37890437577,36.331160239668286,65.87944684218142,29.548286602513137
2020-03-09 → 2021-03-09,1739.1087757620262,20164.08152590028,8404.415161303552,13874.93568921285,36.175393450671514,65.86618649604115,29.690793045369638
2020-03-10 → 2021-03-10,1739.1087757620262,20164.08152590028,8374.682919023257,13871.884147916253,36.014024190138564,65.84962451064241,29.83560032050385
2020-03-11 → 2021-03-11,1728.6904989897505,20164.08152590028,8344.864203702657,13868.858933541098,35.888437055960125,65.85251387849647,29.96407682253634
2020-03-12 → 2021-03-12,1728.6904989897505,20164.08152590028,8315.21568716507,13865.906408403378,35.7276131466961,65.83649835089844,30.108885204202338
2020-03-13 → 2021-03-13,1631.6196365641067,19948.423797973133,8264.580545390927,13850.620869920744,36.212435588526695,66.70924210185302,30.496806513326327
2020-03-14 → 2021-03-14,1631.6196365641067,19948.423797973133,8220.591528818213,13839.030889336023,35.972278975041725,66.64596697764146,30.67368800259974
2020-03-15 → 2021-03-15,1631.6196365641067,19948.423797973133,8172.357009710501,13823.564726185612,35.70894417775576,66.56152996005848,30.852585782302718
2020-03-16 → 2021-03-16,1631.6196365641067,19948.423797973133,8126.204944011018,13809.6407010179,35.456978467510744,66.48551219492317,31.02853372741243
2020-03-17 → 2021-03-17,1631.6196365641067,18544.31628634285,8076.356980381706,13788.492116304405,38.10591224612257,71.88015448677334,33.774242240650764
2020-03-18 → 2021-03-18,1631.6196365641067,18544.31628634285,8030.6491083573455,13771.207198303277,37.835654504433826,71.77795364701929,33.94229914258546
2020-03-19 → 2021-03-19,1631.6196365641067,17151.008342050874,7984.678721500357,13750.2908212216,40.93627143116901,78.08729721662958,37.15102578546057
2020-03-20 → 2021-03-20,1631.6196365641067,17151.008342050874,7945.326269071738,13734.589875363074,40.682701827524085,77.98612734353415,37.303425516010066
2020-03-21 → 2021-03-21,1631.6196365641067,17151.008342050874,7905.8293942691935,13718.488282948838,40.42820163069235,77.88237588321701,37.45417425252466
2020-03-22 → 2021-03-22,1631.6196365641067,17151.008342050874,7866.606139102695,13702.351123971435,40.175464516422956,77.77839524787345,37.60293073145049
2020-03-23 → 2021-03-23,1631.6196365641067,16935.209449198446,7824.752901135402,13580.86344364714,40.468500138826045,78.08131264220096,37.61281250337491
2020-03-24 → 2021-03-24,1631.6196365641067,16935.209449198446,7787.825182285157,13514.062708255442,40.22719911532528,77.64480894464008,37.4176098293148
2020-03-25 → 2021-03-25,1631.6196365641067,16935.209449198446,7752.797724184143,13467.22926261006,39.99831518332066,77.3387797958013,37.34046461248064
2020-03-26 → 2021-03-26,1631.6196365641067,16935.209449198446,7716.941086841055,13412.431084848775,39.76401305040878,76.98070578550573,37.216692735096956
2020-03-27 → 2021-03-27,1631.6196365641067,16935.209449198446,7681.367453378007,13360.575585942572,39.53156018216947,76.64186045874852,37.11030027657905
2020-03-28 → 2021-03-28,1631.6196365641067,16935.209449198446,7644.177507224844,13286.624439953206,39.288545656764065,76.15863301411123,36.87008735734717
2020-03-29 → 2021-03-29,1631.6196365641067,16935.209449198446,7605.079970993519,13188.60140730146,39.03306614698887,75.51810988292523,36.48504373593636
2020-03-30 → 2021-03-30,1631.6196365641067,15546.337373819915,7563.464715842036,13057.351057978152,42.63000652464387,82.11256338188123,39.48255685723736
2020-03-31 → 2021-03-31,1631.6196365641067,15546.337373819915,7525.665511647128,12969.215059103835,42.35835743402882,81.47916211181207,39.120804677783255
2020-04-01 → 2021-04-01,1631.6196365641067,15093.25569882659,7487.834348254267,12877.83624729182,43.50299387536637,83.54271768091147,40.039723805545094
2020-04-02 → 2021-04-02,1631.6196365641067,15093.25569882659,7451.333854865668,12800.149311173851,43.231849318941165,82.96561891105428,39.73376959211311
2020-04-03 → 2021-04-03,1631.6196365641067,15093.25569882659,7415.880691523599,12731.120583307445,42.96848487216744,82.45283779331245,39.48435292114502
2020-04-04 → 2021-04-04,1631.6196365641067,15093.25569882659,7380.108855005532,12656.8334630947,42.702753156106965,81.90099461563959,39.198241459532625
2020-04-05 → 2021-04-05,1631.6196365641067,15093.25569882659,7344.930373101917,12587.99600973533,42.44142918522476,81.38963438393384,38.948205198709076
2020-04-06 → 2021-04-06,1631.6196365641067,15093.25569882659,7309.3999471217685,12511.858434016967,42.17749079158662,80.8240450650263,38.646554273439676
2020-04-07 → 2021-04-07,1631.6196365641067,15093.25569882659,7276.818493218168,12467.698626198851,41.93545888883048,80.49600315679264,38.56054426796216
2020-04-08 → 2021-04-08,1631.6196365641067,15093.25569882659,7243.518945270613,12414.668185260589,41.68809261185241,80.1020655945752,38.41397298272278
2020-04-09 → 2021-04-09,1631.6196365641067,15093.25569882659,7211.164079187274,12371.534945397501,41.447743920700084,79.78164956443153,38.33390564373145
2020-04-10 → 2021-04-10,1631.6196365641067,15093.25569882659,7178.314303979816,12322.276346109544,41.20371878842401,79.41573119418199,38.212012405757974
2020-04-11 → 2021-04-11,1631.6196365641067,15093.25569882659,7143.043526641651,12241.700679113505,40.94170919928468,78.81717343624408,37.875464236959395
2020-04-12 → 2021-04-12,1631.6196365641067,15093.25569882659,7107.909973871846,12160.182922031061,40.68071898526237,78.21161734554745,37.530898360285086
2020-04-13 → 2021-04-13,1576.1524772499083,15093.25569882659,7073.065074705563,12082.700735569508,40.66635067697942,77.72780962084033,37.06145894386091
2020-04-14 → 2021-04-14,1576.1524772499083,15093.25569882659,7037.603137424557,11994.544729298595,40.404002030973665,77.07562841880444,36.67162638783078
2020-04-15 → 2021-04-15,1576.1524772499083,15093.25569882659,7002.185605582361,11904.391502585735,40.14198189794944,76.40867171043993,36.26668981249049
2020-04-16 → 2021-04-16,1576.1524772499083,14591.56726247625,6965.384738458025,11792.776549875092,41.40653486760466,78.49633869695774,37.08980382935307
2020-04-17 → 2021-04-17,1576.1524772499083,14591.56726247625,6931.585042749739,11713.542172876623,41.146845136112944,77.88756534393016,36.74072020781722
2020-04-18 → 2021-04-18,1576.1524772499083,14591.56726247625,6897.8469744417,11628.634366609025,40.887628900097674,77.2352019143453,36.34757301424762
2020-04-19 → 2021-04-19,1576.1524772499083,14591.56726247625,6865.123929657574,11552.909386263887,40.63621129010134,76.65339194828034,36.017180658179
2020-04-20 → 2021-04-20,1576.1524772499083,14591.56726247625,6831.750099977272,11467.419007319502,40.37979357133464,75.99655249786633,35.616758926531695
2020-04-21 → 2021-04-21,1576.1524772499083,14555.143086672459,6796.93971815436,11358.715608296921,40.22490960979847,75.37229531505339,35.14738570525492
2020-04-22 → 2021-04-22,1576.1524772499083,14037.733866748942,6762.437820462988,11247.776725549114,41.61819580605871,77.61153216436212,35.99333635830341
2020-04-23 → 2021-04-23,1576.1524772499083,13353.621641529659,6729.445431235339,11150.786461288746,43.75552066495756,81.29619233543009,37.540671670472534
2020-04-24 → 2021-04-24,1576.1524772499083,13321.888380937227,6698.3941819687725,11073.820279905187,43.60937234346337,80.86055978556178,37.251187442098406
2020-04-25 → 2021-04-25,1576.1524772499083,13266.57907527781,6667.577625200296,10995.455343361433,43.552090295911675,80.57278994164763,37.02069964573595
2020-04-26 → 2021-04-26,1576.1524772499083,13013.939128446851,6636.395159482515,10916.442498492348,44.241450173430735,81.66169125269526,37.42024107926453
2020-04-27 → 2021-04-27,1576.1524772499083,12870.179008914301,6605.803218341579,10843.441408219427,44.53372521297287,82.05478272064768,37.52105750767481
2020-04-28 → 2021-04-28,1576.1524772499083,12870.179008914301,6575.66010856128,10773.386722497065,44.26683094195457,81.43450185335954,37.16767091140497
2020-04-29 → 2021-04-29,1576.1524772499083,11639.203928071736,6545.596281107741,10700.665193525627,49.38307061375492,90.67341810649829,41.29034749274337
2020-04-30 → 2021-04-30,1576.1524772499083,11639.203928071736,6519.144714935463,10674.86809871717,49.12021231176226,90.41706351132875,41.29685119956649
2020-05-01 → 2021-05-01,1576.1524772499083,11639.203928071736,6492.288786559247,10643.324412965754,48.85333572360746,90.10360306739115,41.25026734378369
2020-05-02 → 2021-05-02,1576.1524772499083,11639.203928071736,6466.264928861281,10619.697026357535,48.59472770768758,89.86880960813392,41.27408190044633
2020-05-03 → 2021-05-03,1576.1524772499083,11639.203928071736,6440.602928463779,10600.44301650099,48.33971559209906,89.6774758963802,41.33776030428114
2020-05-04 → 2021-05-04,1576.1524772499083,11639.203928071736,6414.978228491875,10577.121250416454,48.08507414365639,89.4457194932801,41.3606453496237
2020-05-05 → 2021-05-05,1576.1524772499083,11639.203928071736,6388.981338366767,10552.362953887561,47.826734113774265,89.19968779355277,41.372953679778504
2020-05-06 → 2021-05-06,1576.1524772499083,11639.203928071736,6363.408890184263,10531.170737076447,47.57261190931693,88.98909345331035,41.41648154399341
2020-05-07 → 2021-05-07,1576.1524772499083,11639.203928071736,6338.689639768668,10520.65133689422,47.32696822423395,88.88455855916182,41.557590334927866
2020-05-08 → 2021-05-08,1576.1524772499083,11639.203928071736,6316.001877453306,10536.262639358638,47.10151213443618,89.03969343590086,41.93818130146468
2020-05-09 → 2021-05-09,1576.1524772499083,11639.203928071736,6292.9770764985615,10547.670081743832,46.872706775870064,89.15305311055762,42.28034633468756
2020-05-10 → 2021-05-10,1576.1524772499083,11639.203928071736,6269.3363699073325,10549.260643983831,46.637780951364824,89.16885907406453,42.531078122699704
2020-05-11 → 2021-05-11,1576.1524772499083,11639.203928071736,6242.811728581145,10515.887629216237,46.37419647645865,88.83721995912323,42.46302348266458
2020-05-12 → 2021-05-12,1576.1524772499083,11355.596269636537,6216.370864699754,10475.847325953015,47.448694281184906,91.00410041347736,43.555406132292454
2020-05-13 → 2021-05-13,1576.1524772499083,11355.596269636537,6190.917790003152,10444.545245168782,47.18842309156553,90.68402003417602,43.49559694261048
2020-05-14 → 2021-05-14,1576.1524772499083,11355.596269636537,6167.0760955861515,10432.977307896927,46.94462912001511,90.56573173969386,43.62110261967875
2020-05-15 → 2021-05-15,1576.1524772499083,11355.596269636537,6145.007053365835,10438.674898405103,46.71896145742783,90.62399262476191,43.90503116733408
2020-05-16 → 2021-05-16,1576.1524772499083,11355.596269636537,6121.649529588492,10426.914787429327,46.4801183874822,90.50373925222418,44.02362086474198
2020-05-17 → 2021-05-17,1576.1524772499083,11355.596269636537,6098.851255076724,10417.360280942177,46.24699393791467,90.40603935548171,44.15904541756704
2020-05-18 → 2021-05-18,1576.1524772499083,11355.596269636537,6077.0182728398495,10418.075647089257,46.02374011386926,90.41335435378087,44.389614239911616
2020-05-19 → 2021-05-19,1576.1524772499083,11355.596269636537,6056.186987842252,10420.356191386407,45.81072917541676,90.43667412886792,44.62594495345116
2020-05-20 → 2021-05-20,1576.1524772499083,11355.596269636537,6034.872845304789,10423.51772920898,45.59278076250133,90.46900253004995,44.87622176754862
2020-05-21 → 2021-05-21,1576.1524772499083,11355.596269636537,6013.509683212957,10418.042975004157,45.37433109864146,90.41302026438076,45.0386891657393
2020-05-22 → 2021-05-22,1576.1524772499083,11355.596269636537,5990.639986648738,10394.76042166974,45.14047632070387,90.17494380697995,45.034467486276085
2020-05-23 → 2021-05-23,1576.1524772499083,11355.596269636537,5968.675032527176,10374.470629230389,44.915873014136864,89.96746991715457,45.05159690301771
2020-05-24 → 2021-05-24,1576.1524772499083,11355.596269636537,5945.996704403834,10354.252441196613,44.68397508001307,89.76072822035668,45.07675314034361
2020-05-25 → 2021-05-25,1576.1524772499083,11318.443294354383,5922.109907040063,10317.537513614732,44.609194196502386,89.7261763220785,45.116982125576115
2020-05-26 → 2021-05-26,1576.1524772499083,11318.443294354383,5898.413167473644,10283.99345300268,44.365958390763396,89.38186243079988,45.01590404003649
2020-05-27 → 2021-05-27,1576.1524772499083,11108.438152828967,5874.583186706417,10246.130261483102,45.093389515892696,90.95381820589968,45.860428690006984
2020-05-28 → 2021-05-28,1576.1524772499083,11108.438152828967,5852.460239496739,10220.956921750929,44.861305124356306,90.68973317331758,45.82842804896127
2020-05-29 → 2021-05-29,1576.1524772499083,11108.438152828967,5831.783015915834,10210.26677431424,44.64438733270978,90.57758643537332,45.93319910266354
2020-05-30 → 2021-05-30,1576.1524772499083,11108.438152828967,5810.480113700058,10194.011178605033,44.42090575713811,90.40705445319772,45.98614869605961
2020-05-31 → 2021-05-31,1576.1524772499083,11108.438152828967,5789.611001337231,10186.692246481021,44.20197492487936,90.33027400018672,46.12829907530736
2020-06-01 → 2021-06-01,1576.1524772499083,11108.438152828967,5768.101835908678,10169.50847727199,43.97632951138051,90.15000486229195,46.17367535091144
2020-06-02 → 2021-06-02,1576.1524772499083,11108.438152828967,5748.571872966346,10178.528907599853,43.77144724487052,90.24463516015403,46.47318791528351
2020-06-03 → 2021-06-03,1576.1524772499083,11108.438152828967,5726.825870681726,10163.768086638813,43.54331725564527,90.08978435664888,46.54646710100361
2020-06-04 → 2021-06-04,1576.1524772499083,11108.438152828967,5705.897392647184,10153.18632204232,43.32376363810987,89.97877462659429,46.65501098848442
2020-06-05 → 2021-06-05,1576.1524772499083,11108.438152828967,5685.771454174632,10148.26320612931,43.11262919294617,89.92712787490677,46.8144986819606
2020-06-06 → 2021-06-06,1576.1524772499083,11108.438152828967,5665.083191516461,10136.931353810485,42.895595594056324,89.80824922707255,46.91265363301623
2020-06-07 → 2021-06-07,1576.1524772499083,11108.438152828967,5644.926043729577,10126.078530264575,42.68413374248252,89.694395908831,47.010262166348475
2020-06-08 → 2021-06-08,1576.1524772499083,11108.438152828967,5625.058128776277,10117.574797918107,42.47570613519627,89.60518611554654,47.129479980350276
2020-06-09 → 2021-06-09,1576.1524772499083,11108.438152828967,5604.4013684345655,10109.429263034932,42.25900301650321,89.51973405126313,47.26073103475992
2020-06-10 → 2021-06-10,1576.1524772499083,11108.438152828967,5583.882022986188,10101.233069114385,42.043741471195695,89.4337505400729,47.3900090688772
2020-06-11 → 2021-06-11,1576.1524772499083,11108.438152828967,5563.5990001846685,10096.42500775925,41.830959107218895,89.38331078701918,47.55235167980029
2020-06-12 → 2021-06-12,1576.1524772499083,11108.438152828967,5541.808614613924,10068.77361233619,41.60236350788043,89.09322930641585,47.49086579853542
2020-06-13 → 2021-06-13,1576.1524772499083,11108.438152828967,5519.934024154866,10046.971006876764,41.37288454340606,88.86450551233902,47.49162096893296
2020-06-14 → 2021-06-14,1576.1524772499083,11108.438152828967,5497.809738926552,10024.507827607922,41.1407861151666,88.6288518608083,47.4880657456417
2020-06-15 → 2021-06-15,1576.1524772499083,11108.438152828967,5475.35327413323,9996.634483775793,40.90520290293814,88.33644199416385,47.431239091225706
2020-06-16 → 2021-06-16,1576.1524772499083,11108.438152828967,5453.55450015907,9971.481046220926,40.676519303683385,88.07256574862383,47.396046444940445
2020-06-17 → 2021-06-17,1576.1524772499083,11108.438152828967,5432.041353356377,9948.31705474234,40.450832122928745,87.82956011212754,47.378727989198794
2020-06-18 → 2021-06-18,1576.1524772499083,11108.438152828967,5410.7750260658195,9921.566503170496,40.22773424258468,87.54892908110024,47.32119483851556
2020-06-19 → 2021-06-19,1576.1524772499083,11108.438152828967,5389.361990480833,9891.55609879728,40.003097294912784,87.23410003175587,47.23100273684309
2020-06-20 → 2021-06-20,1576.1524772499083,11108.438152828967,5367.613586574808,9856.385668365676,39.774942111085856,86.8651388861441,47.09019677505824
2020-06-21 → 2021-06-21,1576.1524772499083,11108.438152828967,5347.029472397678,9822.729821970453,39.55900109884925,86.51206673177668,46.953065632927434
2020-06-22 → 2021-06-22,1576.1524772499083,11108.438152828967,5326.03660823468,9785.001586496253,39.33877202811568,86.11627251454233,46.77750048642665
2020-06-23 → 2021-06-23,1576.1524772499083,11108.438152828967,5305.953577702513,9760.918097032169,39.1280877157097,85.8636207342271,46.7355330185174
2020-06-24 → 2021-06-24,1576.1524772499083,11108.438152828967,5285.410673497473,9733.220292260168,38.91257902341705,85.57305238876762,46.66047336535057
2020-06-25 → 2021-06-25,1576.1524772499083,11108.438152828967,5264.63297834986,9692.440245312046,38.69460721838771,85.1452426447458,46.4506354263581
2020-06-26 → 2021-06-26,1576.1524772499083,11108.438152828967,5243.653570104985,9648.3650845558,38.47451930916125,84.68286497105562,46.20834566189437
2020-06-27 → 2021-06-27,1576.1524772499083,11108.438152828967,5221.741834537209,9599.155030758993,38.244650667856135,84.16661886312708,45.92196819527095
2020-06-28 → 2021-06-28,1576.1524772499083,11029.382532855976,5199.338971629953,9541.762798629643,38.327497300580134,84.26337108611752,45.93587378553738
2020-06-29 → 2021-06-29,1576.1524772499083,11029.382532855976,5176.9444832748995,9486.700564628542,38.09059956061904,83.68090103432345,45.590301473704415
2020-06-30 → 2021-06-30,1576.1524772499083,11029.382532855976,5154.9871067307995,9432.807129250059,37.85832576198152,83.11079499584275,45.252469233861234
2020-07-01 → 2021-07-01,1576.1524772499083,11029.382532855976,5133.261560933807,9375.428666194852,37.62850436052193,82.50382295858465,44.87531859806272
2020-07-02 → 2021-07-02,1576.1524772499083,11029.382532855976,5111.783777885025,9319.923899108388,37.40130389123848,81.9166716170858,44.51536772584732
2020-07-03 → 2021-07-03,1576.1524772499083,11029.382532855976,5089.639964742044,9256.534259430075,37.16705789264618,81.24611098008194,44.07905308743576
2020-07-04 → 2021-07-04,1576.1524772499083,11013.684039957561,5067.232923992674,9189.792413033689,36.991457178673166,80.67406063963834,43.682603460965176
2020-07-05 → 2021-07-05,1576.1524772499083,11013.684039957561,5045.351477098767,9123.2150134419,36.759601563160615,79.9686071092378,43.20900554607718
2020-07-06 → 2021-07-06,1576.1524772499083,10949.793506880562,5023.266248542662,9052.434439159179,36.774544282165444,79.75856914379679,42.98402486163135
2020-07-07 → 2021-07-07,1576.1524772499083,10949.793506880562,5002.062022727082,8989.564245244324,36.5483330826054,79.08785651765592,42.53952343505052
2020-07-08 → 2021-07-08,1576.1524772499083,10949.793506880562,4980.856191597073,8921.138256920727,36.32210475720895,78.35787349283879,42.035768735629844
2020-07-09 → 2021-07-09,1576.1524772499083,10949.793506880562,4959.952472175595,8857.398159423063,36.09909942389823,77.67788054990254,41.57878112600431
2020-07-10 → 2021-07-10,1576.1524772499083,10949.793506880562,4938.484571174543,8783.554090628064,35.87007528127114,76.89009628803916,41.02002100676802
2020-07-11 → 2021-07-11,1576.1524772499083,10949.793506880562,4917.03425895425,8709.300968089028,35.641238779505315,76.09794815366622,40.45670937416091
2020-07-12 → 2021-07-12,1576.1524772499083,10949.793506880562,4895.701226203329,8630.612054128524,35.41365344011066,75.25847805115468,39.844824611044025
2020-07-13 → 2021-07-13,1576.1524772499083,10949.793506880562,4874.658144541455,8551.282811664925,35.18916136072171,74.41217678771997,39.22301542699826
2020-07-14 → 2021-07-14,1576.1524772499083,10949.793506880562,4853.408067295073,8467.198421560117,34.96246100832707,73.51514659594058,38.55268558761351
2020-07-15 → 2021-07-15,1576.1524772499083,10949.793506880562,4832.520333126277,8381.215125968492,34.739626209098375,72.59785847577653,37.85823226667816
2020-07-16 → 2021-07-16,1576.1524772499083,10949.793506880562,4811.497483461398,8289.809094803642,34.515349968964735,71.62271945694799,37.107369487983256
2020-07-17 → 2021-07-17,1576.1524772499083,10921.24083746441,4790.240610348386,8192.764019178861,34.3933412848405,70.80309235061186,36.40975106577136
2020-07-18 → 2021-07-18,1576.1524772499083,10908.467459428333,4769.018115389024,8093.4505128918545,34.213007643188355,69.83581295839016,35.62280531520181
2020-07-19 → 2021-07-19,1576.1524772499083,10908.467459428333,4748.08880093769,7991.614914476669,33.98874051877922,68.7445981996764,34.755857680897186
2020-07-20 → 2021-07-20,1576.1524772499083,10908.467459428333,4727.630097351305,7888.114722553205,33.76951620385357,67.63554656435211,33.86603036049854
2020-07-21 → 2021-07-21,1576.1524772499083,10651.2444034891,4706.331984773298,7779.121649205996,34.49198678057433,68.35158500181342,33.85959822123909
2020-07-22 → 2021-07-22,1576.1524772499083,10491.795099730549,4685.68735011537,7675.224120373596,34.87729381418701,68.40865994050706,33.53136612632005
2020-07-23 → 2021-07-23,1576.1524772499083,10473.287081753417,4665.191917540769,7573.269416381485,34.719486414505475,67.40503775334572,32.68555133884025
2020-07-24 → 2021-07-24,1576.1524772499083,10473.287081753417,4644.754973258077,7470.7988646733065,34.48978387328117,66.2533124365644,31.76352856328323
2020-07-25 → 2021-07-25,1576.1524772499083,10306.672153889524,4623.919176538683,7362.668787208333,34.909338872962294,66.279173798113,31.369834925150712
2020-07-26 → 2021-07-26,1576.1524772499083,10066.533186518165,4603.055588779411,7256.578379273491,35.65097037669087,66.90425431480033,31.253283938109455
2020-07-27 → 2021-07-27,1576.1524772499083,9892.53203295156,4582.534486972031,7155.068016847046,36.15012986824259,67.08346465226292,30.93333478402033
2020-07-28 → 2021-07-28,1576.1524772499083,9892.53203295156,4564.6415139562905,7084.435479116667,35.93497647251436,66.23414630096241,30.29916982844805
2020-07-29 → 2021-07-29,1576.1524772499083,9892.53203295156,4546.4931838017455,7008.518359961633,35.716752544265404,65.32128369474592,29.60453115048051
2020-07-30 → 2021-07-30,1576.1524772499083,9892.53203295156,4528.4514056158505,6934.754166936585,35.49980984624333,64.43430886957123,28.934499023327895
2020-07-31 → 2021-07-31,1576.1524772499083,9892.53203295156,4510.452364198587,6858.986979973385,35.283381034923345,63.523249117479295,28.23986808255595
2020-08-01 → 2021-08-01,1576.1524772499083,9892.53203295156,4493.190606730852,6786.056186692027,35.07581766732908,62.64629547686103,27.570477809531944
2020-08-02 → 2021-08-02,1576.1524772499083,9892.53203295156,4476.982806562738,6722.229828848779,34.88092757050802,61.878817785207474,26.997890214699453
2020-08-03 → 2021-08-03,1576.1524772499083,9892.53203295156,4459.490630325031,6638.027344781061,34.67059354089156,60.86632811342487,26.19573457253331
2020-08-04 → 2021-08-04,1576.1524772499083,9892.53203295156,4442.043423359804,6554.839878454506,34.460800242637575,59.86604348512743,25.405243242489853
2020-08-05 → 2021-08-05,1576.1524772499083,9892.53203295156,4424.327692802933,6467.950007515987,34.24777809233509,58.82123942878841,24.57346133645332
2020-08-06 → 2021-08-06,1576.1524772499083,9892.53203295156,4407.403099940478,6391.497880679678,34.04426894813241,57.901943642391885,23.857674694259472
2020-08-07 → 2021-08-07,1576.1524772499083,9892.53203295156,4390.330089831865,6313.615863355183,33.83897516621372,56.96545419042718,23.12647902421346
2020-08-08 → 2021-08-08,1576.1524772499083,9892.53203295156,4372.987748372205,6228.866831003101,33.63044281937332,55.946392568907264,22.315949749533942
2020-08-09 → 2021-08-09,1576.1524772499083,9892.53203295156,4355.626343747387,6144.824031139149,33.421681248204834,54.93582301395794,21.51414176575311
2020-08-10 → 2021-08-10,1576.1524772499083,9892.53203295156,4338.241314066349,6056.393226148463,33.21263559841701,53.87249005280109,20.65985445438408
2020-08-11 → 2021-08-11,1576.1524772499083,9892.53203295156,4321.205741291608,5969.610143468779,33.007791980342105,52.82897006795159,19.821178087609482
2020-08-12 → 2021-08-12,1576.1524772499083,9892.53203295156,4303.3761431569665,5867.954633450707,32.793400633540024,51.606617127742425,18.8132164942024
2020-08-13 → 2021-08-13,1576.1524772499083,9892.53203295156,4285.498387630539,5767.593011730854,32.57843021995217,50.39982249977183,17.821392279819662
2020-08-14 → 2021-08-14,1576.1524772499083,9892.53203295156,4268.089544144989,5668.794457260566,32.36909822194813,49.21182291643689,16.84272469448876
2020-08-15 → 2021-08-15,1576.1524772499083,9892.53203295156,4250.688730934941,5566.723650929624,32.15986278369642,47.98447626099278,15.82461347729636
2020-08-16 → 2021-08-16,1576.1524772499083,9892.53203295156,4233.606332481568,5463.499680979263,31.954456111971556,46.743263432032954,14.788807320061398
2020-08-17 → 2021-08-17,1576.1524772499083,9892.53203295156,4216.756107200464,5357.627279700182,31.75184119801478,45.47020463799925,13.718363439984472
2020-08-18 → 2021-08-18,1576.1524772499083,9892.53203295156,4200.649009370113,5257.8465322654465,31.558161992749216,44.27039471149913,12.712232718749913
2020-08-19 → 2021-08-19,1576.1524772499083,9892.53203295156,4183.72375883005,5147.359136256239,31.35464494032634,42.941843083123075,11.587198142796733
2020-08-20 → 2021-08-20,1576.1524772499083,9892.53203295156,4165.993322842174,5027.086204981286,31.14144596510977,41.49562564596324,10.354179680853466
2020-08-21 → 2021-08-21,1576.1524772499083,9892.53203295156,4148.538500215528,4906.043025045776,30.931561092615233,40.04014638212271,9.108585289507474
2020-08-22 → 2021-08-22,1576.1524772499083,9892.53203295156,4130.3657668468295,4772.567331990684,30.71304372881551,38.435172821679785,7.722129092864275
2020-08-23 → 2021-08-23,1576.1524772499083,9892.53203295156,4112.487443837242,4638.703035028289,30.498066491547277,36.82552650785062,6.327460016303341
2020-08-24 → 2021-08-24,1576.1524772499083,9892.53203295156,4094.7670902711343,4500.0783057319695,30.28498875204032,35.15863855056301,4.873649798522692
2020-08-25 → 2021-08-25,1576.1524772499083,9892.53203295156,4077.132006686143,4408.597410412384,30.07293633828414,34.058629890462036,3.985693552177896
2020-08-26 → 2021-08-26,1576.1524772499083,9892.53203295156,4058.867150759888,4308.694014704416,29.853311250180347,32.85734518431276,3.0040339341324156
2020-08-27 → 2021-08-27,1576.1524772499083,9892.53203295156,4040.6211420133113,4208.746506255577,29.633912789295202,31.65553004613384,2.0216172568386384
2020-08-28 → 2021-08-28,1576.1524772499083,9892.53203295156,4022.066220488803,4132.6264073986285,29.41079981807701,30.740226717959494,1.3294268998824847
2020-08-29 → 2021-08-29,1576.1524772499083,9892.53203295156,4003.946958951043,4058.0177784326424,29.192925424341126,29.843098003880602,0.6501725795394755
2020-08-30 → 2021-08-30,1576.1524772499083,9892.53203295156,3985.9670095742918,3982.0013554924476,28.976726184559865,28.92904132295292,-0.04768486160694607
2020-08-31 → 2021-08-31,1576.1524772499083,9892.53203295156,3968.398768666491,3945.1794160745753,28.765477518116345,28.486277267136984,-0.2792002509793612
2020-09-01 → 2021-09-01,1576.1524772499083,9892.53203295156,3950.614661348135,3908.059037882508,28.551633173961044,28.039924645260584,-0.5117085287004599
2020-09-02 → 2021-09-02,1576.1524772499083,9892.53203295156,3933.323880751633,3872.2285196493967,28.343720818822714,27.60908189700547,-0.7346389218172433
2020-09-03 → 2021-09-03,1576.1524772499083,9892.53203295156,3914.8671145925064,3833.3358554024526,28.12178811318432,27.141418486666296,-0.9803696265180228
2020-09-04 → 2021-09-04,1576.1524772499083,9892.53203295156,3893.714253413394,3792.251348802044,27.867436312170017,26.647399348587857,-1.2200369635821602
2020-09-05 → 2021-09-05,1576.1524772499083,9892.53203295156,3872.9031885245536,3752.2183220525817,27.617194428073084,26.166023691292178,-1.451170736780906
2020-09-06 → 2021-09-06,1576.1524772499083,9892.53203295156,3851.118173506191,3710.0033332868043,27.35524131647626,25.658411112007784,-1.6968302044684762
2020-09-07 → 2021-09-07,1576.1524772499083,9892.53203295156,3830.3020903519764,3676.117417045149,27.104939090431955,25.250951158855173,-1.853987931576782
2020-09-08 → 2021-09-08,1576.1524772499083,9892.53203295156,3809.864633421023,3659.877081513456,26.859189641479237,25.055669841751758,-1.8035197997274786
2020-09-09 → 2021-09-09,1576.1524772499083,9781.757822849786,3788.718123262697,3643.1255198498093,26.96407580946165,25.189769133952826,-1.774306675508825
2020-09-10 → 2021-09-10,1576.1524772499083,9772.019213192432,3768.095490769475,3626.6121544476487,26.74449309805052,25.018216416398793,-1.7262766816517257
2020-09-11 → 2021-09-11,1576.1524772499083,9772.019213192432,3747.716145630805,3614.489914693017,26.495839163143337,24.87030967089901,-1.6255294922443255
2020-09-12 → 2021-09-12,1576.1524772499083,9772.019213192432,3727.3281980948996,3602.4401649515103,26.24708026804692,24.723287395772658,-1.5237928722742602
2020-09-13 → 2021-09-13,1576.1524772499083,9772.019213192432,3707.222524060775,3590.619301378716,26.001765468747507,24.579057823066766,-1.4227076456807417
2020-09-14 → 2021-09-14,1576.1524772499083,9772.019213192432,3686.564279945208,3578.272276086872,25.749708611539578,24.428408408067167,-1.3213002034724113
2020-09-15 → 2021-09-15,1576.1524772499083,9772.019213192432,3666.6124546084675,3566.364962097775,25.506270962056544,24.28312403031029,-1.2231469317462533
2020-09-16 → 2021-09-16,1576.1524772499083,9772.019213192432,3646.98184429588,3554.6146256164725,25.26675254448029,24.1397549778369,-1.1269975666433893
2020-09-17 → 2021-09-17,1576.1524772499083,9772.019213192432,3627.8585082356312,3543.106122674913,25.03342351807746,23.999336602180676,-1.0340869158967827
2020-09-18 → 2021-09-18,1576.1524772499083,9772.019213192432,3608.5433433008025,3531.5570551151304,24.79775393538252,23.85842328658057,-0.939330648801949
2020-09-19 → 2021-09-19,1576.1524772499083,9772.019213192432,3589.3094652437294,3520.011614743961,24.56307615599985,23.717554227295636,-0.845521928704212
2020-09-20 → 2021-09-20,1576.1524772499083,9772.019213192432,3571.0118742940153,3508.7251178480765,24.339822270361726,23.579844607806724,-0.7599776625550021
2020-09-21 → 2021-09-21,1576.1524772499083,9772.019213192432,3552.736011247934,3497.615077809636,24.116833492787617,23.444287986446376,-0.6725455063412404
2020-09-22 → 2021-09-22,1576.1524772499083,9772.019213192432,3532.873455115554,3485.899899433788,23.8744850411556,23.30134790758355,-0.5731371335720503
2020-09-23 → 2021-09-23,1576.1524772499083,9772.019213192432,3512.9916084660103,3474.263080330813,23.631901220675054,23.15936391152927,-0.4725373091457854
2020-09-24 → 2021-09-24,1576.1524772499083,9473.54969553333,3492.6753484434817,3462.3262129465647,24.26777858857844,23.883485705010994,-0.38429288356744706
2020-09-25 → 2021-09-25,1576.1524772499083,9473.54969553333,3473.626634858563,3451.0354290771998,24.026576163799575,23.740517286970356,-0.2860588768292196
2020-09-26 → 2021-09-26,1576.1524772499083,9473.54969553333,3454.387258371187,3439.687001208994,23.782959489145867,23.596818957577316,-0.18614053156855093
2020-09-27 → 2021-09-27,1576.1524772499083,9473.54969553333,3435.381499178394,3428.44590230306,23.542300970048053,23.454479670401668,-0.08782129964638585
2020-09-28 → 2021-09-28,1576.1524772499083,9473.54969553333,3416.6139802530197,3417.3626913550443,23.30465914443587,23.31413962365365,0.009480479217778282
2020-09-29 → 2021-09-29,1576.1524772499083,9473.54969553333,3397.735211262173,3404.4002742209923,23.06560862603039,23.150004317099203,0.0843956910688135
2020-09-30 → 2021-09-30,1576.1524772499083,9473.54969553333,3378.7733191954685,3391.537802213129,22.825505570015867,22.987134555678498,0.16162898566263095
2020-10-01 → 2021-10-01,1576.1524772499083,9473.54969553333,3359.0927829020325,3377.785681849291,22.576302753575618,22.812999711200877,0.23669695762525933
2020-10-02 → 2021-10-02,1576.1524772499083,9473.54969553333,3339.0498993974406,3363.8254379896052,22.322511751925227,22.63622952383628,0.31371777191105465
2020-10-03 → 2021-10-03,1576.1524772499083,9473.54969553333,3318.869387246325,3349.8052466693493,22.066978041345298,22.458700257766225,0.3917222164209271
2020-10-04 → 2021-10-04,1576.1524772499083,9437.190896860331,3298.5287344661474,3335.7396672192453,21.910289268139675,22.38364826687285,0.47335899873317544
2020-10-05 → 2021-10-05,1576.1524772499083,9437.190896860331,3278.210811327936,3321.615858000636,21.65182566506752,22.20397977443328,0.5521541093657589
2020-10-06 → 2021-10-06,1576.1524772499083,9437.190896860331,3257.7781059319327,3305.605144915343,21.39190192083252,22.00030804265097,0.6084061218184509
2020-10-07 → 2021-10-07,1576.1524772499083,9374.53619995802,3237.071458427934,3289.3401328982573,21.29824640895262,21.96849650600955,0.6702500970569325
2020-10-08 → 2021-10-08,1576.1524772499083,9172.183505682702,3216.5239120796136,3273.1986435374483,21.595112351300457,22.341222145292804,0.7461097939923462
2020-10-09 → 2021-10-09,1576.1524772499083,9030.07619321888,3196.430024950192,3257.4608939481486,21.7372434900168,22.556018558336948,0.8187750683201465
2020-10-10 → 2021-10-10,1576.1524772499083,8847.322761646454,3176.752523865961,3242.0414545243134,22.012963305932136,22.910878333427203,0.8979150274950669
2020-10-11 → 2021-10-11,1576.1524772499083,8819.129825518316,3157.3487188097665,3226.9418731527508,21.830749504385487,22.79158578754219,0.9608362831567021
2020-10-12 → 2021-10-12,1576.1524772499083,8819.129825518316,3138.1978780642207,3212.0048765875554,21.56634386255196,22.58535848836713,1.0190146258151707
2020-10-13 → 2021-10-13,1576.1524772499083,8819.129825518316,3119.30308514093,3197.162882229331,21.305473339081278,22.380442834975327,1.0749694958940488
2020-10-14 → 2021-10-14,1576.1524772499083,8819.129825518316,3100.1706811749837,3182.1355474078096,21.041322244220815,22.172968282744208,1.1316460385233924
2020-10-15 → 2021-10-15,1576.1524772499083,8819.129825518316,3080.6861390959234,3167.113168128269,20.772309362609107,21.96556214908935,1.1932527864802438
2020-10-16 → 2021-10-16,1576.1524772499083,8819.129825518316,3061.416934835127,3152.257322957406,20.50626953762742,21.760455264771746,1.2541857271443249
2020-10-17 → 2021-10-17,1576.1524772499083,8800.646010252805,3041.766349759093,3137.114413220417,20.2867351990001,21.60652409528405,1.3197888962839528
2020-10-18 → 2021-10-18,1576.1524772499083,8703.506092897267,3022.1293395798057,3121.8450823322723,20.28771042249688,21.686767465682603,1.3990570431857243
2020-10-19 → 2021-10-19,1555.430138450808,8513.672811735767,3002.599077409187,3106.841330104688,20.79790842182824,22.296020195016638,1.4981117731883984
2020-10-20 → 2021-10-20,1513.7341883084346,8382.61103570958,2983.473562044631,3092.2061956471,21.397084361648954,22.980059803166853,1.582975441517899
2020-10-21 → 2021-10-21,1513.7341883084346,7783.015373161113,2964.9506768539036,3077.9541911477613,23.148052316616123,24.95054786533848,1.802495548722355
2020-10-22 → 2021-10-22,1513.7341883084346,7719.963155662358,2948.1830510347586,3065.023045306892,23.113050940785914,24.995675556905244,1.8826246161193296
2020-10-23 → 2021-10-23,1513.7341883084346,7719.963155662358,2931.6225679809395,3052.254767755113,22.846214458585038,24.78994229087618,1.9437278322911418
2020-10-24 → 2021-10-24,1513.7341883084346,7667.74669788406,2915.0187568966508,3039.562097852224,22.770258695571734,24.794033277794046,2.0237745822223125
2020-10-25 → 2021-10-25,1513.7341883084346,7667.74669788406,2898.5187244843273,3026.9958883903346,22.502140416860904,24.58983789401255,2.0876974771516466
2020-10-26 → 2021-10-26,1513.7341883084346,7644.876426807446,2882.092624661438,3014.430591268976,22.3181649213866,24.47662025417197,2.158455332785369
2020-10-27 → 2021-10-27,1513.7341883084346,7524.26829540335,2865.8704295034413,3002.75478724209,22.4961079515201,24.773515504653666,2.2774075531335676
2020-10-28 → 2021-10-28,1513.7341883084346,7524.26829540335,2850.4026595427626,2992.94487730386,22.238763601000226,24.610303554377058,2.371539953376832
2020-10-29 → 2021-10-29,1513.7341883084346,7421.030605183311,2834.2350444945505,2982.7379429872926,22.353726019468944,24.867615420185764,2.5138894007168204
2020-10-30 → 2021-10-30,1513.7341883084346,7355.33990404444,2818.384193081926,2974.053926386963,22.333756646037408,24.99860156848223,2.6648449224448214
2020-10-31 → 2021-10-31,1513.7341883084346,7355.33990404444,2802.7465724958784,2965.4764944155395,22.06606277303391,24.851768105410287,2.785705332376377
2020-11-01 → 2021-11-01,1513.7341883084346,7355.33990404444,2787.430431924672,2956.8325245937394,21.803872181670513,24.703795608764114,2.8999234270936007
2020-11-02 → 2021-11-02,1513.7341883084346,7355.33990404444,2771.875828649152,2948.068140483326,21.53759944721294,24.55376179037743,3.0161623431644884
2020-11-03 → 2021-11-03,1513.7341883084346,7144.431265907445,2756.1191934299336,2939.2128435224326,22.064497308231424,25.316202160565126,3.2517048523337024
2020-11-04 → 2021-11-04,1513.7341883084346,7077.567494964144,2741.049235278579,2930.7149446555713,22.058803334420077,25.467706853332217,3.4089035189121404
2020-11-05 → 2021-11-05,1513.7341883084346,6726.597826108091,2726.190273018733,2922.213642556476,23.258925783488838,27.019303632553083,3.7603778490642448
2020-11-06 → 2021-11-06,1513.7341883084346,6726.597826108091,2713.129085258483,2914.6566693400964,23.008368917478755,26.87433584245817,3.865966924979414
2020-11-07 → 2021-11-07,1513.7341883084346,6726.597826108091,2699.9698728044937,2906.6107924339112,22.755931612988974,26.719989259366244,3.9640576463772703
2020-11-08 → 2021-11-08,1480.565603419731,6527.72377190631,2685.636451431028,2897.4362480239793,23.87622515053149,28.072642015677225,4.196416865145736
2020-11-09 → 2021-11-09,1480.565603419731,6527.72377190631,2672.0812558217453,2889.0922004507534,23.607654300227683,27.90732031790828,4.299666017680597
2020-11-10 → 2021-11-10,1480.565603419731,6527.72377190631,2658.4658589328633,2880.709492778011,23.337890674156007,27.741232642568868,4.40334196841286
2020-11-11 → 2021-11-11,1480.565603419731,6356.777531253977,2644.8363934492972,2872.307461605983,23.876542021968135,28.541455514719388,4.664913492751253
2020-11-12 → 2021-11-12,1480.565603419731,6255.178118314777,2631.7320134330134,2864.264312264404,24.110153576275856,28.980335148203938,4.870181571928082
2020-11-13 → 2021-11-13,1480.565603419731,6255.178118314777,2619.202076589662,2854.782180560057,23.84772522624195,28.781740358055707,4.934015131813759
2020-11-14 → 2021-11-14,1480.565603419731,6255.178118314777,2606.6720875260276,2845.2769759124903,23.5852957825008,28.58266232569363,4.997366543192829
2020-11-15 → 2021-11-15,1480.565603419731,6255.178118314777,2593.989400301495,2834.710632599042,23.319668211991843,28.36135969054816,5.0416914785563165
2020-11-16 → 2021-11-16,1480.565603419731,5972.626042987401,2581.4281384644314,2824.2187685431613,24.506850472177774,29.91173389583217,5.404883423654397
2020-11-17 → 2021-11-17,1480.565603419731,5847.405058718655,2569.6515408566206,2814.326299212853,24.939912460380075,30.542929490450476,5.603017030070401
2020-11-18 → 2021-11-18,1480.565603419731,5847.405058718655,2559.010365513953,2805.4905924869136,24.696231064450686,30.340593068047365,5.6443620035966795
2020-11-19 → 2021-11-19,1480.565603419731,5847.405058718655,2548.3743601137658,2796.440047678876,24.452668059465903,30.133336884240215,5.680668824774312
2020-11-20 → 2021-11-20,1480.565603419731,5847.405058718655,2537.6136042302205,2787.2615005291364,24.206248286224923,29.923149465085107,5.716901178860184
2020-11-21 → 2021-11-21,1480.565603419731,5847.405058718655,2527.602696225145,2778.8964873387304,23.976999922332638,29.73159185743696,5.754591935104322
2020-11-22 → 2021-11-22,1480.565603419731,5847.405058718655,2517.8427413780532,2770.8745075784395,23.753498349925426,29.54788966635786,5.794391316432435
2020-11-23 → 2021-11-23,1480.565603419731,5847.405058718655,2507.8000393051357,2752.9987335331525,23.523521906419326,29.13853699314255,5.615015086723226
2020-11-24 → 2021-11-24,1480.565603419731,5847.405058718655,2497.710800292096,2735.5252426193765,23.29247977362928,28.738396546198185,5.4459167725689035
2020-11-25 → 2021-11-25,1480.565603419731,5847.405058718655,2488.073649972597,2718.9114327959046,23.071790407369104,28.35794267347081,5.2861522661017055
2020-11-26 → 2021-11-26,1480.565603419731,5847.405058718655,2478.5789080111895,2702.6778750638123,22.854362172175193,27.9861965193411,5.131834347165906
2020-11-27 → 2021-11-27,1480.565603419731,5847.405058718655,2467.61451723757,2682.749857665794,22.60327918902786,27.529847766381188,4.926568577353329
2020-11-28 → 2021-11-28,1480.565603419731,5635.270427856573,2456.4105922989065,2661.89536923393,23.487709238440264,28.433542591664736,4.945833353224472
2020-11-29 → 2021-11-29,1480.565603419731,5536.558998548417,2445.730886625382,2651.3806846061343,23.796026994640336,28.866296542607085,5.070269547966749
2020-11-30 → 2021-11-30,1480.565603419731,5536.558998548417,2435.496299139606,2641.499094660186,23.543694545133196,28.622667202435665,5.078972657302469
2020-12-01 → 2021-12-01,1480.565603419731,5536.558998548417,2426.3802190446563,2633.514143972761,23.318938752732297,28.425799261353333,5.106860508621036
2020-12-02 → 2021-12-02,1480.565603419731,5536.558998548417,2416.6916777933275,2625.319269689505,23.080069003512165,28.22375568078197,5.143686677269805
2020-12-03 → 2021-12-03,1480.565603419731,5536.558998548417,2407.562934897022,2617.952659866689,22.8550010113584,28.04213285487542,5.187131843517019
2020-12-04 → 2021-12-04,1480.565603419731,5536.558998548417,2399.0879630958125,2611.5136425491255,22.646051662195553,27.883379703913757,5.237328041718204
2020-12-05 → 2021-12-05,1480.565603419731,5536.558998548417,2390.041790377588,2603.8208111861027,22.423019427254314,27.69371392752808,5.270694500273766
2020-12-06 → 2021-12-06,1480.565603419731,5536.558998548417,2381.1544021406717,2595.755192135658,22.203902003454015,27.49485711824107,5.290955114787057
2020-12-07 → 2021-12-07,1480.565603419731,5536.558998548417,2372.441312360683,2587.4107082707123,21.989081885885444,27.289124932509022,5.300043046623578
2020-12-08 → 2021-12-08,1480.565603419731,5536.558998548417,2363.6079781875987,2576.1512171320646,21.7712971581368,27.01152361412003,5.24022645598323
2020-12-09 → 2021-12-09,1480.565603419731,5536.558998548417,2354.4106109183786,2564.8201330630127,21.544537240818727,26.732157181160332,5.187619940341605
2020-12-10 → 2021-12-10,1480.565603419731,5536.558998548417,2345.4608321136557,2553.2699913827737,21.32388158552423,26.44738991072762,5.123508325203389
2020-12-11 → 2021-12-11,1480.565603419731,5536.558998548417,2336.065974868953,2540.4942670431,21.092252578041474,26.1324060560937,5.0401534780522255
2020-12-12 → 2021-12-12,1480.565603419731,5315.393167413713,2326.3883600933123,2525.9159284061498,22.056343930955137,27.259382789501075,5.203038858545938
2020-12-13 → 2021-12-13,1480.565603419731,5220.274028941746,2317.7053794037056,2511.3668436756284,22.385161641769457,27.56367938262489,5.178517740855433
2020-12-14 → 2021-12-14,1480.565603419731,5184.906387212008,2309.100005280154,2494.6998390929316,22.366581538219616,27.376915215532417,5.010333677312801
2020-12-15 → 2021-12-15,1480.565603419731,5145.994841858927,2300.5289366194525,2478.347036315798,22.370185859838784,27.22140758938617,4.851221729547387
2020-12-16 → 2021-12-16,1480.565603419731,4679.299457808105,2292.201198904239,2462.8622085178195,25.3736519645427,30.708919522968948,5.335267558426249
2020-12-17 → 2021-12-17,1480.565603419731,4388.030478306353,2285.3130031031465,2450.248685283853,27.67866283216223,33.351497733981574,5.672834901819343
2020-12-18 → 2021-12-18,1480.565603419731,4359.688544816367,2279.1489160451883,2438.4503982478527,27.73703412046976,33.27002056964823,5.53298644917847
2020-12-19 → 2021-12-19,1480.565603419731,4359.688544816367,2273.1233451648404,2427.0693156334073,27.5277491749153,32.87472370855189,5.34697453363659
2020-12-20 → 2021-12-20,1480.565603419731,4359.688544816367,2267.489541111717,2418.3260991565694,27.332071388040706,32.57104732324975,5.238975935209044
2020-12-21 → 2021-12-21,1480.565603419731,4359.688544816367,2261.4437723808906,2408.1944925620783,27.122084914594264,32.21914826229557,5.0970633477013045
2020-12-22 → 2021-12-22,1480.565603419731,4290.506615779991,2255.1433154097545,2398.535751874133,27.565621790024807,32.6686625952812,5.103040805256391
2020-12-23 → 2021-12-23,1480.565603419731,4290.506615779991,2249.030137053176,2389.438897089147,27.348066391897657,32.34492431234318,4.996857920445525
2020-12-24 → 2021-12-24,1480.565603419731,4218.05077774402,2242.687579506906,2380.737164497415,27.840222962131456,32.88315748777998,5.042934525648526
2020-12-25 → 2021-12-25,1480.565603419731,4053.6435971072774,2236.5635544713764,2372.3053685700042,29.381074064070816,34.65653848573387,5.275464421663052
2020-12-26 → 2021-12-26,1480.565603419731,3783.456644027727,2230.8666308703246,2364.378038373072,32.58083053953362,38.37838696528177,5.797556425748148
2020-12-27 → 2021-12-27,1480.565603419731,3783.456644027727,2225.926559095985,2357.6615510614447,32.366314451397926,38.086732380102006,5.72041792870408
2020-12-28 → 2021-12-28,1480.565603419731,3698.313887885281,2221.3204520213103,2352.8327691959717,33.40121391549592,39.33120687708914,5.929992961593214
2020-12-29 → 2021-12-29,1480.565603419731,3672.257825996902,2217.095307744019,2347.8248214491105,33.605526211076125,39.57030139065718,5.9647751795810535
2020-12-30 → 2021-12-30,1480.565603419731,3466.851770511931,2212.86244819403,2341.7395905063745,36.867640569955554,43.355987740041954,6.488347170086399
2020-12-31 → 2021-12-31,1480.565603419731,3445.582199456053,2209.284326220529,2337.2953149567984,37.08460907000543,43.59910818387976,6.514499113874329
2021-01-01 → 2022-01-01,1480.565603419731,3403.5956029317167,2205.6149945777806,2331.565528914118,37.703488314901385,44.25307591199038,6.549587597088994
2021-01-02 → 2022-01-02,1480.565603419731,3359.4634959148934,2202.085548509029,2326.801901456243,38.401232337917264,45.03897212385056,6.637739785933299
2021-01-03 → 2022-01-03,1480.565603419731,3359.4634959148934,2199.43502074361,2323.8209644037634,38.260164120426246,44.88031863531422,6.620154514887972
2021-01-04 → 2022-01-04,1480.565603419731,3359.4634959148934,2197.176450187084,2321.2206785298013,38.139956919941994,44.741924426435254,6.60196750649326
2021-01-05 → 2022-01-05,1480.565603419731,3359.4634959148934,2194.861626733868,2319.958594626929,38.016755788977825,44.674752926168345,6.65799713719052
2021-01-06 → 2022-01-06,1480.565603419731,3359.4634959148934,2193.161436189248,2318.109783330203,37.92626707474748,44.57635421572694,6.650087140979458
2021-01-07 → 2022-01-07,1480.565603419731,3359.4634959148934,2192.2867994490125,2318.53874835472,37.87971655469373,44.59918488823079,6.719468333537058
2021-01-08 → 2022-01-08,1480.565603419731,3359.4634959148934,2191.856069729895,2317.8095594148854,37.85679196039629,44.56037549136322,6.703583530966924
2021-01-09 → 2022-01-09,1480.565603419731,3359.4634959148934,2191.6783247358944,2317.496563063958,37.84733189368854,44.543716983619,6.696385089930459
2021-01-10 → 2022-01-10,1480.565603419731,3359.4634959148934,2191.444252744762,2317.187295116402,37.83487395267602,44.527256911531445,6.692382958855426
2021-01-11 → 2022-01-11,1480.565603419731,3359.4634959148934,2190.704415560357,2315.037964152094,37.79549782758908,44.41286373599525,6.617365908406171
2021-01-12 → 2022-01-12,1480.565603419731,3359.4634959148934,2189.172809793113,2311.40531963177,37.7139816486971,44.21952462295277,6.505542974255668
2021-01-13 → 2022-01-13,1480.565603419731,3359.4634959148934,2187.4779377084924,2310.1413468023193,37.623775997214366,44.15225258893222,6.528476591717855
2021-01-14 → 2022-01-14,1480.565603419731,3359.4634959148934,2186.4911338177303,2308.1302402845504,37.57125563968437,44.04521609025915,6.473960450574786
2021-01-15 → 2022-01-15,1480.565603419731,3359.4634959148934,2185.8172098634454,2306.8994261643174,37.5353875940084,43.979708851938796,6.4443212579303975
2021-01-16 → 2022-01-16,1480.565603419731,3359.4634959148934,2184.7036983737207,2305.1809216021384,37.47612351722315,43.888245416429974,6.412121899206824
2021-01-17 → 2022-01-17,1480.565603419731,3359.4634959148934,2183.624103576971,2305.0388171666254,37.418664578072594,43.88068223611663,6.462017658044033
2021-01-18 → 2022-01-18,1480.565603419731,3359.4634959148934,2182.4884830733126,2303.0638007573393,37.358223800093434,43.77556655009799,6.417342750004558
2021-01-19 → 2022-01-19,1480.565603419731,3359.4634959148934,2181.560562654257,2302.4230339961605,37.30883737932187,43.74146321943067,6.432625840108798
2021-01-20 → 2022-01-20,1480.565603419731,3359.4634959148934,2180.727254730353,2302.5514754024907,37.26448649004616,43.7482992165779,6.483812726531738
2021-01-21 → 2022-01-21,1480.565603419731,3359.4634959148934,2180.5213297664727,2309.0417575894985,37.25352660953841,44.09372949317418,6.840202883635769
2021-01-22 → 2022-01-22,1480.565603419731,3359.4634959148934,2179.5213776585174,2310.867834674827,37.200306468521205,44.19091822773088,6.990611759209678
2021-01-23 → 2022-01-23,1480.565603419731,3359.4634959148934,2178.771297291007,2307.5390416539153,37.16038517367563,44.0137509088357,6.853365735160075
2021-01-24 → 2022-01-24,1480.565603419731,3359.4634959148934,2177.6956915773544,2304.9238238781536,37.10313854425798,43.87456198397674,6.77142343971876
2021-01-25 → 2022-01-25,1480.565603419731,3359.4634959148934,2176.6086229003763,2302.318430455713,37.045281825097234,43.73589593762865,6.690614112531414
2021-01-26 → 2022-01-26,1480.565603419731,3359.4634959148934,2175.6002676798616,2300.53774770252,36.99161444782557,43.64112321153717,6.6495087637116015
2021-01-27 → 2022-01-27,1480.565603419731,3359.4634959148934,2174.609654928918,2298.1674076507315,36.93889137251104,43.51496733785951,6.576075965348473
2021-01-28 → 2022-01-28,1480.565603419731,3359.4634959148934,2172.8439759419166,2293.5953017754523,36.844917187215806,43.271627564392226,6.42671037717642
2021-01-29 → 2022-01-29,1480.565603419731,3359.4634959148934,2171.8642207633434,2290.7982405833523,36.792771981109254,43.1227604437641,6.329988462654846
2021-01-30 → 2022-01-30,1480.565603419731,3359.4634959148934,2171.060527000998,2289.0210612148508,36.74999723717263,43.02817417722988,6.27817694005725
2021-01-31 → 2022-01-31,1480.565603419731,3359.4634959148934,2170.2100028756768,2286.1875150391515,36.70473005534661,42.87736522763143,6.172635172284821
2021-02-01 → 2022-02-01,1480.565603419731,3359.4634959148934,2169.013939107548,2283.0615541787,36.641072324242316,42.71099318192648,6.069920857684167
2021-02-02 → 2022-02-02,1480.565603419731,3359.4634959148934,2168.2710313105536,2284.730760494326,36.60153277289353,42.79983283214342,6.198300059249895
2021-02-03 → 2022-02-03,1480.565603419731,3359.4634959148934,2167.9683136260546,2283.6990313520982,36.585421323425834,42.74492143188324,6.159500108457408
2021-02-04 → 2022-02-04,1480.565603419731,3359.4634959148934,2167.3485733714924,2274.7487777482024,36.55243708000113,42.26856485925386,5.71612777925273
2021-02-05 → 2022-02-05,1480.565603419731,3359.4634959148934,2166.572187003397,2271.4262723265674,36.511115709042315,42.091732183305574,5.580616474263259
2021-02-06 → 2022-02-06,1480.565603419731,3359.4634959148934,2165.8409816987037,2267.7615931196688,36.472198995813024,41.89668809807154,5.424489102258519
2021-02-07 → 2022-02-07,1480.565603419731,3359.4634959148934,2165.1214347660302,2263.1484613822613,36.43390277250321,41.651164817863844,5.217262045360634
2021-02-08 → 2022-02-08,1480.565603419731,3359.4634959148934,2164.3023268820866,2260.3198484158547,36.390307647551744,41.500618426934096,5.110310779382353
2021-02-09 → 2022-02-09,1480.565603419731,3359.4634959148934,2164.531368243054,2259.2672207380247,36.40249784489469,41.444594750392945,5.042096905498255
2021-02-10 → 2022-02-10,1480.565603419731,3359.4634959148934,2164.9262075731644,2260.2155104072376,36.42351225614542,41.49506527745036,5.071553021304936
2021-02-11 → 2022-02-11,1480.565603419731,3359.4634959148934,2165.3155414737307,2262.31755172174,36.44423365362643,41.60694157061661,5.162707916990179
2021-02-12 → 2022-02-12,1480.565603419731,3359.4634959148934,2166.089215748432,2263.4603576193726,36.48541067967938,41.66776477459152,5.182354094912135
2021-02-13 → 2022-02-13,1480.565603419731,3359.4634959148934,2166.8153610871,2264.0592734950496,36.5240580879057,41.69964068855519,5.175582600649491
2021-02-14 → 2022-02-14,1480.565603419731,3359.4634959148934,2167.4345411780023,2263.76460319577,36.5570125179136,41.683957542576024,5.126945024662426
2021-02-15 → 2022-02-15,1480.565603419731,3359.4634959148934,2167.9773313834744,2261.0513853093316,36.585901272733125,41.5395527882104,4.953651515477276
2021-02-16 → 2022-02-16,1480.565603419731,3359.4634959148934,2168.4985848265756,2261.46716341901,36.61364378312622,41.561681617634235,4.948037834508014
2021-02-17 → 2022-02-17,1480.565603419731,3359.4634959148934,2169.6665083606745,2268.101666821557,36.67580381527932,41.91478773527092,5.238983919991597
2021-02-18 → 2022-02-18,1480.565603419731,3359.4634959148934,2171.257888887787,2271.593915925084,36.760501367683254,42.1006546265733,5.340153258890048
2021-02-19 → 2022-02-19,1480.565603419731,3359.4634959148934,2172.7822483788614,2273.751120063637,36.84163188026529,42.21546683362135,5.373834953356059
2021-02-20 → 2022-02-20,1480.565603419731,3359.4634959148934,2174.974784298636,2279.508016432671,36.95832453975107,42.52186434420609,5.563539804455019
2021-02-21 → 2022-02-21,1480.565603419731,3359.4634959148934,2177.4486342163996,2290.0183689732403,37.08998948693338,43.081253578849996,5.991264091916612
2021-02-22 → 2022-02-22,1480.565603419731,3359.4634959148934,2179.8489470963304,2297.560638548967,37.21774059515051,43.48267345407858,6.26493285892807
2021-02-23 → 2022-02-23,1480.565603419731,3359.4634959148934,2182.10817337707,2307.185451864886,37.33798269504129,43.99493190912094,6.656949214079653
2021-02-24 → 2022-02-24,1480.565603419731,3359.4634959148934,2183.6185127840804,2309.3593934902365,37.418367021035955,44.110634930239534,6.692267909203579
2021-02-25 → 2022-02-25,1480.565603419731,3359.4634959148934,2185.0543978324417,2311.1543581483606,37.49478868578403,44.20616777772921,6.711379091945183
2021-02-26 → 2022-02-26,1480.565603419731,3359.4634959148934,2186.3061473793937,2314.9387547230936,37.56141016382985,44.40758354331439,6.84617337948454
2021-02-27 → 2022-02-27,1480.565603419731,3359.4634959148934,2187.650369887953,2320.02632252996,37.632953301641024,44.678357587353055,7.045404285712031
2021-02-28 → 2022-02-28,1480.565603419731,3359.4634959148934,2188.0169408121596,2310.812072000176,37.65246319228868,44.18795038818656,6.535487195897879
2021-03-01 → 2022-03-01,1480.565603419731,3359.4634959148934,2188.1562039748283,2307.558812086236,37.65987515241832,44.01480314442548,6.3549279920071555
2021-03-02 → 2022-03-02,1480.565603419731,3359.4634959148934,2188.863291348622,2306.8873803310516,37.69750824448886,43.97906774028957,6.281559495800714
2021-03-03 → 2022-03-03,1480.565603419731,3359.4634959148934,2189.636924087285,2308.89874957609,37.73868305988212,44.08611822201464,6.34743516213252
2021-03-04 → 2022-03-04,1480.565603419731,3359.4634959148934,2191.233558908894,2316.5795562408975,37.823660259972996,44.49491141378344,6.671251153810445
2021-03-05 → 2022-03-05,1480.565603419731,3359.4634959148934,2192.534369691581,2318.212682884325,37.892892908957435,44.581830806793086,6.68893789783565
2021-03-06 → 2022-03-06,1480.565603419731,3359.4634959148934,2194.0509413911022,2322.2658571894435,37.97360893432416,44.79755164619089,6.823942711866728
2021-03-07 → 2022-03-07,1480.565603419731,3359.4634959148934,2195.6340334166325,2325.1091434784194,38.05786535037814,44.948878990818436,6.891013640440299
2021-03-08 → 2022-03-08,1480.565603419731,3359.4634959148934,2197.3411750109085,2326.0465526002918,38.14872401816923,44.99877042587814,6.850046407708909
2021-03-09 → 2022-03-09,1480.565603419731,3359.4634959148934,2198.6027673835492,2320.6512977379716,38.21586935787502,44.711620449082154,6.495751091207133
2021-03-10 → 2022-03-10,1480.565603419731,3359.4634959148934,2200.5315559988535,2326.1361905676354,38.318524676346996,45.003541199622774,6.6850165232757774
2021-03-11 → 2022-03-11,1480.565603419731,3359.4634959148934,2202.6999007640306,2329.7651104447505,38.43392981751184,45.19668207713453,6.762752259622694
2021-03-12 → 2022-03-12,1480.565603419731,3359.4634959148934,2204.9912371384403,2331.9897391848035,38.55588090296261,45.31508280284394,6.759201899881326
2021-03-13 → 2022-03-13,1480.565603419731,3359.4634959148934,2207.452369421106,2337.116009493648,38.6868689833951,45.58791669814609,6.901047714750987
2021-03-14 → 2022-03-14,1480.565603419731,3359.4634959148934,2209.885454628774,2335.86546015925,38.816364323050664,45.52135909864091,6.704994775590244
2021-03-15 → 2022-03-15,1480.565603419731,3359.4634959148934,2212.2667758761195,2338.2377134856274,38.943104645494856,45.64761680193883,6.704512156443975
2021-03-16 → 2022-03-16,1480.565603419731,3359.4634959148934,2214.045805971905,2335.9718944354945,39.03778941271352,45.52702381712667,6.489234404413146
2021-03-17 → 2022-03-17,1480.565603419731,3359.4634959148934,2215.8794843832065,2336.9489639824537,39.135382710285775,45.579026086694476,6.443643376408701
2021-03-18 → 2022-03-18,1480.565603419731,3359.4634959148934,2217.7559368885973,2336.223142751556,39.23525256020608,45.54039592835555,6.305143368149473
2021-03-19 → 2022-03-19,1480.565603419731,3359.4634959148934,2219.498819632812,2336.0834807185756,39.32801346813919,45.53296273927495,6.20494927113576
2021-03-20 → 2022-03-20,1480.565603419731,3359.4634959148934,2221.418115247808,2338.749793586336,39.43016354359899,45.67487108237388,6.244707538774897
2021-03-21 → 2022-03-21,1480.565603419731,3359.4634959148934,2223.380948706335,2340.6823584521044,39.53463082020656,45.77772738305352,6.243096562846958
2021-03-22 → 2022-03-22,1480.565603419731,3359.4634959148934,2225.0714417741046,2339.226995311476,39.6246034086331,45.70026904183969,6.07566563320659
2021-03-23 → 2022-03-23,1480.565603419731,3359.4634959148934,2226.4474108081617,2338.8916339976768,39.697836181928196,45.68242021061055,5.984584028682356
2021-03-24 → 2022-03-24,1480.565603419731,3359.4634959148934,2227.6531952331748,2336.7037290889166,39.76201127254004,45.56597402598822,5.803962753448175
2021-03-25 → 2022-03-25,1480.565603419731,3359.4634959148934,2228.6194129177347,2335.6018580245272,39.81343597679988,45.5073294839516,5.693893507151721
2021-03-26 → 2022-03-26,1480.565603419731,3359.4634959148934,2229.4560598401076,2334.843721939805,39.85796457655587,45.46697944216645,5.609014865610575
2021-03-27 → 2022-03-27,1480.565603419731,3359.4634959148934,2230.312809270084,2330.525293049871,39.903563085841476,45.23714104024034,5.333577954398862
2021-03-28 → 2022-03-28,1480.565603419731,3359.4634959148934,2231.22128184137,2328.733929424724,39.95191443984079,45.14179984941235,5.189885409571559
2021-03-29 → 2022-03-29,1480.565603419731,3359.4634959148934,2232.0736338519137,2327.4472319572915,39.997278906635295,45.073318349030025,5.07603944239473
2021-03-30 → 2022-03-30,1480.565603419731,3359.4634959148934,2233.1258579003256,2327.427895097965,40.05328110093308,45.072289189361285,5.019008088428208
2021-03-31 → 2022-03-31,1480.565603419731,3359.4634959148934,2234.46677389421,2329.94345504816,40.12464825713886,45.20617405666796,5.081525799529103
2021-04-01 → 2022-04-01,1480.565603419731,3359.4634959148934,2235.7269935359536,2329.625807145867,40.19172053641372,45.18926798084756,4.997547444433842
2021-04-02 → 2022-04-02,1480.565603419731,3359.4634959148934,2237.029249212001,2330.484559362835,40.26103008650949,45.23497308384428,4.973942997334788
2021-04-03 → 2022-04-03,1480.565603419731,3359.4634959148934,2238.284115445212,2330.2851952688147,40.32781744298178,45.224362390478944,4.896544947497162
2021-04-04 → 2022-04-04,1480.565603419731,3359.4634959148934,2239.3696020707293,2329.9771565778665,40.38558996110812,45.20796774273472,4.8223777816266065
2021-04-05 → 2022-04-05,1480.565603419731,3359.4634959148934,2240.6547638757925,2331.5033713525218,40.45398972940827,45.28919699849957,4.835207269091299
2021-04-06 → 2022-04-06,1480.565603419731,3359.4634959148934,2242.3139097903895,2336.1212602950814,40.542293938020364,45.53497346996217,4.992679531941803
2021-04-07 → 2022-04-07,1480.565603419731,3359.4634959148934,2243.8810269106843,2337.6215563967194,40.625700126645846,45.61482326422882,4.989123137582972
2021-04-08 → 2022-04-08,1480.565603419731,3359.4634959148934,2245.4962831149273,2341.341097145085,40.7116684068113,45.812787228275106,5.101118821463807
2021-04-09 → 2022-04-09,1480.565603419731,3359.4634959148934,2247.184083504059,2342.765463535673,40.80149768363752,45.888595839071755,5.087098155434234
2021-04-10 → 2022-04-10,1480.565603419731,3359.4634959148934,2248.9421527783097,2345.1718029590206,40.89506685955033,46.016667696140686,5.121600836590353
2021-04-11 → 2022-04-11,1480.565603419731,3359.4634959148934,2251.271182601332,2352.1577206834313,41.01902409173017,46.38847702927765,5.369452937547486
2021-04-12 → 2022-04-12,1480.565603419731,3359.4634959148934,2253.5265371105493,2354.7856897238867,41.1390601255256,46.52834461074401,5.389284485218404
2021-04-13 → 2022-04-13,1480.565603419731,3359.4634959148934,2255.6049177001914,2355.645020389564,41.24967713126838,46.574080500337026,5.324403369068648
2021-04-14 → 2022-04-14,1480.565603419731,3359.4634959148934,2258.1433805871006,2360.0671905464797,41.38478095447498,46.80944029155183,5.424659337076854
2021-04-15 → 2022-04-15,1480.565603419731,3359.4634959148934,2260.5392114389642,2361.839707611691,41.51229351710189,46.903778417763554,5.391484900661666
2021-04-16 → 2022-04-16,1480.565603419731,3359.4634959148934,2262.9745276327126,2364.3384494508746,41.64190759583792,47.03676817996213,5.39486058412421
2021-04-17 → 2022-04-17,1480.565603419731,3359.4634959148934,2265.4183797043643,2368.0142565744977,41.771975976957144,47.2324045228579,5.460428545900754
2021-04-18 → 2022-04-18,1480.565603419731,3359.4634959148934,2267.579434122831,2368.523590446408,41.88699310625931,47.259512641609035,5.372519535349724
2021-04-19 → 2022-04-19,1480.565603419731,3359.4634959148934,2269.3194911938417,2368.7620372161464,41.979603624263554,47.27220342010694,5.292599795843387
2021-04-20 → 2022-04-20,1480.565603419731,3359.4634959148934,2271.0231484337705,2369.978928836228,42.070276845343514,47.33696966551827,5.266692820174754
2021-04-21 → 2022-04-21,1480.565603419731,3359.4634959148934,2272.938490531537,2373.1425676160366,42.172216503981524,47.50534703144352,5.3331305274619965
2021-04-22 → 2022-04-22,1480.565603419731,3359.4634959148934,2274.756843334882,2376.446271320093,42.26899413147305,47.68117902940639,5.4121848979333365
2021-04-23 → 2022-04-23,1480.565603419731,3359.4634959148934,2276.393245861859,2378.8583518317623,42.356087875817195,47.80955644263911,5.453468566821918
2021-04-24 → 2022-04-24,1480.565603419731,3359.4634959148934,2277.9461966296926,2380.979310325167,42.43874009305775,47.922439558952995,5.483699465895242
2021-04-25 → 2022-04-25,1480.565603419731,3359.4634959148934,2279.2627892497667,2380.957979524502,42.508812693880444,47.92130427636261,5.412491582482168
2021-04-26 → 2022-04-26,1480.565603419731,3359.4634959148934,2280.8571017422564,2386.735851945501,42.59366629336863,48.22881818885766,5.635151895489031
2021-04-27 → 2022-04-27,1480.565603419731,3359.4634959148934,2282.7587902185787,2387.568358692537,42.69487926954568,48.273126437345304,5.578247167799624
2021-04-28 → 2022-04-28,1480.565603419731,3359.4634959148934,2284.6674291596564,2388.5231051659157,42.7964621681535,48.32394061288897,5.527478444735472
2021-04-29 → 2022-04-29,1480.565603419731,3359.4634959148934,2286.7570407328794,2392.367831451639,42.90767691705334,48.528567287977616,5.620890370924279
2021-04-30 → 2022-04-30,1480.565603419731,3359.4634959148934,2288.901058219958,2396.632872873957,43.02178729503835,48.75556426526698,5.733776970228632
2021-05-01 → 2022-05-01,1480.565603419731,3359.4634959148934,2291.273457022042,2398.287493987346,43.148052740944685,48.843627651787244,5.695574910842559
2021-05-02 → 2022-05-02,1480.565603419731,3359.4634959148934,2293.6361641979406,2400.4755427811765,43.27380237243537,48.96008149436008,5.686279121924713
2021-05-03 → 2022-05-03,1480.565603419731,3359.4634959148934,2296.053021341346,2404.4419349425793,43.402434010858016,49.1711835546288,5.768749543770781
2021-05-04 → 2022-05-04,1480.565603419731,3359.4634959148934,2298.1722815893636,2403.591323400434,43.51522674198421,49.12591172024423,5.610684978260025
2021-05-05 → 2022-05-05,1480.565603419731,3359.4634959148934,2300.571768874931,2410.7877842168637,43.642933909848495,49.508926723091086,5.865992813242592
2021-05-06 → 2022-05-06,1480.565603419731,3359.4634959148934,2303.387457997773,2415.443830894596,43.7927924590591,49.75673405186238,5.96394159280328
2021-05-07 → 2022-05-07,1480.565603419731,3359.4634959148934,2306.2485380548546,2420.259718990873,43.94506683588978,50.013048570895734,6.067981735005951
2021-05-08 → 2022-05-08,1480.565603419731,3359.4634959148934,2309.5057478589156,2427.4924886764984,44.11842430342813,50.397996029430615,6.279571726002487
2021-05-09 → 2022-05-09,1480.565603419731,3359.4634959148934,2313.8245685496254,2442.237219477897,44.348283558045445,51.182750265426776,6.834466707381331
2021-05-10 → 2022-05-10,1480.565603419731,3359.4634959148934,2317.953432907043,2449.176303945454,44.56803282562988,51.552067006654376,6.984034181024498
2021-05-11 → 2022-05-11,1480.565603419731,3472.6373926933848,2322.554040326462,2462.4809809415874,42.266972578018176,49.291164244632014,7.024191666613838
2021-05-12 → 2022-05-12,1480.565603419731,3472.6373926933848,2327.139345586297,2470.777821039074,42.49715028971133,49.70765727174886,7.210506982037529
2021-05-13 → 2022-05-13,1480.565603419731,3472.6373926933848,2331.1086371235506,2477.499161268782,42.69640473217802,50.04506179029578,7.348657058117766
2021-05-14 → 2022-05-14,1480.565603419731,3472.6373926933848,2334.6659984590647,2481.7642169285937,42.874980692877266,50.25916329420629,7.384182601329023
2021-05-15 → 2022-05-15,1480.565603419731,3472.6373926933848,2337.9632944249124,2483.9456813703055,43.04050163361856,50.36867061484895,7.328168981230391
2021-05-16 → 2022-05-16,1480.565603419731,3472.6373926933848,2341.2970468639155,2490.79000161496,43.20785265264075,50.71224860644082,7.504395953800071
2021-05-17 → 2022-05-17,1480.565603419731,3472.6373926933848,2344.3366532203736,2494.507919971846,43.36043783420022,50.89888436810891,7.53844653390869
2021-05-18 → 2022-05-18,1480.565603419731,3475.6954462236067,2347.5509781501282,2502.635955660049,43.45508528467354,51.228262457542186,7.77317717286865
2021-05-19 → 2022-05-19,1480.565603419731,3475.6954462236067,2350.195564479425,2505.014524193518,43.58763737589884,51.34748119120244,7.759843815303604
2021-05-20 → 2022-05-20,1480.565603419731,3475.6954462236067,2352.286400469736,2510.4725305065517,43.692434364318025,51.62104766271406,7.928613298396037
2021-05-21 → 2022-05-21,1480.565603419731,3475.6954462236067,2354.876627011364,2514.733895478562,43.82226183148617,51.83463601574182,8.012374184255648
2021-05-22 → 2022-05-22,1480.565603419731,3475.6954462236067,2356.5346421938825,2516.437200752375,43.90536495324533,51.9200091697727,8.014644216527365
2021-05-23 → 2022-05-23,1480.565603419731,3475.6954462236067,2358.669361519723,2521.800153606471,44.01236146445188,52.188811366954994,8.176449902503116
2021-05-24 → 2022-05-24,1480.565603419731,3475.6954462236067,2360.0292120773206,2524.1504994318993,44.08051996363438,52.3066155205997,8.22609555696532
2021-05-25 → 2022-05-25,1480.565603419731,3475.6954462236067,2362.1940797204957,2527.6668653012275,44.18902757034396,52.48286299050804,8.29383542016408
2021-05-26 → 2022-05-26,1480.565603419731,3475.6954462236067,2364.3693828577757,2531.5514758636073,44.29805822542268,52.677567639751345,8.379509414328666
2021-05-27 → 2022-05-27,1480.565603419731,3495.0320012240645,2366.9477352660238,2536.8064982739515,44.00083976642175,52.432787958412696,8.431948191990948
2021-05-28 → 2022-05-28,1480.565603419731,3495.0320012240645,2369.259760762971,2540.202105421498,44.115610878983716,52.601349079672765,8.485738200689049
2021-05-29 → 2022-05-29,1480.565603419731,3495.0320012240645,2370.868060180066,2542.5675653244425,44.19544836939052,52.71877272622865,8.523324356838131
2021-05-30 → 2022-05-30,1480.565603419731,3495.0320012240645,2371.5993307370372,2540.655834161703,44.23174932520532,52.62387259958352,8.3921232743782
2021-05-31 → 2022-05-31,1480.565603419731,3495.0320012240645,2372.5192013898536,2540.566043438415,44.27741256653906,52.61941530392519,8.342002737386125
2021-06-01 → 2022-06-01,1480.565603419731,3495.0320012240645,2374.3573306479634,2544.660890978207,44.36865902565663,52.82268737360356,8.454028347946924
2021-06-02 → 2022-06-02,1480.565603419731,3495.0320012240645,2375.8616028892507,2546.1857055601604,44.443332509559205,52.89838059854964,8.455048088990438
2021-06-03 → 2022-06-03,1480.565603419731,3495.0320012240645,2377.8136630420436,2549.1761833640735,44.540234605068,53.046830719493464,8.506596114425463
2021-06-04 → 2022-06-04,1480.565603419731,3495.0320012240645,2380.007497817629,2552.163189563851,44.64913861945,53.19510850675431,8.54596988730431
2021-06-05 → 2022-06-05,1480.565603419731,3495.0320012240645,2381.7331361942156,2554.040302340579,44.73480092577924,53.2882901442725,8.553489218493262
2021-06-06 → 2022-06-06,1480.565603419731,3495.0320012240645,2382.736848874934,2553.3944449643773,44.784626163957064,53.25622917880266,8.471603014845599
2021-06-07 → 2022-06-07,1480.565603419731,3495.0320012240645,2383.8521232831226,2553.5527869331495,44.83998943084523,53.26408942253493,8.424099991689701
2021-06-08 → 2022-06-08,1480.565603419731,3495.0320012240645,2384.78920726331,2553.130577450477,44.88650715788245,53.24313054810881,8.35662339022636
2021-06-09 → 2022-06-09,1480.565603419731,3495.0320012240645,2385.7151199700993,2552.50561839484,44.932470332438186,53.21210699485827,8.279636662420081
2021-06-10 → 2022-06-10,1480.565603419731,3495.0320012240645,2387.803086859591,2555.248082710436,45.03611896573222,53.348245493796995,8.312126528064773
2021-06-11 → 2022-06-11,1480.565603419731,3525.994877822249,2390.0176286016895,2558.1738618503064,44.46264833320208,52.6837213056585,8.221072972456419
2021-06-12 → 2022-06-12,1480.565603419731,3727.131632396633,2392.8534309044817,2564.6297368407722,40.608102130886905,48.254274276315385,7.64617214542848
2021-06-13 → 2022-06-13,1480.565603419731,4481.038187568874,2397.4367553375055,2579.790913702196,30.55755805806757,36.63507262454049,6.077514566472921
2021-06-14 → 2022-06-14,1480.565603419731,4530.449222223425,2402.7958642792883,2592.2854673365628,30.238211555800248,36.45122250116875,6.213010945368502
2021-06-15 → 2022-06-15,1480.565603419731,4530.449222223425,2408.174267139372,2602.694908846446,30.414559362218956,36.79252868890999,6.377969326691034
2021-06-16 → 2022-06-16,1480.565603419731,4923.640009381437,2414.8394448527256,2620.0602842385147,27.134872247178084,33.095267382132114,5.96039513495403
2021-06-17 → 2022-06-17,1480.565603419731,4923.640009381437,2421.0500766249024,2633.2149926746533,27.31525265840077,33.477330238902255,6.162077580501485
2021-06-18 → 2022-06-18,1480.565603419731,5259.319351816173,2428.2332210349323,2651.2236220469476,25.078840292711718,30.980002841518818,5.9011625488071004
2021-06-19 → 2022-06-19,1480.565603419731,5259.319351816173,2433.9159667431763,2660.7041047345847,25.22922706270581,31.23089197901978,6.00166491631397
2021-06-20 → 2022-06-20,1480.565603419731,5259.319351816173,2439.5132262655557,2671.159180651031,25.3773515475245,31.507572509495812,6.130220961971311
2021-06-21 → 2022-06-21,1480.565603419731,5259.319351816173,2445.0449694515823,2681.1483448830845,25.52374222430184,31.771923268956986,6.248181044655144
2021-06-22 → 2022-06-22,1480.565603419731,5259.319351816173,2450.0890727210203,2692.578841298895,25.657228119527975,32.074417085090445,6.41718896556247
2021-06-23 → 2022-06-23,1480.565603419731,5259.319351816173,2454.6055996345067,2700.001352903825,25.776752365197673,32.270844587361,6.494092222163324
2021-06-24 → 2022-06-24,1480.565603419731,5259.319351816173,2459.304447028843,2707.6942123472836,25.901101494757388,32.47442650763625,6.573325012878865
2021-06-25 → 2022-06-25,1480.565603419731,5259.319351816173,2464.148068849873,2715.2767264471727,26.02928189876191,32.67508827616527,6.64580637740336
2021-06-26 → 2022-06-26,1480.565603419731,5259.319351816173,2468.4940500143134,2723.171710663111,26.144292864117467,32.88401917618194,6.7397263120644695
2021-06-27 → 2022-06-27,1480.565603419731,5259.319351816173,2473.093285350499,2731.585590226058,26.26600588492856,33.106681993692014,6.8406761087634536
2021-06-28 → 2022-06-28,1480.565603419731,5259.319351816173,2478.658980526091,2741.4319127369226,26.413295058719093,33.36725262534652,6.953957566627423
2021-06-29 → 2022-06-29,1480.565603419731,5259.319351816173,2484.3170521841093,2751.1985850508677,26.56302886078067,33.62571541398654,7.062686553205872
2021-06-30 → 2022-06-30,1480.565603419731,5259.319351816173,2490.8460947635926,2762.675152352449,26.73581182083077,33.929428438590264,7.193616617759496
2021-07-01 → 2022-07-01,1480.565603419731,5259.319351816173,2497.1803135943724,2773.5051897882367,26.90343901361801,34.21603185751862,7.312592843900614
2021-07-02 → 2022-07-02,1480.565603419731,5259.319351816173,2503.2324740655713,2783.9838571763303,27.063601884082043,34.49333670683674,7.4297348227547
2021-07-03 → 2022-07-03,1480.565603419731,5259.319351816173,2509.318775648977,2794.132099675855,27.224668256453842,34.76189727402986,7.537229017576021
2021-07-04 → 2022-07-04,1480.565603419731,5259.319351816173,2514.9277947050523,2801.946409705303,27.373103942649475,34.96869323242656,7.5955892897770845
2021-07-05 → 2022-07-05,1480.565603419731,5259.319351816173,2520.730312401819,2810.358988902255,27.526660328778874,35.19132163737416,7.664661308595285
2021-07-06 → 2022-07-06,1480.565603419731,5259.319351816173,2525.9619614005087,2817.491813247004,27.66510938757001,35.38008292799215,7.71497354042214
2021-07-07 → 2022-07-07,1480.565603419731,5259.319351816173,2530.574378088053,2822.4744669904653,27.78717123638727,35.51194263823592,7.724771401848653
2021-07-08 → 2022-07-08,1480.565603419731,5259.319351816173,2535.047473650882,2827.6427896913888,27.9055461255879,35.64871584562253,7.743169720034633
2021-07-09 → 2022-07-09,1480.565603419731,5259.319351816173,2539.3804362057313,2833.145395427023,28.020212569694987,35.794335436154704,7.774122866459717
2021-07-10 → 2022-07-10,1480.565603419731,5259.319351816173,2544.4403172930483,2840.169979934617,28.154116005171943,35.98023229462491,7.826116289452969
2021-07-11 → 2022-07-11,1480.565603419731,5259.319351816173,2549.992111502895,2848.6779536386066,28.301037307260035,36.20538519609672,7.904347888836686
2021-07-12 → 2022-07-12,1480.565603419731,5259.319351816173,2556.1447578022326,2858.585725921263,28.463859409704483,36.46758201923877,8.003722609534286
2021-07-13 → 2022-07-13,1480.565603419731,5259.319351816173,2561.45481985734,2865.096530655753,28.604383572131344,36.63988233749193,8.03549876536059
2021-07-14 → 2022-07-14,1480.565603419731,5259.319351816173,2566.378190443007,2870.81716547652,28.734674427621886,36.7912717955426,8.056597367920713
2021-07-15 → 2022-07-15,1480.565603419731,5259.319351816173,2571.163521501242,2876.231370045587,28.861312239367777,36.93455195957458,8.0732397202068
2021-07-16 → 2022-07-16,1480.565603419731,5259.319351816173,2575.4366059713334,2880.3672391233313,28.974394084722338,37.04400257089053,8.069608486168189
2021-07-17 → 2022-07-17,1480.565603419731,5259.319351816173,2579.868798612158,2885.5517458991517,29.091686529161343,37.181204069612704,8.08951754045136
2021-07-18 → 2022-07-18,1480.565603419731,5259.319351816173,2583.4572678212066,2887.1522438094717,29.186650886406674,37.22355924851261,8.036908362105933
2021-07-19 → 2022-07-19,1480.565603419731,5259.319351816173,2586.530935261561,2887.705869045858,29.26799165759767,37.23821024916649,7.970218591568823
2021-07-20 → 2022-07-20,1480.565603419731,5259.319351816173,2589.419956750223,2888.8194459346987,29.344446004216255,37.26767967117668,7.923233666960424
2021-07-21 → 2022-07-21,1480.565603419731,5259.319351816173,2592.0422010539096,2890.685170609384,29.413840425718305,37.31705374524745,7.903213319529144
2021-07-22 → 2022-07-22,1480.565603419731,5259.319351816173,2595.568834376187,2894.40728103663,29.50716837342525,37.41555475047505,7.908386377049801
2021-07-23 → 2022-07-23,1480.565603419731,5259.319351816173,2599.26339237867,2898.381501800577,29.60494023813198,37.520727540991864,7.915787302859883
2021-07-24 → 2022-07-24,1480.565603419731,5259.319351816173,2603.1538022003547,2902.620905919633,29.707895076703718,37.63291807790777,7.92502300120405
2021-07-25 → 2022-07-25,1480.565603419731,5259.319351816173,2607.859171863208,2908.2371478261202,29.832416809956374,37.78154490782148,7.949128097865103
2021-07-26 → 2022-07-26,1480.565603419731,5259.319351816173,2612.97851611324,2914.8638097826124,29.96789386379204,37.956911242801745,7.989017379009706
2021-07-27 → 2022-07-27,1480.565603419731,5259.319351816173,2617.613804215415,2920.7713635054442,30.090560976041463,38.11324727621855,8.022686300177089
2021-07-28 → 2022-07-28,1480.565603419731,5259.319351816173,2622.092150876846,2925.848361648948,30.20907482901036,38.247603693216035,8.038528864205677
2021-07-29 → 2022-07-29,1480.565603419731,5259.319351816173,2626.658899824396,2930.719523267946,30.329928138106986,38.37651290358903,8.046584765482045
2021-07-30 → 2022-07-30,1480.565603419731,5259.319351816173,2631.40878603419,2935.764647118209,30.45562794619344,38.51002580721245,8.054397861019009
2021-07-31 → 2022-07-31,1480.565603419731,5259.319351816173,2636.56886106647,2942.023203208273,30.592182889327002,38.67565068003515,8.083467790708145
2021-08-01 → 2022-08-01,1480.565603419731,5259.319351816173,2641.741905710449,2950.3738643061015,30.729081057041004,38.89664049979707,8.167559442756069
2021-08-02 → 2022-08-02,1480.565603419731,5259.319351816173,2646.769098162676,2958.0825675590113,30.862119428603595,39.10064170670771,8.238522278104117
2021-08-03 → 2022-08-03,1480.565603419731,5259.319351816173,2651.7959625997205,2965.7332868213634,30.995149119653924,39.303108439703976,8.307959320050053
2021-08-04 → 2022-08-04,1480.565603419731,5259.319351816173,2656.7345161346625,2973.022802689933,31.125841772940415,39.49601637586317,8.370174602922756
2021-08-05 → 2022-08-05,1480.565603419731,5259.319351816173,2661.617179189321,2981.333257731837,31.255055354448093,39.7159421925542,8.46088683810611
2021-08-06 → 2022-08-06,1480.565603419731,5259.319351816173,2666.824911133864,2990.3526841970775,31.3928714782628,39.954630052779756,8.561758574516954
2021-08-07 → 2022-08-07,1480.565603419731,5259.319351816173,2672.24020287363,2999.961128668927,31.536180412909943,40.20890553913361,8.672725126223668
2021-08-08 → 2022-08-08,1480.565603419731,5259.319351816173,2677.576493950902,3010.349134814737,31.67739869366022,40.48381115186952,8.806412458209298
2021-08-09 → 2022-08-09,1480.565603419731,5259.319351816173,2683.146806227432,3020.9228647259174,31.82481005326241,40.763631712171104,8.938821658908694
2021-08-10 → 2022-08-10,1480.565603419731,5259.319351816173,2688.662206220768,3032.4591582220046,31.97076822785043,41.06892531594147,9.098157088091039
2021-08-11 → 2022-08-11,1480.565603419731,5259.319351816173,2694.0713215267606,3043.684726565876,32.11391371088933,41.365995966513374,9.252082255624046
2021-08-12 → 2022-08-12,1480.565603419731,5259.319351816173,2699.288979484416,3055.056284349852,32.25199251424796,41.66693004534297,9.414937531095013
2021-08-13 → 2022-08-13,1480.565603419731,5259.319351816173,2704.3217669069413,3065.8789723978716,32.385178949713925,41.95333897190011,9.568160022186184
2021-08-14 → 2022-08-14,1480.565603419731,5259.319351816173,2709.8331186765695,3078.1138892826316,32.531029993115915,42.27712077138762,9.746090778271707
2021-08-15 → 2022-08-15,1480.565603419731,5259.319351816173,2715.379813815787,3087.918519888882,32.67781635466624,42.53658807884081,9.858771724174566
2021-08-16 → 2022-08-16,1480.565603419731,5259.319351816173,2721.022622752905,3094.291919709757,32.82714624787541,42.70525214761162,9.878105899736205
2021-08-17 → 2022-08-17,1480.565603419731,5259.319351816173,2726.7890846845276,3100.445606419267,32.97974846319758,42.86810178321227,9.888353320014687
2021-08-18 → 2022-08-18,1480.565603419731,5259.319351816173,2732.4447785037128,3106.292763647111,33.12941933872328,43.02283949879708,9.893420160073802
2021-08-19 → 2022-08-19,1480.565603419731,5259.319351816173,2739.4356591464475,3115.165397005855,33.31442426649084,43.2576426627373,9.943218396246458
2021-08-20 → 2022-08-20,1480.565603419731,5259.319351816173,2746.498810466685,3126.959529955172,33.50134174750517,43.56975966571273,10.068417918207558
2021-08-21 → 2022-08-21,1480.565603419731,5259.319351816173,2753.626340912335,3139.825931219464,33.689962941693196,43.910252910866696,10.2202899691735
2021-08-22 → 2022-08-22,1480.565603419731,5259.319351816173,2760.885088793162,3152.7114802815036,33.88205664147206,44.25125287858111,10.369196237109051
2021-08-23 → 2022-08-23,1480.565603419731,5259.319351816173,2768.037854714267,3165.798212857741,34.07134566101032,44.59757691681174,10.52623125580142
2021-08-24 → 2022-08-24,1480.565603419731,5259.319351816173,2775.280888973412,3179.0803013058776,34.26302351941056,44.9490708042812,10.68604728487064
2021-08-25 → 2022-08-25,1480.565603419731,5259.319351816173,2782.236302634547,3190.5759663567487,34.44708985779227,45.25328922697543,10.806199369183162
2021-08-26 → 2022-08-26,1480.565603419731,5259.319351816173,2790.155666075568,3202.556807650327,34.65666592356215,45.57034723316762,10.913681309605465
2021-08-27 → 2022-08-27,1480.565603419731,5259.319351816173,2797.9970564133155,3214.08384806078,34.86417852850696,45.87539596557959,11.01121743707263
2021-08-28 → 2022-08-28,1480.565603419731,5259.319351816173,2806.314459818093,3224.9176591285545,35.084288224946086,46.162099248966925,11.07781102402084
2021-08-29 → 2022-08-29,1480.565603419731,5259.319351816173,2814.2002137111604,3235.829422390383,35.29297485599247,46.45086543984293,11.15789058385046
2021-08-30 → 2022-08-30,1480.565603419731,5259.319351816173,2822.3997996965504,3246.9088614360426,35.50996666152808,46.74406896098693,11.234102299458847
2021-08-31 → 2022-08-31,1480.565603419731,5259.319351816173,2830.2464073142864,3253.037082525324,35.71761733527378,46.906244680743264,11.188627345469484
2021-09-01 → 2022-09-01,1480.565603419731,5259.319351816173,2838.049664254949,3263.892051874828,35.924120787476085,47.19350789163947,11.269387104163386
2021-09-02 → 2022-09-02,1480.565603419731,5259.319351816173,2846.134219133463,3275.311690081575,36.13806843838995,47.49571435882704,11.357645920437086
2021-09-03 → 2022-09-03,1480.565603419731,5259.319351816173,2854.396483938374,3284.9853372924663,36.356718960626736,47.75171535426095,11.394996393634216
2021-09-04 → 2022-09-04,1480.565603419731,5259.319351816173,2862.6039865563102,3294.8696746881024,36.5739202699584,48.01329200237756,11.439371732419161
2021-09-05 → 2022-09-05,1480.565603419731,5259.319351816173,2870.9314319646837,3304.8997781023495,36.79429571548478,48.278726166181,11.484430450696223
2021-09-06 → 2022-09-06,1480.565603419731,5306.123380555857,2880.1491047717477,3312.3324874368236,36.585083349591116,47.88234790139238,11.297264551801263
2021-09-07 → 2022-09-07,1480.565603419731,5306.123380555857,2889.1206272503023,3319.890747832299,36.81959875887794,48.079920669490356,11.260321910612419
2021-09-08 → 2022-09-08,1480.565603419731,5306.123380555857,2897.4319569221825,3326.962118175694,37.03685674205502,48.26476614184625,11.22790939979123
2021-09-09 → 2022-09-09,1480.565603419731,5306.123380555857,2904.305880757431,3333.7750599968595,37.21654096683217,48.44285629805521,11.226315331223041
2021-09-10 → 2022-09-10,1480.565603419731,5306.123380555857,2911.005765061605,3340.6751989885,37.39167580191991,48.62322578647021,11.231549984550298
2021-09-11 → 2022-09-11,1480.565603419731,5306.123380555857,2917.474267277882,3347.4222481628703,37.560762314086496,48.799593510274946,11.23883119618845
2021-09-12 → 2022-09-12,1480.565603419731,5306.123380555857,2923.63236847772,3354.1459639615305,37.721734950198346,48.97535130012837,11.25361634993002
2021-09-13 → 2022-09-13,1480.565603419731,5306.123380555857,2931.265336493489,3361.501151079683,37.92126057392277,49.16761573701942,11.246355163096645
2021-09-14 → 2022-09-14,1480.565603419731,5306.123380555857,2938.687514085157,3368.626528015207,38.11527614038546,49.35387294056003,11.23859680017457
2021-09-15 → 2022-09-15,1480.565603419731,5306.123380555857,2946.7484775632415,3376.219898878776,38.325989556511644,49.55236349555704,11.226373939045395
2021-09-16 → 2022-09-16,1480.565603419731,5306.123380555857,2954.9160984977952,3383.9203384408347,38.53949099631131,49.75365282408532,11.214161827774014
2021-09-17 → 2022-09-17,1480.565603419731,5306.123380555857,2962.7790446396602,3391.47410726254,38.74502824342489,49.95110818253924,11.206079939114346
2021-09-18 → 2022-09-18,1480.565603419731,5306.123380555857,2971.0561580804847,3399.419744717211,38.96139181504034,50.15880697883395,11.197415163793607
2021-09-19 → 2022-09-19,1480.565603419731,5306.123380555857,2979.3580357106707,3407.307279151132,39.17840272204594,50.364986963385796,11.186584241339858
2021-09-20 → 2022-09-20,1480.565603419731,5306.123380555857,2988.048673960986,3415.6122509972947,39.40557582350203,50.582078753132066,11.176502929630033
2021-09-21 → 2022-09-21,1480.565603419731,5403.430744100575,2996.436675398569,3423.5021972273053,38.641936890946674,49.52850847863616,10.886571587689488
2021-09-22 → 2022-09-22,1480.565603419731,5403.430744100575,3003.7679785189416,3430.2394501529925,38.82882333382602,49.7002516480819,10.87142831425588
2021-09-23 → 2022-09-23,1480.565603419731,5403.430744100575,3011.635154915644,3437.8694361043126,39.02937002902384,49.894751985913956,10.865381956890118
2021-09-24 → 2022-09-24,1480.565603419731,5403.430744100575,3019.98211614319,3446.0530155171623,39.242147193881905,50.10336429144504,10.861217097563134
2021-09-25 → 2022-09-25,1480.565603419731,5403.430744100575,3028.1373564426826,3453.975090237711,39.45003709085851,50.30531043122933,10.855273340370822
2021-09-26 → 2022-09-26,1480.565603419731,5403.430744100575,3035.9735273931715,3461.452623797393,39.64979340848529,50.495924517911504,10.846131109426217
2021-09-27 → 2022-09-27,1480.565603419731,5403.430744100575,3043.938700389596,3469.0637104885473,39.852838191081155,50.689943083888345,10.83710489280719
2021-09-28 → 2022-09-28,1480.565603419731,5403.430744100575,3051.5533567820407,3476.2356450847938,40.04694775435621,50.872766972527096,10.825819218170885
2021-09-29 → 2022-09-29,1480.565603419731,5403.430744100575,3058.907718488234,3483.3550929432367,40.23442199684105,51.0542528916991,10.81983089485805
2021-09-30 → 2022-09-30,1480.565603419731,5403.430744100575,3066.374902221197,3490.688025345832,40.424772250168054,51.24118086754389,10.816408617375835
2021-10-01 → 2022-10-01,1480.565603419731,5403.430744100575,3074.28227199106,3498.4334678039822,40.62634353764012,51.4386243732568,10.812280835616683
2021-10-02 → 2022-10-02,1480.565603419731,5403.430744100575,3082.968002455081,3506.9152232398956,40.84775646295199,51.65483765441083,10.807081191458835
2021-10-03 → 2022-10-03,1480.565603419731,5403.430744100575,3091.167378646218,3514.730804517355,41.056771453197456,51.854069108900816,10.79729765570336
2021-10-04 → 2022-10-04,1480.565603419731,5403.430744100575,3098.932001279099,3522.0840852679567,41.25470389171951,52.04151579612814,10.78681190440863
2021-10-05 → 2022-10-05,1480.565603419731,5403.430744100575,3106.944713525871,3530.019288522883,41.458960524548374,52.24379660289452,10.784836078346146
2021-10-06 → 2022-10-06,1480.565603419731,5403.430744100575,3115.340430305376,3538.3577928356253,41.67298054507979,52.45635818769821,10.783377642618419
2021-10-07 → 2022-10-07,1480.565603419731,5403.430744100575,3124.393769788309,3547.4253150764507,41.90376440224195,52.68750358565729,10.783739183415342
2021-10-08 → 2022-10-08,1480.565603419731,5403.430744100575,3133.3877219933515,3556.3359487077996,42.13303438432147,52.914649646299154,10.781615261977684
2021-10-09 → 2022-10-09,1480.565603419731,5403.430744100575,3142.3849315840935,3565.6309829592815,42.36238740228375,53.15159468310632,10.789207280822566
2021-10-10 → 2022-10-10,1480.565603419731,5403.430744100575,3151.6825015367713,3575.43993571568,42.599397078101056,53.40164031059113,10.80224323249007
2021-10-11 → 2022-10-11,1480.565603419731,5403.430744100575,3161.0382066999264,3585.212623402366,42.83788871183413,53.6507614844327,10.812872772598567
2021-10-12 → 2022-10-12,1480.565603419731,5403.430744100575,3170.531425275338,3594.6980376660495,43.079885778645455,53.892559607068065,10.81267382842261
2021-10-13 → 2022-10-13,1480.565603419731,5403.430744100575,3179.762008573836,3603.7922732399074,43.31518785933069,54.12438596988511,10.80919811055442
2021-10-14 → 2022-10-14,1480.565603419731,5403.430744100575,3189.2447364648883,3613.5655691533693,43.556917502104156,54.373522648383464,10.816605146279308
2021-10-15 → 2022-10-15,1480.565603419731,5403.430744100575,3198.8109331031487,3623.377154602722,43.80077489447427,54.623635387350824,10.82286049287655
2021-10-16 → 2022-10-16,1480.565603419731,5403.430744100575,3208.549166217011,3632.9934177991845,44.04901776708478,54.8687690550046,10.819751287919821
2021-10-17 → 2022-10-17,1480.565603419731,5403.430744100575,3218.0357260869114,3642.186729539937,44.29084509302374,55.10312102508422,10.81227593206048
2021-10-18 → 2022-10-18,1480.565603419731,5403.430744100575,3227.716706526925,3652.167208910134,44.53762850496467,55.35753913563046,10.819910630665788
2021-10-19 → 2022-10-19,1480.565603419731,5403.430744100575,3237.5891180108506,3662.4358847264602,44.78929179518454,55.61930382669359,10.83001203150905
2021-10-20 → 2022-10-20,1480.565603419731,5403.430744100575,3247.694305258508,3672.8385873409397,45.04688890559409,55.88448507155977,10.837596165965685
2021-10-21 → 2022-10-21,1480.565603419731,5403.430744100575,3257.807483677009,3682.888490300086,45.30468972351223,56.140672898536714,10.83598317502448
2021-10-22 → 2022-10-22,1480.565603419731,5403.430744100575,3267.6518272127882,3692.7344359544227,45.55563751760517,56.39166153315055,10.836024015545377
2021-10-23 → 2022-10-23,1480.565603419731,5403.430744100575,3277.1190290297523,3701.714619531226,45.79697137633988,56.62058053124909,10.823609154909207
2021-10-24 → 2022-10-24,1480.565603419731,5403.430744100575,3286.7845743695716,3711.682203806798,46.043361323309654,56.87466992555955,10.831308602249898
2021-10-25 → 2022-10-25,1480.565603419731,5403.430744100575,3295.892234501555,3719.623868035864,46.27552989921953,57.07711543271474,10.801585533495214
2021-10-26 → 2022-10-26,1480.565603419731,5403.430744100575,3304.6951708856504,3727.0862614855478,46.4999305877063,57.267343574189645,10.767412986483343
2021-10-27 → 2022-10-27,1480.565603419731,5403.430744100575,3313.643612759149,3736.5512148282323,46.728040439883,57.508620115779905,10.780579675896902
2021-10-28 → 2022-10-28,1480.565603419731,5403.430744100575,3322.2385005368483,3744.589816970588,46.94713764229684,57.71353672275153,10.76639908045469
2021-10-29 → 2022-10-29,1480.565603419731,5403.430744100575,3330.8605244568944,3752.7398524077257,47.166926587642784,57.92129393960357,10.754367351960788
2021-10-30 → 2022-10-30,1480.565603419731,5403.430744100575,3339.722586751025,3761.813375094701,47.392834488534646,58.15259229836898,10.759757809834333
2021-10-31 → 2022-10-31,1480.565603419731,5403.430744100575,3348.6313465641097,3771.002440266886,47.6199327826029,58.38683601673933,10.766903234136429
2021-11-01 → 2022-11-01,1480.565603419731,5403.430744100575,3357.5222661562716,3779.963801238624,47.84657630139129,58.61527519704168,10.768698895650395
2021-11-02 → 2022-11-02,1480.565603419731,5403.430744100575,3366.610595958399,3790.085772794663,48.0782521168018,58.87330016586033,10.79504804905853
2021-11-03 → 2022-11-03,1480.565603419731,5403.430744100575,3375.8026169224668,3799.311809353062,48.31257118295437,59.108486342992016,10.795915160037644
2021-11-04 → 2022-11-04,1480.565603419731,5403.430744100575,3384.3766658510713,3804.928055447365,48.53113717034175,59.25165328584868,10.720516115506932
2021-11-05 → 2022-11-05,1480.565603419731,5403.430744100575,3392.7637014569477,3812.5516806023056,48.74493589410876,59.44599147698053,10.701055582871774
2021-11-06 → 2022-11-06,1480.565603419731,5403.430744100575,3401.3287585406847,3821.9099283577166,48.96327266523341,59.68454792538769,10.721275260154279
2021-11-07 → 2022-11-07,1480.565603419731,5403.430744100575,3410.166415292971,3832.1688122747105,49.188558430493046,59.94606300554193,10.757504575048884
2021-11-08 → 2022-11-08,1480.565603419731,5403.430744100575,3420.5846853286394,3850.7264385763365,49.454136513400584,60.419126076438246,10.964989563037662
2021-11-09 → 2022-11-09,1490.411015872955,6345.865691303295,3433.877854967665,3877.4751555782464,40.02646444068516,49.16252543318666,9.136060992501498
2021-11-10 → 2022-11-10,1537.6991790313373,6345.865691303295,3445.381505636824,3886.0307072471173,39.67587898082314,48.84047842815131,9.164599447328165
2021-11-11 → 2022-11-11,1537.6991790313373,6345.865691303295,3457.313224702318,3899.9817440687084,39.924034260700424,49.13063137493432,9.206597114233894
2021-11-12 → 2022-11-12,1537.6991790313373,6345.865691303295,3469.39860169938,3913.294000849174,40.17538531034099,49.40749900725297,9.23211369691198
2021-11-13 → 2022-11-13,1537.6991790313373,6345.865691303295,3481.8758952423354,3927.241673679134,40.434887420159974,49.69758198991093,9.262694569750956
2021-11-14 → 2022-11-14,1537.6991790313373,6345.865691303295,3494.063243381358,3939.4464600884953,40.6883592603701,49.9514165103713,9.263057250001204
2021-11-15 → 2022-11-15,1568.5412572574792,6345.865691303295,3506.0715750618674,3950.262868269913,40.55680840925293,49.85471771686655,9.297909307613622
2021-11-16 → 2022-11-16,1657.7562859494606,6345.865691303295,3518.1863333664196,3962.0494503760974,39.68401516595032,49.15186411381798,9.467848947867658
2021-11-17 → 2022-11-17,1662.391318528652,6345.865691303295,3530.0420186970946,3973.0255895865184,39.877461719983444,49.33590081093946,9.458439090956013
2021-11-18 → 2022-11-18,1673.6549060898267,6345.865691303295,3541.8984694850437,3982.7558386266533,39.98628592074232,49.422019653835605,9.435733733093286
2021-11-19 → 2022-11-19,1673.6549060898267,6345.865691303295,3553.4523289030903,3992.0985952806914,40.23357483704319,49.62198401939046,9.388409182347267
2021-11-20 → 2022-11-20,1673.6549060898267,6345.865691303295,3565.5597649716665,4003.5302186685376,40.492712034082615,49.86665670034109,9.373944666258474
2021-11-21 → 2022-11-21,1693.9785673025804,6345.865691303295,3578.3036912142825,4016.6971750669263,40.50668199126778,49.930674280135214,9.423992288867431
2021-11-22 → 2022-11-22,1694.6666414922995,6345.865691303295,3590.569288168941,4025.2305540537786,40.76158913804566,50.10673350254024,9.34514436449458
2021-11-23 → 2022-11-23,1694.6666414922995,6345.865691303295,3602.208516612608,4032.4585228979267,41.0118305987748,50.262133621235265,9.250303022460464
2021-11-24 → 2022-11-24,1694.6666414922995,6345.865691303295,3613.9441537115663,4041.5453364834416,41.26414482943399,50.45749859031531,9.193353760881323
2021-11-25 → 2022-11-25,1694.6666414922995,6345.865691303295,3625.6992415514155,4051.472638121277,41.51687724776227,50.670933911649044,9.154056663886777
2021-11-26 → 2022-11-26,1726.4981513466696,6345.865691303295,3637.679741154,4061.8146311821884,41.373230713425244,50.55489652285704,9.181665809431799
2021-11-27 → 2022-11-27,1726.4981513466696,6345.865691303295,3649.224726104771,4071.5351261792775,41.623156376428,50.76532565439958,9.142169277971583
2021-11-28 → 2022-11-28,1726.4981513466696,6345.865691303295,3661.076502687334,4083.381535919028,41.879723460126094,51.02177655676407,9.142053096637973
2021-11-29 → 2022-11-29,1726.4981513466696,6345.865691303295,3672.9203090469596,4091.1652875260293,42.13611800455623,51.190279096119795,9.054161091563564
2021-11-30 → 2022-11-30,1748.8445868784124,6345.865691303295,3684.1095837903677,4093.0091151714487,42.098240424634064,50.99312087205018,8.894880447416114
2021-12-01 → 2022-12-01,1748.8445868784124,6345.865691303295,3695.4330052024616,4103.25425416696,42.34456127361156,51.215985609078466,8.871424335466905
2021-12-02 → 2022-12-02,1767.3185893956177,6345.865691303295,3706.6560471534012,4110.616528856295,42.357049400010496,51.1799461118207,8.822896711810202
2021-12-03 → 2022-12-03,1863.1822055281168,6345.865691303295,3717.994882284035,4121.108911567232,41.377284000571606,50.36997845607781,8.992694455506204
2021-12-04 → 2022-12-04,1968.5695591224273,6345.865691303295,3728.861970313216,4127.128519478247,40.21414951228742,49.31260977493832,9.098460262650903
2021-12-05 → 2022-12-05,1968.5695591224273,6345.865691303295,3739.4127119516675,4137.122584192868,40.45518281960436,49.54092571274173,9.085742893137372
2021-12-06 → 2022-12-06,1968.5695591224273,6345.865691303295,3749.8792976162094,4144.1216361419165,40.69429357081888,49.70082012558698,9.0065265547681
2021-12-07 → 2022-12-07,1968.5695591224273,6345.865691303295,3760.689472431253,4155.229683709625,40.94125366875627,49.95458517214264,9.013331503386375
2021-12-08 → 2022-12-08,1968.5695591224273,6345.865691303295,3771.1431825748173,4158.670473010659,41.18007027672371,50.0331905302709,8.85312025354719
2021-12-09 → 2022-12-09,1968.5695591224273,6345.865691303295,3781.6771839320027,4167.592239720343,41.42072114975334,50.23700965605708,8.816288506303742
2021-12-10 → 2022-12-10,1968.5695591224273,6345.865691303295,3791.9330537694473,4175.216573796337,41.65501806565185,50.411188734779714,8.756170669127862
2021-12-11 → 2022-12-11,1968.5695591224273,6345.865691303295,3802.1566425428373,4183.114925226898,41.888577515702046,50.59162778190047,8.703050266198424
2021-12-12 → 2022-12-12,1968.5695591224273,6345.865691303295,3812.5062716150346,4189.301424857629,42.12501637566652,50.732959312688386,8.607942937021868
2021-12-13 → 2022-12-13,1968.5695591224273,6345.865691303295,3822.428002323871,4188.5755872212985,42.35167983203846,50.71637744081103,8.364697608772573
2021-12-14 → 2022-12-14,1968.5695591224273,6345.865691303295,3831.9293353442863,4193.853412103792,42.5687392388847,50.83695015792039,8.268210919035688
2021-12-15 → 2022-12-15,1968.5695591224273,6345.865691303295,3842.0248475136664,4205.779775425992,42.79937275931665,51.10940975311479,8.310036993798143
2021-12-16 → 2022-12-16,1968.5695591224273,6345.865691303295,3852.882728873098,4222.912998493716,43.047422720561144,51.50082085600465,8.453398135443507
2021-12-17 → 2022-12-17,1968.5695591224273,6345.865691303295,3863.438541580339,4231.0179867651705,43.28857187722059,51.68598055337738,8.397408676156786
2021-12-18 → 2022-12-18,1968.5695591224273,6345.865691303295,3873.828256152845,4239.485463335299,43.52592649657392,51.87942135140512,8.353494854831197
2021-12-19 → 2022-12-19,1968.5695591224273,6345.865691303295,3884.63871362116,4250.951241304681,43.77289305176856,52.14135880373074,8.368465751962177
2021-12-20 → 2022-12-20,1968.5695591224273,6345.865691303295,3894.9754766741285,4256.9816362673955,44.00903798555485,52.279124099489,8.270086113934155
2021-12-21 → 2022-12-21,1968.5695591224273,6345.865691303295,3905.4194186056643,4264.718472730041,44.24763143722367,52.455873312451004,8.208241875227337
2021-12-22 → 2022-12-22,1968.5695591224273,6345.865691303295,3916.1023198080657,4272.574939562821,44.49168395000349,52.63535549952583,8.143671549522338
2021-12-23 → 2022-12-23,1968.5695591224273,6345.865691303295,3926.7732779261883,4280.416568390626,44.7354636211953,52.81449871010633,8.079035088911027
2021-12-24 → 2022-12-24,1968.5695591224273,6345.865691303295,3937.6126284716024,4288.19756820833,44.98309024315779,52.99225684167299,8.0091665985152
2021-12-25 → 2022-12-25,1968.5695591224273,6345.865691303295,3948.471816270529,4295.870041316997,45.231170050212484,53.16753566396378,7.936365613751299
2021-12-26 → 2022-12-26,1968.5695591224273,6345.865691303295,3959.2574301531954,4303.507233525243,45.477569049891144,53.34200848868538,7.864439438794236
2021-12-27 → 2022-12-27,1968.6443124468356,6345.865691303295,3970.240612660911,4311.04324817216,45.7275546967421,53.51337602068625,7.785821323944155
2021-12-28 → 2022-12-28,2097.6214546969254,6345.865691303295,3981.38449190888,4318.639350267091,44.34215483610621,52.28084290521827,7.938688069112061
2021-12-29 → 2022-12-29,2102.606818210314,6345.865691303295,3992.0822874784203,4326.084819962019,44.52887570092647,52.400243969347436,7.871368268420966
2021-12-30 → 2022-12-30,2102.606818210314,6345.865691303295,4002.668288794525,4333.609473335915,44.77835379389015,52.57757591158673,7.79922211769658
2021-12-31 → 2022-12-31,2102.606818210314,6345.865691303295,4013.4024211417827,4341.212636502498,45.03132286007945,52.75675807779382,7.72543521771437
2022-01-01 → 2023-01-01,2102.606818210314,6345.865691303295,4023.9608581768357,4348.746191453564,45.280151351360175,52.93429980165229,7.654148450292112
2022-01-02 → 2023-01-02,2106.87282305432,6345.865691303295,4034.5878110022654,4356.11751258354,45.47577804121755,53.060827404938,7.585049363720451
2022-01-03 → 2023-01-03,2106.87282305432,6345.865691303295,4045.2079040386666,4363.462867349259,45.726311443053355,53.23410806367036,7.5077966206170075
2022-01-04 → 2023-01-04,2106.87282305432,6345.865691303295,4055.5428772421287,4370.729741520684,45.9701187228644,53.40553732522575,7.435418602361352
2022-01-05 → 2023-01-05,2106.87282305432,6345.865691303295,4065.8304200369994,4377.923274000303,46.21280709518809,53.575236418930295,7.362429323742205
2022-01-06 → 2023-01-06,2106.87282305432,6345.865691303295,4075.665811475388,4384.954592679298,46.44482898680433,53.741108806488704,7.296279819684372
2022-01-07 → 2023-01-07,2106.87282305432,6345.865691303295,4085.4595391371877,4391.901554522063,46.67586800871816,53.904991173331055,7.2291231646128935
2022-01-08 → 2023-01-08,2106.87282305432,6345.865691303295,4094.894045717656,4398.701593204993,46.89843282242981,54.06540754802853,7.16697472559872
2022-01-09 → 2023-01-09,2106.87282305432,6345.865691303295,4104.259020264851,4405.448003762151,47.11935734007504,54.224558807934876,7.105201467859835
2022-01-10 → 2023-01-10,2106.87282305432,6345.865691303295,4113.408042857487,4412.130108384276,47.3351874411626,54.38219305809312,7.0470056169305195
2022-01-11 → 2023-01-11,2106.87282305432,6345.865691303295,4122.19488228365,4418.735535205966,47.54247345695137,54.53801843989938,6.995544982948012
2022-01-12 → 2023-01-12,2106.87282305432,6345.865691303295,4130.285901518227,4425.305978256554,47.73334472015117,54.693018536733774,6.959673816582601
2022-01-13 → 2023-01-13,2106.87282305432,6345.865691303295,4137.822222563742,4431.836160431858,47.91113037065236,54.84706885902179,6.93593848836943
2022-01-14 → 2023-01-14,2106.87282305432,6345.865691303295,4144.41645986296,4438.166684196718,48.06669178592651,54.99640913775349,6.92971735182698
2022-01-15 → 2023-01-15,2106.87282305432,6345.865691303295,4151.165488914406,4444.354416996207,48.225904817446256,55.14238090491159,6.916476087465334
2022-01-16 → 2023-01-16,2106.87282305432,6345.865691303295,4157.741680881427,4450.344516729696,48.38104053414629,55.28369040741998,6.902649873273695
2022-01-17 → 2023-01-17,2106.87282305432,6345.865691303295,4164.313620259941,4456.057560982292,48.53607593011827,55.418464030074276,6.882388099956003
2022-01-18 → 2023-01-18,2106.87282305432,6345.865691303295,4171.033912461978,4461.480417316451,48.69461104472942,55.54639197198655,6.851780927257131
2022-01-19 → 2023-01-19,2106.87282305432,6345.865691303295,4177.56100798128,4466.71489563279,48.84858855123084,55.6698759805478,6.8212874293169605
2022-01-20 → 2023-01-20,2106.87282305432,6345.865691303295,4183.079793863628,4471.718547607259,48.978779520026386,55.78791467818156,6.809135158155172
2022-01-21 → 2023-01-21,2106.87282305432,6345.865691303295,4188.357760525914,4476.477709654686,49.10328944081016,55.90018573395695,6.796896293146794
2022-01-22 → 2023-01-22,2106.87282305432,6345.865691303295,4192.898265134622,4480.819757762579,49.21040225627907,56.00261685952963,6.792214603250564
2022-01-23 → 2023-01-23,2106.87282305432,6345.865691303295,4197.007136608679,4484.897790238993,49.30733262634014,56.09881972193499,6.791487095594846
2022-01-24 → 2023-01-24,2106.87282305432,6345.865691303295,4201.557906121988,4488.88936271501,49.41468759613487,56.192982948910775,6.778295352775906
2022-01-25 → 2023-01-25,2106.87282305432,6345.865691303295,4205.928161321912,4492.742887128467,49.517784141369894,56.28388955180509,6.766105410435195
2022-01-26 → 2023-01-26,2106.87282305432,6345.865691303295,4210.409072770555,4496.460068612075,49.623491123851664,56.37157975556669,6.748088631715028
2022-01-27 → 2023-01-27,2106.87282305432,6345.865691303295,4214.832719623369,4500.2343092020255,49.727847205362146,56.460616012697976,6.73276880733583
2022-01-28 → 2023-01-28,2106.87282305432,6345.865691303295,4219.327419588731,4503.884330527802,49.83387946597359,56.54672187414247,6.712842408168882
2022-01-29 → 2023-01-29,2106.87282305432,6345.865691303295,4223.5853834570335,4507.448399903849,49.93432700152374,56.63080008533134,6.6964730838075965
2022-01-30 → 2023-01-30,2106.87282305432,6345.865691303295,4228.395755919008,4510.90853615263,50.047806137051545,56.712426461131535,6.664620324079991
2022-01-31 → 2023-01-31,2106.87282305432,6345.865691303295,4233.0150405459735,4514.149189478885,50.15677741326117,56.78887512304196,6.632097709780794
2022-02-01 → 2023-02-01,2106.87282305432,6345.865691303295,4237.42664845367,4517.305483437386,50.26084948992684,56.86333370451641,6.602484214589566
2022-02-02 → 2023-02-02,2106.87282305432,6345.865691303295,4242.006389299985,4520.376074298596,50.368887908217616,56.935770506290936,6.56688259807332
2022-02-03 → 2023-02-03,2106.87282305432,6345.865691303295,4246.2638539110085,4523.219762427236,50.46932366603436,57.00285455707903,6.53353089104467
2022-02-04 → 2023-02-04,2106.87282305432,6345.865691303295,4250.589384673789,4525.974166034406,50.571365139026206,57.0678323405474,6.496467201521192
2022-02-05 → 2023-02-05,2106.87282305432,6345.865691303295,4255.839786251045,4528.893200446426,50.695224785419626,57.13669384852218,6.441469063102552
2022-02-06 → 2023-02-06,2106.87282305432,6345.865691303295,4261.2698365249835,4531.75039315467,50.823322436034026,57.20409647921885,6.380774043184822
2022-02-07 → 2023-02-07,2106.87282305432,6345.865691303295,4266.5628723713435,4534.569859287934,50.9481878465424,57.27060912080367,6.322421274261266
2022-02-08 → 2023-02-08,2106.87282305432,6345.865691303295,4272.249160767864,4537.387904381341,51.08233028492941,57.33708823933475,6.254757954405335
2022-02-09 → 2023-02-09,2106.87282305432,6345.865691303295,4278.585823830896,4540.149618185742,51.23181539283074,57.402238474077684,6.170423081246945
2022-02-10 → 2023-02-10,2106.87282305432,6345.865691303295,4285.070060746654,4542.854944824649,51.38478184305355,57.466058506877694,6.081276663824141
2022-02-11 → 2023-02-11,2106.87282305432,6345.865691303295,4291.301547966463,4545.456918061502,51.5317857992641,57.527440380301975,5.995654581037876
2022-02-12 → 2023-02-12,2106.87282305432,6345.865691303295,4297.400344151166,4548.31718386889,51.67565950639826,57.594915506972114,5.919256000573853
2022-02-13 → 2023-02-13,2106.87282305432,6345.865691303295,4303.455717626281,4551.1088791289485,51.81850884970505,57.66077301951874,5.842264169813696
2022-02-14 → 2023-02-14,2106.87282305432,6345.865691303295,4309.275513561258,4553.850987337591,51.95580079889819,57.72546074827576,5.769659949377569
2022-02-15 → 2023-02-15,2106.87282305432,6345.865691303295,4314.110399814675,4556.569045591843,52.06985822724705,57.78958112636394,5.7197228991168885
2022-02-16 → 2023-02-16,2106.87282305432,6345.865691303295,4319.480005396383,4559.122393067481,52.19652995679696,57.849815893323886,5.6532859365269275
2022-02-17 → 2023-02-17,2106.87282305432,6345.865691303295,4324.382985110698,4561.909536948229,52.31219374455749,57.91556603651531,5.603372291957818
2022-02-18 → 2023-02-18,2106.87282305432,6345.865691303295,4328.7451914960575,4564.431395949176,52.415100414158964,57.97505797432524,5.559957560166275
2022-02-19 → 2023-02-19,2106.87282305432,6345.865691303295,4333.13500928743,4566.973670611887,52.518658450886356,58.03503152799065,5.516373077104291
2022-02-20 → 2023-02-20,2106.87282305432,6345.865691303295,4337.338800064203,4569.387534095191,52.617828015625655,58.09197579655462,5.474147780928966
2022-02-21 → 2023-02-21,2106.87282305432,6345.865691303295,4341.449102533159,4571.665094351063,52.714792143585,58.14570460258616,5.430912459001156
2022-02-22 → 2023-02-22,2106.87282305432,6345.865691303295,4345.391375485631,4573.886241148156,52.807792369700046,58.198102586402776,5.39031021670273
2022-02-23 → 2023-02-23,2106.87282305432,6345.865691303295,4349.666570040438,4576.088540794741,52.908646385917656,58.2500559563431,5.341409570425441
2022-02-24 → 2023-02-24,2106.87282305432,6345.865691303295,4354.132335597819,4578.286208413657,53.013996069113176,58.301900054392355,5.287903985279179
2022-02-25 → 2023-02-25,2106.87282305432,6345.865691303295,4358.7928605793995,4580.544482804847,53.123940226285235,58.35517389705684,5.231233670771601
2022-02-26 → 2023-02-26,2106.87282305432,6345.865691303295,4363.450562514114,4582.771577175194,53.2338177863444,58.40771218715467,5.173894400810269
2022-02-27 → 2023-02-27,2106.87282305432,6345.865691303295,4368.079449186669,4585.055883691848,53.343015579698275,58.461600140912836,5.118584561214561
2022-02-28 → 2023-02-28,2106.87282305432,6345.865691303295,4372.629750106958,4587.212764475289,53.45035949514507,58.51248205674706,5.0621225616019885
2022-03-01 → 2023-03-01,2106.87282305432,6345.865691303295,4377.874144186502,4589.657801249436,53.57407742160882,58.57016171911358,4.996084297504758
2022-03-02 → 2023-03-02,2106.87282305432,6345.865691303295,4383.352755909508,4592.160227028729,53.703320661531265,58.62919521733051,4.925874555799247
2022-03-03 → 2023-03-03,2106.87282305432,6345.865691303295,4389.365679080595,4594.740284704427,53.84516858055291,58.69006009150907,4.84489151095616
2022-03-04 → 2023-03-04,2106.87282305432,6345.865691303295,4395.169175859681,4597.213405997547,53.98207602436001,58.7484022819771,4.766326257617088
2022-03-05 → 2023-03-05,2106.87282305432,6345.865691303295,4400.369213623618,4599.426807724765,54.10474756275505,58.80061755565206,4.695869992897009
2022-03-06 → 2023-03-06,2106.87282305432,6345.865691303295,4405.621256499286,4601.556555518648,54.22864592821367,58.85085939044812,4.622213462234448
2022-03-07 → 2023-03-07,2106.87282305432,6345.865691303295,4410.827385199093,4603.588310246138,54.35146115488704,58.89878951891585,4.547328364028807
2022-03-08 → 2023-03-08,2106.87282305432,6345.865691303295,4416.255102478335,4605.583300873062,54.47950376896872,58.94585236353321,4.466348594564494
2022-03-09 → 2023-03-09,2106.87282305432,6345.865691303295,4422.626059973709,4607.710516332113,54.62979789998964,58.99603445926127,4.366236559271627
2022-03-10 → 2023-03-10,2106.87282305432,6345.865691303295,4429.618024202881,4610.07176537984,54.794741896039824,59.051737526501924,4.2569956304621
2022-03-11 → 2023-03-11,2106.87282305432,6345.865691303295,4435.970668375129,4612.2380616567425,54.94460400644417,59.1028415586207,4.15823755217653
2022-03-12 → 2023-03-12,2106.87282305432,6345.865691303295,4441.315551521093,4614.235661756409,55.07069252114771,59.14996596202862,4.079273440880904
2022-03-13 → 2023-03-13,2106.87282305432,6345.865691303295,4445.612567529417,4616.2267743667635,55.17206131656395,59.196937322260624,4.024876005696676
2022-03-14 → 2023-03-14,2106.87282305432,6345.865691303295,4449.416887656957,4618.20647795266,55.26180716530163,59.24363953779689,3.981832372495255
2022-03-15 → 2023-03-15,2106.87282305432,6345.865691303295,4453.719035572576,4620.322967930828,55.363297025023805,59.29356861397017,3.9302715889463684
2022-03-16 → 2023-03-16,2106.87282305432,6345.865691303295,4457.686897994451,4622.3063084845,55.45690091975067,59.34035662742798,3.8834557076773066
2022-03-17 → 2023-03-17,2106.87282305432,6345.865691303295,4460.992686350074,4624.40087212258,55.534886150166706,59.38976845007503,3.8548822999083256
2022-03-18 → 2023-03-18,2106.87282305432,6345.865691303295,4464.447980232933,4626.475686461613,55.61639829208937,59.43871437670241,3.8223160846130355
2022-03-19 → 2023-03-19,2106.87282305432,6345.865691303295,4467.609483155025,4628.595551348235,55.69097975566702,59.488723068684415,3.797743313017392
2022-03-20 → 2023-03-20,2106.87282305432,6345.865691303295,4470.950009449156,4630.725924102033,55.769784471738895,59.538979646603075,3.76919517486418
2022-03-21 → 2023-03-21,2106.87282305432,6345.865691303295,4474.03172167666,4632.782427477627,55.842483632206616,59.5874936082801,3.745009976073483
2022-03-22 → 2023-03-22,2106.87282305432,6345.865691303295,4477.371171357324,4634.812053312657,55.92126295041867,59.6353735150908,3.7141105646721257
2022-03-23 → 2023-03-23,2106.87282305432,6345.865691303295,4480.5493181900265,4636.9190348283155,55.996237052321696,59.68507828179235,3.688841229470654
2022-03-24 → 2023-03-24,2106.87282305432,6345.865691303295,4484.104147419778,4639.03895703345,56.080097283754924,59.73508832594726,3.6549910421923357
2022-03-25 → 2023-03-25,2106.87282305432,6345.865691303295,4487.830334275885,4641.2242081148015,56.16799992883878,59.786639511553616,3.6186395827148345
2022-03-26 → 2023-03-26,2106.87282305432,6345.865691303295,4491.41010881883,4643.4213672797,56.25244863291088,59.838471614913715,3.586022982002838
2022-03-27 → 2023-03-27,2106.87282305432,6345.865691303295,4495.334639897285,4645.6189685405825,56.34503031918477,59.89031414754319,3.5452838283584143
2022-03-28 → 2023-03-28,2106.87282305432,6345.865691303295,4499.507763625909,4647.93197286197,56.44347643264446,59.944879097126204,3.501402664481745
2022-03-29 → 2023-03-29,2106.87282305432,6345.865691303295,4503.3462117098115,4650.713493862407,56.534027377248606,60.010496593708254,3.4764692164596482
2022-03-30 → 2023-03-30,2122.0925964966577,6345.865691303295,4507.34022285905,4653.498833366842,56.47196411415156,59.93234437670642,3.4603802625548568
2022-03-31 → 2023-03-31,2143.025331598731,6345.865691303295,4511.124028262863,4656.391584255125,56.345197390047815,59.801611233053585,3.4564138430057696
2022-04-01 → 2023-04-01,2143.025331598731,6345.865691303295,4514.715940847727,4659.302414122489,56.43066132104321,59.87086986812504,3.4402085470818307
2022-04-02 → 2023-04-02,2143.025331598731,6345.865691303295,4518.510306904451,4662.251392315829,56.5209423151324,59.941036182830075,3.4200938676976733
2022-04-03 → 2023-04-03,2143.025331598731,6345.865691303295,4522.373095934549,4665.170076961755,56.612851326645995,60.010481710048026,3.3976303834020314
2022-04-04 → 2023-04-04,2143.025331598731,6345.865691303295,4526.208235484443,4668.113274874093,56.704102462108196,60.080510492025006,3.37640802991681
2022-04-05 → 2023-04-05,2188.5173498415406,6345.865691303295,4530.0451007193105,4671.062154299831,56.32262583160092,59.71462096884114,3.3919951372402224
2022-04-06 → 2023-04-06,2295.207412048999,6345.865691303295,4533.80647414454,4673.933044260617,55.265068237443494,58.724421272325365,3.4593530348818717
2022-04-07 → 2023-04-07,2295.207412048999,6345.865691303295,4537.277244546181,4676.757563498961,55.35075234512091,58.79415115432528,3.4433988092043677
2022-04-08 → 2023-04-08,2342.963199885462,6345.865691303295,4540.7767318513825,4679.594414057455,54.90549761524299,58.373423264286295,3.467925649043302
2022-04-09 → 2023-04-09,2342.963199885462,6345.865691303295,4543.940491661475,4682.311577833044,54.98453425969975,58.44130310351332,3.4567688438135704
2022-04-10 → 2023-04-10,2366.0539369653015,6345.865691303295,4546.742268865677,4684.920094662279,54.793755747955316,58.26572463306623,3.471968885110911
2022-04-11 → 2023-04-11,2410.23886043595,6345.865691303295,4549.310707613378,4687.623749815228,54.35149060374746,57.86587466874702,3.514384064999561
2022-04-12 → 2023-04-12,2410.23886043595,6345.865691303295,4551.535299641902,4690.07540017145,54.408015069204296,57.92816843951294,3.520153370308641
2022-04-13 → 2023-04-13,2410.23886043595,6345.865691303295,4553.717382744711,4692.44313230456,54.463459429063185,57.98832993944325,3.5248705103800617
2022-04-14 → 2023-04-14,2410.23886043595,6345.865691303295,4556.048350395351,4695.026479234358,54.52268678345455,58.05396997699804,3.531283193543487
2022-04-15 → 2023-04-15,2410.23886043595,6345.865691303295,4558.208255685757,4697.358900845184,54.57756762920612,58.11323427493738,3.5356666457312613
2022-04-16 → 2023-04-16,2410.23886043595,6345.865691303295,4560.479981326955,4699.739288217986,54.635289708529825,58.17371733075285,3.5384276222230255
2022-04-17 → 2023-04-17,2410.23886043595,6345.865691303295,4562.995046620385,4702.106944967618,54.69919478392226,58.23387691527094,3.5346821313486814
2022-04-18 → 2023-04-18,2410.23886043595,6345.865691303295,4565.111095867857,4704.400150012245,54.75296129529157,58.292144762889045,3.539183467597475
2022-04-19 → 2023-04-19,2410.23886043595,6345.865691303295,4567.905543921611,4706.7932128303455,54.82396518295278,58.35294988799215,3.5289847050393703
2022-04-20 → 2023-04-20,2415.7130781810774,6345.865691303295,4570.991402448715,4709.244899229505,54.8395580637625,58.357322140383374,3.517764076620871
2022-04-21 → 2023-04-21,2470.737308913646,6345.865691303295,4574.402226147252,4711.68452723465,54.286328339304035,57.82898002824604,3.5426516889420085
2022-04-22 → 2023-04-22,2470.737308913646,6345.865691303295,4577.467339610474,4714.010013286111,54.36542542102012,57.8889905833035,3.523565162283383
2022-04-23 → 2023-04-23,2470.737308913646,6345.865691303295,4580.489440076054,4716.266279754677,54.44341252666839,57.94721488572455,3.5038023590561593
2022-04-24 → 2023-04-24,2470.737308913646,6345.865691303295,4583.514911959226,4718.547620129911,54.52148663375917,58.00608623526746,3.484599601508293
2022-04-25 → 2023-04-25,2470.737308913646,6345.865691303295,4586.253527104469,4720.8160783044395,54.59215823157483,58.06462515193505,3.472466920360219
2022-04-26 → 2023-04-26,2515.850523298859,6345.865691303295,4589.128787362799,4723.168295529059,54.13237736977909,57.63208957160045,3.4997122018213602
2022-04-27 → 2023-04-27,2515.850523298859,6345.865691303295,4591.225089627885,4725.286379816987,54.187110893619895,57.687391814411995,3.5002809207921004
2022-04-28 → 2023-04-28,2515.850523298859,6345.865691303295,4593.567292288354,4727.513288827605,54.248264767892664,57.74553542254234,3.4972706546496752
2022-04-29 → 2023-04-29,2522.586471357364,6345.865691303295,4596.043482417324,4729.917462985239,54.23242436081568,57.73397297566697,3.501548614851295
2022-04-30 → 2023-04-30,2522.586471357364,6345.865691303295,4598.2722167006405,4732.079318813172,54.290718148820716,57.79051752037757,3.499799371556854
2022-05-01 → 2023-05-01,2522.586471357364,6345.865691303295,4600.745707312164,4734.272986801139,54.355413675075226,57.8478941298735,3.492480454798276
2022-05-02 → 2023-05-02,2522.586471357364,6345.865691303295,4603.164582122345,4736.542058067879,54.418680694589824,57.90724295417339,3.488562259583567
2022-05-03 → 2023-05-03,2522.586471357364,6345.865691303295,4605.486918214737,4738.875765439116,54.47942269010709,57.96828237182987,3.4888596817227793
2022-05-04 → 2023-05-04,2522.586471357364,6345.865691303295,4607.709024563029,4741.253669152453,54.5375431207756,58.03047776945952,3.492934648683921
2022-05-05 → 2023-05-05,2739.5740703434462,6345.865691303295,4610.061943264466,4743.846266039252,51.867349330533955,55.577097094614615,3.70974776408066
2022-05-06 → 2023-05-06,2774.4638688532464,6345.865691303295,4612.031063054832,4746.093374896591,51.45226680040669,55.20603964666092,3.753772846254229
2022-05-07 → 2023-05-07,2816.210364150029,6345.865691303295,4613.9501270698,4748.283374393239,50.9324451339469,54.738291169111505,3.805846035164606
2022-05-08 → 2023-05-08,2936.089549834832,6345.865691303295,4616.109540630838,4750.313649120001,49.2706829156381,53.20654565035026,3.9358627347121597
2022-05-09 → 2023-05-09,3141.551112307738,6345.865691303295,4617.971665377613,4752.155649268825,46.076017715235764,50.26362104141337,4.187603326177609
2022-05-10 → 2023-05-10,3141.551112307738,6345.865691303295,4618.88407267678,4753.601025086863,46.10449205121851,50.30872821745385,4.20423616623534
2022-05-11 → 2023-05-11,3141.551112307738,6345.865691303295,4620.192316105906,4755.139567186263,46.14531961033836,50.35674291955223,4.21142330921387
2022-05-12 → 2023-05-12,3141.551112307738,6345.865691303295,4620.909312909426,4756.2543151776845,46.16769559078112,50.39153188811134,4.223836297330216
2022-05-13 → 2023-05-13,3141.551112307738,6345.865691303295,4621.676962774354,4757.420829068426,46.191652348022124,50.427936362827666,4.236284014805541
2022-05-14 → 2023-05-14,3141.551112307738,6345.865691303295,4622.497568515714,4758.632434329376,46.21726174813343,50.46574804551612,4.248486297382691
2022-05-15 → 2023-05-15,3141.551112307738,6345.865691303295,4623.439177178707,4760.187094985708,46.24664739800579,50.514265774284794,4.267618376279003
2022-05-16 → 2023-05-16,3141.551112307738,6345.865691303295,4624.786894927539,4761.942420021893,46.28870686862289,50.569045821402845,4.280338952779957
2022-05-17 → 2023-05-17,3141.551112307738,6345.865691303295,4625.617091820868,4763.657463197824,46.314615588658405,50.62256875536112,4.307953166702717
2022-05-18 → 2023-05-18,3141.551112307738,6345.865691303295,4626.819243194372,4765.48797209586,46.352132235163204,50.67969513458852,4.327562899425317
2022-05-19 → 2023-05-19,3141.551112307738,6345.865691303295,4627.483800011295,4766.939447520648,46.372871672585475,50.72499266668174,4.352120994096268
2022-05-20 → 2023-05-20,3141.551112307738,6345.865691303295,4628.535702756624,4768.725885412319,46.40569937159557,50.78074368137242,4.375044309776854
2022-05-21 → 2023-05-21,3141.551112307738,6345.865691303295,4629.39012465191,4770.253138552979,46.43236410360679,50.82840607852502,4.396041974918234
2022-05-22 → 2023-05-22,3141.551112307738,6345.865691303295,4630.275764078303,4771.820545481441,46.46000306989925,50.87732159196231,4.417318522063056
2022-05-23 → 2023-05-23,3141.551112307738,6345.865691303295,4631.303038469349,4773.581734003575,46.49206216914563,50.932284626293544,4.440222457147911
2022-05-24 → 2023-05-24,3141.551112307738,6345.865691303295,4632.282511047486,4775.059620042509,46.52262947313498,50.978406378777585,4.455776905642608
2022-05-25 → 2023-05-25,3141.551112307738,6345.865691303295,4633.381815942869,4776.651586921484,46.55693649475481,51.028088357239064,4.4711518624842554
2022-05-26 → 2023-05-26,3141.551112307738,6345.865691303295,4634.369480995653,4778.2275748817565,46.58775946885536,51.07727166684929,4.489512197993932
2022-05-27 → 2023-05-27,3141.551112307738,6345.865691303295,4635.228977469807,4779.834205056184,46.61458256792898,51.12741125629407,4.51282868836509
2022-05-28 → 2023-05-28,3141.551112307738,6345.865691303295,4635.403843109669,4781.2563747227,46.620039761208545,51.17179421656388,4.551754455355336
2022-05-29 → 2023-05-29,3141.551112307738,6345.865691303295,4635.8376563450165,4782.7809391100445,46.63357817089502,51.219372703312295,4.585794532417275
2022-05-30 → 2023-05-30,3141.551112307738,6345.865691303295,4636.41305438237,4784.477389101294,46.65153514806341,51.27231538261007,4.6207802345466575
2022-05-31 → 2023-05-31,3141.551112307738,6345.865691303295,4637.842239654142,4786.680915042687,46.696137050796054,51.341082848695876,4.6449457978998225
2022-06-01 → 2023-06-01,3191.4543555470495,6345.865691303295,4639.444051346679,4788.904518421004,45.903642286160036,50.6417836116157,4.738141325455665
2022-06-02 → 2023-06-02,3191.4543555470495,6345.865691303295,4640.308075002766,4790.784637721003,45.93103324961153,50.70138646932444,4.770353219712909
2022-06-03 → 2023-06-03,3191.4543555470495,6345.865691303295,4641.440897585212,4793.291681031133,45.96694557878704,50.780863843809875,4.813918265022835
2022-06-04 → 2023-06-04,3191.4543555470495,6345.865691303295,4642.290299713005,4795.52701285727,45.99387301587061,50.85172751972935,4.857854503858739
2022-06-05 → 2023-06-05,3191.4543555470495,6345.865691303295,4643.715261026282,4797.796745984137,46.03904662075608,50.92368177316289,4.884635152406808
2022-06-06 → 2023-06-06,3191.4543555470495,6345.865691303295,4644.621958757764,4800.056862853109,46.06779042221294,50.99533117548888,4.927540753275942
2022-06-07 → 2023-06-07,3207.6951396211684,6345.865691303295,4646.275274427903,4802.672841469981,45.841362383431495,50.82508026830698,4.983717884875482
2022-06-08 → 2023-06-08,3283.1051038089477,6345.865691303295,4647.812987915546,4805.244980545691,44.55809865383796,49.698297769399275,5.140199115561316
2022-06-09 → 2023-06-09,3283.1051038089477,6345.865691303295,4649.096115791152,4807.569944559427,44.59999314212561,49.7742085024559,5.174215360330287
2022-06-10 → 2023-06-10,3283.1051038089477,6345.865691303295,4650.572377698922,4809.887702724064,44.6481935112239,49.849883962500044,5.201690451276143
2022-06-11 → 2023-06-11,3283.1051038089477,6345.865691303295,4651.720085592628,4811.687137491853,44.685666498776115,49.908636016941905,5.22296951816579
2022-06-12 → 2023-06-12,3283.1051038089477,6345.865691303295,4652.632661305222,4813.078070937661,44.715462354068265,49.95405038760764,5.238588033539372
2022-06-13 → 2023-06-13,3283.1051038089477,6345.865691303295,4653.006234009146,4813.968209488348,44.727659608579415,49.98311366321336,5.255454054633944
2022-06-14 → 2023-06-14,3283.1051038089477,6345.865691303295,4651.64942761931,4813.317232919071,44.683359495949766,49.96185909398796,5.278499598038195
2022-06-15 → 2023-06-15,3283.1051038089477,6345.865691303295,4649.961025915717,4812.566724230101,44.62823270247833,49.93735477288513,5.309122070406801
2022-06-16 → 2023-06-16,3283.1051038089477,6345.865691303295,4648.205138532321,4811.988665569124,44.570902482461605,49.918480994002884,5.347578511541279
2022-06-17 → 2023-06-17,3283.1051038089477,6345.865691303295,4645.057400780305,4810.45364730304,44.46812795398986,49.86836221317647,5.400234259186611
2022-06-18 → 2023-06-18,3283.1051038089477,6345.865691303295,4642.074033133345,4808.986417214957,44.37072015596799,49.82045673554711,5.449736579579124
2022-06-19 → 2023-06-19,3283.1051038089477,6345.865691303295,4637.907586805058,4806.70099492909,44.234684504167454,49.745837051096444,5.51115254692899
2022-06-20 → 2023-06-20,3283.1051038089477,6345.865691303295,4634.227284531101,4805.225533946068,44.114521593328654,49.69766283241784,5.583141239089187
2022-06-21 → 2023-06-21,3283.1051038089477,6345.865691303295,4630.023046644104,4803.784161740056,43.97725203644057,49.65060162195637,5.673349585515801
2022-06-22 → 2023-06-22,3283.1051038089477,6345.865691303295,4625.9383659518,4802.397200994563,43.843886055796084,49.60531696108028,5.761430905284193
2022-06-23 → 2023-06-23,3263.8829347280866,6345.865691303295,4621.197040524612,4800.585808192742,44.0402887686761,49.860852406983796,5.820563638307696
2022-06-24 → 2023-06-24,3263.8829347280866,6345.865691303295,4617.190047363499,4799.410813526245,43.91027528457842,49.82272777231509,5.912452487736672
2022-06-25 → 2023-06-25,3263.8829347280866,6345.865691303295,4613.329810270348,4798.3435794440375,43.78502354250053,49.78809960705587,6.003076064555337
2022-06-26 → 2023-06-26,3263.8829347280866,6345.865691303295,4609.633418704166,4797.363757877284,43.66508803804982,49.75630768464284,6.091219646593025
2022-06-27 → 2023-06-27,3260.826008926422,6345.865691303295,4605.57325548889,4796.160241566068,43.58930143570814,49.767082135447474,6.177780699739337
2022-06-28 → 2023-06-28,3260.826008926422,6345.865691303295,4601.4824906363865,4794.778113697196,43.456701363304795,49.72228116005752,6.265579796752725
2022-06-29 → 2023-06-29,3260.826008926422,6345.865691303295,4596.968443445066,4793.087294708695,43.3103808081072,49.66747411824991,6.357093310142716
2022-06-30 → 2023-06-30,3260.826008926422,6345.865691303295,4592.325030014414,4791.2744163805255,43.15986691173244,49.60871058471986,6.448843672987415
2022-07-01 → 2023-07-01,3260.826008926422,6345.865691303295,4587.1266805559635,4789.0673845331185,42.991365044863585,49.53717076434041,6.545805719476824
2022-07-02 → 2023-07-02,3260.826008926422,6345.865691303295,4581.931213022309,4786.746179866537,42.82295659412846,49.46193008980902,6.63897349568056
2022-07-03 → 2023-07-03,3211.782606989067,6345.865691303295,4576.499709976017,4784.466121486376,43.54438176247535,50.18001987147159,6.63563810899624
2022-07-04 → 2023-07-04,3211.782606989067,6345.865691303295,4571.196701769325,4782.209056342896,43.375177307327604,50.10800310986189,6.732825802534286
2022-07-05 → 2023-07-05,3211.782606989067,6345.865691303295,4566.647150680106,4780.509196258745,43.23001360340448,50.053765234272106,6.823751630867626
2022-07-06 → 2023-07-06,3211.782606989067,6345.865691303295,4562.230374734565,4778.786867913948,43.08908639034983,49.998810458075624,6.909724067725797
2022-07-07 → 2023-07-07,3211.782606989067,6345.865691303295,4557.950223676966,4777.261503031334,42.952518502950134,49.95014024603661,6.997621743086476
2022-07-08 → 2023-07-08,3211.782606989067,6345.865691303295,4554.359137651791,4776.300326085686,42.83793679185421,49.91947172450129,7.081534932647081
2022-07-09 → 2023-07-09,3211.782606989067,6345.865691303295,4550.892031331975,4775.3998343492485,42.72731093330029,49.890739501640184,7.163428568339896
2022-07-10 → 2023-07-10,3211.782606989067,6345.865691303295,4547.22327060608,4774.385447270326,42.61025083542808,49.85837319061291,7.248122355184826
2022-07-11 → 2023-07-11,3211.782606989067,6345.865691303295,4543.0313716612345,4772.992567814803,42.47649883102763,49.81393022538029,7.337431394352663
2022-07-12 → 2023-07-12,3211.782606989067,6345.865691303295,4538.342447400987,4771.139634622166,42.32688811126991,49.75480820650625,7.427920095236338
2022-07-13 → 2023-07-13,3181.1942586217287,6345.865691303295,4532.906209994675,4768.9007080589,42.71255263386319,50.1697090270075,7.4571563931443094
2022-07-14 → 2023-07-14,3181.1942586217287,6345.865691303295,4528.364543213879,4767.1430781723775,42.569041154791655,50.114169931593956,7.545128776802301
2022-07-15 → 2023-07-15,3181.1942586217287,6345.865691303295,4524.090851629285,4765.593694089805,42.43399738561992,50.06521116555675,7.631213779936829
2022-07-16 → 2023-07-16,3181.1942586217287,6345.865691303295,4520.007351127778,4764.1830571436285,42.30496343728213,50.020636650439364,7.715673213157231
2022-07-17 → 2023-07-17,3181.1942586217287,6345.865691303295,4516.18133942594,4762.95340233191,42.18406584069985,49.98178096390522,7.797715123205371
2022-07-18 → 2023-07-18,3181.1942586217287,6345.865691303295,4512.2207637452075,4761.541101802677,42.05891617619341,49.93715388146474,7.8782377052713315
2022-07-19 → 2023-07-19,3181.1942586217287,6345.865691303295,4509.10564665209,4760.810480941704,41.9604820366822,49.91406709736992,7.953585060687722
2022-07-20 → 2023-07-20,3181.1942586217287,6345.865691303295,4506.581885747992,4760.578097380525,41.880734076813894,49.906724042455004,8.02598996564111
2022-07-21 → 2023-07-21,3181.1942586217287,6345.865691303295,4503.977842636498,4760.3180223610825,41.79844929095582,49.898505969110744,8.100056678154921
2022-07-22 → 2023-07-22,3181.1942586217287,6345.865691303295,4501.368149738956,4760.062413883831,41.715985978316425,49.8904290333944,8.174443055077973
2022-07-23 → 2023-07-23,3181.1942586217287,6345.865691303295,4498.422375752266,4759.872630309455,41.62290288740628,49.884432089369945,8.261529201963661
2022-07-24 → 2023-07-24,3181.1942586217287,6345.865691303295,4495.6346192039255,4759.568426119344,41.5348129669314,49.87481958467293,8.34000661774153
2022-07-25 → 2023-07-25,3181.1942586217287,6345.865691303295,4492.923716872678,4759.345162536334,41.44915155187098,49.86776471064386,8.418613158772878
2022-07-26 → 2023-07-26,3181.1942586217287,6345.865691303295,4489.52709551252,4758.334874387418,41.3418221992854,49.83584075991446,8.494018560629058
2022-07-27 → 2023-07-27,3181.1942586217287,6345.865691303295,4485.984456901094,4757.087462056088,41.22987886845993,49.79642395605775,8.566545087597824
2022-07-28 → 2023-07-28,3181.1942586217287,6345.865691303295,4483.372313883742,4756.993339426359,41.147338134835074,49.79344978854206,8.646111653706988
2022-07-29 → 2023-07-29,3181.1942586217287,6345.865691303295,4481.2167568019995,4757.461631434379,41.07922499489005,49.80824728072986,8.729022285839811
2022-07-30 → 2023-07-30,3181.1942586217287,6345.865691303295,4479.145902754659,4757.992688399447,41.01378837401513,49.825028073818935,8.811239699803807
2022-07-31 → 2023-07-31,3181.1942586217287,6345.865691303295,4476.930738520556,4758.325360258597,40.94379171618749,49.835540124318555,8.891748408131065
2022-08-01 → 2023-08-01,3181.1942586217287,6345.865691303295,4474.494548397604,4758.477444186064,40.86681089290856,49.840345802592,8.973534909683437
2022-08-02 → 2023-08-02,3181.1942586217287,6345.865691303295,4472.159237640314,4758.632641837096,40.79301774227771,49.8452498709711,9.05223212869339
2022-08-03 → 2023-08-03,3181.1942586217287,6345.865691303295,4469.655582454696,4758.582538071586,40.71390510013221,49.84366664925042,9.129761549118214
2022-08-04 → 2023-08-04,3181.1942586217287,6345.865691303295,4467.080147726147,4758.804645579828,40.63252430647532,49.850684992638236,9.218160686162918
2022-08-05 → 2023-08-05,3181.1942586217287,6345.865691303295,4464.4100256971,4760.284562892837,40.54815150235187,49.89744868815893,9.34929718580706
2022-08-06 → 2023-08-06,3181.1942586217287,6345.865691303295,4462.063870303093,4762.773815412504,40.47401567359638,49.976106222522844,9.502090548926468
2022-08-07 → 2023-08-07,3181.1942586217287,6345.865691303295,4459.551062696198,4763.1071926145905,40.39461382539991,49.986640561053036,9.592026735653128
2022-08-08 → 2023-08-08,3181.1942586217287,6345.865691303295,4456.925493220289,4765.558585560463,40.31164883103132,50.0641017761592,9.752452945127878
2022-08-09 → 2023-08-09,3181.1942586217287,6345.865691303295,4454.683115748373,4769.101209136207,40.240792265993974,50.176044631874305,9.93525236588033
2022-08-10 → 2023-08-10,3181.1942586217287,6345.865691303295,4452.183065594372,4771.647747599414,40.161793538726975,50.2565123365753,10.094718797848323
2022-08-11 → 2023-08-11,3181.1942586217287,6345.865691303295,4450.055518921476,4778.318554931283,40.09456549568512,50.46730222341724,10.372736727732125
2022-08-12 → 2023-08-12,3181.1942586217287,6345.865691303295,4447.928363921767,4782.414024421296,40.02734982906832,50.59671437811106,10.569364549042739
2022-08-13 → 2023-08-13,3181.1942586217287,6345.865691303295,4446.05843600911,4790.875391806463,39.968262244387425,50.864083915996936,10.89582167160951
2022-08-14 → 2023-08-14,3181.1942586217287,6345.865691303295,4444.163250236038,4792.372776959572,39.90837654018761,50.91139957529873,11.00302303511112
2022-08-15 → 2023-08-15,3181.1942586217287,6345.865691303295,4442.29341265708,4800.774672167752,39.849291809948376,51.176889860369535,11.327598050421159
2022-08-16 → 2023-08-16,3181.1942586217287,6345.865691303295,4440.450788359068,4808.661921966032,39.79106698828179,51.42611793873585,11.635050950454058
2022-08-17 → 2023-08-17,3181.1942586217287,6345.865691303295,4439.252133475569,4818.938963272547,39.753190864045955,51.75086069719045,11.997669833144492
2022-08-18 → 2023-08-18,3181.1942586217287,6345.865691303295,4438.037581055771,4824.999790531129,39.71481239583419,51.94237591093403,12.227563515099845
2022-08-19 → 2023-08-19,3181.1942586217287,6345.865691303295,4436.742188084696,4833.194637180424,39.673879458604205,52.201323698204035,12.52744423959983
2022-08-20 → 2023-08-20,3181.1942586217287,6345.865691303295,4434.111270111151,4832.192856452472,39.590745457823715,52.169668572253,12.578923114429287
2022-08-21 → 2023-08-21,3181.1942586217287,6345.865691303295,4431.64760562585,4830.993260999238,39.512896476098206,52.131762727088606,12.6188662509904
2022-08-22 → 2023-08-22,3181.1942586217287,6345.865691303295,4429.488777966241,4830.331256307547,39.44467998963094,52.110844135513666,12.666164145882725
2022-08-23 → 2023-08-23,3181.1942586217287,6345.865691303295,4426.990985792078,4828.933580620292,39.365752611945915,52.06667918136325,12.700926569417334
2022-08-24 → 2023-08-24,3181.1942586217287,6345.865691303295,4424.760876926389,4827.751235907022,39.295283720842114,52.02931843986386,12.734034719021743
2022-08-25 → 2023-08-25,3181.1942586217287,6345.865691303295,4422.500399665624,4826.4577491742375,39.223855223165515,51.98844573758497,12.764590514419453
2022-08-26 → 2023-08-26,3181.1942586217287,6345.865691303295,4420.350135295784,4825.131181914579,39.15590932686695,51.946527728468496,12.790618401601549
2022-08-27 → 2023-08-27,3181.1942586217287,6345.865691303295,4417.32886190864,4822.744111846734,39.06044054119955,51.871099042785865,12.810658501586317
2022-08-28 → 2023-08-28,3181.1942586217287,6345.865691303295,4414.1646823785595,4820.179009279017,38.9604560847595,51.79004473360143,12.829588648841927
2022-08-29 → 2023-08-29,3181.1942586217287,6345.865691303295,4410.150374184997,4817.331290877069,38.833608534264805,51.70006008708995,12.866451552825147
2022-08-30 → 2023-08-30,3181.1942586217287,6345.865691303295,4406.680354406599,4815.079117207917,38.72395987555844,51.62889397341719,12.90493409785875
2022-08-31 → 2023-08-31,3181.1942586217287,6345.865691303295,4403.425774232272,4812.575427313779,38.621118862089645,51.54978023452214,12.928661372432494
2022-09-01 → 2023-09-01,3181.1942586217287,6345.865691303295,4400.370338208145,4810.184254502776,38.52457057614206,51.474221906845216,12.949651330703155
2022-09-02 → 2023-09-02,3181.1942586217287,6345.865691303295,4397.3429153035495,4807.836400722938,38.42890747275221,51.400032411038765,12.971124938286557
2022-09-03 → 2023-09-03,3181.1942586217287,6345.865691303295,4394.170465976751,4805.397525371583,38.328661700188384,51.32296673761152,12.994305037423139
2022-09-04 → 2023-09-04,3181.1942586217287,6345.865691303295,4390.964216757165,4802.869916846053,38.2273478896463,51.243097197303875,13.015749307657572
2022-09-05 → 2023-09-05,3181.1942586217287,6345.865691303295,4387.874272376912,4800.429046173387,38.12970917908877,51.16596847400393,13.036259294915162
2022-09-06 → 2023-09-06,3181.1942586217287,6345.865691303295,4384.682211542646,4797.891503790525,38.02884370530524,51.08578503515917,13.056941329853927
2022-09-07 → 2023-09-07,3181.1942586217287,6345.865691303295,4380.608786061003,4794.774108794957,37.900128116079266,50.98727891653419,13.087150800454921
2022-09-08 → 2023-09-08,3181.1942586217287,6345.865691303295,4376.99417285461,4791.935227372274,37.785910470321,50.89757350846668,13.111663038145679
2022-09-09 → 2023-09-09,3181.1942586217287,6345.865691303295,4373.402883365871,4789.110638008141,37.67242982738121,50.80831971311327,13.135889885732063
2022-09-10 → 2023-09-10,3181.1942586217287,6345.865691303295,4371.190659249048,4787.410387307784,37.60252607389901,50.75459373439717,13.152067660498162
2022-09-11 → 2023-09-11,3181.1942586217287,6345.865691303295,4369.478754358883,4785.881348245449,37.548431836105905,50.70627784774477,13.157846011638867
2022-09-12 → 2023-09-12,3181.1942586217287,6345.865691303295,4367.4724004629825,4784.365737039526,37.48503334629174,50.65838626600674,13.173352919714993
2022-09-13 → 2023-09-13,3181.1942586217287,6345.865691303295,4365.673643071892,4783.0582064344235,37.428194668743274,50.617069793415006,13.188875124671732
2022-09-14 → 2023-09-14,3181.1942586217287,6345.865691303295,4362.412829190697,4780.760615359321,37.3251566772627,50.54446854162704,13.219311864364343
2022-09-15 → 2023-09-15,3181.1942586217287,6345.865691303295,4359.161478343937,4778.5312088674245,37.22241770685385,50.474021844732285,13.251604137878438
2022-09-16 → 2023-09-16,3181.1942586217287,6345.865691303295,4355.5787738248655,4776.048576955202,37.109208339142775,50.39557351399615,13.286365174853373
2022-09-17 → 2023-09-17,3181.1942586217287,6345.865691303295,4352.048138046917,4773.644227837443,36.99764428413575,50.319598830086484,13.321954545950732
2022-09-18 → 2023-09-18,3181.1942586217287,6345.865691303295,4348.677287306078,4771.397601043002,36.8911292536644,50.24860799131441,13.357478737650005
2022-09-19 → 2023-09-19,3181.1942586217287,6345.865691303295,4344.652666613783,4768.864191047628,36.7639558399971,50.16855513119087,13.404599291193769
2022-09-20 → 2023-09-20,3181.1942586217287,6345.865691303295,4340.752368421776,4766.397471490172,36.640710875236174,50.09060961267726,13.449898737441089
2022-09-21 → 2023-09-21,3181.1942586217287,6345.865691303295,4336.55791074041,4763.63174121816,36.50817080684078,50.00321569735794,13.495044890517157
2022-09-22 → 2023-09-22,3181.1942586217287,6345.865691303295,4332.073304359064,4760.698360646177,36.36646237117087,49.91052422418667,13.544061853015805
2022-09-23 → 2023-09-23,3181.1942586217287,6345.865691303295,4328.281081184968,4758.150689533869,36.246632453444356,49.830020729068714,13.583388275624358
2022-09-24 → 2023-09-24,3181.1942586217287,6345.865691303295,4324.538099628173,4755.560405228893,36.12835851454059,49.74817070577004,13.619812191229457
2022-09-25 → 2023-09-25,3181.1942586217287,6345.865691303295,4320.493889841012,4752.772629728616,36.00056610786619,49.66008018643565,13.659514078569458
2022-09-26 → 2023-09-26,3181.1942586217287,6345.865691303295,4316.3859766725645,4749.921797084103,35.87076074715718,49.56999713341874,13.69923638626156
2022-09-27 → 2023-09-27,3181.1942586217287,6345.865691303295,4312.530909946925,4747.264921644114,35.74894504503315,49.48604290636847,13.737097861335315
2022-09-28 → 2023-09-28,3181.1942586217287,6345.865691303295,4308.337928411032,4744.4942202623915,35.61645162114744,49.398491909664365,13.782040288516924
2022-09-29 → 2023-09-29,3181.1942586217287,6345.865691303295,4304.446765706896,4741.802522225054,35.49349532736124,49.3134373283407,13.81994200097946
2022-09-30 → 2023-09-30,3181.1942586217287,6345.865691303295,4300.592355269205,4739.1566451940525,35.37170036318622,49.22983063844304,13.85813027525682
2022-10-01 → 2023-10-01,3181.1942586217287,6345.865691303295,4296.309552405405,4736.387632215816,35.23636868800594,49.14233299335922,13.90596430535328
2022-10-02 → 2023-10-02,3181.1942586217287,6345.865691303295,4292.073233107482,4733.531116098349,35.102505840375876,49.0520703490933,13.949564508717422
2022-10-03 → 2023-10-03,3181.1942586217287,6345.865691303295,4287.662041097227,4730.512948007225,34.96311721491857,48.95669968723072,13.993582472312148
2022-10-04 → 2023-10-04,3181.1942586217287,6345.865691303295,4283.574951360094,4727.986344413914,34.83396985083754,48.87686190163254,14.042892050794997
2022-10-05 → 2023-10-05,3181.1942586217287,6345.865691303295,4280.104190422498,4725.793105754212,34.7242977723477,48.80755806689468,14.083260294546982
2022-10-06 → 2023-10-06,3181.1942586217287,6345.865691303295,4276.326384732044,4723.51383957291,34.60492343062488,48.73553586080517,14.130612430180292
2022-10-07 → 2023-10-07,3181.1942586217287,6345.865691303295,4272.398826879992,4721.150421745692,34.480817091764806,48.660854558891465,14.18003746712666
2022-10-08 → 2023-10-08,3181.1942586217287,6345.865691303295,4268.195649994304,4718.648415281944,34.34800150647902,48.581794014472536,14.233792507993513
2022-10-09 → 2023-10-09,3181.1942586217287,6345.865691303295,4264.026197256475,4716.091782821479,34.2162515657183,48.50100735099579,14.28475578527749
2022-10-10 → 2023-10-10,3181.1942586217287,6345.865691303295,4259.927527971696,4713.5601722872025,34.086738301167294,48.42101135178613,14.334273050618833
2022-10-11 → 2023-10-11,3181.1942586217287,6345.865691303295,4255.847455671989,4710.908120852199,33.95781268008791,48.337209557779474,14.379396877691562
2022-10-12 → 2023-10-12,3181.1942586217287,6345.865691303295,4251.714202709583,4708.204519044034,33.827206610853615,48.251778830903845,14.42457222005023
2022-10-13 → 2023-10-13,3181.1942586217287,6345.865691303295,4247.630581639303,4705.5549188732175,33.69816885268042,48.16805449404365,14.469885641363234
2022-10-14 → 2023-10-14,3181.1942586217287,6345.865691303295,4243.709430423524,4703.008571963324,33.57426495620367,48.08759284220842,14.513327886004753
2022-10-15 → 2023-10-15,3181.1942586217287,6345.865691303295,4239.5332654040085,4700.370351687888,33.44230291501391,48.004228097034826,14.561925182020914
2022-10-16 → 2023-10-16,3181.1942586217287,6345.865691303295,4234.790267712684,4697.683146890407,33.29242960929428,47.91931549695479,14.626885887660507
2022-10-17 → 2023-10-17,3181.1942586217287,6345.865691303295,4230.21479872818,4695.083239566218,33.14785001922204,47.83716139724826,14.689311378026218
2022-10-18 → 2023-10-18,3181.1942586217287,6345.865691303295,4225.889153711435,4692.613822837667,33.011164580978004,47.75913065121094,14.747966070232934
2022-10-19 → 2023-10-19,3181.1942586217287,6345.865691303295,4221.285976124475,4690.050381904865,32.86570943073958,47.67812884779056,14.812419417050982
2022-10-20 → 2023-10-20,3181.1942586217287,6345.865691303295,4216.203012729355,4687.434513714072,32.70509359736651,47.59547040294287,14.89037680557636
2022-10-21 → 2023-10-21,3181.1942586217287,6345.865691303295,4210.979058886604,4684.7065610800355,32.54002262700281,47.50927021780313,14.969247590800315
2022-10-22 → 2023-10-22,3181.1942586217287,6345.865691303295,4205.8422743218325,4682.056523302801,32.377706106187276,47.425532053080325,15.047825946893049
2022-10-23 → 2023-10-23,3034.5174188335154,6345.865691303295,4199.908538335042,4679.41932247487,35.19385530028577,49.6746874171136,14.480832116827834
2022-10-24 → 2023-10-24,2951.5105202628943,6345.865691303295,4194.008129405807,4676.964273677544,36.60482025403595,50.83303503816256,14.228214784126614
2022-10-25 → 2023-10-25,2899.5038696278198,6345.865691303295,4187.803931090358,4674.442004366693,37.381451168589756,51.50179309600098,14.120341927411225
2022-10-26 → 2023-10-26,2899.5038696278198,6345.865691303295,4182.200619351289,4672.226622745225,37.21886488110747,51.437511347998345,14.218646466890874
2022-10-27 → 2023-10-27,2899.5038696278198,6345.865691303295,4177.123406869282,4670.276974028432,37.07154394544499,51.380940134130704,14.30939618868571
2022-10-28 → 2023-10-28,2899.5038696278198,6345.865691303295,4171.665349330694,4668.134851804894,36.91317236924367,51.31878408858538,14.405611719341714
2022-10-29 → 2023-10-29,2892.318597915702,6345.865691303295,4166.30752603096,4666.115047999003,36.88928784421465,51.36158280509734,14.472294960882692
2022-10-30 → 2023-10-30,2892.318597915702,6345.865691303295,4161.09487845351,4664.206885067399,36.73835179393088,51.30633054184436,14.567978747913479
2022-10-31 → 2023-10-31,2887.133869769527,6345.865691303295,4155.730665017335,4662.29310054774,36.67809071954157,51.32399163549554,14.645900915953966
2022-11-01 → 2023-11-01,2822.3091552635588,6345.865691303295,4150.107943912178,4660.34807802194,37.683481875985,52.164309099584514,14.480827223599512
2022-11-02 → 2023-11-02,2822.3091552635588,6345.865691303295,4144.602112538619,4658.403216735908,37.52722409163433,52.109113127385996,14.581889035751665
2022-11-03 → 2023-11-03,2822.3091552635588,6345.865691303295,4138.913478713952,4656.375846779774,37.36577829769057,52.051575524813224,14.685797227122656
2022-11-04 → 2023-11-04,2822.3091552635588,6345.865691303295,4133.172411394552,4654.36349261476,37.20284441935829,51.994464076637726,14.791619657279433
2022-11-05 → 2023-11-05,2822.3091552635588,6345.865691303295,4128.041483345424,4652.588648510035,37.057226547283655,51.94409326275772,14.886866715474063
2022-11-06 → 2023-11-06,2822.3091552635588,6345.865691303295,4123.006553946244,4650.832661742025,36.914333156822,51.8942576279368,14.9799244711148
2022-11-07 → 2023-11-07,2822.3091552635588,6345.865691303295,4117.677009962242,4649.002246133726,36.76307848190788,51.842309671672226,15.079231189764343
2022-11-08 → 2023-11-08,2793.4603722437123,6345.865691303295,4112.02584198815,4647.025160990175,37.117540126122144,52.17773937004328,15.060199243921133
2022-11-09 → 2023-11-09,2726.6287644820013,6345.865691303295,4104.723502810806,4644.011433240741,38.07694180273407,52.97753939648102,14.900597593746951
2022-11-10 → 2023-11-10,2676.1227018244203,6337.931910887333,4094.696882620973,4639.140248978742,38.73970760916781,53.607859805909285,14.868152196741477
2022-11-11 → 2023-11-11,2676.1227018244203,6337.931910887333,4086.5095118025642,4635.170363551657,38.516119476882125,53.49944658172328,14.983327104841152
2022-11-12 → 2023-11-12,2676.1227018244203,6337.931910887333,4077.732315613001,4630.743767557324,38.27642385953975,53.37856109202115,15.102137232481404
2022-11-13 → 2023-11-13,2676.1227018244203,6337.931910887333,4068.917820371564,4626.442335267958,38.03570964593132,53.26109368605363,15.225384040122307
2022-11-14 → 2023-11-14,2676.1227018244203,6337.931910887333,4059.8535039238604,4621.814153867529,37.78817308872158,53.13470311963706,15.346530030915481
2022-11-15 → 2023-11-15,2642.667476515675,6337.931910887333,4050.6438038334963,4617.411003363022,38.10218056985232,53.43984339738144,15.337662827529115
2022-11-16 → 2023-11-16,2642.667476515675,6337.931910887333,4041.9899984232316,4613.169744204842,37.8679942060898,53.32506787228694,15.45707366619714
2022-11-17 → 2023-11-17,2642.667476515675,6337.931910887333,4033.060928887791,4609.112822020951,37.62635873739678,53.21528081222826,15.58892207483148
2022-11-18 → 2023-11-18,2642.667476515675,6337.931910887333,4024.145599975264,4605.103165676135,37.385095112807406,53.106772844367555,15.721677731560149
2022-11-19 → 2023-11-19,2642.667476515675,6337.931910887333,4015.0442153531512,4601.085933409245,37.13879651134723,52.99805985945844,15.859263348111206
2022-11-20 → 2023-11-20,2642.667476515675,6337.931910887333,4005.9624358398346,4597.0954018345265,36.89302845673003,52.890069439676836,15.997040982946807
2022-11-21 → 2023-11-21,2642.667476515675,6337.931910887333,3996.7275613668053,4594.098889353309,36.64311739794,52.80897882939883,16.16586143145883
2022-11-22 → 2023-11-22,2642.667476515675,6183.187052707353,3986.7156704938793,4590.938933696427,37.96189132850143,55.027840271861706,17.065948943360276
2022-11-23 → 2023-11-23,2642.667476515675,6168.0492102574,3977.1444574665557,4587.924035376075,37.85340373720353,55.1786077587623,17.32520402155877
2022-11-24 → 2023-11-24,2642.667476515675,6168.0492102574,3967.9031319954793,4585.20515567227,37.591266863269375,55.10148477154697,17.510217908277596
2022-11-25 → 2023-11-25,2642.667476515675,6168.0492102574,3958.655625227616,4582.491698491085,37.328954652385804,55.024515598103584,17.69556094571778
2022-11-26 → 2023-11-26,2642.667476515675,6168.0492102574,3949.4083669455376,4579.584620376074,37.06664948998106,54.94205422697923,17.87540473699817
2022-11-27 → 2023-11-27,2642.667476515675,6168.0492102574,3940.1365933631996,4576.83960715003,36.80364893337191,54.864189943523876,18.060541010151965
2022-11-28 → 2023-11-28,2642.667476515675,6168.0492102574,3930.7358630948756,4574.095207977454,36.53699042719232,54.78634307813881,18.24935265094649
2022-11-29 → 2023-11-29,2642.22760279978,6088.602048497233,3921.102470724773,4571.287804814593,37.10783282767126,55.973610308743545,18.865777481072286
2022-11-30 → 2023-11-30,2642.22760279978,6088.602048497233,3911.7309520757894,4568.712444205577,36.835908845044145,55.89888364599711,19.062974800952965
2022-12-01 → 2023-12-01,2583.742072407147,6088.602048497233,3902.8838738380114,4566.32222512578,37.63750365007329,56.56660084122215,18.929097191148855
2022-12-02 → 2023-12-02,2534.0654464057834,6088.602048497233,3893.6988686443424,4563.880966538007,38.25065189759379,57.10492667139515,18.854274773801357
2022-12-03 → 2023-12-03,2501.3618282727634,6088.602048497233,3884.5318847299995,4561.484408062864,38.55805498218586,57.42917823499395,18.87112325280809
2022-12-04 → 2023-12-04,2386.048327903929,6088.602048497233,3874.8835680105894,4559.04808693776,40.21103682644439,58.689216227918095,18.478179401473703
2022-12-05 → 2023-12-05,2269.2715086736393,6088.602048497233,3865.1260135965617,4556.667124608171,41.78361857616626,59.88996218274896,18.106343606582698
2022-12-06 → 2023-12-06,2269.2715086736393,6088.602048497233,3855.263104965217,4554.208984973007,41.525381994427505,59.82560169837785,18.300219703950347
2022-12-07 → 2023-12-07,2269.2715086736393,6088.602048497233,3845.5700516415786,4551.781796486264,41.27159266609967,59.76205159551466,18.49045892941499
2022-12-08 → 2023-12-08,2262.184863561168,6088.602048497233,3835.5341253463926,4549.290594413393,41.11807954394584,59.77146819892404,18.6533886549782
2022-12-09 → 2023-12-09,2262.184863561168,6088.602048497233,3825.924552954418,4546.8999389814135,40.86694194113018,59.70899055165152,18.84204861052134
2022-12-10 → 2023-12-10,2262.184863561168,6088.602048497233,3816.2278343459766,4544.488887458692,40.61352684968079,59.64597987074058,19.032453021059794
2022-12-11 → 2023-12-11,2262.184863561168,6088.602048497233,3806.902473215816,4542.003679828483,40.36981685467885,59.581031186107005,19.211214331428152
2022-12-12 → 2023-12-12,2262.184863561168,6088.602048497233,3797.5080957344576,4539.498256175988,40.12430317890031,59.5155541737635,19.391250994863185
2022-12-13 → 2023-12-13,2262.184863561168,6088.602048497233,3787.981908144418,4537.018796206764,39.87534476350476,59.4507556991229,19.575410935618137
2022-12-14 → 2023-12-14,2262.184863561168,6088.602048497233,3778.959736502134,4534.336982770025,39.639558355326315,59.38066889710621,19.741110541779896
2022-12-15 → 2023-12-15,2262.184863561168,6088.602048497233,3770.127180693078,4531.67115681135,39.40872738781373,59.31099991356802,19.90227252575429
2022-12-16 → 2023-12-16,2262.184863561168,6088.602048497233,3760.848009183021,4528.643135207901,39.166224517332495,59.231865269928804,20.06564075259631
2022-12-17 → 2023-12-17,2262.184863561168,6088.602048497233,3750.9898336936885,4524.348094524573,38.90858989431902,59.1196182128061,20.21102831848708
2022-12-18 → 2023-12-18,2262.184863561168,6088.602048497233,3741.109998093853,4520.170163660902,38.65038920363818,59.01043171635929,20.360042512721115
2022-12-19 → 2023-12-19,2262.184863561168,6088.602048497233,3731.2870047445385,4515.9965998734415,38.39367403447195,58.90135934955383,20.50768531508188
2022-12-20 → 2023-12-20,2262.184863561168,6051.723669797238,3720.9173456113544,4510.972532248359,38.493667874562846,59.34198813287209,20.848320258309244
2022-12-21 → 2023-12-21,2262.184863561168,6051.723669797238,3710.9799849466235,4505.271835226635,38.231436474573535,59.1915556577555,20.960119183181966
2022-12-22 → 2023-12-22,2262.184863561168,6051.723669797238,3700.925461636135,4499.456243228538,37.96611333567487,59.03809128397667,21.0719779483018
2022-12-23 → 2023-12-23,2262.184863561168,6051.723669797238,3690.918319874807,4493.3070509373665,37.702040521725586,58.87582372041318,21.173783198687595
2022-12-24 → 2023-12-24,2262.184863561168,6051.723669797238,3680.975728579573,4487.111228461753,37.439671093581126,58.71232565923968,21.272654565658556
2022-12-25 → 2023-12-25,2262.184863561168,6051.723669797238,3671.011916717329,4479.056477039501,37.17674168787487,58.499773371636856,21.323031683761982
2022-12-26 → 2023-12-26,2262.184863561168,6051.723669797238,3661.2027349036616,4470.96118428507,36.917892727217044,58.286151261708596,21.368258534491552
2022-12-27 → 2023-12-27,2262.184863561168,6051.723669797238,3651.3065453625404,4458.858858125735,36.65674776876363,57.96678980961266,21.310042040849034
2022-12-28 → 2023-12-28,2262.184863561168,6051.723669797238,3641.3478437786384,4443.8096776646325,36.39395321530731,57.56966548312897,21.17571226782166
2022-12-29 → 2023-12-29,2262.184863561168,6051.723669797238,3631.330705641695,4428.1293010681475,36.12961661264582,57.155884878199394,21.026268265553576
2022-12-30 → 2023-12-30,2262.184863561168,6051.723669797238,3621.3755182435893,4412.6514836896295,35.866914793054384,56.74744949410865,20.880534701054266
2022-12-31 → 2023-12-31,2262.184863561168,6051.723669797238,3611.381850351851,4396.949002561997,35.6031975334424,56.33308558518674,20.72988805174434
2023-01-01 → 2024-01-01,2262.184863561168,6021.647083039849,3601.049749316081,4380.912957105563,35.61320230372128,56.357212012046645,20.744009708325365
2023-01-02 → 2024-01-02,2225.1316811079096,5998.772393091455,3590.6767564146276,4365.033625895797,36.18640934655764,56.70656292191332,20.52015357535568
2023-01-03 → 2024-01-03,2225.1316811079096,5998.772393091455,3580.6926479229514,4349.314844603824,35.92183438424152,56.290021377773826,20.368186993532305
2023-01-04 → 2024-01-04,2225.1316811079096,5943.606991729443,3570.477010086185,4333.4307900960885,36.180025859937864,56.69794560598501,20.51791974604715
2023-01-05 → 2024-01-05,2225.1316811079096,5943.606991729443,3560.4494163878403,4318.012395084903,35.910356362074005,56.28330267512719,20.372946313053184
2023-01-06 → 2024-01-06,2225.1316811079096,5902.271862594121,3550.4312873521903,4302.417484399794,36.04158505887112,56.4918850184356,20.450299959564482
2023-01-07 → 2024-01-07,2225.1316811079096,5902.271862594121,3540.551052109584,4288.677890969146,35.772891597241575,56.11823612955654,20.345344532314968
2023-01-08 → 2024-01-08,2128.5053474108918,5861.925872751207,3530.2402146364057,4276.138805360013,37.54559278043666,57.52455270902965,19.978959928592992
2023-01-09 → 2024-01-09,2128.5053474108918,5819.935891112184,3520.1528495530765,4263.828039348572,37.699409095391495,57.84539805526594,20.145988959874444
2023-01-10 → 2024-01-10,2128.5053474108918,5735.946407352113,3510.0872415404433,4251.758899920991,38.298114125031965,58.85760895965117,20.5594948346192
2023-01-11 → 2024-01-11,2128.5053474108918,5607.3579589897745,3500.3061346538157,4240.232433451537,39.43256413557371,60.70182677507094,21.269262639497228
2023-01-12 → 2024-01-12,2128.5053474108918,5299.500057546061,3491.3666250771603,4229.573887716491,42.978983008400355,66.25897336221158,23.279990353811222
2023-01-13 → 2024-01-13,2128.5053474108918,5033.035651812386,3483.263860347024,4221.0754126781485,46.64294639595069,72.04504157165096,25.402095175700268
2023-01-14 → 2024-01-14,2128.5053474108918,4940.612187726725,3476.0351015726874,4214.448592225848,47.91886762063606,74.17724017131155,26.258372550675496
2023-01-15 → 2024-01-15,2128.5053474108918,4940.612187726725,3469.4556260460845,4209.75213930565,47.68489800638542,74.01023183247936,26.325333826093946
2023-01-16 → 2024-01-16,2128.5053474108918,4940.612187726725,3462.6964950656647,4200.568266217875,47.444539749596686,73.6836484695676,26.239108719970915
2023-01-17 → 2024-01-17,2128.5053474108918,4940.612187726725,3456.196942193646,4193.514061516263,47.21341222702757,73.43279723587763,26.21938500885006
2023-01-18 → 2024-01-18,2128.5053474108918,4940.612187726725,3449.91751152905,4186.722616165721,46.99011236606315,73.19128986307173,26.20117749700858
2023-01-19 → 2024-01-19,2128.5053474108918,4940.612187726725,3443.2912484082367,4180.23131465118,46.754478960325656,72.9604557631194,26.205976802793742
2023-01-20 → 2024-01-20,2128.5053474108918,4940.612187726725,3436.881991316451,4174.885844813567,46.52656240324827,72.77036804095403,26.243805637705755
2023-01-21 → 2024-01-21,2128.5053474108918,4940.612187726725,3431.4026540452583,4172.2070022603875,46.33171428465483,72.67510698917697,26.343392704522138
2023-01-22 → 2024-01-22,2128.5053474108918,4940.612187726725,3426.3244000188884,4169.546286645082,46.15112889744388,72.58049054085572,26.429361643411838
2023-01-23 → 2024-01-23,2128.5053474108918,4940.612187726725,3421.1724782111455,4166.7096709699545,45.9679238451364,72.47961899378431,26.511695148647917
2023-01-24 → 2024-01-24,2128.5053474108918,4940.612187726725,3416.069652121678,4164.214039099085,45.786464662422894,72.39087301034263,26.604408347919737
2023-01-25 → 2024-01-25,2128.5053474108918,4940.612187726725,3410.8307325996248,4161.005115321287,45.60016592558455,72.27676199109567,26.67659606551112
2023-01-26 → 2024-01-26,2128.5053474108918,4940.612187726725,3405.5344789898745,4158.671282988459,45.41182835839754,72.19376968442477,26.781941326027223
2023-01-27 → 2024-01-27,2128.5053474108918,4940.612187726725,3400.1456433902954,4156.133426589055,45.22019852690175,72.1035221745144,26.88332364761265
2023-01-28 → 2024-01-28,2128.5053474108918,4940.612187726725,3394.8106021172257,4153.311322782979,45.03048164998285,72.00316667714792,26.972685027165063
2023-01-29 → 2024-01-29,2128.5053474108918,4940.612187726725,3389.257789846124,4150.3187662590135,44.83302072170326,71.89674979137875,27.063729069675496
2023-01-30 → 2024-01-30,2128.5053474108918,4940.612187726725,3384.127151287912,4148.906602770462,44.65057251295612,71.84653251412934,27.19596000117322
2023-01-31 → 2024-01-31,2128.5053474108918,4940.612187726725,3378.558635141627,4145.150246822971,44.45255314660588,71.7129545186692,27.260401372063328
2023-02-01 → 2024-02-01,2128.5053474108918,4940.612187726725,3373.0971623695395,4142.133648942863,44.25834029900746,71.60568270961627,27.347342410608817
2023-02-02 → 2024-02-02,2128.5053474108918,4940.612187726725,3367.9131079134836,4140.283481266777,44.07399259280602,71.53988977282025,27.465897180014224
2023-02-03 → 2024-02-03,2128.5053474108918,4940.612187726725,3362.645977605576,4137.812053425977,43.886690665567855,71.45200449743282,27.56531383186497
2023-02-04 → 2024-02-04,2128.5053474108918,4940.612187726725,3357.4098332593985,4135.138877506303,43.70049061544497,71.35694495412707,27.656454338682103
2023-02-05 → 2024-02-05,2128.5053474108918,4940.612187726725,3352.1221665547055,4132.071158498645,43.51245840312336,71.24785525085984,27.73539684773648
2023-02-06 → 2024-02-06,2128.5053474108918,4940.612187726725,3346.559633249738,4127.804283275294,43.31465178976074,71.09612292112833,27.78147113136759
2023-02-07 → 2024-02-07,2128.5053474108918,4940.612187726725,3340.721363912337,4122.596236284552,43.1070398578917,70.91092202775981,27.80388216986811
2023-02-08 → 2024-02-08,2128.5053474108918,4940.612187726725,3335.0051756191824,4118.910738110287,42.903769192239736,70.77986377202683,27.876094579787093
2023-02-09 → 2024-02-09,2119.6784657802627,4940.612187726725,3328.885013423053,4113.364621904562,42.86547174913524,70.67468975303125,27.809218003896007
2023-02-10 → 2024-02-10,2092.361121125474,4940.612187726725,3322.0790882474957,4103.326631713072,43.17449334230969,70.60351996943986,27.42902662713017
2023-02-11 → 2024-02-11,2074.654422592821,4940.612187726725,3315.1103144091667,4091.169114785951,43.2824205194939,70.36093541660806,27.07851489711416
2023-02-12 → 2024-02-12,2000.4079345267212,4940.612187726725,3308.0798769223575,4077.6963896809557,44.475547607701635,70.65116149306276,26.175613885361123
2023-02-13 → 2024-02-13,2000.4079345267212,4940.612187726725,3301.036055567274,4063.3817779541523,44.23597849112013,70.16430376162373,25.9283252705036
2023-02-14 → 2024-02-14,1928.852615572766,4940.612187726725,3293.7721932653258,4048.861884762721,45.31967260309536,70.39105275172281,25.071380148627448
2023-02-15 → 2024-02-15,1925.330029735177,4940.612187726725,3286.7376825433935,4036.2798805237503,45.150257305108646,70.00836870917108,24.858111404062434
2023-02-16 → 2024-02-16,1917.276703934811,4940.612187726725,3280.734489731628,4033.447871026986,45.09779986727597,69.99458639098961,24.896786523713644
2023-02-17 → 2024-02-17,1917.276703934811,4940.612187726725,3274.514033967923,4027.932570649904,44.89205175241895,69.81216203197786,24.920110279558912
2023-02-18 → 2024-02-18,1917.276703934811,4940.612187726725,3268.6500664143887,4026.2008897723936,44.69809485994139,69.75488486618552,25.056790006244128
2023-02-19 → 2024-02-19,1917.276703934811,4940.612187726725,3262.8339711355293,4024.2910868928543,44.50572139328381,69.69171612789043,25.185994734606624
2023-02-20 → 2024-02-20,1911.7515169723924,4940.612187726725,3256.8444600253288,4020.773040594867,44.40920495421611,69.63085307906309,25.22164812484698
2023-02-21 → 2024-02-21,1911.7515169723924,4940.612187726725,3251.1066742359044,4019.527585402843,44.219767855150224,69.58973348567773,25.369965630527503
2023-02-22 → 2024-02-22,1911.7515169723924,4940.612187726725,3245.2359478906924,4015.99164454929,44.02594162861238,69.47299187099418,25.4470502423818
2023-02-23 → 2024-02-23,1911.7515169723924,4940.612187726725,3239.3083313397347,4010.9572062565903,43.83023713126812,69.30677629226814,25.47653916100002
2023-02-24 → 2024-02-24,1911.7515169723924,4940.612187726725,3233.178434601219,4004.251953475991,43.627854208946744,69.08539757896703,25.45754337002029
2023-02-25 → 2024-02-25,1911.7515169723924,4940.612187726725,3226.669302043363,3992.828931040788,43.41295054498141,68.70825832837359,25.295307783392175
2023-02-26 → 2024-02-26,1833.1192094185187,4940.612187726725,3219.8804919593495,3980.920962798944,44.626368980431835,69.1168658585269,24.49049687809506
2023-02-27 → 2024-02-27,1752.8518130268437,4940.612187726725,3213.063939352399,3970.971297130794,45.806834726811296,69.58237832769285,23.775543600881555
2023-02-28 → 2024-02-28,1601.0056718456406,4940.612187726725,3205.8137890699845,3960.4441240291094,48.053808423024634,70.65019309800277,22.59638467497814
2023-03-01 → 2024-03-01,1599.3755572837013,4940.612187726725,3194.10249277572,3946.42056951448,47.72864396858265,70.24480070780193,22.516156739219277
2023-03-02 → 2024-03-02,1599.3755572837013,4940.612187726725,3186.9532784841276,3935.7452160372486,47.51467485827022,69.92529764178246,22.410622783512245
2023-03-03 → 2024-03-03,1587.5172303164088,4940.612187726725,3179.6692551633023,3923.850884177209,47.48305804248844,69.67693082170308,22.193872779214644
2023-03-04 → 2024-03-04,1468.6047803456822,4940.612187726725,3171.4794761846297,3904.357758460626,49.04582554227431,70.15402596598283,21.108200423708517
2023-03-05 → 2024-03-05,1468.6047803456822,4940.612187726725,3163.5402057236124,3884.119068892448,48.81716040624553,69.57111564369627,20.753955237450747
2023-03-06 → 2024-03-06,1468.6047803456822,4940.612187726725,3155.5086919703567,3863.7975156849834,48.58583849903468,68.98581870094598,20.399980201911305
2023-03-07 → 2024-03-07,1468.6047803456822,4940.612187726725,3147.4149967521007,3842.7816629465146,48.352725654832504,68.38052469455096,20.027799039718452
2023-03-08 → 2024-03-08,1463.1923369313529,4940.612187726725,3139.114010333572,3819.464692375839,48.19440117416061,67.75921391561471,19.564812741454098
2023-03-09 → 2024-03-09,1459.8006234184531,4940.612187726725,3130.535807929097,3792.0816402579762,47.998438112597526,67.00394358471998,19.00550547212245
2023-03-10 → 2024-03-10,1451.7527818164933,4940.612187726725,3121.101756144357,3753.5024112803667,47.84798640781961,65.97427301210936,18.126286604289753
2023-03-11 → 2024-03-11,1385.0782398168576,4857.8509431341545,3111.413652744058,3712.809546503761,49.710578848945474,67.02803510472725,17.317456255781778
2023-03-12 → 2024-03-12,1385.0782398168576,4531.863068719684,3101.9914935802717,3673.6254088509972,54.56087235434022,72.72652225897747,18.16564990463725
2023-03-13 → 2024-03-13,1368.333930422572,4140.027471070253,3093.3715231761926,3644.196090111516,62.237674095474446,82.11088730816635,19.87321321269191
2023-03-14 → 2024-03-14,1368.333930422572,4096.714959686975,3085.9014163438633,3627.046312062802,62.95189225767207,82.78581171080785,19.833919453135778
2023-03-15 → 2024-03-15,1368.333930422572,4096.714959686975,3078.8254034336164,3615.789538141121,62.692543844296154,82.37323099715599,19.680687152859832
2023-03-16 → 2024-03-16,1368.333930422572,3993.093729267595,3071.8269019366303,3602.6900937827304,64.90090911418443,85.12611951552084,20.225210401336412
2023-03-17 → 2024-03-17,1368.333930422572,3984.447048889108,3064.936860583392,3592.0113104666307,64.85204780270752,84.9992824984377,20.147234695730177
2023-03-18 → 2024-03-18,1368.333930422572,3984.447048889108,3059.031291084963,3590.471127549329,64.6263094943468,84.94040955038244,20.31410005603564
2023-03-19 → 2024-03-19,1368.333930422572,3984.447048889108,3053.331129450953,3587.4202221951127,64.40842282905798,84.8237897707299,20.41536694167192
2023-03-20 → 2024-03-20,1368.333930422572,3984.447048889108,3047.6796843895095,3587.971476533324,64.1923983375499,84.84486127311719,20.652462935567286
2023-03-21 → 2024-03-21,1368.333930422572,3984.447048889108,3042.0532222702764,3587.5100227766397,63.97732881018439,84.82722236624319,20.849893556058802
2023-03-22 → 2024-03-22,1368.333930422572,3984.447048889108,3036.6734261574575,3587.716238444726,63.77168800379708,84.83510488732497,21.063416883527893
2023-03-23 → 2024-03-23,1368.333930422572,3984.447048889108,3030.9412570125874,3586.30241397821,63.55257786270998,84.78106194642399,21.228484083714008
2023-03-24 → 2024-03-24,1368.333930422572,3984.447048889108,3025.392171555851,3586.730421812329,63.34046603094067,84.79742239472027,21.456956363779604
2023-03-25 → 2024-03-25,1368.333930422572,3984.447048889108,3019.3611109060703,3585.516666320532,63.10993086764025,84.75102701971795,21.6410961520777
2023-03-26 → 2024-03-26,1368.333930422572,3984.447048889108,3013.337400335634,3584.4353879565574,62.879676658526876,84.70969553613867,21.830018877611792
2023-03-27 → 2024-03-27,1368.333930422572,3984.447048889108,3007.556830041857,3584.214882367565,62.658716400617045,84.70126678787715,22.0425503872601
2023-03-28 → 2024-03-28,1368.333930422572,3984.447048889108,3001.369716813563,3582.5513716372116,62.42221618261726,84.63767967772465,22.215463495107386
2023-03-29 → 2024-03-29,1368.333930422572,3984.447048889108,2995.280097695561,3580.8962423304215,62.18944264255063,84.57441294452771,22.384970301977077
2023-03-30 → 2024-03-30,1368.333930422572,3984.447048889108,2989.5935230430455,3581.108193048752,61.97207533483082,84.58251468587959,22.61043935104877
2023-03-31 → 2024-03-31,1368.333930422572,3984.447048889108,2983.6950820941,3580.7713582217875,61.74660951275648,84.56963929358149,22.82302978082501
2023-04-01 → 2024-04-01,1368.333930422572,3984.447048889108,2978.04350510764,3581.239433851654,61.53057997846123,84.58753131921917,23.056951340757934
2023-04-02 → 2024-04-02,1368.333930422572,3984.447048889108,2972.638845322299,3581.661027015503,61.32398876697306,84.60364656900988,23.279657802036823
2023-04-03 → 2024-04-03,1368.333930422572,3984.447048889108,2967.0837598459166,3581.520004989772,61.11164758657186,84.59825605188219,23.486608465310326
2023-04-04 → 2024-04-04,1368.333930422572,3984.447048889108,2961.2816773446884,3580.85641682292,60.88986503212983,84.57289062856896,23.683025596439123
2023-04-05 → 2024-04-05,1368.333930422572,3984.447048889108,2955.6023738185254,3580.482164694804,60.672775660646835,84.55858497314931,23.885809312502474
2023-04-06 → 2024-04-06,1368.333930422572,3984.447048889108,2949.8778641296117,3580.2660960452677,60.45395829955852,84.55032582533147,24.096367525772948
2023-04-07 → 2024-04-07,1368.333930422572,3984.447048889108,2944.090109639767,3579.870390597204,60.232723428291294,84.53520012433364,24.302476696042348
2023-04-08 → 2024-04-08,1368.333930422572,3984.447048889108,2938.1362779398564,3579.2633250156305,60.00514031432409,84.51199525688016,24.506854942556068
2023-04-09 → 2024-04-09,1368.333930422572,3984.447048889108,2932.337072516284,3578.6809051446685,59.78346773515932,84.48973246301048,24.706264727851163
2023-04-10 → 2024-04-10,1368.333930422572,3984.447048889108,2926.589054402007,3578.737656738961,59.563751772814165,84.49190177265889,24.928149999844727
2023-04-11 → 2024-04-11,1368.333930422572,3984.447048889108,2921.3007937202315,3580.878143466517,59.36160987595018,84.57372112184707,25.212111245896892
2023-04-12 → 2024-04-12,1368.333930422572,3984.447048889108,2916.353252422671,3583.8528022883734,59.172491857213274,84.68742640472873,25.514934547515452
2023-04-13 → 2024-04-13,1368.333930422572,3984.447048889108,2911.465294387007,3586.3524440215397,58.985651387618844,84.78297432716076,25.797322939541914
2023-04-14 → 2024-04-14,1368.333930422572,3984.447048889108,2906.6441033870115,3589.5349433661927,58.801363064382215,84.90462424062162,26.1032611762394
2023-04-15 → 2024-04-15,1368.333930422572,3984.447048889108,2901.9965503590483,3592.863781801879,58.623711991301434,85.03186791415351,26.408155922852075
2023-04-16 → 2024-04-16,1368.333930422572,3984.447048889108,2897.288146822739,3596.0417105750366,58.44373492903016,85.15334311913318,26.709608190103026
2023-04-17 → 2024-04-17,1368.333930422572,3984.447048889108,2892.7425199549402,3599.0862301030247,58.269979947423586,85.26971880283347,26.99973885540988
2023-04-18 → 2024-04-18,1368.333930422572,3984.447048889108,2887.786697888336,3600.7419647889055,58.080545399214564,85.33300867643233,27.252463277217764
2023-04-19 → 2024-04-19,1368.333930422572,3984.447048889108,2883.087118870089,3603.597847080153,57.90090565102959,85.4421737683807,27.54126811735111
2023-04-20 → 2024-04-20,1368.333930422572,3984.447048889108,2877.822888626328,3604.3080768963,57.69968230917172,85.46932205226544,27.76963974309372
2023-04-21 → 2024-04-21,1368.333930422572,3984.447048889108,2872.372075719198,3604.2036213882307,57.49132691090342,85.46532927736087,27.974002366457448
2023-04-22 → 2024-04-22,1368.333930422572,3984.447048889108,2866.4584462858948,3602.5912768465514,57.26528051437872,85.40369797669966,28.138417462320938
2023-04-23 → 2024-04-23,1368.333930422572,3984.447048889108,2860.771242491069,3601.7942549818017,57.04788915791631,85.37323209741014,28.32534293949383
2023-04-24 → 2024-04-24,1368.333930422572,3984.447048889108,2855.1453635417643,3600.6255220242383,56.83284192201534,85.32855769287794,28.495715770862596
2023-04-25 → 2024-04-25,1368.333930422572,3984.447048889108,2849.46777021869,3599.277385715111,56.615817922441416,85.27702565859352,28.6612077361521
2023-04-26 → 2024-04-26,1368.333930422572,3984.447048889108,2844.1127817908114,3599.1581001992186,56.41112538104941,85.27246601187754,28.86134063082813
2023-04-27 → 2024-04-27,1368.333930422572,3984.447048889108,2838.8089007453477,3598.9151027065727,56.208386401300224,85.2631775185425,29.05479111724228
2023-04-28 → 2024-04-28,1368.333930422572,3984.447048889108,2833.8880504019153,3599.65440994512,56.020288634858204,85.29143727662898,29.27114864177078
2023-04-29 → 2024-04-29,1368.333930422572,3984.447048889108,2828.868102247055,3600.01197809713,55.8284028895735,85.30510519295439,29.476702303380883
2023-04-30 → 2024-04-30,1368.333930422572,3984.447048889108,2824.0371494431747,3600.240431222887,55.64374142483103,85.31383773300185,29.67009630817082
2023-05-01 → 2024-05-01,1368.333930422572,3984.447048889108,2819.443637674983,3600.5722254151397,55.46815605981883,85.32652044881833,29.858364388999497
2023-05-02 → 2024-05-02,1368.333930422572,3984.447048889108,2814.3570338492395,3599.652055509293,55.27372242505593,85.29134727915103,30.017624854095097
2023-05-03 → 2024-05-03,1368.333930422572,3984.447048889108,2809.18605034124,3598.937506283425,55.07606340673983,85.26403388735524,30.187970480615412
2023-05-04 → 2024-05-04,1368.333930422572,3984.447048889108,2804.0701897896543,3598.3095332676703,54.880511443964444,85.24002984061421,30.35951839664977
2023-05-05 → 2024-05-05,1368.333930422572,3984.447048889108,2798.8804092630035,3597.5592570431295,54.6821339162491,85.21135079691213,30.52921688066303
2023-05-06 → 2024-05-06,1368.333930422572,3984.447048889108,2793.9698383805257,3597.015112762983,54.494429078571585,85.19055107398327,30.696121995411687
2023-05-07 → 2024-05-07,1368.333930422572,3984.447048889108,2788.908174201194,3596.278277497588,54.300948752984645,85.1623858061975,30.86143705321286
2023-05-08 → 2024-05-08,1368.333930422572,3984.447048889108,2783.895572753712,3595.417583180933,54.109343832994774,85.12948606992158,31.02014223692681
2023-05-09 → 2024-05-09,1368.333930422572,3984.447048889108,2778.393621519521,3594.3199297092774,53.8990336902355,85.08752865363452,31.188494963399023
2023-05-10 → 2024-05-10,1368.333930422572,3984.447048889108,2773.0107862792524,3593.19690143432,53.69327671427479,85.04460129445306,31.35132458017827
2023-05-11 → 2024-05-11,1368.333930422572,3984.447048889108,2767.63312907082,3592.0747400654104,53.48771766675222,85.00170707244911,31.51398940569689
2023-05-12 → 2024-05-12,1368.333930422572,3984.447048889108,2761.9716779095597,3590.809215054256,53.271310695612584,84.95333282585322,31.68202213024064
2023-05-13 → 2024-05-13,1368.333930422572,3984.447048889108,2756.1272557737857,3589.4931494418515,53.04790972359347,84.90302668262437,31.8551169590309
2023-05-14 → 2024-05-14,1368.333930422572,3984.447048889108,2750.4023514497044,3588.187441575728,52.82907727771524,84.85311646058898,32.024039182873736
2023-05-15 → 2024-05-15,1368.333930422572,3984.447048889108,2744.3908139145046,3586.8932626408223,52.599288378574535,84.80364692787764,32.2043585493031
2023-05-16 → 2024-05-16,1368.333930422572,3984.447048889108,2738.5595151864663,3585.658578846377,52.37638904418122,84.75645157589801,32.380062531716796
2023-05-17 → 2024-05-17,1368.333930422572,3984.447048889108,2732.5467879566513,3584.3763600932366,52.146554669384024,84.70743921691057,32.56088454752655
2023-05-18 → 2024-05-18,1368.333930422572,3984.447048889108,2726.6708764794885,3583.167172013783,51.92195002841166,84.66121842963197,32.739268401220315
2023-05-19 → 2024-05-19,1368.333930422572,3984.447048889108,2720.6324155242537,3581.839029703134,51.69113199104886,84.61045065887797,32.9193186678291
2023-05-20 → 2024-05-20,1368.333930422572,3984.447048889108,2714.3259514745373,3580.514626663559,51.4500696300523,84.55982582044011,33.10975619038781
2023-05-21 → 2024-05-21,1368.333930422572,3984.447048889108,2708.152194911042,3579.2281690932678,51.21407996584718,84.51065143416415,33.29657146831696
2023-05-22 → 2024-05-22,1368.333930422572,3984.447048889108,2701.9210475112354,3577.8680848077984,50.97589655719324,84.45866269270381,33.48276613551057
2023-05-23 → 2024-05-23,1368.333930422572,3984.447048889108,2695.7974543913992,3576.520809115772,50.74182437290536,84.40716355520412,33.66533918229876
2023-05-24 → 2024-05-24,1368.333930422572,3984.447048889108,2689.76118886257,3575.2470782621276,50.51109025494156,84.35847564317717,33.847385388235615
2023-05-25 → 2024-05-25,1368.333930422572,3984.447048889108,2683.349904978657,3573.7796981916704,50.26602119280287,84.30238555823018,34.03636436542732
2023-05-26 → 2024-05-26,1368.333930422572,3984.447048889108,2677.0427699806983,3572.3399692613707,50.024933185046706,84.24735242834996,34.22241924330325
2023-05-27 → 2024-05-27,1368.333930422572,3984.447048889108,2670.77450099301,3570.9472471727518,49.78533081680651,84.19411611839116,34.40878530158466
2023-05-28 → 2024-05-28,1368.333930422572,3984.447048889108,2664.6149543872157,3569.578703381135,49.54988432321586,84.14180401529606,34.5919196920802
2023-05-29 → 2024-05-29,1368.333930422572,3984.447048889108,2658.9490185913423,3568.4571145708674,49.33330592850201,84.098931679144,34.765625750641995
2023-05-30 → 2024-05-30,1368.333930422572,3984.447048889108,2653.1203138511573,3567.26525731947,49.110505748378245,84.05337335664699,34.94286760826874
2023-05-31 → 2024-05-31,1368.333930422572,3984.447048889108,2647.331998254062,3566.040622675135,48.88924942898452,84.0065621298812,35.11731270089668
2023-06-01 → 2024-06-01,1368.333930422572,3984.447048889108,2641.3448314815764,3564.681726426283,48.660392093641356,83.95461880070098,35.29422670705963
2023-06-02 → 2024-06-02,1368.333930422572,3984.447048889108,2635.2058471163855,3563.282210382864,48.425731584435646,83.90112279421945,35.4753912097838
2023-06-03 → 2024-06-03,1368.333930422572,3984.447048889108,2629.1670577140007,3561.965512952671,48.19490099229655,83.85079249997878,35.65589150768223
2023-06-04 → 2024-06-04,1368.333930422572,3984.447048889108,2622.9668109406825,3560.549111407377,47.95789874917671,83.79665105115166,35.83875230197495
2023-06-05 → 2024-06-05,1368.333930422572,3984.447048889108,2616.7668012402137,3559.200490765511,47.7209055680828,83.74510050341937,36.02419493533657
2023-06-06 → 2024-06-06,1368.333930422572,3984.447048889108,2610.0489895212495,3557.408410971993,47.46411958770815,83.67659888623514,36.21247929852699
2023-06-07 → 2024-06-07,1368.333930422572,3984.447048889108,2603.966147835765,3556.0072127244025,47.23160511260585,83.62303857809327,36.391433465487424
2023-06-08 → 2024-06-08,1368.333930422572,3984.447048889108,2597.5525867525553,3554.3408224634163,46.98644900532832,83.55934139889932,36.572892393571
2023-06-09 → 2024-06-09,1368.333930422572,3984.447048889108,2591.1912112843465,3552.725962732218,46.74328767475338,83.49761395600706,36.754326281253675
2023-06-10 → 2024-06-10,1368.333930422572,3984.447048889108,2584.8200653897015,3551.0906744382714,46.49975287307861,83.43510563851866,36.93535276544005
2023-06-11 → 2024-06-11,1368.333930422572,3984.447048889108,2578.329283291991,3549.269435226434,46.25164501979454,83.36548941286766,37.11384439307312
2023-06-12 → 2024-06-12,1368.333930422572,3984.447048889108,2571.8061008577156,3547.454636009222,46.00229867508834,83.29611935373676,37.293820678648416
2023-06-13 → 2024-06-13,1368.333930422572,3984.447048889108,2565.3684400353773,3545.6345213311015,45.756221363794104,83.2265461129899,37.47032474919579
2023-06-14 → 2024-06-14,1368.333930422572,3984.447048889108,2558.9698060429046,3543.8509331697473,45.51163583928807,83.15836908544608,37.646733246158014
2023-06-15 → 2024-06-15,1368.333930422572,3978.509780532298,2552.228702689681,3541.736449744734,45.35689701585971,83.26651705212876,37.909620036269054
2023-06-16 → 2024-06-16,1368.333930422572,3978.509780532298,2545.6578524406373,3539.7693277829712,45.10515726243399,83.19115347225042,38.08599620981643
2023-06-17 → 2024-06-17,1368.333930422572,3978.509780532298,2539.4083632115735,3538.0403414777084,44.86572936224861,83.12491324919455,38.25918388694594
2023-06-18 → 2024-06-18,1368.333930422572,3978.509780532298,2533.3163858744933,3536.361599312008,44.632335993873674,83.06059795926382,38.42826196539014
2023-06-19 → 2024-06-19,1368.333930422572,3978.509780532298,2527.1769902423202,3534.629112456594,44.39712595498243,82.99422362454835,38.597097669565926
2023-06-20 → 2024-06-20,1368.333930422572,3978.509780532298,2521.200114585455,3533.0185911925655,44.16814231556158,82.93252198617174,38.764379670610154
2023-06-21 → 2024-06-21,1368.333930422572,3978.509780532298,2515.82548185251,3531.826913014659,43.962231563122465,82.88686689447144,38.92463533134897
2023-06-22 → 2024-06-22,1368.333930422572,3978.509780532298,2511.0132490202955,3531.071649078885,43.77786724789779,82.8579315284599,39.08006428056211
2023-06-23 → 2024-06-23,1368.333930422572,3978.509780532298,2506.217711677758,3530.1876093252577,43.594142563511646,82.82406255547136,39.22991999195971
2023-06-24 → 2024-06-24,1368.333930422572,3978.509780532298,2501.846107964574,3529.3279125889912,43.42665945263235,82.79112620230457,39.36446674967222
2023-06-25 → 2024-06-25,1368.333930422572,3978.509780532298,2497.340049208609,3528.451702545938,43.254025154610794,82.75755719801636,39.50353204340556
2023-06-26 → 2024-06-26,1368.333930422572,3978.509780532298,2492.878724760451,3527.540256915878,43.08310469927172,82.7226382621898,39.63953356291808
2023-06-27 → 2024-06-27,1368.333930422572,3978.509780532298,2488.2984185839864,3526.5922176654863,42.90762586414757,82.68631736640218,39.77869150225461
2023-06-28 → 2024-06-28,1368.333930422572,3978.509780532298,2483.931818111715,3525.675747124747,42.7403344354077,82.65120591823288,39.91087148282517
2023-06-29 → 2024-06-29,1368.333930422572,3978.509780532298,2479.355553667462,3524.687028326661,42.56501044549107,82.61332652408997,40.0483160785989
2023-06-30 → 2024-06-30,1368.333930422572,3978.509780532298,2474.751683606397,3523.7501082778695,42.3886288403639,82.57743162265058,40.18880278228668
2023-07-01 → 2024-07-01,1368.333930422572,3978.509780532298,2470.1497881219793,3522.806117175541,42.21232288441752,82.541265817872,40.328942933454485
2023-07-02 → 2024-07-02,1368.333930422572,3978.509780532298,2465.632699640465,3521.8836221722468,42.03926602001796,82.50592356293329,40.46665754291533
2023-07-03 → 2024-07-03,1368.333930422572,3978.509780532298,2461.2514618814935,3520.9615645553095,41.87141381347841,82.47059806496354,40.59918425148513
2023-07-04 → 2024-07-04,1368.333930422572,3978.509780532298,2457.2455332165796,3520.101317991202,41.7179402969433,82.4376406470152,40.7197003500719
2023-07-05 → 2024-07-05,1368.333930422572,3978.509780532298,2453.202636881632,3519.196968118923,41.563050490006425,82.40299356098684,40.83994307098042
2023-07-06 → 2024-07-06,1368.333930422572,3978.509780532298,2448.945263037313,3518.2517443751653,41.39994370759788,82.36678053174906,40.96683682415118
2023-07-07 → 2024-07-07,1368.333930422572,3978.509780532298,2444.71241481277,3517.2385047575735,41.237776540800866,82.32796170590063,41.09018516509977
2023-07-08 → 2024-07-08,1368.333930422572,3978.509780532298,2440.534871549959,3516.2588961949527,41.077728195298185,82.29043133940905,41.21270314411087
2023-07-09 → 2024-07-09,1368.333930422572,3978.509780532298,2436.2307643456493,3515.2771699120826,40.91283098332955,82.252819839677,41.33998885634745
2023-07-10 → 2024-07-10,1368.333930422572,3978.509780532298,2431.917809482829,3514.2564324180735,40.747594803451506,82.21371375822405,41.46611895477254
2023-07-11 → 2024-07-11,1368.333930422572,3978.509780532298,2427.70776516331,3513.241968570964,40.586301290627766,82.17484803019019,41.588546739562425
2023-07-12 → 2024-07-12,1368.333930422572,3978.509780532298,2423.51729199562,3512.2428001388785,40.42575757984621,82.13656829390177,41.71081071405556
2023-07-13 → 2024-07-13,1368.333930422572,3978.509780532298,2419.142588066959,3511.207410671491,40.258155694767204,82.09690087197907,41.83874517721187
2023-07-14 → 2024-07-14,1368.333930422572,3978.509780532298,2414.9402612921067,3510.2711104716327,40.097157853388985,82.06102971794097,41.96387186455198
2023-07-15 → 2024-07-15,1368.333930422572,3978.509780532298,2410.1598718537657,3509.2223237741046,39.914013509373234,82.02084902676326,42.106835517390024
2023-07-16 → 2024-07-16,1368.333930422572,3978.509780532298,2405.348786462295,3508.1700302761888,39.7296931544336,81.98053398446939,42.25084083003579
2023-07-17 → 2024-07-17,1368.333930422572,3978.509780532298,2400.5852693135,3507.111625308737,39.54719521474135,81.93998480202993,42.392789587288576
2023-07-18 → 2024-07-18,1368.333930422572,3978.509780532298,2395.804467273508,3506.042280012604,39.36403506329827,81.89901647814906,42.5349814148508
2023-07-19 → 2024-07-19,1368.333930422572,3978.509780532298,2390.7535502634096,3504.9399423085147,39.170526376522005,81.85678416249712,42.686257785975116
2023-07-20 → 2024-07-20,1368.333930422572,3978.509780532298,2385.7001214511815,3503.8436239529324,38.976921458599875,81.81478245768722,42.83786099908734
2023-07-21 → 2024-07-21,1368.333930422572,3978.509780532298,2380.561950595066,3502.736871353199,38.78006993781442,81.77238100034148,42.992311062527065
2023-07-22 → 2024-07-22,1368.333930422572,3978.509780532298,2375.4895504357773,3501.640349296663,38.585738197327466,81.73037149142313,43.14463329409566
2023-07-23 → 2024-07-23,1368.333930422572,3978.509780532298,2370.456895511326,3500.521441944021,38.39292916018003,81.68750436610685,43.29457520592682
2023-07-24 → 2024-07-24,1368.333930422572,3978.509780532298,2365.5636797971556,3499.4689738605516,38.20546226158143,81.64718263516197,43.44172037358054
2023-07-25 → 2024-07-25,1368.333930422572,3978.509780532298,2360.3712047150907,3498.2987907651955,38.00653025928562,81.60235105435845,43.59582079507283
2023-07-26 → 2024-07-26,1368.333930422572,3978.509780532298,2355.058730658131,3497.131753037879,37.80300090486545,81.55763997762132,43.75463907275587
2023-07-27 → 2024-07-27,1368.333930422572,3978.509780532298,2349.781092892515,3495.995104616644,37.60080618432989,81.51409316367055,43.91328697934066
2023-07-28 → 2024-07-28,1368.333930422572,3978.509780532298,2344.4471604352334,3494.831807593282,37.39645472436762,81.46952539926828,44.073070674900656
2023-07-29 → 2024-07-29,1368.333930422572,3978.509780532298,2339.22762944943,3493.687271993645,37.19648616724593,81.42567641493304,44.22919024768711
2023-07-30 → 2024-07-30,1368.333930422572,3978.509780532298,2334.0639284987424,3492.548513112112,36.99865654781739,81.3820487458821,44.38339219806471
2023-07-31 → 2024-07-31,1368.333930422572,3978.509780532298,2328.964514697312,3491.3719157570363,36.80328987161372,81.3369714245581,44.53368155294438
2023-08-01 → 2024-08-01,1368.333930422572,3978.509780532298,2323.8198939241593,3490.1880767691455,36.60619124421907,81.29161666473067,44.6854254205116
2023-08-02 → 2024-08-02,1368.333930422572,3978.509780532298,2319.013243744236,3489.0364061458517,36.422040809307916,81.2474943262589,44.82545351695099
2023-08-03 → 2024-08-03,1368.333930422572,3978.509780532298,2314.1533738232415,3487.836827529729,36.235851441231794,81.20153655616949,44.96568511493769
2023-08-04 → 2024-08-04,1368.333930422572,3978.509780532298,2309.492681700079,3486.6464502819026,36.05729289227555,81.15593130517553,45.09863841289998
2023-08-05 → 2024-08-05,1368.333930422572,3978.509780532298,2305.1293591780304,3485.4395282710866,35.89012704703699,81.10969219792284,45.21956515088585
2023-08-06 → 2024-08-06,1368.333930422572,3978.509780532298,2300.6122687568704,3484.2303122826133,35.71707010832652,81.06336520472726,45.346295096400745
2023-08-07 → 2024-08-07,1368.333930422572,3978.509780532298,2296.1744766163524,3483.031721312834,35.54705121322673,81.01744527294454,45.47039405971781
2023-08-08 → 2024-08-08,1368.333930422572,3978.509780532298,2291.232887384246,3481.8469548509893,35.357731048001135,80.97205498011063,45.61432393210949
2023-08-09 → 2024-08-09,1368.333930422572,3978.509780532298,2286.5703937795297,3480.761623111272,35.17910348141322,80.93047419007797,45.75137070866475
2023-08-10 → 2024-08-10,1368.333930422572,3978.509780532298,2281.8359994711695,3479.683007117566,34.99772128418842,80.88915069098648,45.89142940679806
2023-08-11 → 2024-08-11,1368.333930422572,3978.509780532298,2277.2086474765088,3478.5691475063877,34.82044004873195,80.84647695269673,46.02603690396478
2023-08-12 → 2024-08-12,1368.333930422572,3978.509780532298,2272.528216096713,3477.4956551861824,34.641125257370334,80.80534974970924,46.1642244923389
2023-08-13 → 2024-08-13,1368.333930422572,3978.509780532298,2267.7662588152943,3477.3535974905863,34.45868707868522,80.79990729281154,46.34122021412632
2023-08-14 → 2024-08-14,1368.333930422572,3978.509780532298,2263.093011770353,3476.973155728503,34.27964753065075,80.78533196210856,46.50568443145781
2023-08-15 → 2024-08-15,1368.333930422572,3978.509780532298,2258.5547484960493,3476.1016073706905,34.10577942616604,80.75194155441721,46.64616212825118
2023-08-16 → 2024-08-16,1368.333930422572,3978.509780532298,2253.836887304497,3475.0136798729995,33.92503063901616,80.71026131675639,46.78523067774023
2023-08-17 → 2024-08-17,1368.333930422572,3978.509780532298,2248.9468171429166,3473.6781796393207,33.73768425155438,80.65909617270593,46.92141192115155
2023-08-18 → 2024-08-18,1368.333930422572,3978.509780532298,2243.361035756696,3471.0201355946424,33.52368405743007,80.55726226582313,47.03357820839306
2023-08-19 → 2024-08-19,1368.333930422572,3978.509780532298,2237.4824008548267,3466.7582748187797,33.29846417802531,80.39398358191056,47.09551940388525
2023-08-20 → 2024-08-20,1368.333930422572,3978.509780532298,2231.6488293656053,3458.0441348726367,33.07497074983441,80.06013098168148,46.985160231847075
2023-08-21 → 2024-08-21,1368.333930422572,3978.509780532298,2225.6966564912377,3453.838650194377,32.84693351341153,79.89901215598691,47.05207864257538
2023-08-22 → 2024-08-22,1368.333930422572,3978.509780532298,2219.780039329026,3449.999369993572,32.62025847303204,79.75192320791305,47.131664734881014
2023-08-23 → 2024-08-23,1368.333930422572,3978.509780532298,2213.541665712442,3445.9847732115104,32.381256429689955,79.5981176019845,47.21686117229454
2023-08-24 → 2024-08-24,1368.333930422572,3978.509780532298,2207.496783785577,3442.4069197847143,32.14966736159667,79.46104433059378,47.31137696899711
2023-08-25 → 2024-08-25,1368.333930422572,3978.509780532298,2201.2922794728634,3438.489343530733,31.91196290530677,79.31095573584194,47.39899283053518
2023-08-26 → 2024-08-26,1368.333930422572,3978.509780532298,2195.1549580655683,3434.462164588081,31.67683233327895,79.15666808727289,47.47983575399394
2023-08-27 → 2024-08-27,1368.333930422572,3978.509780532298,2189.253259354099,3430.373720757272,31.450728842542063,79.00003328312215,47.54930444058009
2023-08-28 → 2024-08-28,1368.333930422572,3978.509780532298,2183.4183939328173,3426.335390496981,31.22718584175012,78.84531840978818,47.61813256803806
2023-08-29 → 2024-08-29,1368.333930422572,3978.509780532298,2177.5717267760247,3421.793181059053,31.003190697647216,78.67129912148097,47.66810842383376
2023-08-30 → 2024-08-30,1368.333930422572,3978.509780532298,2172.3321809831955,3418.93401080265,30.802455341345116,78.56175974863437,47.75930440728926
2023-08-31 → 2024-08-31,1368.333930422572,3978.509780532298,2166.9723147922964,3415.6567385152325,30.59711031868414,78.43620222011461,47.839091901430464
2023-09-01 → 2024-09-01,1368.333930422572,3978.509780532298,2161.2253532608333,3410.8439782068776,30.37693505611624,78.2518176964377,47.87488264032146
2023-09-02 → 2024-09-02,1368.333930422572,3978.509780532298,2155.271154574626,3405.8140209985054,30.148820207610648,78.05911201309607,47.91029180548542
2023-09-03 → 2024-09-03,1368.333930422572,3978.509780532298,2149.4652619566104,3400.823281078346,29.92638720112292,77.86790880661671,47.94152160549379
2023-09-04 → 2024-09-04,1368.333930422572,3978.509780532298,2143.6653805631354,3395.905947252351,29.704184494235136,77.67951790468616,47.97533341045103
2023-09-05 → 2024-09-05,1368.333930422572,3978.509780532298,2137.959875032023,3391.345522493405,29.485597477162216,77.50480075837764,48.019203281215425
2023-09-06 → 2024-09-06,1368.333930422572,3978.509780532298,2132.4524381861747,3386.740309744617,29.27459878733768,77.32836771274226,48.05376892540458
2023-09-07 → 2024-09-07,1368.333930422572,3978.509780532298,2126.912392836185,3381.470055373755,29.062350813709507,77.12645586183609,48.064105048126585
2023-09-08 → 2024-09-08,1368.333930422572,3978.509780532298,2121.48350105092,3376.693618420093,28.85436131043383,76.94346294381255,48.08910163337872
2023-09-09 → 2024-09-09,1368.333930422572,3978.509780532298,2115.733945496013,3371.5243875745987,28.63408666669037,76.74542146529389,48.11133479860352
2023-09-10 → 2024-09-10,1368.333930422572,3978.509780532298,2109.9365701670595,3367.4127888957023,28.41197997113153,76.58789956198136,48.17591959084983
2023-09-11 → 2024-09-11,1368.333930422572,3978.509780532298,2104.134481579674,3362.086736233429,28.189692703124596,76.38384998953399,48.19415728640939
2023-09-12 → 2024-09-12,1368.333930422572,3867.020615587954,2097.9817048198793,3355.871102155803,29.20125115042239,79.54327301350631,50.342021863083914
2023-09-13 → 2024-09-13,1368.333930422572,3817.589774909385,2091.9459144634893,3344.2049022269125,29.544156673944126,80.67229792477397,51.12814125082984
2023-09-14 → 2024-09-14,1368.333930422572,3817.589774909385,2086.09736825128,3333.4045338451874,29.305367973066907,80.2313326248019,50.925964651734986
2023-09-15 → 2024-09-15,1368.333930422572,3817.589774909385,2080.444975668019,3325.498190379747,29.074587975298034,79.90852668016211,50.83393870486408
2023-09-16 → 2024-09-16,1368.333930422572,3817.589774909385,2074.9088423621247,3317.7254459775977,28.848554695910085,79.59117541530159,50.74262071939151
2023-09-17 → 2024-09-17,1368.333930422572,3817.589774909385,2069.1715037277672,3309.585928999483,28.614306458949784,79.25884929280048,50.64454283385069
2023-09-18 → 2024-09-18,1368.333930422572,3817.589774909385,2063.3347650068695,3300.88044811614,28.37599984292043,78.90341558411143,50.527415741191
2023-09-19 → 2024-09-19,1368.333930422572,3817.589774909385,2057.4796242631696,3292.628356635684,28.136941895712525,78.56649318790562,50.429551292193096
2023-09-20 → 2024-09-20,1368.333930422572,3817.589774909385,2051.7820623066814,3282.76757274181,27.904317689902697,78.16388992716132,50.259572237258624
2023-09-21 → 2024-09-21,1368.333930422572,3817.589774909385,2046.0398175779928,3274.206986987674,27.669869143352766,77.81437210225113,50.14450295889836
2023-09-22 → 2024-09-22,1368.333930422572,3817.589774909385,2040.0714347574622,3264.0994157390433,27.42618766622308,77.40169282779384,49.97550516157076
2023-09-23 → 2024-09-23,1368.333930422572,3817.589774909385,2034.1227038738969,3253.842744076585,27.183308552676987,76.98292597313693,49.79961742045994
2023-09-24 → 2024-09-24,1368.333930422572,3817.589774909385,2028.1045854871184,3244.192652292017,26.937596435654793,76.588925003157,49.651328567502205
2023-09-25 → 2024-09-25,1368.333930422572,3817.589774909385,2022.059863394899,3232.842563936754,26.690798123186703,76.1255153360611,49.434717212874396
2023-09-26 → 2024-09-26,1368.333930422572,3817.589774909385,2015.8832833606261,3221.3060050607255,26.438616218704325,75.6544923148444,49.21587609614008
2023-09-27 → 2024-09-27,1368.333930422572,3797.071930895616,2009.6241911110612,3208.2943699889493,26.40425853112133,75.75788080921076,49.35362227808943
2023-09-28 → 2024-09-28,1368.333930422572,3739.5283018644486,2003.4208285073046,3190.729684897042,26.783417915189666,76.85560392783435,50.072186012644686
2023-09-29 → 2024-09-29,1368.333930422572,3739.5283018644486,1997.4939984409,3175.3989050144373,26.53346666118089,76.20906140617333,49.675594744992445
2023-09-30 → 2024-09-30,1368.333930422572,3739.5283018644486,1991.676175059301,3155.8692021592033,26.288112528610924,75.38543837929517,49.09732585068424
2023-10-01 → 2024-10-01,1368.333930422572,3739.5283018644486,1986.0532772224346,3135.988253308558,26.050978959782185,74.54700231137569,48.49602335159351
2023-10-02 → 2024-10-02,1368.333930422572,3739.5283018644486,1980.7944894727682,3119.789539835231,25.829200947274984,73.86385656556841,48.03465561829343
2023-10-03 → 2024-10-03,1368.333930422572,3739.5283018644486,1975.3939607364766,3101.36558032019,25.601445314867348,73.08686587526756,47.485420560400215
2023-10-04 → 2024-10-04,1368.333930422572,3739.5283018644486,1969.854749738312,3081.7625904335196,25.36784105766779,72.26015212616439,46.892311068496596
2023-10-05 → 2024-10-05,1368.333930422572,3739.5283018644486,1964.445031357437,3063.0932357197207,25.13969787185273,71.47281242349605,46.33311455164332
2023-10-06 → 2024-10-06,1368.333930422572,3739.5283018644486,1958.849619942909,3042.157386368146,24.90372348350574,70.58988820590676,45.68616472240102
2023-10-07 → 2024-10-07,1368.333930422572,3739.5283018644486,1953.4634991129403,3022.7962639849325,24.676575473421128,69.77337469624283,45.0967992228217
2023-10-08 → 2024-10-08,1368.333930422572,3739.5283018644486,1948.108501930669,3004.017896172566,24.450740035940097,68.9814376016491,44.530697565709005
2023-10-09 → 2024-10-09,1368.333930422572,3739.5283018644486,1942.850139211506,2984.517164106677,24.228979948176164,68.15903635522446,43.9300564070483
2023-10-10 → 2024-10-10,1368.333930422572,3739.5283018644486,1937.4992464509567,2963.004982529535,24.00331760581426,67.2518065711026,43.248488965288345
2023-10-11 → 2024-10-11,1368.333930422572,3739.5283018644486,1931.9242043899771,2940.1278825290083,23.768202250948203,66.28701430117934,42.51881205023113
2023-10-12 → 2024-10-12,1368.333930422572,3739.5283018644486,1926.078922116572,2914.0199703738617,23.521690098937196,65.18596950832793,41.66427940939073
2023-10-13 → 2024-10-13,1368.333930422572,3725.442797957194,1920.2311229765137,2886.75083957506,23.4141579184329,64.4186159606896,41.00445804225671
2023-10-14 → 2024-10-14,1368.333930422572,3722.732486993116,1914.202923899059,2859.1246488463867,23.18507170135242,63.319386357224296,40.134314655871876
2023-10-15 → 2024-10-15,1368.333930422572,3685.9148358231714,1908.1301094536873,2830.7692283118927,23.291362893663912,63.10180129985733,39.81043840619341
2023-10-16 → 2024-10-16,1368.333930422572,3530.0669011531536,1902.113757350667,2802.7494422820646,24.69221842639048,66.35488893777274,41.66267051138226
2023-10-17 → 2024-10-17,1368.333930422572,3530.0669011531536,1896.6018006817592,2779.531875022588,24.43723981693508,65.28086325681038,40.8436234398753
2023-10-18 → 2024-10-18,1368.333930422572,3530.0669011531536,1891.0028249333284,2758.563083858455,24.178235775999415,64.31086411963452,40.132628343635105
2023-10-19 → 2024-10-19,1368.333930422572,3485.4915319071238,1885.3701869036888,2736.714062181455,24.421245547264448,64.63288943625993,40.21164388899548
2023-10-20 → 2024-10-20,1368.333930422572,3366.438285136628,1879.821207094887,2715.5298408181447,25.598626791717937,67.42370123047786,41.82507443875993
2023-10-21 → 2024-10-21,1368.333930422572,3341.9615646466395,1874.688648706187,2697.055787736176,25.656041165165817,67.32383729699811,41.66779613183229
2023-10-22 → 2024-10-22,1368.333930422572,3335.094338773462,1869.6236656652757,2678.792019772793,25.488093674970326,66.63028622022283,41.1421925452525
2023-10-23 → 2024-10-23,1368.333930422572,3034.5174188335154,1864.62459710418,2660.2479859969867,29.786075191209925,77.53732194324687,47.75124675203694
2023-10-24 → 2024-10-24,1368.333930422572,2951.5105202628943,1860.3555053602856,2649.3921995494015,31.078123444671355,80.91695375915305,49.83883031448169
2023-10-25 → 2024-10-25,1368.333930422572,2950.1189293651382,1856.4254252899423,2640.510768111404,30.85700617932669,80.42665966229865,49.56965348297196
2023-10-26 → 2024-10-26,1368.333930422572,2950.1189293651382,1852.5903127234744,2632.8055792058994,30.614551448182343,79.93953980020262,49.324988352020284
2023-10-27 → 2024-10-27,1368.333930422572,2950.1189293651382,1848.6258038264289,2624.1889953882196,30.363916317637052,79.39480180967674,49.03088549203969
2023-10-28 → 2024-10-28,1368.333930422572,2933.2748292840115,1844.4875578415522,2614.678917650989,30.426300939888662,79.64166494307777,49.21536400318911
2023-10-29 → 2024-10-29,1368.333930422572,2898.962039392315,1840.244076840817,2605.3744368843545,30.831143349110775,80.81914210333085,49.98799875422007
2023-10-30 → 2024-10-30,1368.333930422572,2898.962039392315,1836.1240175332007,2596.9360073144503,30.56196893087868,80.26783708544613,49.705868154567455
2023-10-31 → 2024-10-31,1368.333930422572,2887.133869769527,1832.0971973729474,2593.0992046348224,30.53484892485457,80.64032941289608,50.10548048804151
2023-11-01 → 2024-11-01,1368.333930422572,2881.161712759552,1828.1518431758257,2589.34907722517,30.39459733102853,80.7107828834557,50.31618555242718
2023-11-02 → 2024-11-02,1368.333930422572,2881.161712759552,1824.3968232611574,2580.8059016213933,30.14638534295493,80.14606720970076,49.99968186674583
2023-11-03 → 2024-11-03,1368.333930422572,2881.161712759552,1820.5493193254767,2570.4797040584235,29.89206003371602,79.46349132872254,49.57143129500652
2023-11-04 → 2024-11-04,1368.333930422572,2855.6974541619375,1816.7188544944956,2566.5686583859715,30.1462901916973,80.56098652674565,50.41469633504835
2023-11-05 → 2024-11-05,1368.333930422572,2855.6974541619375,1812.8723552819495,2556.34152600385,29.887678282022673,79.87338512877608,49.9857068467534
2023-11-06 → 2024-11-06,1321.0731296676338,2855.6974541619375,1808.7101740121093,2545.818315387027,31.77566239249882,79.80749204682238,48.03182965432356
2023-11-07 → 2024-11-07,1316.2692961945663,2823.3851023641114,1804.5155468786832,2534.713194668133,32.396067288620216,80.84606992281097,48.45000263419075
2023-11-08 → 2024-11-08,1307.062297812276,2809.7240621563824,1800.383877111512,2524.3260641807833,32.82984840667486,81.00716976051015,48.17732135383529
2023-11-09 → 2024-11-09,1302.0960025420998,2809.7240621563824,1796.32021397881,2514.5995981178075,32.781574227475865,80.4245840241206,47.64300979664474
2023-11-10 → 2024-11-10,1243.6374487309906,2809.7240621563824,1792.2793657070088,2506.807497257397,35.03266755955548,80.65773870345284,45.62507114389736
2023-11-11 → 2024-11-11,1125.3657635148375,2809.7240621563824,1788.0538699622962,2501.080236564763,39.34365431523237,81.67588061040549,42.332226295173115
2023-11-12 → 2024-11-12,1125.3657635148375,2809.7240621563824,1783.7802052167397,2493.6216531103405,39.089927732889215,81.2330660702665,42.14313833737729
2023-11-13 → 2024-11-13,1106.569479848316,2809.7240621563824,1779.4416698475643,2486.099685359785,39.507405668802605,80.99853177401954,41.491126105216935
2023-11-14 → 2024-11-14,1106.569479848316,2809.7240621563824,1775.1099283800852,2477.021069740459,39.25306930306833,80.46548470280051,41.21241539973218
2023-11-15 → 2024-11-15,1097.2241010698879,2775.077235554889,1770.4437159520564,2465.1674173893985,40.12387026286458,81.52938348441242,41.40551322154784
2023-11-16 → 2024-11-16,1097.2241010698879,2775.077235554889,1766.2515605738372,2458.555265368923,39.87401791929185,81.13529940848375,41.261281489191894
2023-11-17 → 2024-11-17,1097.2241010698879,2775.077235554889,1761.7528188540084,2447.5762864794706,39.605893038313546,80.48095257300687,40.87505953469333
2023-11-18 → 2024-11-18,1097.2241010698879,2775.077235554889,1757.3097652360364,2437.2779222773684,39.34108716665209,79.86717035390559,40.526083187253505
2023-11-19 → 2024-11-19,1083.9622106839906,2775.077235554889,1752.8139490935082,2426.6560453845877,39.55093110597716,79.39695496485226,39.84602385887509
2023-11-20 → 2024-11-20,1062.0216311675938,2775.077235554889,1748.430505213244,2417.81640119745,40.06926992256954,79.14481973367002,39.07554981110048
2023-11-21 → 2024-11-21,1014.758970257484,2775.077235554889,1743.9325029652614,2408.862351910764,41.42282376332577,79.19609817931118,37.773274415985405
2023-11-22 → 2024-11-22,1010.7304241467481,2686.060364902005,1739.1250184655119,2395.917443615844,43.477680222822,82.68144595115628,39.203765728334275
2023-11-23 → 2024-11-23,1010.7304241467481,2686.060364902005,1734.6287998417695,2385.9753630887576,43.20930212520885,82.08800580034008,38.878703675131234
2023-11-24 → 2024-11-24,1010.7304241467481,2686.060364902005,1730.106977493129,2375.486256242251,42.93939574804461,81.46191379354542,38.52251804550081
2023-11-25 → 2024-11-25,1010.7304241467481,2686.060364902005,1725.8021228759967,2365.629938542082,42.682440117251566,80.8735928031305,38.19115268587894
2023-11-26 → 2024-11-26,1010.7304241467481,2686.060364902005,1721.559438410779,2355.6394970682004,42.42919540634375,80.27726600022159,37.848070593877836
2023-11-27 → 2024-11-27,1010.7304241467481,2686.060364902005,1717.1286158055811,2344.5736366644983,42.16472077973973,79.61674772650689,37.452026946767155
2023-11-28 → 2024-11-28,1010.7304241467481,2651.6258332629036,1712.6557482719866,2332.542452047315,42.77696922214685,80.55431324611612,37.77734402396927
2023-11-29 → 2024-11-29,1010.7304241467481,2651.6258332629036,1708.2502803500222,2321.5539423931364,42.50848971409964,79.88464779436761,37.37615808026797
2023-11-30 → 2024-11-30,1010.7304241467481,2651.6258332629036,1703.8754372714288,2310.2422521393046,42.241876555558974,79.19528696180092,36.95341040624194
2023-12-01 → 2024-12-01,1010.7304241467481,2583.742072407147,1699.4458324617792,2298.2417606527924,43.783236384592875,81.85008279690167,38.0668464123088
2023-12-02 → 2024-12-02,1010.7304241467481,2534.0654464057834,1695.2521032357113,2288.1404403065944,44.93572780030025,83.85614441303308,38.92041661273283
2023-12-03 → 2024-12-03,1010.7304241467481,2526.713689303726,1691.185299982417,2279.3856005913995,44.885381750253615,83.68530217998705,38.79992042973343
2023-12-04 → 2024-12-04,1010.7304241467481,2526.713689303726,1687.1241378609893,2271.4477234158107,44.61749210959804,83.16168972607473,38.54419761647669
2023-12-05 → 2024-12-05,1010.7304241467481,2526.713689303726,1683.433169898251,2267.1381457776747,44.37402187825903,82.87741365672842,38.50339177846939
2023-12-06 → 2024-12-06,1000.469163430156,2526.713689303726,1679.9759427994948,2266.6148272320515,44.52148838865859,82.9582443925358,38.436756003877214
2023-12-07 → 2024-12-07,1000.2230474567828,2526.713689303726,1676.4726488190768,2265.4979546275786,44.30093331879722,82.8878260033029,38.586892684505685
2023-12-08 → 2024-12-08,992.0734958226994,2526.713689303726,1672.880488652922,2263.496799869994,44.362645766884754,82.84829951985834,38.48565375297359
2023-12-09 → 2024-12-09,992.0734958226994,2526.713689303726,1669.5143101948704,2263.034090406145,44.143299338168056,82.81814851339999,38.674849175231934
2023-12-10 → 2024-12-10,992.0734958226994,2526.713689303726,1666.0986224361907,2261.7328562679736,43.920726791639616,82.7333576846638,38.812630893024185
2023-12-11 → 2024-12-11,987.0674238606069,2526.713689303726,1662.557613106513,2260.3428631150564,43.87307684934345,82.69921915395246,38.82614230460901
2023-12-12 → 2024-12-12,987.0674238606069,2526.713689303726,1658.6679407329227,2254.160328088566,43.62044269168707,82.29766360413198,38.677220912444916
2023-12-13 → 2024-12-13,987.0674238606069,2526.713689303726,1654.787084435279,2248.2801854402205,43.368381138020595,81.91574843437361,38.547367296353016
2023-12-14 → 2024-12-14,986.5155977930698,2526.713689303726,1651.1294106763391,2244.988225191607,43.15119052195444,81.7084915463181,38.55730102436366
2023-12-15 → 2024-12-15,956.467645851043,2526.713689303726,1647.4037350273707,2241.7459904270327,44.001772337352044,81.85203522308507,37.850262885733024
2023-12-16 → 2024-12-16,944.6824897842039,2526.713689303726,1643.486808039385,2236.417185891987,44.171336094219555,81.65039327290735,37.479057178687796
2023-12-17 → 2024-12-17,942.3657531713039,2526.713689303726,1639.59819215965,2231.331336794602,44.00753288386714,81.35621944064972,37.34868655678258
2023-12-18 → 2024-12-18,942.3657531713039,2526.713689303726,1635.7331694153452,2224.5756418586448,43.763582508058924,80.92981721031333,37.16623470225441
2023-12-19 → 2024-12-19,942.3657531713039,2526.713689303726,1632.1313218525997,2219.8931092887005,43.53624307834136,80.63426769980776,37.09802462146641
2023-12-20 → 2024-12-20,942.3657531713039,2526.713689303726,1628.4767369171796,2214.3623575998404,43.3055750001955,80.28518076235378,36.97960576215827
2023-12-21 → 2024-12-21,942.3657531713039,2526.713689303726,1625.0343209996588,2211.076409978129,43.08829848920865,80.07778013104216,36.989481641833514
2023-12-22 → 2024-12-22,942.3657531713039,2526.713689303726,1621.6869977227198,2208.134007629097,42.87702398311056,79.8920632009457,37.01503921783514
2023-12-23 → 2024-12-23,942.3657531713039,2526.713689303726,1618.36985144376,2205.3200427823444,42.66765417214231,79.71445291834439,37.04679874620208
2023-12-24 → 2024-12-24,942.3657531713039,2526.713689303726,1614.9068505131895,2201.9710307210976,42.449078387644875,79.50307182048894,37.05399343284407
2023-12-25 → 2024-12-25,942.3657531713039,2526.713689303726,1611.3302883532326,2197.295420789969,42.22333490804735,79.20795924928552,36.984624341238174
2023-12-26 → 2024-12-26,942.3657531713039,2526.713689303726,1607.9335206170701,2193.3964029784443,42.00893959381767,78.96186319155703,36.95292359773936
2023-12-27 → 2024-12-27,942.3657531713039,2526.713689303726,1604.4128482550088,2187.292273680773,41.78672373568643,78.57658612214183,36.789862386455404
2023-12-28 → 2024-12-28,942.3657531713039,2526.713689303726,1601.0043390299265,2182.7001109578027,41.57158732862909,78.28674052584053,36.715153197211436
2023-12-29 → 2024-12-29,942.3657531713039,2526.713689303726,1597.5342425955646,2176.5483642557388,41.35256369403322,77.89845796733377,36.54589427330055
2023-12-30 → 2024-12-30,942.3657531713039,2526.713689303726,1593.9914057410379,2168.916704813627,41.12894886967998,77.41676709198592,36.28781822230594
2023-12-31 → 2024-12-31,942.3657531713039,2526.713689303726,1590.4528920527641,2161.4132298251834,40.905606912552074,76.94316689235046,36.03755997979839
2024-01-01 → 2025-01-01,942.3657531713039,2526.713689303726,1586.8833856752913,2153.674565383244,40.68030877594539,76.45472213438711,35.77441335844172
2024-01-02 → 2025-01-02,942.3657531713039,2526.713689303726,1583.51100140776,2148.9893509315416,40.46745248405261,76.15900335034655,35.691550866293944
2024-01-03 → 2025-01-03,942.3657531713039,2526.713689303726,1580.2249562286959,2145.6501499421543,40.26004569516975,75.94824150231848,35.68819580714873
2024-01-04 → 2025-01-04,942.3657531713039,2526.713689303726,1576.6285818276467,2138.3798660766265,40.03305171745622,75.4893597314825,35.45630801402628
2024-01-05 → 2025-01-05,942.3657531713039,2526.713689303726,1573.2396397669452,2133.487695817554,39.81915033989806,75.18057842483248,35.36142808493442
2024-01-06 → 2025-01-06,942.3657531713039,2526.713689303726,1569.7341219279426,2128.232067561297,39.59789099660255,74.84885657659459,35.250965579992034
2024-01-07 → 2025-01-07,942.3657531713039,2526.713689303726,1566.33963115609,2122.395611532127,39.383639398551495,74.48047436104305,35.096834962491556
2024-01-08 → 2025-01-08,942.3657531713039,2526.713689303726,1562.9919279198314,2116.2218595642103,39.17234091039044,74.09080288629188,34.918461975901444
2024-01-09 → 2025-01-09,942.3657531713039,2526.713689303726,1560.1428178529945,2114.9648533308655,38.992512351154154,74.01146385951137,35.01895150835721
2024-01-10 → 2025-01-10,942.3657531713039,2526.713689303726,1557.105643863788,2112.2372599482433,38.80081367689572,73.83930512338925,35.03849144649353
2024-01-11 → 2025-01-11,942.3657531713039,2526.713689303726,1554.1658247273442,2110.5430179182968,38.61525979258795,73.7323688885315,35.11710909594355
2024-01-12 → 2025-01-12,942.3657531713039,2526.713689303726,1551.178848482657,2108.086707759018,38.426729471907336,73.57733285741355,35.150603385506216
2024-01-13 → 2025-01-13,942.3657531713039,2526.713689303726,1547.7022735508087,2099.4739643716775,38.207296931077,73.03371846622338,34.82642153514637
2024-01-14 → 2025-01-14,942.3657531713039,2526.713689303726,1544.1644962548512,2090.612721010401,37.98400145315354,72.47441939061073,34.490417937457195
2024-01-15 → 2025-01-15,942.3657531713039,2526.713689303726,1540.3796705518835,2079.6384185745846,37.74511291000897,71.781749416703,34.03663650669402
2024-01-16 → 2025-01-16,942.3657531713039,2526.713689303726,1536.6981488948807,2069.5092183253655,37.512744654713366,71.14242013692713,33.62967548221376
2024-01-17 → 2025-01-17,942.3657531713039,2526.713689303726,1532.999125316708,2060.2034978996408,37.279271722801546,70.55506680288353,33.275795080081984
2024-01-18 → 2025-01-18,942.3657531713039,2526.713689303726,1529.2262756896455,2049.7008224361507,37.04113907901673,69.89216472033162,32.85102564131489
2024-01-19 → 2025-01-19,942.3657531713039,2526.713689303726,1525.3216482104058,2036.119920714088,36.79468895337252,69.03497284900472,32.240283895632196
2024-01-20 → 2025-01-20,942.3657531713039,2526.713689303726,1521.4287686443424,2022.7536803604912,36.54898032603866,68.1913298556465,31.64234952960784
2024-01-21 → 2025-01-21,942.3657531713039,2526.713689303726,1517.4604323794758,2009.0523341865612,36.29850906436909,67.32653583777585,31.028026773406758
2024-01-22 → 2025-01-22,942.3657531713039,2526.713689303726,1513.5257944382663,1994.6566337654706,36.050164754923124,66.41791595114714,30.367751196224013
2024-01-23 → 2025-01-23,942.3657531713039,2516.5263834787474,1509.2563691284242,1975.7580797163698,36.01224710126329,65.64719677579775,29.63494967453446
2024-01-24 → 2025-01-24,942.3657531713039,2505.1567934795335,1505.0014273846057,1956.5861168414233,36.00197721266261,64.89801499438367,28.896037781721063
2024-01-25 → 2025-01-25,942.3657531713039,2505.1567934795335,1500.8050977810199,1937.5637685283184,35.73346213320847,63.680811425738106,27.947349292529637
2024-01-26 → 2025-01-26,942.3657531713039,2388.8737129411197,1496.628776779449,1917.5518947532566,38.31731584085755,67.4165762445673,29.099260403709742
2024-01-27 → 2025-01-27,942.3657531713039,2381.915339734976,1492.7933785483008,1900.8098184641074,38.23610041047038,66.5794408361223,28.343340425651924
2024-01-28 → 2025-01-28,942.3657531713039,2381.915339734976,1489.01919975843,1884.0295958021136,37.973922655351835,65.41378299295974,27.439860337607904
2024-01-29 → 2025-01-29,942.3657531713039,2348.7250048023193,1485.1510103581916,1866.3975478934601,38.59506428086538,65.70382309146946,27.10875881060408
2024-01-30 → 2025-01-30,942.3657531713039,2348.7250048023193,1481.4416444254823,1850.4988734673775,38.33130763913906,64.57333851523872,26.242030876099655
2024-01-31 → 2025-01-31,942.3657531713039,2348.7250048023193,1477.7620384118038,1833.6357619542432,38.069667093921964,63.37427707389097,25.30460997996901
2024-02-01 → 2025-02-01,942.3657531713039,2348.7250048023193,1474.0724905472216,1815.5600142630308,37.807319627561334,62.0889904253871,24.281670797825768
2024-02-02 → 2025-02-02,942.3657531713039,2348.7250048023193,1470.5355752791293,1807.9595658947858,37.55582519155642,61.54855608334893,23.992730891792505
2024-02-03 → 2025-02-03,942.3657531713039,2348.7250048023193,1466.9040071672337,1800.2842858731906,37.29760040953975,61.0028007926795,23.705200383139754
2024-02-04 → 2025-02-04,942.3657531713039,2348.7250048023193,1463.3493939349796,1781.8839952416117,37.044847549405915,59.69443732792189,22.649589778515974
2024-02-05 → 2025-02-05,942.3657531713039,2346.3562367939194,1459.771485677169,1772.7653972971389,36.852509938018976,59.145674690273864,22.29316475225489
2024-02-06 → 2025-02-06,942.3657531713039,2320.0399387718735,1456.2005589028877,1763.9925426003674,37.29726600833329,59.6386865644065,22.34142055607321
2024-02-07 → 2025-02-07,942.3657531713039,2259.7321962169453,1452.7059416462723,1755.4865591684713,38.73942525020634,61.72320619593891,22.98378094573257
2024-02-08 → 2025-02-08,942.3657531713039,2205.9427776628186,1449.3692357441862,1737.8660462746864,40.124461963599664,62.95621696853071,22.831755004931047
2024-02-09 → 2025-02-09,942.3657531713039,2119.6784657802627,1446.1876925863414,1721.5017303595503,42.79423249397804,66.17918662083063,23.38495412685259
2024-02-10 → 2025-02-10,942.3657531713039,2092.361121125474,1443.210245162769,1707.4937339230735,43.55187037687485,66.53313587801006,22.981265501135205
2024-02-11 → 2025-02-11,942.3657531713039,2074.654422592821,1440.3530572378666,1694.0075117829902,43.9805958953014,66.3825205453745,22.401924650073106
2024-02-12 → 2025-02-12,942.3657531713039,2014.9877142579796,1437.487377353719,1680.607921532832,46.15993725140648,68.82594195755729,22.666004706150808
2024-02-13 → 2025-02-13,942.3657531713039,2014.9877142579796,1434.8592808032752,1669.3486309700156,45.91492114640511,67.77624402377552,21.861322877370405
2024-02-14 → 2025-02-14,942.3657531713039,1968.9247297129186,1432.1659701632225,1657.183524700806,47.712818082991355,69.63241156759051,21.919593484599154
2024-02-15 → 2025-02-15,942.3657531713039,1968.9247297129186,1429.7025191800774,1647.5437329530425,47.47284638731302,68.69337231431359,21.220525927000573
2024-02-16 → 2025-02-16,942.3657531713039,1968.9247297129186,1427.2893384449035,1637.7598728838216,47.237771658016534,67.74029896024464,20.50252730222811
2024-02-17 → 2025-02-17,942.3657531713039,1968.9247297129186,1424.9096873142043,1627.9076439889582,47.005963141888614,66.78056560638956,19.774602464500944
2024-02-18 → 2025-02-18,942.3657531713039,1968.9247297129186,1422.491583239768,1617.133359072464,46.77040881625379,65.73101217958188,18.96060336332809
2024-02-19 → 2025-02-19,942.3657531713039,1968.9247297129186,1420.0857706420231,1606.5429336868033,46.53605183796795,64.69936902729668,18.16331718932873
2024-02-20 → 2025-02-20,942.3657531713039,1968.9247297129186,1417.5953555347135,1595.1475725031275,46.29345349104203,63.58931481277258,17.29586132173055
2024-02-21 → 2025-02-21,942.3657531713039,1968.9247297129186,1415.2231043219888,1584.176020068262,46.062365821757155,62.52054500162858,16.458179179871422
2024-02-22 → 2025-02-22,942.3657531713039,1968.9247297129186,1412.7777536713802,1572.043419237836,45.824157330429486,61.338674197546794,15.514516867117308
2024-02-23 → 2025-02-23,942.3657531713039,1968.9247297129186,1410.3010886115342,1558.9948061318078,45.58289841433781,60.06757205882821,14.4846736444904
2024-02-24 → 2025-02-24,942.3657531713039,1938.8022905793323,1407.9021076242543,1545.0982589683058,46.7201208482301,60.48880015629038,13.768679308060278
2024-02-25 → 2025-02-25,942.3657531713039,1932.4986355847361,1405.6887772893515,1531.7860826477581,46.79402455443208,59.529416702104875,12.735392147672798
2024-02-26 → 2025-02-26,942.3657531713039,1857.3912301252,1403.6673852638544,1518.4535115621131,50.41407520457414,62.95865775328959,12.544582548715454
2024-02-27 → 2025-02-27,942.3657531713039,1857.3912301252,1401.892341224189,1507.7009058955146,50.22008672180813,61.783542312526805,11.563455590718675
2024-02-28 → 2025-02-28,942.3657531713039,1857.3912301252,1400.3505959179122,1499.3705531631567,50.05159465846042,60.873146597634864,10.821551939174448
2024-02-29 → 2025-02-28,942.3657531713039,1857.3912301252,1399.8023580055415,1495.9349998555801,49.99167961498034,60.49768674497442,10.506007129994082
2024-03-01 → 2025-03-01,942.3657531713039,1857.3912301252,1398.5348603465145,1491.2166324164227,49.85315913757829,59.98203253009237,10.12887339251408
2024-03-02 → 2025-03-02,942.3657531713039,1857.3912301252,1397.0615132007847,1486.7098244525325,49.692142074902115,59.48949892557533,9.797356850673218
2024-03-03 → 2025-03-03,942.3657531713039,1857.3912301252,1395.823592805762,1482.9746845120724,49.556853995367575,59.081298276026814,9.524444280659239
2024-03-04 → 2025-03-04,942.3657531713039,1857.3912301252,1394.6149790844238,1479.264474948456,49.42476874181139,58.67582218196574,9.251053440154351
2024-03-05 → 2025-03-05,942.3657531713039,1857.3912301252,1393.6174697249635,1479.1796012009845,49.315754360836884,58.66654662083558,9.350792259998698
2024-03-06 → 2025-03-06,942.3657531713039,1857.3912301252,1392.3733916537592,1476.9795619311521,49.179793329965285,58.42611186516557,9.246318535200288
2024-03-07 → 2025-03-07,942.3657531713039,1857.3912301252,1391.3968326853017,1476.3700397444488,49.0730685454589,58.35949927327005,9.286430727811151
2024-03-08 → 2025-03-08,942.3657531713039,1857.3912301252,1390.4938499630375,1475.988284939015,48.974384656867066,58.317778598267154,9.343393941400087
2024-03-09 → 2025-03-09,942.3657531713039,1857.3912301252,1389.883924134565,1477.0920833733528,48.90772795234524,58.43840894814684,9.530680995801596
2024-03-10 → 2025-03-10,942.3657531713039,1857.3912301252,1389.35366913186,1477.9621364212162,48.84977819946293,58.53349406542245,9.68371586595952
2024-03-11 → 2025-03-11,942.3657531713039,1857.3912301252,1388.6890459239942,1478.2526935903538,48.777143805710494,58.56524806314772,9.788104257437226
2024-03-12 → 2025-03-12,942.3657531713039,1857.3912301252,1388.1717307707042,1481.168036309588,48.72060820464591,58.88385588256486,10.163247677918946
2024-03-13 → 2025-03-13,942.3657531713039,1857.3912301252,1387.715366501989,1484.2241129161082,48.67073371697213,59.217844026446265,10.547110309474135
2024-03-14 → 2025-03-14,942.3657531713039,1857.3912301252,1387.2253234386894,1487.5511644521428,48.617178589203355,59.58144609216254,10.964267502959181
2024-03-15 → 2025-03-15,942.3657531713039,1857.3912301252,1386.6433500852397,1490.331308121156,48.553576714926905,59.88527847049898,11.331701755572077
2024-03-16 → 2025-03-16,942.3657531713039,1857.3912301252,1386.0199406805114,1492.183083833371,48.485446436543434,60.08765269491724,11.602206258373805
2024-03-17 → 2025-03-17,942.3657531713039,1857.3912301252,1385.0964806916916,1490.5210990340292,48.384524657633634,59.906020069247134,11.5214954116135
2024-03-18 → 2025-03-18,942.3657531713039,1857.3912301252,1384.3998194633466,1491.4580926646502,48.30838893836775,60.00842089351054,11.70003195514279
2024-03-19 → 2025-03-19,942.3657531713039,1857.3912301252,1383.5169122036195,1490.9477690859592,48.21189902830904,59.952649377684565,11.740750349375524
2024-03-20 → 2025-03-20,942.3657531713039,1857.3912301252,1382.3557253570843,1487.0360542826118,48.08499689544157,59.5251514662199,11.440154570778333
2024-03-21 → 2025-03-21,942.3657531713039,1857.3912301252,1381.5787113353088,1487.3019527653278,48.00007969462633,59.55421060057332,11.554130905946991
2024-03-22 → 2025-03-22,942.3657531713039,1857.3912301252,1380.6640719464929,1485.7874932975055,47.900121888876406,59.38870051304398,11.488578624167573
2024-03-23 → 2025-03-23,942.3657531713039,1857.3912301252,1379.5462970772908,1482.0731297773764,47.77796410230601,58.9827704473048,11.204806344998794
2024-03-24 → 2025-03-24,942.3657531713039,1857.3912301252,1378.4300380231916,1478.952292496273,47.65597197397586,58.64170483113283,10.985732857156968
2024-03-25 → 2025-03-25,942.3657531713039,1857.3912301252,1377.4949322706802,1478.3219935941613,47.55377746944421,58.57282162317997,11.019044153735756
2024-03-26 → 2025-03-26,942.3657531713039,1857.3912301252,1376.7404862671278,1479.8421232163544,47.471326650034904,58.73895138245766,11.267624732422753
2024-03-27 → 2025-03-27,942.3657531713039,1857.3912301252,1375.9741396267598,1481.1957835601766,47.38757525079308,58.88688828453481,11.499313033741736
2024-03-28 → 2025-03-28,942.3657531713039,1857.3912301252,1375.2704278242245,1483.00617665875,47.31066899842534,59.08473994486238,11.774070946437035
2024-03-29 → 2025-03-29,942.3657531713039,1857.3912301252,1374.724716501155,1485.834869328026,47.25103007723528,59.3938780771352,12.14284799989992
2024-03-30 → 2025-03-30,942.3657531713039,1857.3912301252,1374.1401124573924,1487.691306163456,47.18714070382584,59.59676169974318,12.409620995917344
2024-03-31 → 2025-03-31,942.3657531713039,1857.3912301252,1373.531385322588,1488.8149734540343,47.12061500042894,59.71956344886159,12.598948448432651
2024-04-01 → 2025-04-01,942.3657531713039,1857.3912301252,1372.9012977621273,1489.5616850929841,47.05175488928119,59.80116900605717,12.74941411677598
2024-04-02 → 2025-04-02,942.3657531713039,1857.3912301252,1372.2960184905278,1491.6186818450144,46.985605991043464,60.02597113494193,13.04036514389847
2024-04-03 → 2025-04-03,942.3657531713039,1857.3912301252,1371.421374732877,1490.362980354735,46.89001917082044,59.8887398204151,12.99872064959466
2024-04-04 → 2025-04-04,942.3657531713039,1857.3912301252,1370.5512030663022,1489.1671281198385,46.79492109011217,59.758049225998256,12.963128135886087
2024-04-05 → 2025-04-05,942.3657531713039,1857.3912301252,1369.83884033581,1489.605468225131,46.71706940746135,59.80595391459248,13.088884507131127
2024-04-06 → 2025-04-06,942.3657531713039,1857.3912301252,1369.320373306805,1491.992992927992,46.66040792184559,60.06687831101573,13.406470389170138
2024-04-07 → 2025-04-07,942.3657531713039,1857.3912301252,1368.8085621719872,1491.8876597202554,46.60447383610607,60.0553668055561,13.450892969450031
2024-04-08 → 2025-04-08,942.3657531713039,1857.3912301252,1368.449707107741,1493.942327251366,46.56525579537557,60.27991438186516,13.714658586489591
2024-04-09 → 2025-04-09,942.3657531713039,1857.3912301252,1367.9427055049246,1491.9264969865292,46.509847326913665,60.05961119735195,13.549763870438284
2024-04-10 → 2025-04-10,942.3657531713039,1857.3912301252,1367.4214435997974,1493.453462374623,46.452880398860195,60.226488014069346,13.773607615209151
2024-04-11 → 2025-04-11,942.3657531713039,1857.3912301252,1366.8279312432894,1491.9998210210456,46.38801746646581,60.067624529916245,13.679607063450433
2024-04-12 → 2025-04-12,942.3657531713039,1857.3912301252,1366.1315753207577,1491.067768184745,46.31191511302645,59.96576366813967,13.653848555113221
2024-04-13 → 2025-04-13,942.3657531713039,1857.3912301252,1365.3290118236112,1491.2344742474227,46.224205697566425,59.983982402685996,13.75977670511957
2024-04-14 → 2025-04-14,942.3657531713039,1857.3912301252,1364.3263867873166,1489.3526275620593,46.114632241794205,59.77832182461904,13.663689582824837
2024-04-15 → 2025-04-15,942.3657531713039,1857.3912301252,1363.4299262723814,1488.6318741779069,46.01666114289984,59.69955315617149,13.682892013271648
2024-04-16 → 2025-04-16,942.3657531713039,1857.3912301252,1362.3667549599552,1486.2457000016077,45.90047079200759,59.43877635417001,13.53830556216242
2024-04-17 → 2025-04-17,942.3657531713039,1857.3912301252,1361.29987627134,1482.574229918349,45.78387527467109,59.03753396521697,13.253658690545883
2024-04-18 → 2025-04-18,942.3657531713039,1857.3912301252,1360.0803928058115,1477.2894622361252,45.65060210400614,58.45997980794731,12.809377703941173
2024-04-19 → 2025-04-19,942.3657531713039,1857.3912301252,1358.9880301696357,1473.1156170495406,45.5312215333348,58.00383456481383,12.472613031479028
2024-04-20 → 2025-04-20,942.3657531713039,1857.3912301252,1357.9135692576679,1469.351230005505,45.41379738078062,57.59243759950012,12.1786402187195
2024-04-21 → 2025-04-21,942.3657531713039,1857.3912301252,1356.8317028703598,1465.0261312403134,45.295563909193625,57.11976237087264,11.824198461679018
2024-04-22 → 2025-04-22,942.3657531713039,1857.3912301252,1355.5485175766948,1458.1998267534768,45.155328983939235,56.37373893668792,11.218409952748686
2024-04-23 → 2025-04-23,942.3657531713039,1857.3912301252,1354.3832493448565,1455.5009075955672,45.027980810452576,56.07878330693931,11.050802496486732
2024-04-24 → 2025-04-24,942.3657531713039,1857.3912301252,1353.1788063609827,1452.4531290215723,44.89635136250722,55.74570202660808,10.84935066410086
2024-04-25 → 2025-04-25,942.3657531713039,1857.3912301252,1351.8052945383229,1447.192107502559,44.74624496030821,55.17074300617435,10.424498045866137
2024-04-26 → 2025-04-26,942.3657531713039,1857.3912301252,1350.4555939952052,1442.5525035368737,44.59874081128595,54.663696581507516,10.064955770221566
2024-04-27 → 2025-04-27,942.3657531713039,1857.3912301252,1349.0840092146718,1437.7109713073285,44.44884500891996,54.13458210857911,9.68573709965915
2024-04-28 → 2025-04-28,942.3657531713039,1857.3912301252,1347.6505183144282,1431.2799045516824,44.292183698787284,53.43175285216814,9.139569153380855
2024-04-29 → 2025-04-29,942.3657531713039,1857.3912301252,1346.2156157236946,1425.4077048114927,44.135368109836655,52.790000257503976,8.654632147667321
2024-04-30 → 2025-04-30,942.3657531713039,1857.3912301252,1344.8397073354395,1419.6435030478037,43.98499979519306,52.16005039174965,8.175050596556588
2024-05-01 → 2025-05-01,942.3657531713039,1857.3912301252,1343.1676899193262,1409.4905204280353,43.80227073920225,51.05046569979468,7.2481949605924285
2024-05-02 → 2025-05-02,942.3657531713039,1857.3912301252,1341.2897529406655,1397.4326414927007,43.597037439588306,49.73270141464328,6.135663975054975
2024-05-03 → 2025-05-03,942.3657531713039,1857.3912301252,1339.519906933263,1386.8779156158485,43.40361703196268,48.579211578274055,5.175594546311373
2024-05-04 → 2025-05-04,942.3657531713039,1857.3912301252,1338.076895532172,1380.1317642810047,43.245915258904446,47.84194780750982,4.596032548605372
2024-05-05 → 2025-05-05,942.3657531713039,1857.3912301252,1336.6803034924064,1372.7168955157263,43.09328649883813,47.03160219943315,3.9383157005950196
2024-05-06 → 2025-05-06,942.3657531713039,1857.3912301252,1335.2418085415575,1364.1206220416634,42.936078313155946,46.092144917579134,3.156066604423188
2024-05-07 → 2025-05-07,942.3657531713039,1857.3912301252,1333.7333239839118,1355.194183375112,42.77122120309302,45.11660501280323,2.3453838097102064
2024-05-08 → 2025-05-08,942.3657531713039,1857.3912301252,1332.0053939136556,1341.6285339672254,42.58238164465706,43.63406165750273,1.0516800128456651
2024-05-09 → 2025-05-09,942.3657531713039,1857.3912301252,1330.186310659983,1329.499226098676,42.38358026704645,42.30849114891671,-0.07508911812973906
2024-05-10 → 2025-05-10,942.3657531713039,1857.3912301252,1328.4618307447658,1323.3019293745106,42.195117764236365,41.63120981847811,-0.5639079457582525
2024-05-11 → 2025-05-11,942.3657531713039,1857.3912301252,1326.6029030334432,1317.6045923337726,41.991961922334454,41.00856736925318,-0.9833945530812755
2024-05-12 → 2025-05-12,942.3657531713039,1857.3912301252,1324.7670253693136,1312.3742434282885,41.79132514113343,40.43696045368446,-1.3543646874489639
2024-05-13 → 2025-05-13,942.3657531713039,1857.3912301252,1322.942866400309,1306.155472467657,41.59196905598078,39.757332277501476,-1.8346367784793074
2024-05-14 → 2025-05-14,942.3657531713039,1857.3912301252,1321.2361721569002,1301.615213235692,41.405450288318676,39.26114289848226,-2.1443073898364133
2024-05-15 → 2025-05-15,942.3657531713039,1857.3912301252,1319.4318560835718,1296.380483902092,41.208262765263584,38.68905726092971,-2.5192055043338755
2024-05-16 → 2025-05-16,942.3657531713039,1857.3912301252,1317.9478382275522,1292.591696288644,41.04607953721185,38.274993640967914,-2.771085896243939
2024-05-17 → 2025-05-17,942.3657531713039,1857.3912301252,1316.4095075147886,1287.9070391431994,40.87796064309268,37.76302350861272,-3.114937134479959
2024-05-18 → 2025-05-18,942.3657531713039,1857.3912301252,1314.9060876032388,1282.493405212119,40.713657030852865,37.171386000430715,-3.5422710304221496
2024-05-19 → 2025-05-19,942.3657531713039,1857.3912301252,1313.4137141314725,1277.7848284326215,40.550560646177935,36.65680177320546,-3.8937588729724766
2024-05-20 → 2025-05-20,935.5120639280841,1857.3912301252,1311.8462109734069,1274.655261895844,40.82250264942587,36.78824843897648,-4.03425421044939
2024-05-21 → 2025-05-21,911.5366811731703,1857.3912301252,1310.4994507171264,1271.4303502914195,42.18013964049667,38.049578502000905,-4.130561138495764
2024-05-22 → 2025-05-22,897.0459084351565,1857.3912301252,1309.059271839629,1268.3962940740248,42.9026261802785,38.668422415528106,-4.234203764750397
2024-05-23 → 2025-05-23,897.0459084351565,1857.3912301252,1307.6503465139053,1266.8243503664949,42.755915898684776,38.5047371585662,-4.251178740118576
2024-05-24 → 2025-05-24,897.0459084351565,1857.3912301252,1306.149829215401,1264.542404181998,42.59966821729204,38.26711990433927,-4.332548312952774
2024-05-25 → 2025-05-25,897.0459084351565,1857.3912301252,1304.6760954921422,1262.2734626246756,42.446209488439656,38.03085681167072,-4.415352676768933
2024-05-26 → 2025-05-26,897.0459084351565,1857.3912301252,1303.2306066473566,1260.141910256918,42.295691876478806,37.808899946820645,-4.48679192965816
2024-05-27 → 2025-05-27,897.0459084351565,1857.3912301252,1301.7438475237755,1258.213209121434,42.14087682297652,37.608065820603436,-4.532811002373087
2024-05-28 → 2025-05-28,897.0459084351565,1857.3912301252,1300.336243852706,1256.7144469763998,41.99430416423829,37.45200090195557,-4.542303262282715
2024-05-29 → 2025-05-29,897.0459084351565,1857.3912301252,1298.9224935966552,1255.7362695900256,41.84709146645964,37.35014406314131,-4.49694740331833
2024-05-30 → 2025-05-30,897.0459084351565,1857.3912301252,1297.5074033479068,1254.9801651399519,41.69973923629956,37.27141150382159,-4.4283277324779675
2024-05-31 → 2025-05-31,897.0459084351565,1857.3912301252,1296.1208334042235,1253.4908168129039,41.555356802984505,37.11632683860689,-4.439029964377617
2024-06-01 → 2025-06-01,897.0459084351565,1857.3912301252,1294.6494012997885,1251.6805695210924,41.40213773988275,36.927827217592885,-4.474310522289862
