window,min_sats_per_dollar,max_sats_per_dollar,uniform_sats_per_dollar,dynamic_sats_per_dollar,uniform_percentile,dynamic_percentile,excess_percentile
2016-01-01 → 2017-01-01,100275.01847945956,272969.2071151107,186496.47341994694,210356.07864776033,49.927247478139954,63.74334946530769,13.816101987167734
2016-01-02 → 2017-01-02,98320.88709000811,272969.2071151107,186137.52393541028,202106.7101181951,50.28198200405254,59.42560627738626,9.143624273333721
2016-01-03 → 2017-01-03,96842.07173230938,272969.2071151107,185774.20138438346,201239.59446354496,50.493144885815376,59.27395713575542,8.780812249940041
2016-01-04 → 2017-01-04,88144.83325140158,272969.2071151107,185380.9052563922,201638.2697860698,52.60998318148948,61.406098212110884,8.7961150306214
2016-01-05 → 2017-01-05,88144.83325140158,272969.2071151107,185024.61791834253,199736.41651655192,52.41721242804308,60.377092551352995,7.959880123309915
2016-01-06 → 2017-01-06,88144.83325140158,272969.2071151107,184700.1657403096,199219.7800288883,52.241666220986986,60.09756422028742,7.855897999300431
2016-01-07 → 2017-01-07,88144.83325140158,272969.2071151107,184369.08755776478,200616.3610054752,52.06253498649463,60.85319019503941,8.790655208544777
2016-01-08 → 2017-01-08,88144.83325140158,272969.2071151107,184074.33291946893,199956.596365721,51.90305675744179,60.496221779044276,8.593165021602488
2016-01-09 → 2017-01-09,88144.83325140158,272969.2071151107,183775.91467847806,201025.70670816168,51.741596320837836,61.074668398443656,9.33307207760582
2016-01-10 → 2017-01-10,88144.83325140158,272969.2071151107,183470.78072528774,202539.7357270379,51.57650232007832,61.89384012738059,10.317337807302273
2016-01-11 → 2017-01-11,88144.83325140158,272969.2071151107,183209.00233455587,195370.6992142548,51.43486602760268,58.01500295730604,6.580136929703357
2016-01-12 → 2017-01-12,88144.83325140158,272969.2071151107,182939.78740908127,194867.16765664116,51.28920616692157,57.74256510341944,6.453358936497864
2016-01-13 → 2017-01-13,88144.83325140158,272969.2071151107,182652.5746569847,204361.7180902754,51.13380850692011,62.879631300454456,11.745822793534344
2016-01-14 → 2017-01-14,88144.83325140158,272969.2071151107,182354.5620087385,188115.96535770857,50.97256751796593,54.08979888119434,3.117231363228413
2016-01-15 → 2017-01-15,88144.83325140158,272969.2071151107,182051.08767611842,187176.04149236577,50.808371461852765,53.58124914519691,2.7728776833441415
2016-01-16 → 2017-01-16,88144.83325140158,272969.2071151107,181638.25567589968,188590.7180464851,50.585006982596816,54.34666580780794,3.7616588252111214
2016-01-17 → 2017-01-17,88144.83325140158,272969.2071151107,181236.85877774152,188328.03318191273,50.3678295131067,54.20453906387206,3.836709550765363
2016-01-18 → 2017-01-18,88144.83325140158,272969.2071151107,180833.65376554205,186788.7337142789,50.149673755957046,53.37169465301047,3.222020897053426
2016-01-19 → 2017-01-19,88144.83325140158,272969.2071151107,180427.6621177894,186490.57014497314,49.930010277993894,53.2103720075862,3.2803617295923075
2016-01-20 → 2017-01-20,88144.83325140158,272969.2071151107,180011.51207552457,188031.03378406653,49.7048505582203,54.04384629828195,4.338995740061648
2016-01-21 → 2017-01-21,88144.83325140158,272969.2071151107,179658.4539306847,185734.34852222132,49.51382697325729,52.801215137773426,3.2873881645161376
2016-01-22 → 2017-01-22,88144.83325140158,272969.2071151107,179288.1118690071,185072.00314378244,49.31345185284666,52.442850402326094,3.1293985494794327
2016-01-23 → 2017-01-23,88144.83325140158,272969.2071151107,178869.48798663827,185191.55110737536,49.08695365154475,52.50753232770953,3.420578676164773
2016-01-24 → 2017-01-24,88144.83325140158,272969.2071151107,178471.19459783638,184885.88255925482,48.87145534876376,52.34214908212854,3.470693733364783
2016-01-25 → 2017-01-25,88144.83325140158,272969.2071151107,178100.02753893973,185886.5654345452,48.67063386015948,52.88357273441602,4.212938874256544
2016-01-26 → 2017-01-26,88144.83325140158,272969.2071151107,177702.15213039084,184086.43725767516,48.455361707341424,51.90960586022146,3.4542441528800367
2016-01-27 → 2017-01-27,88144.83325140158,272969.2071151107,177301.55531699804,180643.07937886374,48.238617127057765,50.046562687490045,1.8079455604322803
2016-01-28 → 2017-01-28,88144.83325140158,272969.2071151107,176906.36533985625,193837.38941492772,48.02479793812697,57.18539928151718,9.160601343390205
2016-01-29 → 2017-01-29,88144.83325140158,272969.2071151107,176484.82036363002,181981.94415022936,47.796719266784045,50.77096106816732,2.974241801383272
2016-01-30 → 2017-01-30,88144.83325140158,272969.2071151107,176061.94953927456,176986.53500621073,47.56792323976908,48.068174071197824,0.5002508314287439
2016-01-31 → 2017-01-31,88144.83325140158,272969.2071151107,175621.03759689184,176350.59475506586,47.329365990437964,47.72409594023993,0.3947299498019632
2016-02-01 → 2017-02-01,88144.83325140158,271666.63190916245,175153.1718576791,177402.28749669495,47.41035628608583,48.63588679824591,1.2255305121600841
2016-02-02 → 2017-02-02,88144.83325140158,271666.63190916245,174689.56397988112,175702.17698879956,47.15773895060378,47.70950610650813,0.5517671559043507
2016-02-03 → 2017-02-03,88144.83325140158,271666.63190916245,174227.28691707904,175418.86091686692,46.90584676875776,47.5551287660479,0.6492819972901387
2016-02-04 → 2017-02-04,88144.83325140158,269676.7261346181,173750.62530778316,176826.78577905314,47.15743922278918,48.85199571223698,1.6945564894477982
2016-02-05 → 2017-02-05,88144.83325140158,269676.7261346181,173320.03043205698,174724.93839161063,46.92023854753197,47.69415652813577,0.7739179806037981
2016-02-06 → 2017-02-06,88144.83325140158,269676.7261346181,172877.45448803622,178138.23151345877,46.67643789245618,49.57442840082758,2.8979905083714
2016-02-07 → 2017-02-07,88144.83325140158,269676.7261346181,172408.739359175,172974.27180576118,46.41823801285555,46.729771395559816,0.311533382704269
2016-02-08 → 2017-02-08,88144.83325140158,269676.7261346181,171941.34580854315,172733.34490312904,46.160766147604555,46.597052621571635,0.43628647396707976
2016-02-09 → 2017-02-09,88144.83325140158,267729.2928968212,171483.7936330867,172644.14674712793,46.406554635202646,47.05268688758812,0.6461322523854776
2016-02-10 → 2017-02-10,88144.83325140158,264803.0427971326,171027.68141976124,172650.5692962631,46.917065661137016,47.83572541698706,0.9186597558500438
2016-02-11 → 2017-02-11,88144.83325140158,264803.0427971326,170578.30953782197,172740.31991347676,46.662692041538584,47.886530085190394,1.22383804365181
2016-02-12 → 2017-02-12,88144.83325140158,261578.47259009586,170127.5500022797,173168.13355335445,47.270366385367765,49.02353466498674,1.7531682796189756
2016-02-13 → 2017-02-13,88144.83325140158,256674.54400532218,169687.29444132908,173888.81076069307,48.384620625731735,50.87766253541546,2.4930419096837255
2016-02-14 → 2017-02-14,88144.83325140158,251689.8114505232,169257.1005626437,174809.64615112933,49.59630567958201,52.99142404373332,3.3951183641513083
2016-02-15 → 2017-02-15,88144.83325140158,251689.8114505232,168854.9606051403,175022.31287895452,49.350416162256835,53.12145966461692,3.7710435023600866
2016-02-16 → 2017-02-16,88144.83325140158,251689.8114505232,168435.3186451904,176089.51871258227,49.09382500025919,53.774005432380214,4.680180432121027
2016-02-17 → 2017-02-17,88144.83325140158,251689.8114505232,168023.27291295203,176995.08919263788,48.84187857134672,54.32771884506173,5.485840273715013
2016-02-18 → 2017-02-18,88144.83325140158,251689.8114505232,167624.10213999957,177318.42364116368,48.59780456959629,54.525422530057874,5.927617960461582
2016-02-19 → 2017-02-19,88144.83325140158,251689.8114505232,167234.67811188666,177163.63762661448,48.3596902401922,54.43077822104049,6.07108798084829
2016-02-20 → 2017-02-20,88144.83325140158,251689.8114505232,166835.62225223015,182233.10731481737,48.11568650247386,57.5305185762782,9.414832073804341
2016-02-21 → 2017-02-21,88144.83325140158,251689.8114505232,166458.00278892898,183299.0759752273,47.884790104761535,58.18230787127695,10.297517766515412
2016-02-22 → 2017-02-22,88144.83325140158,251689.8114505232,166078.1183243448,174609.62194341296,47.65250876615531,52.86911872447562,5.216609958320312
2016-02-23 → 2017-02-23,84114.06710114426,251689.8114505232,165684.55177646494,173429.97482241213,48.67678493210464,53.29882798255873,4.622043050454089
2016-02-24 → 2017-02-24,84114.06710114426,251689.8114505232,165265.68698425943,173296.38657015696,48.426829430589926,53.21910985105119,4.7922804204612675
2016-02-25 → 2017-02-25,84114.06710114426,251689.8114505232,164859.64767736723,172827.61044761632,48.18452747426046,52.939370009011,4.754842534750537
2016-02-26 → 2017-02-26,84114.06710114426,251689.8114505232,164447.72546434795,173286.76656086248,47.93871492267755,53.213369157890725,5.274654235213177
2016-02-27 → 2017-02-27,83741.40168431975,251689.8114505232,164044.81661026474,172241.34748114797,47.81433479348405,52.6947209086568,4.8803861151727475
2016-02-28 → 2017-02-28,83741.40168431975,251689.8114505232,163644.740461663,170896.04222714368,47.57612107704656,51.893697989846764,4.317576912800206
2016-02-29 → 2017-02-28,83741.40168431975,251689.8114505232,163461.003818709,169291.71064170316,47.466720432402305,50.93844536931057,3.4717249369082666
2016-03-01 → 2017-03-01,81402.75502744006,251689.8114505232,163059.29716565687,167024.26662220943,47.95228941848566,50.280692727484954,2.3284033089992917
2016-03-02 → 2017-03-02,79180.86023057195,251689.8114505232,162644.35578767446,166712.10900416737,48.38212450244707,50.74011995006096,2.357995447613888
2016-03-03 → 2017-03-03,77557.66620995408,251689.8114505232,162210.46406959204,163856.10692247475,48.61411300175932,49.55916702989939,0.9450540281400706
2016-03-04 → 2017-03-04,77557.66620995408,251689.8114505232,161774.11278519878,162249.16736747778,48.36352671064667,48.63633939645071,0.27281268580404117
2016-03-05 → 2017-03-05,77557.66620995408,251689.8114505232,161318.50936009956,161874.89039721727,48.10188436743095,48.421400925587996,0.3195165581570478
2016-03-06 → 2017-03-06,77557.66620995408,247705.51160938002,160843.91323223722,162289.76509869914,48.94933980901537,49.79910188685288,0.8497620778375108
2016-03-07 → 2017-03-07,77557.66620995408,244557.62237222082,160388.45008512968,163190.3727663181,49.59928480142381,51.277083254535924,1.6777984531121106
2016-03-08 → 2017-03-08,77557.66620995408,244557.62237222082,159964.40281601672,162717.83322942563,49.34536421434238,50.99412537373665,1.6487611593942688
2016-03-09 → 2017-03-09,77557.66620995408,244557.62237222082,159529.2476262797,162655.6210308615,49.08479217603946,50.956872550446285,1.8720803744068277
2016-03-10 → 2017-03-10,77557.66620995408,244557.62237222082,159115.6694984099,163029.13399839227,48.837140537455824,51.18053306875674,2.343392531300914
2016-03-11 → 2017-03-11,77557.66620995408,244557.62237222082,158691.58966148514,160921.55063211572,48.58320044868556,49.9185067696428,1.335306320957244
2016-03-12 → 2017-03-12,77557.66620995408,244557.62237222082,158262.11745525664,160078.84701502658,48.326031395412755,49.413893692816416,1.0878622974036602
2016-03-13 → 2017-03-13,77557.66620995408,244557.62237222082,157816.5957324435,160177.02804824134,48.059251850644344,49.472684746102296,1.4134328954579516
2016-03-14 → 2017-03-14,77557.66620995408,244557.62237222082,157372.30451991284,160634.60221158527,47.793209138573836,49.74668132302315,1.9534721844493106
2016-03-15 → 2017-03-15,77557.66620995408,244557.62237222082,156931.0529169142,160146.68150900974,47.52898655244938,49.45451316095403,1.9255266085046472
2016-03-16 → 2017-03-16,77557.66620995408,244557.62237222082,156505.038914342,160794.62290489918,47.27388828035268,49.84250212261571,2.5686138422630336
2016-03-17 → 2017-03-17,77557.66620995408,244557.62237222082,156104.7168271074,156714.13736969547,47.03417439273606,47.399096969120414,0.36492257638435177
2016-03-18 → 2017-03-18,77557.66620995408,244557.62237222082,155735.86482722234,155981.93722086452,46.81330487374849,46.96065365113565,0.14734877738715824
2016-03-19 → 2017-03-19,77557.66620995408,244424.4163880815,155335.4834824195,155672.60380835138,46.61073412734348,46.81276378608136,0.20202965873788514
2016-03-20 → 2017-03-20,77557.66620995408,242953.27742632237,154930.94063184116,155595.13154762393,46.78073006463782,47.182307174754655,0.4015771101168326
2016-03-21 → 2017-03-21,77557.66620995408,242953.27742632237,154513.61237670376,155442.0981497757,46.528408825840586,47.08978150450091,0.5613726786603266
2016-03-22 → 2017-03-22,77557.66620995408,242261.1505855176,154113.2042067826,157612.8314564049,46.480824790727254,48.605629413343685,2.1248046226164305
2016-03-23 → 2017-03-23,77557.66620995408,242261.1505855176,153723.07014429895,154770.35385511632,46.24395423272858,46.87981431473469,0.6358600820061042
2016-03-24 → 2017-03-24,77557.66620995408,242261.1505855176,153360.64886194014,154393.60458171053,46.02390953620449,46.65107035413534,0.6271608179308501
2016-03-25 → 2017-03-25,77557.66620995408,242261.1505855176,152982.0835370066,154492.1163477113,45.79406295683869,46.710881940012996,0.9168189831743092
2016-03-26 → 2017-03-26,77557.66620995408,242261.1505855176,152609.61783349092,154376.746027933,45.56791977296628,46.64083465460448,1.072914881638205
2016-03-27 → 2017-03-27,77557.66620995408,242261.1505855176,152216.10629041004,155484.01259747197,45.32899857189225,47.3131134310596,1.9841148591673488
2016-03-28 → 2017-03-28,77557.66620995408,242261.1505855176,151835.33130675694,152700.78088622558,45.097810394485606,45.62326957511545,0.525459180629845
2016-03-29 → 2017-03-29,77557.66620995408,242261.1505855176,151452.07960787194,151598.20582452498,44.86511847522354,44.95383925560474,0.08872078038120179
2016-03-30 → 2017-03-30,77557.66620995408,242261.1505855176,151058.30073214302,151301.9402350132,44.626034962678645,44.7739611002427,0.14792613756405615
2016-03-31 → 2017-03-31,77557.66620995408,240409.57450928085,150648.9624896463,151226.953788908,44.88206312286386,45.236981468800174,0.3549183459363121
2016-04-01 → 2017-04-01,77557.66620995408,239692.8133775258,150242.87932354756,151190.64947440696,44.830016429732574,45.414572071995536,0.5845556422629627
2016-04-02 → 2017-04-02,77557.66620995408,238866.74323962914,149835.11659807578,152087.16114920424,44.80680921311405,46.202914499064065,1.3961052859500143
2016-04-03 → 2017-04-03,77557.66620995408,238866.74323962914,149422.90945737428,151091.67547907558,44.55127049930338,45.585785141894945,1.0345146425915672
2016-04-04 → 2017-04-04,77557.66620995408,238866.74323962914,149011.75680091424,150783.28357768097,44.29638548971126,45.39460439306587,1.0982189033546064
2016-04-05 → 2017-04-05,77557.66620995408,238866.74323962914,148601.06523158267,153014.59460544278,44.04178632090193,46.777856389078046,2.7360700681761188
2016-04-06 → 2017-04-06,77557.66620995408,238866.74323962914,148183.09979545747,153253.2252141229,43.78267787900791,46.92579016507767,3.1431122860697585
2016-04-07 → 2017-04-07,77557.66620995408,238866.74323962914,147764.7734862579,148645.0641673999,43.523345721820874,44.06906248950161,0.5457167676807373
2016-04-08 → 2017-04-08,77557.66620995408,238866.74323962914,147347.18686351244,148063.22202153073,43.26447211691602,43.70836230040927,0.44389018349325227
2016-04-09 → 2017-04-09,77557.66620995408,238801.04565286302,146919.67432659454,147775.88888972704,43.016965010460666,43.547972588006296,0.5310075775456298
2016-04-10 → 2017-04-10,77557.66620995408,236992.38357409684,146492.70997448184,147511.62444901033,43.23715995123118,43.876239375947264,0.6390794247160869
2016-04-11 → 2017-04-11,77557.66620995408,236254.11874277255,146067.36201675693,147317.16492197622,43.17027552499009,43.957818589294455,0.7875430643043657
2016-04-12 → 2017-04-12,77557.66620995408,235364.71702839778,145646.52865475765,147075.280239073,43.14690762654166,44.052286427365416,0.9053788008237547
2016-04-13 → 2017-04-13,77557.66620995408,235364.71702839778,145240.31523243774,146781.85544760016,42.889496173622966,43.86634746586082,0.9768512922378534
2016-04-14 → 2017-04-14,77557.66620995408,234820.83213053396,144829.9053633345,146668.03306671343,42.7768567163107,43.94567949348105,1.1688227771703552
2016-04-15 → 2017-04-15,77557.66620995408,232915.65491887127,144420.73828800503,147694.7778048498,43.03806494516826,45.14548120618789,2.1074162610196296
2016-04-16 → 2017-04-16,77557.66620995408,232915.65491887127,144019.1925620273,146715.09780871036,42.77960013797378,44.5148860212985,1.7352858833247211
2016-04-17 → 2017-04-17,77557.66620995408,232915.65491887127,143616.27983094438,146528.9907714874,42.520255424237924,44.39509363806185,1.874838213823928
2016-04-18 → 2017-04-18,77557.66620995408,232743.82923860825,143207.1812597443,146918.60997419554,42.30371688335927,44.69531458899102,2.391597705631746
2016-04-19 → 2017-04-19,77557.66620995408,228535.52828649737,142797.1561238473,147854.64731533278,43.21129536250677,46.561118390813675,3.3498230283069077
2016-04-20 → 2017-04-20,77557.66620995408,228454.3622158911,142393.83238885493,148679.18863955064,42.967253687482916,47.132590912923824,4.165337225440908
2016-04-21 → 2017-04-21,77557.66620995408,228454.3622158911,141995.6484617856,149378.18497717477,42.70337519470686,47.595819304350385,4.892444109643527
2016-04-22 → 2017-04-22,77557.66620995408,228454.3622158911,141611.10355694042,149128.45201572927,42.448535350612424,47.43032001373923,4.981784663126803
2016-04-23 → 2017-04-23,77557.66620995408,228454.3622158911,141219.99037165163,149730.9614192525,42.18934267400577,47.82960602825842,5.640263354252646
2016-04-24 → 2017-04-24,77557.66620995408,228454.3622158911,140835.38284525563,150892.58982323195,41.934461330294404,48.59942301877339,6.664961688478989
2016-04-25 → 2017-04-25,77557.66620995408,228454.3622158911,140459.2325524254,150277.2021176735,41.68518463783758,48.19160248867097,6.506417850833394
2016-04-26 → 2017-04-26,77131.60176632316,228454.3622158911,140082.79508307547,146450.42403043085,41.60061125618466,45.80858957249191,4.207978316307248
2016-04-27 → 2017-04-27,74300.27958732945,228454.3622158911,139703.98924925373,145847.57249916816,42.42749108339625,46.41284336544872,3.9853522820524745
2016-04-28 → 2017-04-28,74184.79320063037,228454.3622158911,139293.7141730579,146744.28459136625,42.204643072534154,47.03422188439387,4.829578811859719
2016-04-29 → 2017-04-29,73653.14615724926,228454.3622158911,138889.21466747063,146051.38850286743,42.14183206772008,46.768523005783265,4.626690938063184
2016-04-30 → 2017-04-30,72361.18448066026,228454.3622158911,138489.07143012152,145184.57946546408,42.36436717409203,46.6537974570091,4.289430282917067
2016-05-01 → 2017-05-01,69592.25607570364,228454.3622158911,138071.91536327,144152.8577316299,43.10635239037852,46.93416414241067,3.8278117520321544
2016-05-02 → 2017-05-02,68314.45371497168,228454.3622158911,137658.0886346295,143459.47224665116,43.30190741882415,46.924604388198496,3.6226969693743456
2016-05-03 → 2017-05-03,65815.06602518205,228454.3622158911,137223.83223191212,144118.60938610576,43.90621939423357,48.14552521741476,4.239305823181191
2016-05-04 → 2017-05-04,64942.23170889377,228454.3622158911,136796.295289266,143882.73681247176,43.944179161250254,48.27807261688136,4.333893455631106
2016-05-05 → 2017-05-05,64942.23170889377,228454.3622158911,136365.51596923565,144513.1895926444,43.680725117385336,48.66364204113007,4.982916923744732
2016-05-06 → 2017-05-06,63561.25406921095,228454.3622158911,135931.11892539836,149355.8662675756,43.888956712375766,52.03044151611619,8.141484803740425
2016-05-07 → 2017-05-07,63561.25406921095,228454.3622158911,135518.34724081433,147663.57697843935,43.638629885970836,51.004146779994855,7.365516894024019
2016-05-08 → 2017-05-08,59344.134688936545,228454.3622158911,135088.27763275505,146314.90567245905,44.78980606406292,51.42845128610579,6.638645222042868
2016-05-09 → 2017-05-09,58165.64132931377,228454.3622158911,134655.00995643224,142406.08194861596,44.91746031615626,49.46918397220886,4.5517236560526015
2016-05-10 → 2017-05-10,56101.013240400134,228454.3622158911,134218.76323817114,142151.59026424267,45.3241845674142,49.92683782203682,4.6026532546226235
2016-05-11 → 2017-05-11,54481.43742359763,228454.3622158911,133761.9083436119,142857.24820019933,45.57058002828161,50.79860034664229,5.228020318360677
2016-05-12 → 2017-05-12,54481.43742359763,228454.3622158911,133320.23629568738,142912.91271445414,45.316706014005064,50.83059642552713,5.51389041152207
2016-05-13 → 2017-05-13,54481.43742359763,228454.3622158911,132874.05468828027,142549.4111042191,45.060239895533,50.621654941862914,5.561415046329913
2016-05-14 → 2017-05-14,54481.43742359763,228454.3622158911,132428.75498488918,141739.03204892582,44.80428069732861,50.15584737079357,5.351566673464966
2016-05-15 → 2017-05-15,54481.43742359763,228454.3622158911,131989.65870474358,139758.9330311542,44.55188723974327,49.017682325781166,4.465795086037893
2016-05-16 → 2017-05-16,54481.43742359763,228454.3622158911,131552.30246067003,144811.87493455393,44.300493958521095,51.92212387002285,7.621629911501756
2016-05-17 → 2017-05-17,54481.43742359763,228454.3622158911,131103.1628004203,146307.67731090361,44.04232754510593,52.78191419552064,8.739586650414715
2016-05-18 → 2017-05-18,52791.41845486765,228454.3622158911,130644.98386074562,134892.7507767061,44.3198569595828,46.73799184051662,2.4181348809338203
2016-05-19 → 2017-05-19,50824.74462526852,228454.3622158911,130182.67799733016,134458.9611789991,44.67607060606041,47.08348623847164,2.4074156324112366
2016-05-20 → 2017-05-20,48825.319499160396,226984.52458407832,129691.88826313142,135302.44352918025,45.39005925931626,48.53923993924498,3.149180679928719
2016-05-21 → 2017-05-21,48825.319499160396,226984.52458407832,129207.8801140744,134317.87596956396,45.11838755488407,47.986606378073105,2.868218823189032
2016-05-22 → 2017-05-22,48101.35532716232,226984.52458407832,128724.04348786769,134386.66288823087,45.07002447218121,48.23556510067399,3.165540628492778
2016-05-23 → 2017-05-23,44300.94160883688,225121.25506433824,128224.90801525774,134542.86405643125,46.41290837440892,49.90696051956701,3.4940521451580864
2016-05-24 → 2017-05-24,41407.743586205004,224379.02574822176,127722.9585303448,134769.25849778194,47.174187076915004,51.025228554122236,3.8510414772072323
2016-05-25 → 2017-05-25,41407.743586205004,221951.18176363033,127227.69030579564,135095.41092567338,47.53423751421686,51.89203677809589,4.357799263879031
2016-05-26 → 2017-05-26,41407.743586205004,220054.09166218038,126741.13198540594,135514.42388908062,47.76665703958865,52.677640106504484,4.910983066915833
2016-05-27 → 2017-05-27,41407.743586205004,211945.18065971642,126273.54290320154,136064.2389898438,49.76373561918519,55.50481878230433,5.741083163119143
2016-05-28 → 2017-05-28,41407.743586205004,189760.1087175169,125817.2163646463,136628.30491801634,56.897962296541415,64.18540159270684,7.287439296165424
2016-05-29 → 2017-05-29,41407.743586205004,189760.1087175169,125422.1712561914,136824.81399029764,56.63167391744801,64.31786262364987,7.686188706201861
2016-05-30 → 2017-05-30,41407.743586205004,189760.1087175169,125030.32841338968,137131.87711825728,56.36754409218039,64.52484491725055,8.157300825070159
2016-05-31 → 2017-05-31,41407.743586205004,189760.1087175169,124637.00917185123,137447.47050600813,56.10241906960975,64.73757721003975,8.635158140429994
2016-06-01 → 2017-06-01,41407.743586205004,189760.1087175169,124236.25706389236,137872.05932955915,55.83228376869687,65.02378014531159,9.191496376614722
2016-06-02 → 2017-06-02,40331.94978424217,189760.1087175169,123838.23733121523,138323.51477674942,55.88390310307025,65.5777101799562,9.693807076885946
2016-06-03 → 2017-06-03,39222.577888792635,189760.1087175169,123438.2784440616,138947.58775085025,55.943325290147286,66.24594498997119,10.302619699823907
2016-06-04 → 2017-06-04,39222.577888792635,189760.1087175169,123067.29377412598,139350.7480290296,55.696885304122986,66.51375878760686,10.816873483483874
2016-06-05 → 2017-06-05,37239.52465292951,189760.1087175169,122693.2616833651,139841.89666265313,56.02767492304434,67.27116384912016,11.24348892607582
2016-06-06 → 2017-06-06,34826.92456587288,189760.1087175169,122313.35868003289,140440.468607742,56.46720203499521,68.1671551644467,11.699953129451487
2016-06-07 → 2017-06-07,34826.92456587288,189760.1087175169,121947.93372086949,140603.3758253651,56.23134232478249,68.27230192078243,12.040959595999936
2016-06-08 → 2017-06-08,34826.92456587288,189760.1087175169,121573.10196858001,140874.16858762904,55.989411098530404,68.44708227125847,12.457671172728062
2016-06-09 → 2017-06-09,34826.92456587288,189760.1087175169,121201.93903666805,141521.4688282299,55.749847873941484,68.86487542780219,13.115027553860706
2016-06-10 → 2017-06-10,34289.697457821,189760.1087175169,120822.1849758407,142518.6763680636,55.658492710536976,69.61387574221966,13.955383031682686
2016-06-11 → 2017-06-11,33622.32213224221,189760.1087175169,120442.82299637339,143830.42050406014,55.60505420429674,70.58387388604855,14.978819681751808
2016-06-12 → 2017-06-12,33622.32213224221,189760.1087175169,120094.0547632026,144982.17131546658,55.381682116861455,71.32152416058823,15.93984204372677
2016-06-13 → 2017-06-13,33622.32213224221,189760.1087175169,119787.42363785229,144769.12546386654,55.18529715966671,71.18507682374597,15.999779664079263
2016-06-14 → 2017-06-14,33622.32213224221,189760.1087175169,119511.30044151639,144122.8664403204,55.00845130936058,70.77117379765613,15.762722488295552
2016-06-15 → 2017-06-15,33622.32213224221,189760.1087175169,119225.77942873082,143863.27363428829,54.82558653394016,70.60491500040443,15.779328466464271
2016-06-16 → 2017-06-16,33622.32213224221,189760.1087175169,118942.9851048362,144437.89870222466,54.644468093568165,70.97293934640254,16.328471252834376
2016-06-17 → 2017-06-17,33622.32213224221,189760.1087175169,118689.95209071519,143773.8791887471,54.4824105803583,70.5476614377043,16.065250857346008
2016-06-18 → 2017-06-18,33622.32213224221,189760.1087175169,118434.59217623038,143384.85367612704,54.31886278064273,70.29850617482526,15.979643394182531
2016-06-19 → 2017-06-19,33622.32213224221,189760.1087175169,118179.7820484338,141450.58989868592,54.15566709728557,69.05968768012045,14.904020582834875
2016-06-20 → 2017-06-20,33622.32213224221,189760.1087175169,117923.4134767814,141312.00852990733,53.99147329304436,68.97093186270472,14.979458569660359
2016-06-21 → 2017-06-21,33622.32213224221,189760.1087175169,117648.7702991354,140176.06576450157,53.81557533544393,68.24340600861856,14.427830673174633
2016-06-22 → 2017-06-22,33622.32213224221,189760.1087175169,117342.42919396165,139445.20363225444,53.61937612455885,67.77531807921271,14.155941954653862
2016-06-23 → 2017-06-23,33622.32213224221,189760.1087175169,116984.82662088469,141326.33929152827,53.390345996171796,68.98011014166867,15.58976414549688
2016-06-24 → 2017-06-24,33622.32213224221,189760.1087175169,116656.17014862015,144470.17629564583,53.17985468625109,70.99361185248007,17.81375716622898
2016-06-25 → 2017-06-25,33622.32213224221,189760.1087175169,116354.15582228912,140814.64914642018,52.98642660395528,68.65239309360572,15.665966489650444
2016-06-26 → 2017-06-26,33622.32213224221,189760.1087175169,116058.27776399466,139997.89831768838,52.79692855561906,68.12929689338789,15.332368337768827
2016-06-27 → 2017-06-27,33622.32213224221,189760.1087175169,115732.86647589519,141181.95129498295,52.58851565620747,68.88763541168622,16.29911975547875
2016-06-28 → 2017-06-28,33622.32213224221,189760.1087175169,115420.58033608914,139990.34320525764,52.38850888870055,68.12445814640937,15.735949257708818
2016-06-29 → 2017-06-29,33622.32213224221,189760.1087175169,115105.97910836241,139910.97085023485,52.18701940008472,68.0736233313664,15.886603931281684
2016-06-30 → 2017-06-30,33622.32213224221,189760.1087175169,114789.51817875457,140961.11080731614,51.98433884688309,68.74619592256794,16.761857075684844
2016-07-01 → 2017-07-01,33622.32213224221,189760.1087175169,114497.5722591171,140125.84710440118,51.797359175899956,68.21124296775659,16.413883791856634
2016-07-02 → 2017-07-02,33622.32213224221,189760.1087175169,114202.76769535121,138807.20864820003,51.608548657822794,67.36670783949602,15.758159181673221
2016-07-03 → 2017-07-03,33622.32213224221,189760.1087175169,113921.03487967857,139059.46323886956,51.42811007096043,67.52826680365604,16.10015673269561
2016-07-04 → 2017-07-04,33622.32213224221,189760.1087175169,113613.74889378024,138674.06672228032,51.23130570180761,67.28143576741692,16.050130065609316
2016-07-05 → 2017-07-05,33622.32213224221,189760.1087175169,113316.61532349097,137608.90123208103,51.041003548313846,66.59923992392868,15.558236375614833
2016-07-06 → 2017-07-06,33622.32213224221,189760.1087175169,113012.65607479951,135288.9384170351,50.84632982112773,65.11339664038829,14.267066819260556
2016-07-07 → 2017-07-07,33622.32213224221,189760.1087175169,112718.93778440983,134299.58658550624,50.6582150176498,64.47975640943207,13.821541391782269
2016-07-08 → 2017-07-08,33622.32213224221,189760.1087175169,112399.06079045495,134824.51671401784,50.45334661202514,64.81595313668932,14.362606524664173
2016-07-09 → 2017-07-09,33622.32213224221,189760.1087175169,112097.24992676539,133693.74883227702,50.26004883940382,64.09174158836994,13.83169274896612
2016-07-10 → 2017-07-10,33622.32213224221,189760.1087175169,111795.95843948635,133109.2215044382,50.06708370657578,63.71737524142574,13.650291534849963
2016-07-11 → 2017-07-11,33622.32213224221,189760.1087175169,111493.39872397472,132903.29497426402,49.8733063243491,63.585487544874006,13.712181220524904
2016-07-12 → 2017-07-12,33622.32213224221,189760.1087175169,111188.27746206697,133053.14045081113,49.67788837422906,63.68145757226087,14.003569198031805
2016-07-13 → 2017-07-13,33622.32213224221,189760.1087175169,110897.070629851,131991.3146302117,49.49138205914374,63.00140065341918,13.510018594275444
2016-07-14 → 2017-07-14,33622.32213224221,189760.1087175169,110605.40838843989,131554.7383931999,49.30458407270513,62.721791055665996,13.417206982960863
2016-07-15 → 2017-07-15,33622.32213224221,189760.1087175169,110329.32386346892,131104.21861678606,49.127762989859704,62.43325117927433,13.305488189414625
2016-07-16 → 2017-07-16,33622.32213224221,189760.1087175169,110062.5374729432,130284.92195665365,48.95689698979634,61.90852447598848,12.951627486192137
2016-07-17 → 2017-07-17,33622.32213224221,189760.1087175169,109775.15463504939,130244.58632705655,48.772839789948144,61.88269112041246,13.109851330464316
2016-07-18 → 2017-07-18,33622.32213224221,189760.1087175169,109492.59648708116,135201.86984026805,48.59187261079967,65.057632703502,16.465760092702325
2016-07-19 → 2017-07-19,33622.32213224221,189760.1087175169,109208.94401162685,128015.63536503076,48.41020455871711,60.45513728429576,12.044932725578647
2016-07-20 → 2017-07-20,33622.32213224221,189760.1087175169,108900.7180976335,140645.70244578194,48.21279820325745,68.54418949706891,20.331391293811464
2016-07-21 → 2017-07-21,33622.32213224221,189760.1087175169,108593.75356546517,125240.32892257943,48.016199712346555,58.67766464096762,10.661464928621065
2016-07-22 → 2017-07-22,33622.32213224221,189760.1087175169,108280.58523213908,125172.64106013614,47.815627935216206,58.634313275533536,10.81868534031733
2016-07-23 → 2017-07-23,33622.32213224221,189760.1087175169,107959.84139938687,126292.24399581121,47.610204354053145,59.351374122981625,11.74116976892848
2016-07-24 → 2017-07-24,33622.32213224221,189760.1087175169,107643.38250618664,124402.5267537465,47.40752510508903,58.14108590038495,10.733560795295922
2016-07-25 → 2017-07-25,33622.32213224221,189760.1087175169,107337.06185369605,127954.25080712067,47.211338993328496,60.415822933008634,13.204483939680138
2016-07-26 → 2017-07-26,33622.32213224221,189760.1087175169,107028.32436274124,126482.25380034247,47.01360499331039,59.47306779412093,12.459462800810542
2016-07-27 → 2017-07-27,33622.32213224221,189760.1087175169,106713.46773435599,127602.83445325521,46.81195193079993,60.19075483030849,13.378802899508564
2016-07-28 → 2017-07-28,33622.32213224221,189760.1087175169,106394.93768063268,124288.5625276129,46.60794618645735,58.06809637707608,11.460150190618734
2016-07-29 → 2017-07-29,33622.32213224221,189760.1087175169,106079.5152029786,119844.66282083528,46.40593072014882,55.221956564308485,8.816025844159668
2016-07-30 → 2017-07-30,33622.32213224221,189760.1087175169,105763.37814591452,111808.28894919393,46.20345759434245,50.074980904286384,3.8715233099439317
2016-07-31 → 2017-07-31,33622.32213224221,189760.1087175169,105441.91817832396,111278.72049087756,45.99757535749199,49.73581351252426,3.7382381550322705
2016-08-01 → 2017-08-01,33622.32213224221,189760.1087175169,105104.80078518411,107536.9687553114,45.781665166555776,47.33937135883547,1.5577061922796958
2016-08-02 → 2017-08-02,33622.32213224221,189760.1087175169,104755.8793659698,106810.90905903265,45.55819496959372,46.874359197360896,1.3161642277671746
2016-08-03 → 2017-08-03,33622.32213224221,176502.4288620446,104335.34779365723,110529.96552309747,49.49116240173235,53.82669788754687,4.335535485814518
2016-08-04 → 2017-08-04,33622.32213224221,176502.4288620446,103951.82280138404,112096.63107160841,49.222738055578645,54.923187513967456,5.70044945838881
2016-08-05 → 2017-08-05,30888.7620734845,176502.4288620446,103568.00186579906,111853.97369342047,49.91237525654048,55.602755843998075,5.690380587457597
2016-08-06 → 2017-08-06,30888.7620734845,176502.4288620446,103182.54952868025,114057.3059056479,49.64766635550132,57.11589143135115,7.46822507584983
2016-08-07 → 2017-08-07,29476.244696469792,176502.4288620446,102800.61758893688,112879.80872201681,49.87164246192516,56.72701396617992,6.855371504254755
2016-08-08 → 2017-08-08,29191.31348109993,176502.4288620446,102420.96852668705,111985.0985490083,49.71088220750767,56.20335224114263,6.492470033634959
2016-08-09 → 2017-08-09,29191.31348109993,176502.4288620446,102040.77949777806,111735.37484707832,49.45279643582247,56.033830951941745,6.581034516119274
2016-08-10 → 2017-08-10,29094.868909214892,176502.4288620446,101655.55330018316,113209.10972678373,49.22453394804692,57.06236562391056,7.83783167586364
2016-08-11 → 2017-08-11,27318.519041579882,176502.4288620446,101267.07794015518,108493.37718008678,49.568722918958656,54.41260940016704,4.843886481208386
2016-08-12 → 2017-08-12,25832.56813132209,176502.4288620446,100874.24186004877,108399.18553105142,49.80536476557932,54.799690528215585,4.994325762636265
2016-08-13 → 2017-08-13,24607.503837601485,176502.4288620446,100476.1690581057,102935.34544528271,49.948123815391035,51.56712220311286,1.618998387721824
2016-08-14 → 2017-08-14,23230.941010615752,176502.4288620446,100072.88202152257,101647.2934231899,50.134530621502336,51.16173497877552,1.0272043572731846
2016-08-15 → 2017-08-15,23230.941010615752,176502.4288620446,99660.3835843899,101451.80789160689,49.86540135100649,51.03419297189393,1.1687916208874398
2016-08-16 → 2017-08-16,22911.19455649011,175376.7550333047,99240.73540322718,102436.97828426943,50.06346391147428,52.15983431213817,2.0963704006638935
2016-08-17 → 2017-08-17,22911.19455649011,175376.7550333047,98831.78341102037,101410.41791063803,49.795238096458824,51.48652791401064,1.6912898175518123
2016-08-18 → 2017-08-18,22911.19455649011,175376.7550333047,98422.00634971786,101354.88400373555,49.52647113031842,51.450104011636355,1.9236328813179355
2016-08-19 → 2017-08-19,22911.19455649011,175376.7550333047,98011.06808480731,101687.38534982651,49.256942547190924,51.66818693151092,2.4112443843199927
2016-08-20 → 2017-08-20,22911.19455649011,175376.7550333047,97601.9050012879,103137.52931471339,48.98857828037564,52.61931580307494,3.630737522699299
2016-08-21 → 2017-08-21,22911.19455649011,175376.7550333047,97200.71630064867,102185.73038867032,48.725444298258914,51.99504437871756,3.2696000804586447
2016-08-22 → 2017-08-22,22911.19455649011,175376.7550333047,96797.34276760578,101742.98247557328,48.460877315537445,51.70465229822908,3.243774982691633
2016-08-23 → 2017-08-23,22911.19455649011,175376.7550333047,96396.1567744407,99876.30018464907,48.19774510921463,50.48032184282235,2.282576733607719
2016-08-24 → 2017-08-24,22911.19455649011,175376.7550333047,95990.36673368503,99170.448440142,47.93159317333704,50.01736368866635,2.0857705153293082
2016-08-25 → 2017-08-25,22911.19455649011,175376.7550333047,95580.99899637907,98032.44393040809,47.66309467700402,49.270962661329435,1.6078679843254164
2016-08-26 → 2017-08-26,22911.19455649011,175376.7550333047,95169.60539148838,96025.871033014,47.39326744283775,47.954879940012695,0.5616124971749485
2016-08-27 → 2017-08-27,22911.19455649011,175376.7550333047,94760.49747185479,95384.02764330586,47.12493935723326,47.533903958485546,0.4089646012522863
2016-08-28 → 2017-08-28,22832.28087422883,174757.44041604584,94343.70929109228,95979.1036738804,47.07016838588879,48.146615754922465,1.0764473690336729
2016-08-29 → 2017-08-29,21736.97171260791,174757.44041604584,93928.01462109815,95271.69415154263,47.177376673966705,48.055481114391995,0.8781044404252896
2016-08-30 → 2017-08-30,21736.97171260791,174757.44041604584,93511.11041972938,94376.25211579932,46.90492671684577,47.47030316837568,0.5653764515299073
2016-08-31 → 2017-08-31,21095.461059745205,174757.44041604584,93094.15026257977,93872.41097655968,46.85523999133777,47.36171577489861,0.5064757835608447
2016-09-01 → 2017-09-01,20332.78157361623,174757.44041604584,92672.26756432417,93904.11216848672,46.844517276558165,47.64221669412301,0.7976994175648429
2016-09-02 → 2017-09-02,20332.78157361623,173356.26314228034,92254.2491228289,94796.31325238865,47.0002817946214,48.661506662531025,1.661224867909624
2016-09-03 → 2017-09-03,20332.78157361623,167907.8649604284,91839.66981494456,97118.94631439981,48.45458094975296,52.031930444191424,3.577349494438465
2016-09-04 → 2017-09-04,20332.78157361623,167907.8649604284,91447.03511861521,97779.52161560177,48.188523369219396,52.47955024967749,4.291026880458091
2016-09-05 → 2017-09-05,20332.78157361623,167907.8649604284,91060.86500966953,97428.08779792051,47.92684632992308,52.24141125655213,4.314564926629046
2016-09-06 → 2017-09-06,20332.78157361623,167907.8649604284,90670.43309289361,97593.85325686689,47.66228139943779,52.353737440039275,4.691456040601487
2016-09-07 → 2017-09-07,20332.78157361623,167907.8649604284,90283.66016009459,97313.06740739544,47.400195873939396,52.16347100547086,4.763275131531465
2016-09-08 → 2017-09-08,20332.78157361623,167907.8649604284,89902.74533585005,97496.28686895812,47.14207992678718,52.28762439055311,5.14554446376593
2016-09-09 → 2017-09-09,20332.78157361623,167907.8649604284,89532.45361682292,99635.05383893872,46.89116242057339,53.736898157435995,6.845735736862608
2016-09-10 → 2017-09-10,20332.78157361623,167907.8649604284,89157.98553583353,93788.95563616989,46.63741492309926,49.775458279780295,3.138043356681038
2016-09-11 → 2017-09-11,20332.78157361623,167907.8649604284,88785.51355549545,96215.7936612439,46.385020025674876,51.41993509075588,5.034915065081002
2016-09-12 → 2017-09-12,20332.78157361623,167907.8649604284,88401.92488383412,95324.12581505318,46.12509222291979,50.81572208560138,4.69062986268159
2016-09-13 → 2017-09-13,20332.78157361623,167907.8649604284,88022.61645226052,95564.63776481149,45.86806480144148,50.97869807330785,5.110633271866369
2016-09-14 → 2017-09-14,20332.78157361623,167907.8649604284,87657.8818452116,93043.64851060766,45.62091291192303,49.27042239671818,3.6495094847951535
2016-09-15 → 2017-09-15,20332.78157361623,167907.8649604284,87283.40205405733,91901.77386720049,45.367157479393335,48.4966639700235,3.1295064906301633
2016-09-16 → 2017-09-16,20332.78157361623,167907.8649604284,86906.95296882153,91450.66121503495,45.112067611512934,48.190980488901474,3.0789128773885395
2016-09-17 → 2017-09-17,20332.78157361623,167907.8649604284,86531.03667463754,90822.21075972677,44.85733877412603,47.765129158930726,2.9077903848046986
2016-09-18 → 2017-09-18,20332.78157361623,167907.8649604284,86148.15702456822,90607.58442817719,44.59789141940847,47.61969381400395,3.0218023945954826
2016-09-19 → 2017-09-19,20332.78157361623,167907.8649604284,85770.97008277291,99884.28059827947,44.34230156430626,53.905779484568626,9.563477920262365
2016-09-20 → 2017-09-20,20332.78157361623,167907.8649604284,85392.36489309809,85796.82158449656,44.08575067442301,44.359819089033586,0.27406841461057496
2016-09-21 → 2017-09-21,20332.78157361623,167907.8649604284,85018.79161131325,85018.79161131324,43.83260951182874,43.83260951182873,-1.4210854715202004e-14
2016-09-22 → 2017-09-22,20332.78157361623,167907.8649604284,84636.58096220891,84636.58096220891,43.573615486324776,43.573615486324776,0.0
2016-09-23 → 2017-09-23,20332.78157361623,166497.37910223388,84250.18202074601,87844.70212288102,43.72974135177662,46.18896893691825,2.459227585141633
2016-09-24 → 2017-09-24,20332.78157361623,166497.37910223388,83870.9151998479,83870.9151998479,43.470262088459215,43.470262088459215,0.0
2016-09-25 → 2017-09-25,20332.78157361623,166497.37910223388,83487.2947423853,83487.2947423853,43.2078042402874,43.2078042402874,0.0
2016-09-26 → 2017-09-26,20332.78157361623,165374.95202535225,83102.61977198199,83681.13324069955,43.27695731721896,43.67581612284477,0.3988588056258138
2016-09-27 → 2017-09-27,20332.78157361623,165374.95202535225,82717.2666532091,82717.2666532091,43.01127381457093,43.01127381457093,0.0
2016-09-28 → 2017-09-28,20332.78157361623,165374.95202535225,82331.01313852055,82331.01313852055,42.74496952976496,42.74496952976496,0.0
2016-09-29 → 2017-09-29,20332.78157361623,165233.93370551994,81944.92673973694,82024.09068146221,42.52012096497003,42.57475403072593,0.054633065755893995
2016-09-30 → 2017-09-30,20332.78157361623,164239.7935792421,81556.50198720922,81922.31923845876,42.543945260429375,42.79814917040648,0.2542039099771074
2016-10-01 → 2017-10-01,20332.78157361623,163932.3081821811,81170.10959303066,82200.95733327695,42.36596697512083,43.08382988497307,0.7178629098522435
2016-10-02 → 2017-10-02,20332.78157361623,163932.3081821811,80788.41988665314,82281.60131152548,42.10016546769806,43.13998882933251,1.039823361634447
2016-10-03 → 2017-10-03,20332.78157361623,163932.3081821811,80405.2355055662,80405.2355055662,41.833323097018486,41.833323097018486,0.0
2016-10-04 → 2017-10-04,20332.78157361623,163932.3081821811,80024.01716088045,80024.01716088047,41.56784983698128,41.56784983698129,7.105427357601002e-15
2016-10-05 → 2017-10-05,20332.78157361623,163462.56533502,79639.36946505475,79654.23436469413,41.43553237689658,41.44591798585143,0.010385608954848635
2016-10-06 → 2017-10-06,20332.78157361623,163462.56533502,79255.61388113127,79337.52000001061,41.167415166181584,41.224640236133396,0.0572250699518122
2016-10-07 → 2017-10-07,20332.78157361623,162048.01694379977,78870.54765742399,79730.3558143429,41.3066145858612,41.91332998570719,0.6067153998459958
2016-10-08 → 2017-10-08,20332.78157361623,162048.01694379977,78487.7570668826,78903.59160866344,41.03650206793644,41.329931733910335,0.2934296659738962
2016-10-09 → 2017-10-09,20332.78157361623,162048.01694379977,78103.76506815258,78681.4977357903,40.76554178781768,41.173213317366766,0.40767152954908425
2016-10-10 → 2017-10-10,20332.78157361623,161789.99270650712,77718.6400214824,78755.8230006224,40.567644440519516,41.300857665093574,0.7332132245740581
2016-10-11 → 2017-10-11,20332.78157361623,159083.95611787314,77333.3355982769,80948.51091392338,41.08113261879411,43.68664232169998,2.60550970290587
2016-10-12 → 2017-10-12,18540.255310375847,159083.95611787314,76959.05898085325,80018.09868956741,41.56629100758749,43.74286647211444,2.1765754645269553
2016-10-13 → 2017-10-13,17812.365386786605,159083.95611787314,76578.53259745955,79579.62431580291,41.59800771447076,43.72234970199464,2.124341987523877
2016-10-14 → 2017-10-14,17283.878833646555,159083.95611787314,76195.78293287662,79587.58303806781,41.545748935768216,43.93770821403617,2.3919592782679544
2016-10-15 → 2017-10-15,17283.878833646555,159083.95611787314,75816.61351121926,78723.85967289991,41.27835174606334,43.328594748296204,2.050243002232861
2016-10-16 → 2017-10-16,17283.878833646555,159083.95611787314,75435.34781589481,78217.52800895565,41.009476225946216,42.971520426729114,1.9620442007828984
2016-10-17 → 2017-10-17,17283.878833646555,159083.95611787314,75059.24323952901,77044.52201257343,40.744240421023534,42.14429521017933,1.4000547891557957
2016-10-18 → 2017-10-18,17283.878833646555,159083.95611787314,74680.68553050622,75115.99384432298,40.47727462222217,40.78426198228137,0.30698736005920324
2016-10-19 → 2017-10-19,17283.878833646555,159083.95611787314,74298.66596868388,74298.66596868387,40.20786746170518,40.20786746170516,-1.4210854715202004e-14
2016-10-20 → 2017-10-20,16664.21388787295,159083.95611787314,73910.2601734528,73910.26017345279,40.195302553722215,40.1953025537222,-1.4210854715202004e-14
2016-10-21 → 2017-10-21,16583.176198648463,158502.16634850728,73520.91378023087,73520.91378023085,40.119886367186815,40.1198863671868,-1.4210854715202004e-14
2016-10-22 → 2017-10-22,16583.176198648463,153839.72401933954,73133.41092584106,73847.18815054925,41.20039125642922,41.72042271288159,0.5200314564523723
2016-10-23 → 2017-10-23,16583.176198648463,153839.72401933954,72762.36338827573,72771.92983522103,40.93005986353271,40.93702961987381,0.006969756341099753
2016-10-24 → 2017-10-24,16583.176198648463,153839.72401933954,72392.80071933528,72456.5286958964,40.660810290519095,40.70724011668984,0.04642982617074409
2016-10-25 → 2017-10-25,16583.176198648463,152487.25660119782,72020.10665818462,72188.6329438836,40.79121855306432,40.91522239842333,0.1240038453590131
2016-10-26 → 2017-10-26,16583.176198648463,148124.03809366442,71649.78147577462,72098.71829154018,41.86273716305383,42.204027929510765,0.341290766456936
2016-10-27 → 2017-10-27,16583.176198648463,145661.47435691042,71292.40755276986,72055.44385803318,42.384531044128586,42.97567325482598,0.5911422106973916
2016-10-28 → 2017-10-28,16583.176198648463,144940.306322558,70941.84044996226,72227.61629811392,42.34954785825973,43.35126536854564,1.001717510285907
2016-10-29 → 2017-10-29,16195.043136795806,144940.306322558,70590.33638876736,72426.61509499374,42.2503258807172,43.67661424332428,1.4262883626070817
2016-10-30 → 2017-10-30,16195.043136795806,144940.306322558,70253.09266860379,71648.14270356736,41.98837937346824,43.07195324674598,1.0835738732777358
2016-10-31 → 2017-10-31,15555.692978218314,144940.306322558,69904.90245515628,71585.39168619787,42.00592950901733,43.304761872158686,1.2988323631413579
2016-11-01 → 2017-11-01,14866.76737300191,144940.306322558,69554.58637935953,73476.31076538736,42.04376958450108,45.05877510960539,3.015005525104314
2016-11-02 → 2017-11-02,14196.926829193488,144940.306322558,69219.39264358737,70223.38700314285,42.084322760822005,42.852234959088555,0.7679121982665507
2016-11-03 → 2017-11-03,13891.528065535027,144940.306322558,68888.30900850662,69539.34551110884,41.96664911679502,42.46343856516771,0.4967894483726951
2016-11-04 → 2017-11-04,13476.184339737121,142120.86837985623,68529.11741838962,70108.17475742378,42.79456511509151,44.02202146186268,1.22745634677117
2016-11-05 → 2017-11-05,13476.184339737121,142120.86837985623,68178.86965880754,70031.71212225704,42.522305315010804,43.96258438854927,1.4402790735384627
2016-11-06 → 2017-11-06,13476.184339737121,142120.86837985623,67831.42971557194,69595.85669485715,42.25222812851218,43.623778762298926,1.3715506337867467
2016-11-07 → 2017-11-07,13476.184339737121,142120.86837985623,67488.16077601665,69032.4450429164,41.98539320865786,43.18581923358257,1.2004260249247096
2016-11-08 → 2017-11-08,13420.634044814447,142120.86837985623,67137.92559105673,69366.22826273176,41.738301273330656,43.469691028126405,1.7313897547957495
2016-11-09 → 2017-11-09,13420.634044814447,142120.86837985623,66792.48182199991,69034.37337344422,41.46989168507961,43.211839990789805,1.7419483057101957
2016-11-10 → 2017-11-10,13420.634044814447,142120.86837985623,66455.06268861954,69773.89760869896,41.20771723363146,43.786449849952575,2.578732616321112
2016-11-11 → 2017-11-11,13420.634044814447,142120.86837985623,66115.12784528242,66711.6952077804,40.94358807715132,41.40712053735256,0.46353246020124317
2016-11-12 → 2017-11-12,13420.634044814447,142120.86837985623,65780.24427133767,66039.2688757522,40.6833837537676,40.88464570620525,0.20126195243764755
2016-11-13 → 2017-11-13,13420.634044814447,142120.86837985623,65433.96697052639,65842.23476565926,40.41432651187492,40.731550328321156,0.3172238164462371
2016-11-14 → 2017-11-14,13420.634044814447,141714.6024488478,65087.104055216885,65805.28994942496,40.2719400242499,40.83173710835467,0.5597970841047726
2016-11-15 → 2017-11-15,13420.634044814447,140380.99205152437,64737.55347526232,66129.88527381264,40.4196398278396,41.51630639401039,1.0966665661707893
2016-11-16 → 2017-11-16,12765.352694951169,137411.5022823112,64388.87686499846,67749.46887278404,41.4160600555625,44.11216580685187,2.696105751289373
2016-11-17 → 2017-11-17,12765.352694951169,137411.5022823112,64056.025612381265,67185.38901740576,41.1490231244426,43.65962085681077,2.5105977323681685
2016-11-18 → 2017-11-18,12765.352694951169,137411.5022823112,63719.4990251496,72849.32766018718,40.87903757868308,48.203634981219615,7.324597402536533
2016-11-19 → 2017-11-19,12471.439330631027,137411.5022823112,63389.070530562196,65727.9124940617,40.753646186030224,42.62561736024361,1.8719711742133853
2016-11-20 → 2017-11-20,12092.082284067676,137411.5022823112,63058.39891960857,65134.16748278408,40.669129043411814,42.32551124116265,1.6563821977508368
2016-11-21 → 2017-11-21,12092.082284067676,137411.5022823112,62718.06390678645,65706.17540373468,40.39755500259125,42.78195120949208,2.3843962069008313
2016-11-22 → 2017-11-22,12092.082284067676,137411.5022823112,62380.21080867051,65756.75106147407,40.127961432719424,42.8223086080023,2.6943471752828785
2016-11-23 → 2017-11-23,12092.082284067676,137411.5022823112,62048.78664375556,65458.27015140962,39.863497900315906,42.58413250563234,2.720634605316434
2016-11-24 → 2017-11-24,12092.082284067676,137411.5022823112,61713.37156074459,65027.15998887562,39.59584977122652,42.24012344259961,2.6442736713730923
2016-11-25 → 2017-11-25,11415.30952360433,137411.5022823112,61374.0147862036,63287.227276641686,39.65096418292124,41.16943267672886,1.5184684938076174
2016-11-26 → 2017-11-26,10729.725043603205,137411.5022823112,61033.952158492626,61752.28903290662,39.70912645162892,40.276166865863416,0.5670404142344978
2016-11-27 → 2017-11-27,10276.722773957541,137411.5022823112,60690.12162417405,61385.51216792132,39.65350712462123,40.20047825749017,0.54697113286894
2016-11-28 → 2017-11-28,10068.268721653438,136970.82483894035,60342.189292041105,61108.022330250154,39.61616070516586,40.21964188130643,0.6034811761405692
2016-11-29 → 2017-11-29,10068.268721653438,136678.03889858827,59995.83199178437,60896.600988787155,39.434210488146434,40.1456634792892,0.7114529911427638
2016-11-30 → 2017-11-30,10003.286107549318,134733.76483100094,59649.72610984163,60788.43553230466,39.80297398871272,40.71590997205625,0.9129359833435302
2016-12-01 → 2017-12-01,9251.58529835599,132860.22229042108,59306.878624779754,60977.285519761754,40.49498040305792,41.846347860567576,1.351367457509653
2016-12-02 → 2017-12-02,9145.0645121153,132860.22229042108,58969.34273123886,62099.14751216461,40.273382109253994,42.80322957267823,2.5298474634242325
2016-12-03 → 2017-12-03,8917.470248634596,132860.22229042108,58639.92881961684,85738.56533061955,40.11727814000664,61.98111129248222,21.86383315247558
2016-12-04 → 2017-12-04,8648.926486261997,132860.22229042108,58306.921846476085,59502.793545372864,39.97864690060769,40.94141899887344,0.9627720982657451
2016-12-05 → 2017-12-05,8520.243282540958,132860.22229042108,57973.68877228857,59223.608737526665,39.7727632611338,40.77800708955593,1.005243828422131
2016-12-06 → 2017-12-06,7146.873513619082,131731.94261899721,57630.20967726999,58967.074593789424,40.521176836166816,41.59423071502984,1.0730538788630213
2016-12-07 → 2017-12-07,5871.199948835439,130721.06456691156,57286.32786669578,58710.3457465562,41.18156481398083,42.322149054273424,1.140584240292597
2016-12-08 → 2017-12-08,5871.199948835439,130266.13475215387,56945.93025506806,58564.76470378923,41.058528940094845,42.359895793400185,1.301366853305339
2016-12-09 → 2017-12-09,5871.199948835439,129786.5017697024,56608.166249132606,58660.73479733753,40.94487569714591,42.60130433674373,1.65642863959782
2016-12-10 → 2017-12-10,5871.199948835439,129786.5017697024,56271.86014362466,57967.72892750666,40.673475716218526,42.042046634387745,1.368570918169219
2016-12-11 → 2017-12-11,5871.199948835439,129786.5017697024,55935.72123196192,57732.64364780758,40.40221066119839,41.8523321469559,1.4501214857575135
2016-12-12 → 2017-12-12,5735.941108283111,128836.6288701362,55596.78527387061,60254.660195135926,40.50411502334316,44.28790779164702,3.7837927683038615
2016-12-13 → 2017-12-13,5735.941108283111,128836.6288701362,55262.369926176616,57771.18696966686,40.23245500764857,42.27047533808225,2.0380203304336817
2016-12-14 → 2017-12-14,5735.941108283111,128836.6288701362,54928.05823306431,57146.24974538357,39.960879195043,41.762811867109384,1.8019326720663855
2016-12-15 → 2017-12-15,5649.078506920944,128836.6288701362,54591.83686751783,57033.44823752951,39.73027973710853,41.712307436184176,1.982027699075644
2016-12-16 → 2017-12-16,5091.516474246202,127839.60267414433,54253.735467529055,56974.512272232794,40.0513120124912,42.26786535269798,2.2165533402067794
2016-12-17 → 2017-12-17,5091.516474246202,126852.89971468727,53918.64004764785,56968.209243680765,40.100664327197386,42.60520978723948,2.5045454600420953
2016-12-18 → 2017-12-18,5091.516474246202,126852.89971468727,53587.00673860084,56987.927925263255,39.828301037440625,42.62140431546978,2.7931032780291574
2016-12-19 → 2017-12-19,5091.516474246202,126852.89971468727,53256.90760173141,57082.89922799826,39.55719773023066,42.699402199698376,3.142204469467714
2016-12-20 → 2017-12-20,5091.516474246202,126852.89971468727,52927.782198440385,57288.19642081397,39.28689412942391,42.86800835983891,3.581114230415004
2016-12-21 → 2017-12-21,5091.516474246202,126852.89971468727,52603.633596604355,57573.43625088509,39.02067786839808,43.10226968512942,4.08159181673134
2016-12-22 → 2017-12-22,5091.516474246202,126852.89971468727,52292.94445352289,57793.888945133716,38.76551557078526,43.28332273198362,4.5178071611983555
2016-12-23 → 2017-12-23,5091.516474246202,126852.89971468727,51993.011339427576,58019.54748475267,38.51918696797772,43.468651227450316,4.949464259472599
2016-12-24 → 2017-12-24,5091.516474246202,126852.89971468727,51714.06860782786,57640.02573193157,38.29009731395425,43.15695819085622,4.866860876901974
2016-12-25 → 2017-12-25,5091.516474246202,126852.89971468727,51426.87709715519,57583.24342096325,38.05423311544596,43.110324102562245,5.056090987116285
2016-12-26 → 2017-12-26,5091.516474246202,126852.89971468727,51139.31343203429,57548.451182048826,37.81806327450957,43.081749986542455,5.263686712032886
2016-12-27 → 2017-12-27,5091.516474246202,126852.89971468727,50854.56166026583,57529.16031235205,37.584202780984974,43.06590681099419,5.481704030009219
2016-12-28 → 2017-12-28,5091.516474246202,126852.89971468727,50578.60830330053,58422.46671852993,37.357568235925335,43.799560110919245,6.44199187499391
2016-12-29 → 2017-12-29,5091.516474246202,126852.89971468727,50318.547416847025,56874.98733499691,37.14398583440156,42.52864864264426,5.384662808242695
2016-12-30 → 2017-12-30,5091.516474246202,126852.89971468727,50058.97552086303,56397.52474303619,36.930805030212255,42.13651890556836,5.205713875356103
2016-12-31 → 2017-12-31,5091.516474246202,126852.89971468727,49794.34340624592,56039.25895304806,36.71346837751134,41.842282933165954,5.128814555654614
2017-01-01 → 2018-01-01,5091.516474246202,126852.89971468727,49532.66184021449,55677.9860187091,36.49855494677715,41.54557725791459,5.0470223111374395
2017-01-02 → 2018-01-02,5091.516474246202,126852.89971468727,49277.20461745417,55091.91600484068,36.28875343503194,41.06425058580285,4.77549715077091
2017-01-03 → 2018-01-03,5091.516474246202,126852.89971468727,49026.770767954185,54363.64083849116,36.08307751148773,40.46613388659338,4.383056375105653
2017-01-04 → 2018-01-04,5091.516474246202,126852.89971468727,48780.304909723236,53128.3287700807,35.880660413659385,39.451598706772785,3.5709382931134
2017-01-05 → 2018-01-05,5091.516474246202,126852.89971468727,48555.54665622784,52669.292244560704,35.69607130378408,39.074601900968155,3.3785305971840742
2017-01-06 → 2018-01-06,5091.516474246202,126852.89971468727,48298.433306731335,56424.58649525914,35.4849096508413,42.15874413946662,6.673834488625317
2017-01-07 → 2018-01-07,5091.516474246202,126852.89971468727,48009.12030921453,60527.74638547217,35.24730312090767,45.528580930915155,10.281277810007488
2017-01-08 → 2018-01-08,5091.516474246202,126852.89971468727,47724.98967903202,59229.57870054127,35.01395275758152,44.46242378783521,9.448471030253693
2017-01-09 → 2018-01-09,5091.516474246202,126852.89971468727,47444.563295826134,69188.22545733416,34.78364461246779,52.641245752371916,17.857601139904126
2017-01-10 → 2018-01-10,5091.516474246202,126852.89971468727,47160.78578689773,48339.3792922045,34.550584260017594,35.51853770629162,0.9679534462740236
2017-01-11 → 2018-01-11,5091.516474246202,126852.89971468727,46880.09956478095,47767.365690686755,34.32006271480608,35.048755262716554,0.7286925479104767
2017-01-12 → 2018-01-12,5091.516474246202,123898.8745316759,46553.32094311429,47543.40416061832,34.89834733032787,35.731699097164935,0.8333517668370618
2017-01-13 → 2018-01-13,5091.516474246202,121944.50404673119,46233.99834042546,47329.7353670852,35.20875479598517,36.146460411753054,0.9377056157678823
2017-01-14 → 2018-01-14,5091.516474246202,121944.50404673119,45923.48843296166,47121.69772555058,34.9430278223627,35.9684267595064,1.0253989371436987
2017-01-15 → 2018-01-15,5091.516474246202,121278.70466654166,45610.40900505359,46939.238017115276,34.87380421303135,36.01750089141417,1.143696678382824
2017-01-16 → 2018-01-16,5091.516474246202,120360.40212327345,45302.94836478336,46851.210909134774,34.88489687752656,36.22807160818682,1.343174730660266
2017-01-17 → 2018-01-17,5091.516474246202,113473.91343140576,44998.57810695389,47165.9174343669,36.82061179038309,38.82032704697563,1.9997152565925376
2017-01-18 → 2018-01-18,5091.516474246202,113473.91343140576,44721.31037866611,46894.07206360196,36.5647882101043,38.56950645396698,2.0047182438626834
2017-01-19 → 2018-01-19,5091.516474246202,112645.18916941338,44435.15505090809,47066.80407208578,36.58046963042459,39.027293579092905,2.4468239486683174
2017-01-20 → 2018-01-20,5091.516474246202,112645.18916941338,44153.73294644987,46928.25325554056,36.31881226679756,38.89847341603078,2.5796611492332246
2017-01-21 → 2018-01-21,5091.516474246202,112645.18916941338,43872.434232624626,51234.16258862981,36.05726962787484,42.90197159994983,6.8447019720749935
2017-01-22 → 2018-01-22,5091.516474246202,112645.18916941338,43602.3331237111,50426.276665908066,35.80613816751173,42.15082484458845,6.344686677076716
2017-01-23 → 2018-01-23,5091.516474246202,112645.18916941338,43331.32807902185,45602.212161633826,35.55416625628064,37.66556238595833,2.1113961296776935
2017-01-24 → 2018-01-24,5091.516474246202,112645.18916941338,43058.39843290259,45327.82129158077,35.30040491156784,37.410442441490474,2.1100375299226357
2017-01-25 → 2018-01-25,5091.516474246202,111645.7661547798,42775.172098153795,45199.87351640174,35.36569938495097,37.641255193862946,2.2755558089119745
2017-01-26 → 2018-01-26,5091.516474246202,109214.17935623451,42494.88754523305,45526.89748773211,35.92241115978708,38.834370822147534,2.9119596623604522
2017-01-27 → 2018-01-27,5091.516474246202,109214.17935623451,42220.95954400881,46139.90686960287,35.659329143209476,39.42310853294306,3.7637793897335854
2017-01-28 → 2018-01-28,5091.516474246202,109214.17935623451,41947.64495669113,44910.38579830264,35.396836252850484,38.242269475173515,2.845433222323031
2017-01-29 → 2018-01-29,5091.516474246202,109214.17935623451,41676.09817927744,44868.186071642725,35.13604117721795,38.20174061671766,3.06569943949971
2017-01-30 → 2018-01-30,5091.516474246202,108658.65380979302,41405.13216353951,44992.87361996069,35.06287479168314,38.52704455510653,3.464169763423385
2017-01-31 → 2018-01-31,5091.516474246202,106944.60900920314,41135.43680862412,45423.7560911112,35.38814525637237,39.59844381065072,4.210298554278353
2017-02-01 → 2018-02-01,5091.516474246202,106944.60900920314,40883.55037260546,45792.91501761289,35.14084158620427,39.960886341666644,4.820044755462376
2017-02-02 → 2018-02-02,5091.516474246202,106944.60900920314,40637.97431418717,46227.976889820944,34.89973348402858,40.388032794837656,5.488299310809076
2017-02-03 → 2018-02-03,5091.516474246202,106944.60900920314,40396.758275058135,46382.15518686517,34.66290607591993,40.539406006202164,5.876499930282236
2017-02-04 → 2018-02-04,5091.516474246202,106944.60900920314,40160.7680554951,46110.24640011351,34.43120940997723,40.27244426750155,5.84123485752432
2017-02-05 → 2018-02-05,5091.516474246202,106944.60900920314,39936.36284729587,45661.679950828904,34.21088698027563,39.832038936528754,5.621151956253122
2017-02-06 → 2018-02-06,5091.516474246202,106944.60900920314,39702.368395354184,45788.80504286503,33.98114977140161,39.95685114288616,5.975701371484547
2017-02-07 → 2018-02-07,5091.516474246202,106944.60900920314,39471.20464281995,67826.83553416692,33.75419176081896,61.59392660403451,27.839734843215545
2017-02-08 → 2018-02-08,5091.516474246202,106944.60900920314,39245.13107392338,44001.57247705937,33.53223132420387,38.20213508927957,4.669903765075702
2017-02-09 → 2018-02-09,5091.516474246202,106944.60900920314,39017.0516026183,43567.84281091584,33.30830148012299,37.77629660431195,4.46799512418896
2017-02-10 → 2018-02-10,5091.516474246202,106944.60900920314,38771.06211976789,43763.250561107256,33.06678747526744,37.96814914931381,4.90136167404637
2017-02-11 → 2018-02-11,5091.516474246202,106944.60900920314,38530.66473378917,44294.23075527083,32.83076382591559,38.489468807802666,5.658704981887077
2017-02-12 → 2018-02-12,5091.516474246202,106944.60900920314,38291.186640924374,43558.21142375289,32.595642744263,37.76684044846705,5.171197704204047
2017-02-13 → 2018-02-13,5091.516474246202,106944.60900920314,38051.72580397313,43587.95565510318,32.36053860457372,37.79604351988099,5.43550491530727
2017-02-14 → 2018-02-14,5091.516474246202,106944.60900920314,37807.34872952097,43697.177867615836,32.120607672316275,37.903278567727156,5.782670895410881
2017-02-15 → 2018-02-15,5091.516474246202,106944.60900920314,37564.45529660618,43810.82865885611,31.88213338855172,38.01486162172355,6.132728233171829
2017-02-16 → 2018-02-16,5091.516474246202,106944.60900920314,37321.79277876163,43998.24273291576,31.643885818639916,38.19886592576107,6.554980107121153
2017-02-17 → 2018-02-17,5091.516474246202,106944.60900920314,37082.91500325642,44320.317880320545,31.409354132306266,38.51508130949549,7.105727177189227
2017-02-18 → 2018-02-18,5091.516474246202,106944.60900920314,36850.973240155785,44267.57852913954,31.181632266108604,38.463301486351774,7.28166922024317
2017-02-19 → 2018-02-19,5091.516474246202,106944.60900920314,36617.90505187607,44454.18196215595,30.952804468661295,38.64650989796909,7.693705429307794
2017-02-20 → 2018-02-20,5091.516474246202,106944.60900920314,36384.146438874006,44817.01340400499,30.723298807925627,39.00274006518224,8.279441257256611
2017-02-21 → 2018-02-21,5091.516474246202,106944.60900920314,36159.30387684464,45129.496113156674,30.502546981512307,39.3095375333538,8.80699055184149
2017-02-22 → 2018-02-22,5091.516474246202,106944.60900920314,35944.926910802336,45214.48434494648,30.292070342357995,39.39297950813786,9.100909165779868
2017-02-23 → 2018-02-23,5091.516474246202,106944.60900920314,35729.96649934187,48889.74588575987,30.08102087286183,43.00137415707992,12.920353284218091
2017-02-24 → 2018-02-24,5091.516474246202,106944.60900920314,35528.35303141064,44851.871446113335,29.883075515569875,39.03696390781754,9.153888392247662
2017-02-25 → 2018-02-25,5091.516474246202,106944.60900920314,35326.33057663727,44543.35974355297,29.68472861245151,38.734065198625686,9.049336586174174
2017-02-26 → 2018-02-26,5091.516474246202,106944.60900920314,35115.57032064734,44630.218172311506,29.477802881730476,38.819343344430365,9.34154046269989
2017-02-27 → 2018-02-27,5091.516474246202,106944.60900920314,34910.004699449804,44503.472865554635,29.27597727577061,38.69490401362323,9.418926737852619
2017-02-28 → 2018-02-28,5091.516474246202,106944.60900920314,34707.71158193159,44341.373098831515,29.077364634285242,38.53575345403911,9.458388819753868
2017-03-01 → 2018-03-01,5091.516474246202,106944.60900920314,34502.81461252774,44737.17851711994,28.8761955148169,38.92435767649075,10.04816216167385
2017-03-02 → 2018-03-02,5091.516474246202,106944.60900920314,34305.2095587724,45190.21095879561,28.682185643503942,39.36914774658135,10.686962103077406
2017-03-03 → 2018-03-03,5091.516474246202,106944.60900920314,34112.78156327103,44710.91804066505,28.493258640197368,38.8985749773097,10.405316337112332
2017-03-04 → 2018-03-04,5091.516474246202,106944.60900920314,33924.71153812368,44327.88457432563,28.308610319300477,38.52251033675109,10.213900017450612
2017-03-05 → 2018-03-05,5091.516474246202,106944.60900920314,33733.06979687103,44473.897147215124,28.120455265307516,38.665866389331796,10.54541112402428
2017-03-06 → 2018-03-06,5091.516474246202,106944.60900920314,33544.58016699946,41127.76593700217,27.93539497388153,35.380613946884324,7.445218973002795
2017-03-07 → 2018-03-07,5091.516474246202,106944.60900920314,33359.08900508852,39848.39994171108,27.75327859695632,34.12452445225067,6.371245855294347
2017-03-08 → 2018-03-08,5091.516474246202,106944.60900920314,33167.0441080425,39367.062073400746,27.564727722096922,33.65194393816846,6.0872162160715355
2017-03-09 → 2018-03-09,5091.516474246202,106944.60900920314,32959.347303957846,38326.5628658389,27.360809707517863,32.63037534200164,5.269565634483779
2017-03-10 → 2018-03-10,5091.516474246202,106944.60900920314,32761.507727164862,37764.528093082015,27.166569580027293,32.07856610502242,4.911996524995125
2017-03-11 → 2018-03-11,5091.516474246202,106944.60900920314,32541.509395807727,38432.89816264473,26.950573849429695,32.7347759980439,5.784202148614206
2017-03-12 → 2018-03-12,5091.516474246202,106944.60900920314,32339.20592803113,39167.660698527034,26.751951045996243,33.45617042760443,6.704219381608183
2017-03-13 → 2018-03-13,5091.516474246202,106944.60900920314,32147.21404211656,38701.19381334764,26.56345221779554,32.99819033729024,6.4347381194947
2017-03-14 → 2018-03-14,5091.516474246202,106944.60900920314,31959.995079055705,38165.60876477973,26.379639474950643,32.47234960409493,6.092710129144287
2017-03-15 → 2018-03-15,5091.516474246202,106944.60900920314,31773.85214452729,35047.69102667796,26.196883183614144,29.411158568553546,3.214275384939402
2017-03-16 → 2018-03-16,5091.516474246202,106944.60900920314,31589.391670446897,33923.246902074265,26.01577874241411,28.307172330513918,2.291393588099808
2017-03-17 → 2018-03-17,5091.516474246202,106944.60900920314,31392.122630247934,32837.196692510915,25.822098771301537,27.24088147715509,1.4187827058535518
2017-03-18 → 2018-03-18,5091.516474246202,106944.60900920314,31170.63377229679,32418.227744221433,25.604639632419595,26.829535156820544,1.2248955244009494
2017-03-19 → 2018-03-19,5091.516474246202,106944.60900920314,30918.789633208296,32828.780475525826,25.357377489640715,27.232618382951834,1.875240893311119
2017-03-20 → 2018-03-20,5091.516474246202,106944.60900920314,30681.695450789004,32699.37342487947,25.124596946096673,27.105565735432137,1.9809687893354635
2017-03-21 → 2018-03-21,5091.516474246202,106944.60900920314,30449.181906406397,32084.178557496194,24.896313701478636,26.501563586776573,1.6052498852979369
2017-03-22 → 2018-03-22,5091.516474246202,106944.60900920314,30234.803280071163,35498.08924540464,24.685835432238395,29.85336234216219,5.167526909923794
2017-03-23 → 2018-03-23,5091.516474246202,106944.60900920314,30002.552873644374,30165.698978612825,24.457810538102684,24.617988399086588,0.16017786098390374
2017-03-24 → 2018-03-24,5091.516474246202,106944.60900920314,29768.545108726295,29775.347245428376,24.2280602584656,24.234738638603883,0.006678380138282591
2017-03-25 → 2018-03-25,5091.516474246202,103846.68316917396,29508.71689739438,29517.115540349096,24.724985274519604,24.73348978444632,0.008504509926716253
2017-03-26 → 2018-03-26,5091.516474246202,103846.68316917396,29260.056500965486,29269.6563734914,24.47319045228306,24.482911333576872,0.009720881293812766
2017-03-27 → 2018-03-27,5091.516474246202,96340.25886455341,29011.18455983931,30295.105544714475,26.213696166111706,27.62075225394613,1.4070560878344232
2017-03-28 → 2018-03-28,5091.516474246202,96340.25886455341,28783.64315295061,29126.830308040957,25.96433228346726,26.340432979323865,0.37610069585660355
2017-03-29 → 2018-03-29,5091.516474246202,96340.25886455341,28560.661358523117,28571.131549752303,25.719965305264196,25.731439645572802,0.011474340308605946
2017-03-30 → 2018-03-30,5091.516474246202,96340.25886455341,28337.858186361325,28347.170825628535,25.47579408018717,25.48599985291703,0.010205772729857898
2017-03-31 → 2018-03-31,5091.516474246202,92443.3538317219,28114.10366663688,28123.946899941406,26.35615676654152,26.36742525682438,0.011268490282859034
2017-04-01 → 2018-04-01,5091.516474246202,91783.13571714156,27901.679484641896,27911.59595399123,26.3118433011217,26.32328208774945,0.011438786627749664
2017-04-02 → 2018-04-02,5091.516474246202,90451.65585485799,27689.75331742051,27817.96995904018,26.47399243622503,26.624199128189257,0.15020669196422887
2017-04-03 → 2018-04-03,5091.516474246202,88042.76708027783,27479.436320860605,28845.177088552504,26.989249327829317,28.63568715452146,1.646437826692143
2017-04-04 → 2018-04-04,5091.516474246202,88042.76708027783,27281.03811882528,27779.47030525888,26.750074872247453,27.35094849716826,0.6008736249208084
2017-04-05 → 2018-04-05,5091.516474246202,88042.76708027783,27081.960612538573,27817.66699675411,26.5100814968224,27.3969956528364,0.8869141560139973
2017-04-06 → 2018-04-06,5091.516474246202,85283.60305459557,26882.738479156644,29480.126699470395,27.173781022740297,30.412739292907347,3.23895827016705
2017-04-07 → 2018-04-07,5091.516474246202,85283.60305459557,26693.69736550641,28187.367730479178,26.93804565069604,28.80066131349735,1.8626156628013106
2017-04-08 → 2018-04-08,5091.516474246202,85283.60305459557,26503.40725910914,28046.13467225944,26.7007527774066,28.62454286560258,1.9237900881959824
2017-04-09 → 2018-04-09,5091.516474246202,85283.60305459557,26313.28148300148,28807.06650077388,26.463664824947397,29.573429296874092,3.1097644719266953
2017-04-10 → 2018-04-10,5091.516474246202,85283.60305459557,26128.234106297365,28337.666617635798,26.232909666184067,28.988084902988348,2.7551752368042806
2017-04-11 → 2018-04-11,5091.516474246202,85283.60305459557,25942.07891313317,27959.851298774665,26.000773053829334,28.516946995281483,2.5161739414521485
2017-04-12 → 2018-04-12,5091.516474246202,85283.60305459557,25754.473072069413,26228.82155222023,25.76682747507727,26.358342798319967,0.591515323242696
2017-04-13 → 2018-04-13,5091.516474246202,85283.60305459557,25564.305437202256,25704.392581017346,25.529687324500667,25.704376810444806,0.17468948594413902
2017-04-14 → 2018-04-14,5091.516474246202,85201.27327591275,25365.415756730825,25804.495474612897,25.307653014948183,25.855750694197333,0.5480976792491496
2017-04-15 → 2018-04-15,5091.516474246202,85201.27327591275,25165.504386420682,25248.81278562402,25.058106170354616,25.16209899536042,0.10399282500580398
2017-04-16 → 2018-04-16,5091.516474246202,85201.27327591275,24967.03809258644,25059.732263002705,24.810363196517358,24.926072161463733,0.11570896494637495
2017-04-17 → 2018-04-17,5091.516474246202,83899.57143881709,24768.886815743583,24870.42221714054,24.96872984664268,25.097568708917112,0.12883886227443142
2017-04-18 → 2018-04-18,5091.516474246202,83185.57785964316,24573.124724297657,24684.6702323216,24.94633766568885,25.089172480584015,0.14283481489516348
2017-04-19 → 2018-04-19,5091.516474246202,82674.6295002957,24378.86784859569,24500.809357917235,24.86024422334474,25.017419547413784,0.1571753240690441
2017-04-20 → 2018-04-20,5091.516474246202,80919.04127930474,24183.89032431401,24318.272850276615,25.17868531137144,25.355906612354268,0.17722130098282918
2017-04-21 → 2018-04-21,5091.516474246202,80414.91570979715,23993.625656567983,24140.15987960001,25.09460456399638,25.289144673071632,0.19454010907525188
2017-04-22 → 2018-04-22,5091.516474246202,80414.91570979715,23805.624406257146,23964.10820391094,24.845012468818993,25.055416937101405,0.21040446828241244
2017-04-23 → 2018-04-23,5091.516474246202,79999.90507363711,23616.505031213113,23787.681348177197,24.730192310020595,24.958706526071257,0.22851421605066236
2017-04-24 → 2018-04-24,5091.516474246202,79539.34361187399,23426.23293417901,23612.37782272522,24.627604545178173,24.877638556516196,0.2500340113380233
2017-04-25 → 2018-04-25,5091.516474246202,78133.25786637832,23239.76589082985,23438.998080077574,24.84640846547305,25.119173305755442,0.2727648402823917
2017-04-26 → 2018-04-26,5091.516474246202,77131.60176632316,23055.77782478411,23273.704180178232,24.936479846885515,25.238986922648365,0.3025070757628505
2017-04-27 → 2018-04-27,5091.516474246202,74300.27958732945,22875.457075226655,23113.616945466434,25.696082115963392,26.04020020090972,0.34411808494632723
2017-04-28 → 2018-04-28,5091.516474246202,74184.79320063037,22701.6982426105,22961.097354119276,25.487547562843577,25.862980779791762,0.3754332169481849
2017-04-29 → 2018-04-29,5091.516474246202,73653.14615724926,22528.083225236966,22809.995138876722,25.431960750655,25.8431410492319,0.4111802985768982
2017-04-30 → 2018-04-30,5091.516474246202,72361.18448066026,22356.450944082513,22663.9736664956,25.665258922030254,26.1224080823082,0.4571491602779467
2017-05-01 → 2018-05-01,5091.516474246202,69592.25607570364,22188.859518301415,22523.548382222194,26.507204645555543,27.02609615903087,0.518891513475328
2017-05-02 → 2018-05-02,5091.516474246202,68314.45371497168,22028.40168941257,22390.590626764693,26.789146399000835,27.36202224621601,0.572875847215176
2017-05-03 → 2018-05-03,5091.516474246202,65815.06602518205,21869.77114319032,22377.183609336396,27.630556502416344,28.466167183772274,0.8356106813559308
2017-05-04 → 2018-05-04,5091.516474246202,65519.30261083969,21718.125737498565,22317.794963354652,27.514840980056565,28.507214297358924,0.9923733173023592
2017-05-05 → 2018-05-05,5091.516474246202,65519.30261083969,21568.57954599033,22187.235270961046,27.267361796936747,28.291155261043265,1.023793464106518
2017-05-06 → 2018-05-06,5091.516474246202,65519.30261083969,21418.45969332098,21926.99251912535,27.01893328040957,27.860487900092085,0.8415546196825154
2017-05-07 → 2018-05-07,5091.516474246202,65519.30261083969,21274.049706441074,21838.248955965326,26.77995383715564,27.713629031293834,0.9336751941381927
2017-05-08 → 2018-05-08,5091.516474246202,59344.134688936545,21124.693607593712,21925.741500194345,29.55281728505796,31.02933200261629,1.4765147175583309
2017-05-09 → 2018-05-09,5091.516474246202,58662.668056652576,20991.952088606027,22001.0924955718,29.6809666111075,31.564705110574803,1.8837384994673023
2017-05-10 → 2018-05-10,5091.516474246202,58662.668056652576,20863.26172858653,22237.250127425177,29.440743363672667,32.005534969328366,2.5647916056556994
2017-05-11 → 2018-05-11,5091.516474246202,58662.668056652576,20742.430613407785,21672.18989172075,29.21519078246135,30.95075040895688,1.7355596264955295
2017-05-12 → 2018-05-12,5091.516474246202,58662.668056652576,20625.772115249878,21513.395027004473,28.997427126627933,30.65433179553206,1.6569046689041258
2017-05-13 → 2018-05-13,5091.516474246202,57574.40706134547,20496.91171274105,22228.75434032627,29.35317598966552,32.65299924294289,3.2998232532773706
2017-05-14 → 2018-05-14,5091.516474246202,57574.40706134547,20374.911109019202,21360.489850349863,29.120718130814588,30.99862296857313,1.8779048377585426
2017-05-15 → 2018-05-15,5091.516474246202,57574.40706134547,20254.850374544996,21288.0583410295,28.891956465572548,30.86061321242192,1.9686567468493728
2017-05-16 → 2018-05-16,5091.516474246202,56914.32341518506,20130.352094182046,21287.62440839907,29.01972414785487,31.252857361839087,2.2331332139842175
2017-05-17 → 2018-05-17,5091.516474246202,55286.92056429757,20008.787176830792,21314.434618467367,29.718399469048528,32.319528925630294,2.6011294565817664
2017-05-18 → 2018-05-18,5091.516474246202,52791.41845486765,19890.916118434725,21369.1834579374,31.02605881706198,34.12515814037555,3.099099323313567
2017-05-19 → 2018-05-19,5091.516474246202,52335.482920267066,19779.877903317385,21439.648241394116,31.090449287007978,34.60363935747575,3.513190070467772
2017-05-20 → 2018-05-20,5091.516474246202,52335.482920267066,19673.11324878208,21531.92626906623,30.864463489102356,34.798961712082765,3.934498222980409
2017-05-21 → 2018-05-21,5091.516474246202,52335.482920267066,19572.24274079517,21612.542445271793,30.650953668536886,34.96959974751883,4.318646078981942
2017-05-22 → 2018-05-22,5091.516474246202,52335.482920267066,19472.772289955996,21775.84111923779,30.44040731029911,35.31524954420255,4.87484223390344
2017-05-23 → 2018-05-23,5091.516474246202,52335.482920267066,19377.676614665525,22281.00576908012,30.239120918736024,36.38451761766016,6.145396698924134
2017-05-24 → 2018-05-24,5091.516474246202,52335.482920267066,19292.701997973934,22371.99699911499,30.059257492601642,36.57711624321974,6.5178587506181
2017-05-25 → 2018-05-25,5091.516474246202,52335.482920267066,19216.36207581601,22738.306426929696,29.89767088609783,37.352473300153655,7.454802414055823
2017-05-26 → 2018-05-26,5091.516474246202,52335.482920267066,19135.866428833706,21510.95730607944,29.72728797154243,34.75457728680223,5.0272893152598
2017-05-27 → 2018-05-27,5091.516474246202,52335.482920267066,19053.233905519595,21501.336578355847,29.552381989826177,34.73421335792979,5.181831368103612
2017-05-28 → 2018-05-28,5091.516474246202,52335.482920267066,18958.005983265644,22022.417660769483,29.35081567476507,35.837171304970504,6.486355630205434
2017-05-29 → 2018-05-29,5091.516474246202,52335.482920267066,18871.903817904396,21910.655754885192,29.168565597478217,35.600607963041995,6.4320423655637775
2017-05-30 → 2018-05-30,5091.516474246202,52335.482920267066,18789.36504875303,22033.3637349709,28.99385806261094,35.8603405581574,6.866482495546457
2017-05-31 → 2018-05-31,5091.516474246202,52335.482920267066,18699.829851396047,22410.416344583027,28.804341381238974,36.65843741152584,7.854096030286865
2017-06-01 → 2018-06-01,5091.516474246202,52335.482920267066,18617.341254669118,22688.035293284305,28.629740044957913,37.24606577888249,8.616325733924576
2017-06-02 → 2018-06-02,5091.516474246202,52335.482920267066,18539.26683065058,22884.052176094792,28.46448206623222,37.66096930531363,9.196487239081407
2017-06-03 → 2018-06-03,5091.516474246202,52335.482920267066,18464.543947039856,22991.684594957118,28.306318200596387,37.88879187602285,9.582473675426463
2017-06-04 → 2018-06-04,5091.516474246202,52335.482920267066,18393.873251384324,23012.692025626646,28.1567314893784,37.933257724785854,9.776526235407452
2017-06-05 → 2018-06-05,5091.516474246202,52335.482920267066,18321.563311872145,23241.80103388878,28.003675035926722,38.41820643992793,10.414531404001206
2017-06-06 → 2018-06-06,5091.516474246202,52335.482920267066,18255.527916380794,23091.698526521406,27.863899736647397,38.10048860491321,10.236588868265812
2017-06-07 → 2018-06-07,5091.516474246202,52335.482920267066,18196.01364498861,22853.1794049549,27.73792752078744,37.595621762627594,9.857694241840154
2017-06-08 → 2018-06-08,5091.516474246202,52335.482920267066,18130.916214859702,22751.093527798934,27.600137586906076,37.37953940368213,9.779401816776055
2017-06-09 → 2018-06-09,5091.516474246202,52335.482920267066,18069.584514225735,22524.452915567024,27.470318468725047,36.89981547429771,9.429497005572664
2017-06-10 → 2018-06-10,5091.516474246202,52335.482920267066,18012.683230687107,22648.082475089777,27.349877092144947,37.16149875117499,9.811621659030042
2017-06-11 → 2018-06-11,5091.516474246202,52335.482920267066,17958.885441615486,21844.026297000702,27.23600479665704,35.45957522828925,8.223570431632215
2017-06-12 → 2018-06-12,5091.516474246202,52335.482920267066,17908.88368550088,22639.782927233424,27.130167459371364,37.143931327267346,10.013763867895982
2017-06-13 → 2018-06-13,5091.516474246202,52335.482920267066,17849.70136324757,21522.765063517738,27.00489787109297,34.77957044111706,7.774672570024087
2017-06-14 → 2018-06-14,5091.516474246202,52335.482920267066,17789.985780113515,21244.281866269688,26.87849954422454,34.19011274271184,7.311613198487301
2017-06-15 → 2018-06-15,5091.516474246202,52335.482920267066,17720.877382209128,21278.123764662167,26.73221970554218,34.2617449551154,7.529525249573215
2017-06-16 → 2018-06-16,5091.516474246202,52335.482920267066,17649.565867900546,21534.36867359734,26.581276591165746,34.80413148235152,8.222854891185776
2017-06-17 → 2018-06-17,5091.516474246202,52335.482920267066,17581.588661649912,21589.00194763937,26.43739111463976,34.91977222581969,8.482381111179933
2017-06-18 → 2018-06-18,5091.516474246202,52335.482920267066,17519.348856154353,21368.41288230547,26.305649835958867,34.45285743875173,8.14720760279286
2017-06-19 → 2018-06-19,5091.516474246202,52335.482920267066,17450.999951511443,21501.677906288023,26.160977595703592,34.73493583734431,8.573958241640717
2017-06-20 → 2018-06-20,5091.516474246202,52335.482920267066,17385.951882819125,21439.34886502748,26.023292143812842,34.60300567578229,8.57971353196945
2017-06-21 → 2018-06-21,5091.516474246202,52335.482920267066,17326.644043523695,21404.66112423229,25.897756877075253,34.529583092107345,8.631826215032092
2017-06-22 → 2018-06-22,5091.516474246202,52335.482920267066,17268.210753010873,20755.725226194103,25.77407274361117,33.15599838520168,7.381925641590506
2017-06-23 → 2018-06-23,5091.516474246202,52335.482920267066,17210.76609091304,20545.941370475128,25.652481212630242,32.71195468713778,7.059473474507541
2017-06-24 → 2018-06-24,5091.516474246202,52335.482920267066,17153.491714272484,20503.56051234831,25.53125012017742,32.62224829431143,7.090998174134015
2017-06-25 → 2018-06-25,5091.516474246202,52335.482920267066,17090.615871717244,20075.962648850294,25.398162559404806,31.71716369692359,6.319001137518782
2017-06-26 → 2018-06-26,5091.516474246202,52335.482920267066,17026.046153132826,19903.89990963917,25.261489617986577,31.352963245194555,6.091473627207979
2017-06-27 → 2018-06-27,5091.516474246202,52335.482920267066,16957.944734736084,20448.473953647655,25.11734122503877,32.50564809571551,7.388306870676736
2017-06-28 → 2018-06-28,5091.516474246202,52335.482920267066,16896.601909277153,20274.00134473198,24.987498559247744,32.13634673928723,7.148848180039483
2017-06-29 → 2018-06-29,5091.516474246202,52335.482920267066,16833.910295028574,19414.063731923838,24.854800949447753,30.31614052567332,5.461339576225566
2017-06-30 → 2018-06-30,5091.516474246202,52335.482920267066,16769.21556808644,19087.558160928926,24.717863406288565,29.625035194015858,4.907171787727293
2017-07-01 → 2018-07-01,5091.516474246202,52335.482920267066,16700.76914619008,19017.80479049098,24.572984753954056,29.47739015977081,4.904405405816753
2017-07-02 → 2018-07-02,5091.516474246202,52335.482920267066,16628.85454266882,19341.997738242084,24.420765097284406,30.16360042562881,5.742835328344405
2017-07-03 → 2018-07-03,5091.516474246202,52335.482920267066,16562.429171494678,19355.30322953492,24.280164347239342,30.19176379186106,5.911599444621718
2017-07-04 → 2018-07-04,5091.516474246202,52335.482920267066,16496.89103202122,21285.27813789327,24.141441576050475,34.27688841949678,10.135446843446303
2017-07-05 → 2018-07-05,5091.516474246202,52335.482920267066,16433.601975734407,21605.30521343048,24.00747937717557,34.95428089860385,10.946801521428277
2017-07-06 → 2018-07-06,5091.516474246202,52335.482920267066,16370.24961836404,18318.98449270491,23.873383190644002,27.998216520562263,4.1248333299182605
2017-07-07 → 2018-07-07,5091.516474246202,52335.482920267066,16305.843033689136,18370.479160332296,23.73705555027009,28.10721386244765,4.370158312177562
2017-07-08 → 2018-07-08,5091.516474246202,52335.482920267066,16237.11844826568,18084.54532036878,23.59158811687417,27.50198559421955,3.9103974773453807
2017-07-09 → 2018-07-09,5091.516474246202,52335.482920267066,16171.118240487636,17285.947766844973,23.451887298456533,25.811616191311238,2.3597288928547044
2017-07-10 → 2018-07-10,5091.516474246202,52335.482920267066,16105.40427754326,17601.556284857477,23.31279236657892,26.479656031643245,3.1668636650643265
2017-07-11 → 2018-07-11,5091.516474246202,52335.482920267066,16030.441818530046,17392.947339339597,23.154121398300116,26.0380992335784,2.8839778352782837
2017-07-12 → 2018-07-12,5091.516474246202,52335.482920267066,15956.988949243923,17358.106694354123,22.998645736936993,25.964353001823532,2.9657072648865395
2017-07-13 → 2018-07-13,5091.516474246202,52335.482920267066,15885.946356146704,16415.166287753902,22.848271840667316,23.968457065190886,1.1201852245235706
2017-07-14 → 2018-07-14,5091.516474246202,52335.482920267066,15813.050301420853,15880.190145984929,22.69397477331769,22.836087829470138,0.1421130561524464
2017-07-15 → 2018-07-15,5091.516474246202,52335.482920267066,15732.732503462508,15635.022282288304,22.52396830688327,22.31714777820085,-0.2068205286824174
2017-07-16 → 2018-07-16,5091.516474246202,52335.482920267066,15636.122710839723,15543.686419954549,22.319477024947474,22.123819678964917,-0.19565734598255702
2017-07-17 → 2018-07-17,5091.516474246202,45131.520776584344,15530.452244276077,15478.191368738399,26.071265355534166,25.94074370238183,-0.13052165315233566
2017-07-18 → 2018-07-18,5091.516474246202,44305.32109133738,15444.18419095683,15438.485182326538,26.400569436709187,26.38603626736757,-0.01453316934161819
2017-07-19 → 2018-07-19,5091.516474246202,44305.32109133738,15362.175775599055,15422.043930526715,26.191437942944273,26.344109063515848,0.1526711205715756
2017-07-20 → 2018-07-20,5091.516474246202,39645.96712288297,15278.411708584079,15799.961323274701,29.480703767865478,30.99005959584244,1.509355827976961
2017-07-21 → 2018-07-21,5091.516474246202,39645.96712288297,15218.527013958204,15657.655443918207,29.307398467095965,30.578228770333116,1.270830303237151
2017-07-22 → 2018-07-22,5091.516474246202,39645.96712288297,15152.97249116855,15855.797898751945,29.11768477881818,31.151649707764673,2.0339649289464923
2017-07-23 → 2018-07-23,5091.516474246202,39645.96712288297,15091.827836261697,28339.871160828177,28.94073317415053,67.28034811775878,38.33961494360825
2017-07-24 → 2018-07-24,5091.516474246202,39645.96712288297,15025.126601260277,15145.821839322522,28.747700919985462,29.09699091243686,0.34928999245139636
2017-07-25 → 2018-07-25,5091.516474246202,39645.96712288297,14959.267416780143,15003.702253912714,28.557105545890778,28.685699218481325,0.12859367259054721
2017-07-26 → 2018-07-26,5091.516474246202,39645.96712288297,14887.009199052462,14970.431317524937,28.34799147701892,28.589413687201752,0.24142221018283294
2017-07-27 → 2018-07-27,5091.516474246202,37521.37480402425,14812.113796395874,15026.555289409234,29.974220742197733,30.63546782762349,0.6612470854257566
2017-07-28 → 2018-07-28,5091.516474246202,37172.70817032268,14742.955601426564,15030.459089290303,30.08441587399239,30.980590463101876,0.896174589109485
2017-07-29 → 2018-07-29,5091.516474246202,37172.70817032268,14678.360345688863,14958.720161021818,29.8830665714177,30.75697368181735,0.8739071103996494
2017-07-30 → 2018-07-30,5091.516474246202,37172.70817032268,14610.842276678102,14981.016267923642,29.672606593339584,30.826472680211946,1.1538660868723625
2017-07-31 → 2018-07-31,5091.516474246202,37172.70817032268,14546.834036865688,14862.798854885237,29.47308707293398,30.457978223527338,0.9848911505933593
2017-08-01 → 2018-08-01,5091.516474246202,37172.70817032268,14487.354458466167,14748.661083354955,29.287683803120924,30.102200381445986,0.8145165783250619
2017-08-02 → 2018-08-02,5091.516474246202,37172.70817032268,14423.400251584291,14734.827750314107,29.08833270828707,30.05908062089626,0.9707479126091911
2017-08-03 → 2018-08-03,5091.516474246202,35845.55325111955,14358.701127936829,14732.507048838595,30.133230056678066,31.34869950419744,1.215469447519375
2017-08-04 → 2018-08-04,5091.516474246202,34961.6996280641,14299.782152531317,14740.771946536872,30.82761706169233,32.3039715645578,1.476354502865469
2017-08-05 → 2018-08-05,5091.516474246202,30958.6336998795,14243.115047210438,14765.679110566636,35.379275135829054,37.39946184159137,2.0201867057623133
2017-08-06 → 2018-08-06,5091.516474246202,30958.6336998795,14198.145843158816,14779.607100221074,35.20542814832223,37.45330622453109,2.2478780762088633
2017-08-07 → 2018-08-07,5091.516474246202,30793.214049387676,14154.202157690857,14961.315430572551,35.261039302750305,38.40135044570892,3.140311142958616
2017-08-08 → 2018-08-08,5091.516474246202,30793.214049387676,14117.260528741795,14828.901705851342,35.11730704988623,37.88615597524998,2.7688489253637485
2017-08-09 → 2018-08-09,5091.516474246202,30793.214049387676,14079.164934701123,14862.001426459947,34.969084957048594,38.01494015579617,3.0458551987475744
2017-08-10 → 2018-08-10,5091.516474246202,30793.214049387676,14042.067508117865,14941.266813371101,34.824746527749134,38.3233454145516,3.498598886802469
2017-08-11 → 2018-08-11,5091.516474246202,30793.214049387676,14005.847783115889,15053.125162279779,34.683823054129995,38.75856316070105,4.074740106571056
2017-08-12 → 2018-08-12,5091.516474246202,30793.214049387676,13974.475015189046,15187.813458048387,34.56175808999632,39.2826075175955,4.720849427599184
2017-08-13 → 2018-08-13,5091.516474246202,30793.214049387676,13947.499505603259,15335.600243486237,34.456801950399225,39.85761539404328,5.400813443644054
2017-08-14 → 2018-08-14,5091.516474246202,30793.214049387676,13924.442379120572,15402.736483566418,34.36709143063578,40.11882864614035,5.751737215504569
2017-08-15 → 2018-08-15,5091.516474246202,30793.214049387676,13904.544772408462,15309.051600521483,34.28967395012137,39.75432010435614,5.464646154234771
2017-08-16 → 2018-08-16,5091.516474246202,30793.214049387676,13882.29906087523,15445.292484490023,34.20312047843649,40.28440526145608,6.081284783019591
2017-08-17 → 2018-08-17,5091.516474246202,30793.214049387676,13861.33064015429,15134.437693276352,34.12153668164783,39.0749334345277,4.953396752879868
2017-08-18 → 2018-08-18,5091.516474246202,30793.214049387676,13840.611778968876,15140.529031353653,34.04092386949859,39.098633573631325,5.0577097041327335
2017-08-19 → 2018-08-19,5091.516474246202,30793.214049387676,13816.204345997387,15035.801387000087,33.94595958591331,38.691159927007845,4.745200341094538
2017-08-20 → 2018-08-20,5091.516474246202,30793.214049387676,13794.086628553338,14909.243891474418,33.8599041128093,38.198750835524045,4.338846722714742
2017-08-21 → 2018-08-21,5091.516474246202,30793.214049387676,13769.424489328208,14909.482251189474,33.76394881976678,38.19967824397386,4.435729424207075
2017-08-22 → 2018-08-22,5091.516474246202,30793.214049387676,13743.91826643979,14953.560137154422,33.66470937142354,38.37117619984265,4.70646682841911
2017-08-23 → 2018-08-23,5091.516474246202,30793.214049387676,13718.787024062338,14992.602242721718,33.56692889484616,38.52308097365439,4.9561520788082305
2017-08-24 → 2018-08-24,5091.516474246202,30793.214049387676,13693.694450267521,15023.300445047937,33.469298869741955,38.64252134227778,5.1732224725358265
2017-08-25 → 2018-08-25,5091.516474246202,30793.214049387676,13671.038189741656,15005.390318493794,33.38114803667099,38.572836736808505,5.191688700137512
2017-08-26 → 2018-08-26,5091.516474246202,30793.214049387676,13649.114714157304,14960.00263284907,33.295848318548266,38.3962426207505,5.100394302202233
2017-08-27 → 2018-08-27,5091.516474246202,30793.214049387676,13626.138502900692,14936.24336424574,33.206452623227214,38.30380021092964,5.097347587702423
2017-08-28 → 2018-08-28,5091.516474246202,30793.214049387676,13601.77508148854,14933.059386077239,33.11165957953458,38.29141200910293,5.179752429568346
2017-08-29 → 2018-08-29,5091.516474246202,30793.214049387676,13578.238297606073,14955.730951386831,33.020082811837995,38.379622389928194,5.3595395780901995
2017-08-30 → 2018-08-30,5091.516474246202,30793.214049387676,13558.064754447178,14881.550412780847,32.94159171956708,38.09100122632953,5.149409506762453
2017-08-31 → 2018-08-31,5091.516474246202,30793.214049387676,13537.38744111229,14836.317181943068,32.86114056152806,37.915008062043256,5.053867500515196
2017-09-01 → 2018-09-01,5091.516474246202,30793.214049387676,13517.737702164775,14681.386444897587,32.784687483321584,37.31220454452257,4.527517061200989
2017-09-02 → 2018-09-02,5091.516474246202,30793.214049387676,13499.680086201837,15014.639691746857,32.714429027007,38.60882413890918,5.894395111902178
2017-09-03 → 2018-09-03,5091.516474246202,30793.214049387676,13477.86646649803,14551.7626330639,32.62955673543936,36.80786504922379,4.178308313784434
2017-09-04 → 2018-09-04,5091.516474246202,30793.214049387676,13455.923609922525,14464.92255351924,32.54418160988062,36.469988224976,3.9258066150953823
2017-09-05 → 2018-09-05,5091.516474246202,30793.214049387676,13433.70274561565,14410.732221966528,32.45772481362461,36.25914483070494,3.801420017080332
2017-09-06 → 2018-09-06,5091.516474246202,30793.214049387676,13414.47166893214,14695.980667927555,32.382900663868405,37.36898765383783,4.986086989969422
2017-09-07 → 2018-09-07,5091.516474246202,30793.214049387676,13397.805645675053,14138.710955090752,32.31805660752403,35.20076623107939,2.882709623555364
2017-09-08 → 2018-09-08,5091.516474246202,30793.214049387676,13383.014402851151,14633.651443651142,32.260506934858796,37.12647750798389,4.865970573125097
2017-09-09 → 2018-09-09,5091.516474246202,30793.214049387676,13363.859741243252,14134.804652476692,32.18598010038843,35.18556761393498,2.999587513546551
2017-09-10 → 2018-09-10,5091.516474246202,30793.214049387676,13344.241571004075,14091.50477830804,32.10964984950978,35.017096741370786,2.9074468918610066
2017-09-11 → 2018-09-11,5091.516474246202,30793.214049387676,13323.650144912908,14008.122386290564,32.0295328610075,34.692673065566105,2.6631402045586015
2017-09-12 → 2018-09-12,5091.516474246202,30793.214049387676,13301.970732044372,13509.400930390435,31.94518274053334,32.75225082519825,0.8070680846649125
2017-09-13 → 2018-09-13,5091.516474246202,30793.214049387676,13278.453319830565,13214.698571958075,31.853681344000872,31.605624780086767,-0.2480565639141048
2017-09-14 → 2018-09-14,5091.516474246202,30793.214049387676,13250.23251109268,13170.291793248587,31.74388000245376,31.432847170437988,-0.3110328320157727
2017-09-15 → 2018-09-15,5091.516474246202,27645.36060268255,13207.976818053618,13222.60585685736,35.987037498295095,36.051900227328936,0.06486272903384105
2017-09-16 → 2018-09-16,5091.516474246202,27645.36060268255,13176.168228578455,13201.810673499454,35.846003494095974,35.95969783717546,0.11369434307948723
2017-09-17 → 2018-09-17,5091.516474246202,27645.36060268255,13146.203240479806,13190.497279170926,35.71314371228668,35.90953612521141,0.1963924129247303
2017-09-18 → 2018-09-18,5091.516474246202,27645.36060268255,13115.687684906517,13282.634097951855,35.57784280571167,36.31805548118569,0.7402126754740195
2017-09-19 → 2018-09-19,5091.516474246202,27645.36060268255,13091.526614082133,13679.58001563296,35.47071662940755,38.07804777083988,2.607331141432333
2017-09-20 → 2018-09-20,5091.516474246202,27645.36060268255,13063.971924677593,12949.92906253019,35.348543711799245,34.842896596841946,-0.5056471149572985
2017-09-21 → 2018-09-21,5091.516474246202,27645.36060268255,13034.369356266365,12867.023207244676,35.217290838707406,34.47530580028686,-0.7419850384205446
2017-09-22 → 2018-09-22,5091.516474246202,27630.31083092653,12999.581989249928,12837.749868359902,35.086461990189974,34.368446117960936,-0.7180158722290386
2017-09-23 → 2018-09-23,5091.516474246202,27196.84601390803,12964.84996114989,12791.290707214113,35.61735405381401,34.83220740569744,-0.785146648116573
2017-09-24 → 2018-09-24,5091.516474246202,27196.84601390803,12934.029469529934,12756.3776343045,35.47792843898815,34.67426778825373,-0.8036606507344217
2017-09-25 → 2018-09-25,5091.516474246202,25706.339934620904,12902.302995038704,12719.185459665772,37.88917492214377,37.00089404151961,-0.8882808806241655
2017-09-26 → 2018-09-26,5091.516474246202,25706.339934620904,12874.854012146816,12689.631671463774,37.75602324638651,36.85753221133559,-0.8984910350509239
2017-09-27 → 2018-09-27,5091.516474246202,24067.330070546515,12845.532773038763,12782.279988723814,40.86262894311077,40.52929522862234,-0.3333337144884325
2017-09-28 → 2018-09-28,5091.516474246202,24067.330070546515,12821.85285883148,12651.722883868675,40.73783896197447,39.841276745554005,-0.8965622164204632
2017-09-29 → 2018-09-29,5091.516474246202,24067.330070546515,12798.10456777343,12635.294577438206,40.612688643978714,39.75470176763753,-0.8579868763411866
2017-09-30 → 2018-09-30,5091.516474246202,23715.312913908056,12773.716305108619,12760.80615863609,41.24937606438905,41.180055362166186,-0.06932070222286058
2017-10-01 → 2018-10-01,5091.516474246202,23715.312913908056,12752.320716044962,13398.465610754927,41.134492994586516,44.603951527401634,3.4694585328151177
2017-10-02 → 2018-10-02,5091.516474246202,23715.312913908056,12731.948651719264,12597.226013487889,41.02510571476041,40.30171594475377,-0.7233897700066407
2017-10-03 → 2018-10-03,5091.516474246202,23715.312913908056,12711.932087448431,12493.58889250348,40.9176272834122,39.74523906679725,-1.172388216614955
2017-10-04 → 2018-10-04,5091.516474246202,23715.312913908056,12690.232108311544,12467.672161524337,40.80110979887465,39.606079840787075,-1.1950299580875736
2017-10-05 → 2018-10-05,5091.516474246202,23151.2515099685,12666.927111025401,12440.273611617475,41.9464107407721,40.691389562667304,-1.2550211781047977
2017-10-06 → 2018-10-06,5091.516474246202,22904.702388485464,12645.382874012994,12414.643063024507,42.40603806716285,41.11070655207412,-1.2953315150887263
2017-10-07 → 2018-10-07,5091.516474246202,22528.327458154556,12624.422742516197,12389.009952419332,43.20116949837774,41.8510786456747,-1.3500908527030404
2017-10-08 → 2018-10-08,5091.516474246202,21735.634793708636,12604.238150751486,12364.120608308109,45.13739648029568,43.69473945374354,-1.4426570265521406
2017-10-09 → 2018-10-09,5091.516474246202,21092.249862508597,12586.308875148741,12343.290086042973,46.84030549749969,45.3215076823693,-1.518797815130391
2017-10-10 → 2018-10-10,5091.516474246202,21092.249862508597,12570.966643576388,12325.190089423075,46.74442094521031,45.2083878885405,-1.5360330566698082
2017-10-11 → 2018-10-11,5091.516474246202,20768.573813293024,12557.69748728071,12308.009415753071,47.62488808686374,46.03219077047554,-1.5926973163882039
2017-10-12 → 2018-10-12,5091.516474246202,18540.255310375847,12545.080380429661,12306.367695595807,55.422028764211525,53.647046829157816,-1.7749819350537095
2017-10-13 → 2018-10-13,5091.516474246202,18123.245981762226,12538.508795065693,12328.18997789708,57.145080524610734,55.53118256081928,-1.6138979637914517
2017-10-14 → 2018-10-14,5091.516474246202,18123.245981762226,12534.031551479064,12340.444981757053,57.110724044267535,55.62522229555215,-1.4855017487153859
2017-10-15 → 2018-10-15,5091.516474246202,18123.245981762226,12529.216051219224,12315.668331335626,57.07377192477286,55.435096722372194,-1.6386752024006697
2017-10-16 → 2018-10-16,5091.516474246202,18123.245981762226,12523.478691551049,12256.648009429537,57.029745844697565,54.982199646262295,-2.0475461984352705
2017-10-17 → 2018-10-17,5091.516474246202,18123.245981762226,12518.420337012001,12230.155620396014,56.990930163815534,54.77890821807355,-2.2120219457419807
2017-10-18 → 2018-10-18,5091.516474246202,18123.245981762226,12512.261439475551,12221.874808094397,56.94366937979682,54.71536475443091,-2.228304625365915
2017-10-19 → 2018-10-19,5091.516474246202,18123.245981762226,12506.134932301624,12229.893590857213,56.89665714576915,54.77689751382552,-2.11975963194363
2017-10-20 → 2018-10-20,5091.516474246202,18123.245981762226,12500.906973386669,12352.988017806398,56.8565399923864,55.721472267914685,-1.1350677244717176
2017-10-21 → 2018-10-21,5091.516474246202,18123.245981762226,12497.965506909659,12287.57103990776,56.833968418327,55.21948994959762,-1.6144784687293736
2017-10-22 → 2018-10-22,5091.516474246202,18123.245981762226,12495.294017899081,12197.90508303307,56.813468537562606,54.53143118638454,-2.2820373511780687
2017-10-23 → 2018-10-23,5091.516474246202,18123.245981762226,12492.448881938491,12091.06255308055,56.791636163287585,53.71156664046298,-3.0800695228246013
2017-10-24 → 2018-10-24,5091.516474246202,18123.245981762226,12488.646689898285,12069.869831607115,56.76245974401021,53.548942627578036,-3.213517116432172
2017-10-25 → 2018-10-25,5091.516474246202,17433.69763819235,12481.80537884274,12055.750535901181,59.878305191184324,56.42628291666006,-3.4520222745242677
2017-10-26 → 2018-10-26,5091.516474246202,17353.914729326872,12476.836193464811,12032.290843121616,60.227367971503085,56.60209548323591,-3.6252724882671785
2017-10-27 → 2018-10-27,5091.516474246202,17353.914729326872,12473.15813781092,12001.173345048368,60.19737338498437,56.34833192552112,-3.849041459463244
2017-10-28 → 2018-10-28,5091.516474246202,17353.914729326872,12468.468629690386,11978.590564308655,60.159130391868466,56.16416908665429,-3.9949613052141757
2017-10-29 → 2018-10-29,5091.516474246202,17155.313387733848,12464.678378194341,11958.007532990552,61.118087090016814,56.91815858626923,-4.199928503747586
2017-10-30 → 2018-10-30,5091.516474246202,17155.313387733848,12463.99096849035,11938.52642160621,61.11238896935944,56.75667450688654,-4.355714462472903
2017-10-31 → 2018-10-31,5091.516474246202,17155.313387733848,12462.666545616303,11923.534708083866,61.10141047822978,56.63240423252886,-4.469006245700918
2017-11-01 → 2018-11-01,5091.516474246202,17155.313387733848,12463.239697618526,11909.458321474709,61.10616148660909,56.51572134479375,-4.590440141815343
2017-11-02 → 2018-11-02,5091.516474246202,17155.313387733848,12465.659936299875,11892.093098809277,61.126223484491724,56.37177642604253,-4.754447058449195
2017-11-03 → 2018-11-03,5091.516474246202,17155.313387733848,12470.017283149939,11868.658959239192,61.16234268378952,56.177524651595924,-4.984818032193594
2017-11-04 → 2018-11-04,5091.516474246202,17155.313387733848,12474.61775343492,11844.277495394632,61.20047719747516,55.97542025594498,-5.225056941530177
2017-11-05 → 2018-11-05,5091.516474246202,17155.313387733848,12480.469186605023,11821.519505280097,61.24898127303333,55.78677326298135,-5.462208010051981
2017-11-06 → 2018-11-06,5091.516474246202,17155.313387733848,12485.821003911668,11797.938148866217,61.293343900695454,55.59130116922025,-5.702042731475203
2017-11-07 → 2018-11-07,5091.516474246202,17155.313387733848,12488.735499628576,11768.682337096805,61.31750292573383,55.348792015765405,-5.968710909968422
2017-11-08 → 2018-11-08,5091.516474246202,17155.313387733848,12492.99790489675,11737.804361612143,61.35283512917476,55.09283631868185,-6.25999881049291
2017-11-09 → 2018-11-09,5091.516474246202,17155.313387733848,12499.483462338081,11708.372440211086,61.406595628359554,54.84886734596023,-6.557728282399324
2017-11-10 → 2018-11-10,5091.516474246202,17155.313387733848,12504.103430947016,11687.129109159798,61.4448917688041,54.67277576216097,-6.772116006643131
2017-11-11 → 2018-11-11,5091.516474246202,17155.313387733848,12505.96092246913,11622.850457960027,61.460289006800025,54.139953039259304,-7.320335967540721
2017-11-12 → 2018-11-12,5091.516474246202,17155.313387733848,12506.138452421013,11583.283925634792,61.4617605994765,53.81197559891465,-7.649785000561849
2017-11-13 → 2018-11-13,5091.516474246202,17068.82007789293,12502.85674962085,11533.141269819605,61.878203313791914,53.781927959245536,-8.096275354546378
2017-11-14 → 2018-11-14,5091.516474246202,17939.60626518091,12509.96297279911,11491.184141931048,57.7396844143102,49.810265742385226,-7.929418671924971
2017-11-15 → 2018-11-15,5091.516474246202,18055.232592128214,12517.848741147629,11447.58078721209,57.28552059742826,49.02964748046588,-8.255873116962377
2017-11-16 → 2018-11-16,5091.516474246202,18194.997211471265,12529.914060890771,11411.75069164922,56.76657779572396,48.233246907046315,-8.533330888677646
2017-11-17 → 2018-11-17,5091.516474246202,18194.997211471265,12544.703282642447,11380.998905163964,56.87944262949032,47.998562802097815,-8.880879827392505
2017-11-18 → 2018-11-18,5091.516474246202,18194.997211471265,12558.534845463037,11345.456705979499,56.984999031624724,47.72732037501129,-9.257678656613436
2017-11-19 → 2018-11-19,5091.516474246202,20867.24249949181,12580.5031663868,11299.64677389305,47.471581847682366,39.35242213076019,-8.119159716922177
2017-11-20 → 2018-11-20,5091.516474246202,23161.38729322337,12609.710674481312,11257.824024430784,41.606242100742755,34.1248015105269,-7.481440590215854
2017-11-21 → 2018-11-21,5091.516474246202,23161.38729322337,12636.730387871525,11225.018223819296,41.75577119068974,33.94325178645784,-7.8125194042318995
2017-11-22 → 2018-11-22,5091.516474246202,23236.276306007498,12666.452762322602,11192.644005830687,41.747239193637256,33.624735671093504,-8.122503522543752
2017-11-23 → 2018-11-23,5091.516474246202,23310.605513847426,12697.023258896583,11151.116187503147,41.74471494221781,33.259619622505426,-8.485095319712386
2017-11-24 → 2018-11-24,5091.516474246202,26272.11605683284,12734.955242027,11100.98598769777,36.086980153596556,28.372518398356277,-7.714461755240279
2017-11-25 → 2018-11-25,5091.516474246202,26272.11605683284,12770.992297304914,11045.081694644714,36.257121962554336,28.1085773666821,-8.148544595872238
2017-11-26 → 2018-11-26,5091.516474246202,27024.938125711167,12813.641555780614,10991.490194121827,35.20711544347044,26.899467915356272,-8.30764752811417
2017-11-27 → 2018-11-27,5091.516474246202,27024.938125711167,12856.672778525945,10941.042147477863,35.403305638639814,26.669462549820455,-8.73384308881936
2017-11-28 → 2018-11-28,5091.516474246202,27024.938125711167,12893.516636584452,10896.33840624418,35.571286078007546,26.465646921123522,-9.105639156884024
2017-11-29 → 2018-11-29,5091.516474246202,27024.938125711167,12930.461939792756,10854.823187092623,35.739729031393416,26.27636856861082,-9.463360462782596
2017-11-30 → 2018-11-30,5091.516474246202,27024.938125711167,12971.346441803169,10805.647699373543,35.92613178541917,26.05216512009965,-9.873966665319521
2017-12-01 → 2018-12-01,5091.516474246202,27024.938125711167,13009.88275127646,10752.139226542053,36.101828537552315,25.808206499863505,-10.29362203768881
2017-12-02 → 2018-12-02,5091.516474246202,27024.938125711167,13051.265582382328,10720.570626844352,36.29050329958199,25.664277293562066,-10.626226006019927
2017-12-03 → 2018-12-03,5091.516474246202,27024.938125711167,13097.357553862572,10677.434590259378,36.50064822002657,25.4676092256681,-11.03303899435847
2017-12-04 → 2018-12-04,5091.516474246202,27024.938125711167,13143.177170119005,10632.929735124755,36.7095514043292,25.264700368847524,-11.444851035481673
2017-12-05 → 2018-12-05,5091.516474246202,27024.938125711167,13193.201030660995,10595.633894890476,36.93762279846414,25.094659228769466,-11.842963569694675
2017-12-06 → 2018-12-06,5091.516474246202,28474.05558654294,13247.719643513461,10522.890307492493,34.88159746080766,23.228332077887824,-11.653265382919837
2017-12-07 → 2018-12-07,5091.516474246202,29647.23620017019,13309.196044296388,10432.172992082513,33.46543966852093,21.749134529329503,-11.716305139191427
2017-12-08 → 2018-12-08,5091.516474246202,29647.23620017019,13373.327036848095,10545.830044049408,33.726604860449726,22.211988207557898,-11.514616652891828
2017-12-09 → 2018-12-09,5091.516474246202,29647.23620017019,13433.7356203309,10579.031536117593,33.97261102177201,22.34719699980166,-11.62541402197035
2017-12-10 → 2018-12-10,5091.516474246202,29647.23620017019,13495.62125263011,10581.549084537563,34.224632273805916,22.357449390886384,-11.867182882919533
2017-12-11 → 2018-12-11,5091.516474246202,29827.91500152927,13559.462452820286,10543.764392414892,34.232735898212276,22.041397465985685,-12.19133843222659
2017-12-12 → 2018-12-12,5091.516474246202,29827.91500152927,13623.089709362737,10613.59639283531,34.48995707967195,22.32370210440504,-12.166254975266913
2017-12-13 → 2018-12-13,5091.516474246202,30671.632855764834,13691.220014683724,10668.334840284288,33.61870373135096,21.801379958018014,-11.817323773332948
2017-12-14 → 2018-12-14,5091.516474246202,31260.28195903754,13760.086781008922,10689.902229959436,33.12563717153829,21.39338884353136,-11.732248328006929
2017-12-15 → 2018-12-15,5091.516474246202,31396.444360089477,13829.413003911559,10691.797595374273,33.21771710451218,21.289855442417,-11.927861662095182
2017-12-16 → 2018-12-16,5091.516474246202,31396.444360089477,13899.483401415442,10647.643111524223,33.48409455974784,21.121999122712687,-12.362095437035151
2017-12-17 → 2018-12-17,5194.67899762432,31396.444360089477,13963.654985074727,10684.465344750884,33.46711897516737,20.951971255306535,-12.515147719860831
2017-12-18 → 2018-12-18,5268.14182745109,31396.444360089477,14024.122892200945,10893.511597517228,33.511480716408,21.529794226162075,-11.981686490245927
2017-12-19 → 2018-12-19,5664.65489242416,31396.444360089477,14083.618824371837,10951.005200043404,32.718144000544484,20.544044611674195,-12.174099388870289
2017-12-20 → 2018-12-20,5846.725992123569,31396.444360089477,14135.310175237872,11003.688292827306,32.441000185373795,20.184027966310218,-12.256972219063577
2017-12-21 → 2018-12-21,5846.725992123569,31396.444360089477,14189.873523430166,11100.812295097145,32.65455771820635,20.56416523777076,-12.09039248043559
2017-12-22 → 2018-12-22,5846.725992123569,31396.444360089477,14241.30696585291,11171.162476172954,32.855864995578266,20.839511447316514,-12.016353548261751
2017-12-23 → 2018-12-23,5846.725992123569,31396.444360089477,14291.507321854382,11240.783967211748,33.052346049805514,21.112005609624326,-11.940340440181188
2017-12-24 → 2018-12-24,5846.725992123569,31396.444360089477,14340.812438152654,11322.633848613035,33.24532319181617,21.432360927136983,-11.812962264679186
2017-12-25 → 2018-12-25,5846.725992123569,31396.444360089477,14393.968462862364,11343.722520530171,33.45337254854159,21.5149006702896,-11.938471878251988
2017-12-26 → 2018-12-26,5846.725992123569,31396.444360089477,14446.321110953113,11270.283754551696,33.65827753941769,21.227465932572287,-12.430811606845403
2017-12-27 → 2018-12-27,5846.725992123569,31396.444360089477,14505.15167648422,11451.874157854227,33.88853669407384,21.938199415764835,-11.950337278309007
2017-12-28 → 2018-12-28,5846.725992123569,31396.444360089477,14557.796602282724,11445.167953586448,34.09458564162119,21.911951751617636,-12.182633890003551
2017-12-29 → 2018-12-29,5846.725992123569,31396.444360089477,14610.14182810072,11671.185856941242,34.29946158218586,22.796571691844353,-11.50288989034151
2017-12-30 → 2018-12-30,5846.725992123569,31396.444360089477,14662.815081062512,11745.879441487707,34.505621400478944,23.088917710969618,-11.416703689509326
2017-12-31 → 2018-12-31,5846.725992123569,31396.444360089477,14715.815292650363,11739.036248730003,34.71306091438882,23.062133882439106,-11.650927031949713
2018-01-01 → 2019-01-01,5846.725992123569,31396.444360089477,14767.937007549512,11775.072433145288,34.917062047193866,23.203177254801545,-11.71388479239232
2018-01-02 → 2019-01-02,5846.725992123569,31396.444360089477,14817.734901493854,11760.41392513014,35.11196789009653,23.14580477106597,-11.966163119030561
2018-01-03 → 2019-01-03,5846.725992123569,31396.444360089477,14871.414334433759,11810.99834681655,35.32206583390482,23.34378903436741,-11.978276799537412
2018-01-04 → 2019-01-04,5846.725992123569,31396.444360089477,14924.595887742842,11860.084681748738,35.53021510797182,23.535909879792197,-11.994305228179623
2018-01-05 → 2019-01-05,5846.725992123569,31396.444360089477,14978.393221092227,11516.775872968254,35.74077450661018,22.19222067024332,-13.54855383636686
2018-01-06 → 2019-01-06,5846.725992123569,31396.444360089477,15029.848123319223,11952.653592354587,35.942165776314,23.898218807321946,-12.043946968992053
2018-01-07 → 2019-01-07,6160.786042591422,31396.444360089477,15082.162088862544,12051.926313067572,35.35226200176107,23.3445079829414,-12.007754018819668
2018-01-08 → 2019-01-08,6694.598724167442,31396.444360089477,15133.761560768795,12035.065188132052,34.16409834708429,21.619706246558238,-12.544392100526053
2018-01-09 → 2019-01-09,6817.056260699874,31396.444360089477,15183.703666276037,12062.248016933521,34.039282718286785,21.339797943806037,-12.699484774480748
2018-01-10 → 2019-01-10,6817.056260699874,31396.444360089477,15240.013345709338,12323.82694341898,34.2683758072018,22.404018604742486,-11.864357202459313
2018-01-11 → 2019-01-11,7026.801947562095,31396.444360089477,15296.777098955032,12358.654278438693,33.935562169519976,21.879074959818542,-12.056487209701434
2018-01-12 → 2019-01-12,7026.801947562095,31396.444360089477,15351.595912800987,12321.8941258305,34.16050931038477,21.728230922036122,-12.432278388348646
2018-01-13 → 2019-01-13,7026.801947562095,31396.444360089477,15409.65302451156,12468.89698549655,34.39874469655821,22.331452164176643,-12.067292532381568
2018-01-14 → 2019-01-14,7309.372233038978,31396.444360089477,15464.964100450088,11924.644871637081,33.858792900994125,19.160787223346315,-14.69800567764781
2018-01-15 → 2019-01-15,7357.43343237105,31396.444360089477,15521.285148390121,12776.613303768736,33.9608469773008,22.54327304768203,-11.417573929618765
2018-01-16 → 2019-01-16,7831.832029555435,31396.444360089477,15576.93143254672,12799.139926773054,32.86750188949855,21.07952308971868,-11.787978799779868
2018-01-17 → 2019-01-17,7831.832029555435,31396.444360089477,15628.088379484641,12854.899183931777,33.08459413875926,21.31614593917024,-11.768448199589017
2018-01-18 → 2019-01-18,7831.832029555435,31396.444360089477,15679.302430922477,12885.31355597854,33.3019287196107,21.445213931548597,-11.856714788062103
2018-01-19 → 2019-01-19,7831.832029555435,31396.444360089477,15729.105932213028,12912.044643563853,33.51327741736126,21.558651348682236,-11.954626068679023
2018-01-20 → 2019-01-20,7831.832029555435,31396.444360089477,15782.441961476794,12979.066662603142,33.73961693237486,21.843069433305015,-11.896547499069843
2018-01-21 → 2019-01-21,8608.846026879573,31396.444360089477,15838.320986993534,13001.783637392025,31.725480036998714,19.27775602447024,-12.447724012528475
2018-01-22 → 2019-01-22,8608.846026879573,31396.444360089477,15890.777944238658,13051.17251424628,31.955679623976142,19.494491795094547,-12.461187828881595
2018-01-23 → 2019-01-23,8608.846026879573,31396.444360089477,15942.255294832687,13055.94010105393,32.18158035226398,19.51541364362784,-12.666166708636137
2018-01-24 → 2019-01-24,8608.846026879573,31396.444360089477,15993.657012582125,13022.121918375888,32.407149177016024,19.367007558074032,-13.040141618941991
2018-01-25 → 2019-01-25,8608.846026879573,31396.444360089477,16046.0375068684,13116.474199219801,32.637013217624194,19.781058567154737,-12.855954650469457
2018-01-26 → 2019-01-26,8608.846026879573,31396.444360089477,16098.302295751626,13165.911708048134,32.86636950220929,19.998007751993946,-12.868361750215342
2018-01-27 → 2019-01-27,8608.846026879573,31396.444360089477,16150.777758729811,13181.414984536334,33.096650298855195,20.06604158452647,-13.030608714328725
2018-01-28 → 2019-01-28,8608.846026879573,31396.444360089477,16206.183417871507,13280.028146649725,33.33978982734578,20.498790839939122,-12.84099898740666
2018-01-29 → 2019-01-29,8665.013949999768,31396.444360089477,16263.120821486695,13396.86135743638,33.42555542881448,20.816320495767425,-12.609234933047052
2018-01-30 → 2019-01-30,8665.013949999768,31396.444360089477,16318.052228249458,13248.48876960406,33.667209410863855,20.163600516621443,-13.503608894242412
2018-01-31 → 2019-01-31,8665.013949999768,31396.444360089477,16370.740107389045,13524.919514574569,33.89899367691779,21.379673328510176,-12.519320348407614
2018-02-01 → 2019-02-01,8665.013949999768,31396.444360089477,16422.86306342347,13530.403229853884,34.128292735947916,21.40379726255386,-12.724495473394057
2018-02-02 → 2019-02-02,8665.013949999768,31396.444360089477,16471.561060409345,13571.303947093358,34.34252473150355,21.583727502321434,-12.758797229182118
2018-02-03 → 2019-02-03,8665.013949999768,31396.444360089477,16520.517091256683,13641.553025935664,34.557891868389085,21.892766914162074,-12.66512495422701
2018-02-04 → 2019-02-04,8665.013949999768,31396.444360089477,16570.689764359973,13688.590897625956,34.77861125207125,22.099695694453057,-12.678915557618193
2018-02-05 → 2019-02-05,8665.013949999768,31396.444360089477,16617.313149117315,13678.795482509115,34.983716623428116,22.056603751094784,-12.927112872333332
2018-02-06 → 2019-02-06,8665.013949999768,31396.444360089477,16658.559183737878,13603.635425147802,35.1651659817679,21.725959986028634,-13.439205995739265
2018-02-07 → 2019-02-07,8665.013949999768,31396.444360089477,16704.596683327505,13564.688834544164,35.36769392989559,21.55462633081637,-13.813067599079218
2018-02-08 → 2019-02-08,8665.013949999768,31396.444360089477,16744.395500324565,13486.257453495185,35.542776695384,21.209591374220917,-14.333185321163082
2018-02-09 → 2019-02-09,8665.013949999768,31396.444360089477,16786.600650381373,13421.309576825213,35.728445389766186,20.92387298563617,-14.804572404130017
2018-02-10 → 2019-02-10,8665.013949999768,31396.444360089477,16830.07205179181,13479.74020852764,35.919684571050354,21.180920741313226,-14.738763829737128
2018-02-11 → 2019-02-11,8665.013949999768,31396.444360089477,16874.13606309631,13463.23750221572,36.11353075894772,21.108322114591534,-15.005208644356184
2018-02-12 → 2019-02-12,8665.013949999768,31396.444360089477,16916.542539457067,13420.669526469583,36.30008512704386,20.921057279171226,-15.379027847872631
2018-02-13 → 2019-02-13,8665.013949999768,31396.444360089477,16962.272753047957,13409.049116411146,36.50126126407478,20.86993682678967,-15.631324437285109
2018-02-14 → 2019-02-14,8665.013949999768,31396.444360089477,17006.926162285872,13370.078498023897,36.69770032854339,20.698497468666606,-15.999202859876785
2018-02-15 → 2019-02-15,8665.013949999768,31396.444360089477,17054.70693806179,13344.036877210729,36.90789728893666,20.58393529486865,-16.32396199406801
2018-02-16 → 2019-02-16,8665.013949999768,31396.444360089477,17103.89180953251,13348.88347914251,37.124271140398676,20.60525644291937,-16.519014697479307
2018-02-17 → 2019-02-17,8665.013949999768,31396.444360089477,17152.495859809755,13351.463972495996,37.338089846042784,20.61660853694483,-16.721481309097953
2018-02-18 → 2019-02-18,8665.013949999768,31396.444360089477,17198.520317007256,13394.301152703922,37.540560418141375,20.805057655346598,-16.735502762794777
2018-02-19 → 2019-02-19,8665.013949999768,31396.444360089477,17242.519251116897,13267.88895532097,37.73412031875419,20.24894572089112,-17.485174597863068
2018-02-20 → 2019-02-20,8665.013949999768,31396.444360089477,17287.485557395314,13492.975227425846,37.93193587838768,21.23914417318459,-16.692791705203085
2018-02-21 → 2019-02-21,8665.013949999768,31396.444360089477,17333.3869195321,13567.083630830897,38.133864931283576,21.565161507193437,-16.56870342409014
2018-02-22 → 2019-02-22,8665.013949999768,31396.444360089477,17376.463657123404,13604.39527959368,38.32336790938119,21.729302734074707,-16.594065175306483
2018-02-23 → 2019-02-23,8665.013949999768,31396.444360089477,17415.279672852856,13670.261582219387,38.4941271402311,22.019061457733695,-16.475065682497405
2018-02-24 → 2019-02-24,8665.013949999768,31396.444360089477,17461.163616759623,13716.559148359574,38.69597956693276,22.22273348938744,-16.473246077545323
2018-02-25 → 2019-02-25,8665.013949999768,31396.444360089477,17504.444070445148,13721.517926068114,38.88637873189827,22.244548120579058,-16.64183061131921
2018-02-26 → 2019-02-26,8665.013949999768,31396.444360089477,17547.966307610375,13695.185283460598,39.077841549591916,22.128705685094538,-16.94913586449738
2018-02-27 → 2019-02-27,8665.013949999768,31396.444360089477,17593.384269442515,13725.097770509743,39.27764403017835,22.26029655513441,-17.01734747504394
2018-02-28 → 2019-02-28,8665.013949999768,31396.444360089477,17639.774070645817,13761.831386452075,39.48172182188085,22.421894902795046,-17.059826919085808
2018-03-01 → 2019-03-01,8665.013949999768,31396.444360089477,17684.965984999737,13748.981450616788,39.68052987548166,22.365365526493306,-17.315164348988354
2018-03-02 → 2019-03-02,8665.013949999768,31396.444360089477,17731.67284484927,13775.778233062314,39.88600247006506,22.48324980373453,-17.402752666330528
2018-03-03 → 2019-03-03,8665.013949999768,31396.444360089477,17779.10197501802,13599.065696735546,40.0946524727842,21.705856858641507,-18.38879561414269
2018-03-04 → 2019-03-04,8665.013949999768,31396.444360089477,17829.06986228786,13626.592058622116,40.31447096360675,21.82695069827226,-18.487520265334492
2018-03-05 → 2019-03-05,8665.013949999768,31396.444360089477,17876.383417755358,13983.70239000864,40.52261253065261,23.397948761060313,-17.124663769592296
2018-03-06 → 2019-03-06,9365.89585383936,31396.444360089477,17923.63898234742,14038.647078133905,38.844893607983515,21.21032630199323,-17.634567305990284
2018-03-07 → 2019-03-07,10097.863393503589,31396.444360089477,17968.907372642614,14075.848008718545,36.95572015566413,18.67722840998556,-18.278491745678572
2018-03-08 → 2019-03-08,10208.325616879292,31396.444360089477,18012.483881147895,13942.541395640372,36.83270968438137,17.624102564356843,-19.208607120024528
2018-03-09 → 2019-03-09,10208.325616879292,31396.444360089477,18053.072727967847,14158.279307342094,37.02427386859172,18.642304861202366,-18.381969007389355
2018-03-10 → 2019-03-10,10208.325616879292,31396.444360089477,18093.61182236313,14202.103313377489,37.215603239955925,18.849137787553783,-18.366465452402142
2018-03-11 → 2019-03-11,10208.325616879292,31396.444360089477,18133.454521326967,14194.446553258265,37.40364588520777,18.813000742014157,-18.590645143193615
2018-03-12 → 2019-03-12,10208.325616879292,31396.444360089477,18175.538350841245,13160.651609287343,37.60226582888618,13.933875056057698,-23.668390772828484
2018-03-13 → 2019-03-13,10208.325616879292,31396.444360089477,18216.60213306209,14400.267175470766,37.796071530650075,19.78439713971679,-18.011674390933283
2018-03-14 → 2019-03-14,10208.325616879292,31396.444360089477,18257.673563941524,14363.027224844449,37.989913331223306,19.60863849366781,-18.381274837555495
2018-03-15 → 2019-03-15,10208.325616879292,31396.444360089477,18294.466307021317,14364.230611669158,38.16356132482625,19.61431802963461,-18.549243295191637
2018-03-16 → 2019-03-16,10208.325616879292,31396.444360089477,18329.903399760755,14524.914898241537,38.33081115558715,20.37268779582195,-17.9581233597652
2018-03-17 → 2019-03-17,10208.325616879292,31396.444360089477,18366.15878243581,14556.293914675825,38.5019230089539,20.520785023398343,-17.98113798555556
2018-03-18 → 2019-03-18,10208.325616879292,31396.444360089477,18400.324875595677,14491.56357014094,38.663174196819824,20.21528199446318,-18.447892202356645
2018-03-19 → 2019-03-19,10208.325616879292,31396.444360089477,18435.33169326136,14405.45377119059,38.828393290076505,19.808875932679413,-19.019517357397092
2018-03-20 → 2019-03-20,10208.325616879292,31396.444360089477,18471.113568632547,14120.869281906758,38.99727036597384,18.465743525631577,-20.531526840342263
2018-03-21 → 2019-03-21,10208.325616879292,31396.444360089477,18509.11245894632,14443.816152063813,39.17661092364346,19.989932029910868,-19.18667889373259
2018-03-22 → 2019-03-22,10208.325616879292,31396.444360089477,18546.924845993388,14444.096613640131,39.35507125561221,19.99125570370993,-19.36381555190228
2018-03-23 → 2019-03-23,10208.325616879292,31396.444360089477,18584.176871274878,14636.742446597811,39.530886889519905,20.900472021083143,-18.630414868436763
2018-03-24 → 2019-03-24,10208.325616879292,31396.444360089477,18621.839295287617,14735.836992070734,39.70863945202529,21.36816123254123,-18.34047821948406
2018-03-25 → 2019-03-25,10208.325616879292,31396.444360089477,18660.01936091801,14866.245799268901,39.88883508946303,21.983642053555403,-17.905193035907626
2018-03-26 → 2019-03-26,10208.325616879292,31396.444360089477,18697.388988920233,14953.992810480902,40.06520576425074,22.397775145197244,-17.667430619053498
2018-03-27 → 2019-03-27,10208.325616879292,31396.444360089477,18731.799384016296,14861.027145414391,40.227609965931414,21.959011958180927,-18.268598007750487
2018-03-28 → 2019-03-28,10208.325616879292,31396.444360089477,18765.05696476656,15179.90301849202,40.38457331484092,23.463986878051116,-16.920586436789804
2018-03-29 → 2019-03-29,10208.325616879292,31396.444360089477,18797.430051143692,15221.197565434759,40.5373621809478,23.65888170303869,-16.87848047790911
2018-03-30 → 2019-03-30,10208.325616879292,31396.444360089477,18825.766261745037,15222.709052312912,40.67109850244367,23.66601535608487,-17.0050831463588
2018-03-31 → 2019-03-31,10208.325616879292,31396.444360089477,18852.50781977411,15207.71251422252,40.797308659905816,23.59523730225129,-17.202071357654525
2018-04-01 → 2019-04-01,10208.325616879292,31396.444360089477,18879.058965852688,15179.82288711254,40.92262014414076,23.4636086878944,-17.45901145624636
2018-04-02 → 2019-04-02,10208.325616879292,31396.444360089477,18894.623393420894,15113.412935456166,40.996078424023175,23.15017854121064,-17.845899882812535
2018-04-03 → 2019-04-03,10208.325616879292,31396.444360089477,18910.85893084349,15132.315355295803,41.072704091546385,23.23939089681769,-17.833313194728696
2018-04-04 → 2019-04-04,10208.325616879292,31396.444360089477,18929.67231423389,14856.671574752061,41.161496228396324,21.938455292838817,-19.223040935557506
2018-04-05 → 2019-04-05,10208.325616879292,31396.444360089477,18943.661099218723,15105.642215535609,41.22751806428639,23.113503648008766,-18.114014416277627
2018-04-06 → 2019-04-06,10208.325616879292,31396.444360089477,18957.63606741106,15037.743540095866,41.29347469008081,22.793047281576985,-18.50042740850382
2018-04-07 → 2019-04-07,10208.325616879292,31396.444360089477,18968.95752613704,14881.625444011712,41.3469077431196,22.056228227576817,-19.290679515542784
2018-04-08 → 2019-04-08,10208.325616879292,31396.444360089477,18980.995489284043,14861.359764657569,41.403722429184455,21.96058179667017,-19.443140632514286
2018-04-09 → 2019-04-09,10208.325616879292,31396.444360089477,18994.606947957254,14787.774458955742,41.46796342593445,21.613286661157456,-19.854676764776993
2018-04-10 → 2019-04-10,10208.325616879292,31396.444360089477,19005.488310627738,14652.322578526153,41.519319390106446,20.974004419674856,-20.54531497043159
2018-04-11 → 2019-04-11,10208.325616879292,31396.444360089477,19019.503485890174,14514.827548251791,41.58546577824168,20.325079274688008,-21.26038650355367
2018-04-12 → 2019-04-12,10208.325616879292,31396.444360089477,19033.91514015078,14472.779309753118,41.653483399037874,20.126627307298744,-21.52685609173913
2018-04-13 → 2019-04-13,10208.325616879292,31396.444360089477,19053.18823572579,14461.333693050898,41.74444520555119,20.072608275024407,-21.67183693052678
2018-04-14 → 2019-04-14,10208.325616879292,31396.444360089477,19071.669388303722,14450.730140327856,41.83166933715964,20.0225634699544,-21.80910586720524
2018-04-15 → 2019-04-15,10208.325616879292,31396.444360089477,19091.72372899705,14448.492667993783,41.92631832858912,20.012003436941605,-21.914314891647514
2018-04-16 → 2019-04-16,10208.325616879292,31396.444360089477,19111.45487306592,14464.024575125373,42.019441952767366,20.085308232519868,-21.934133720247498
2018-04-17 → 2019-04-17,10208.325616879292,31396.444360089477,19129.779422765165,14461.031706658636,42.10592697732915,20.07118301214042,-22.034743965188728
2018-04-18 → 2019-04-18,10208.325616879292,31396.444360089477,19146.901995524146,14430.484947559631,42.186739120051676,19.92701372807506,-22.259725391976616
2018-04-19 → 2019-04-19,10208.325616879292,31396.444360089477,19165.079919105745,14411.589447351373,42.27253212414943,19.837834030541444,-22.434698093607985
2018-04-20 → 2019-04-20,10208.325616879292,31396.444360089477,19183.469944697084,14340.281233716101,42.35932617044593,19.501285918368332,-22.8580402520776
2018-04-21 → 2019-04-21,10208.325616879292,31396.444360089477,19204.1537388526,14399.767926498405,42.45694594691686,19.78204087119474,-22.67490507572212
2018-04-22 → 2019-04-22,10208.325616879292,31396.444360089477,19224.077423123308,14400.394559725752,42.55097828887309,19.78499834578199,-22.7659799430911
2018-04-23 → 2019-04-23,10208.325616879292,31396.444360089477,19242.307788192662,14395.971289664376,42.637018797189555,19.76412216458354,-22.872896632606015
2018-04-24 → 2019-04-24,10208.325616879292,31396.444360089477,19262.013738159603,14409.080754643288,42.730023514624676,19.82599393874996,-22.904029575874716
2018-04-25 → 2019-04-25,10208.325616879292,31396.444360089477,19286.991075404694,14446.052682203399,42.847907209481235,20.000487616117887,-22.847419593363348
2018-04-26 → 2019-04-26,10208.325616879292,31396.444360089477,19309.18902395125,14436.69318621089,42.952673228662,19.95631429376709,-22.99635893489491
2018-04-27 → 2019-04-27,10208.325616879292,31396.444360089477,19332.425796410454,14462.509293330326,43.062342108380975,20.07815666888455,-22.984185439496425
2018-04-28 → 2019-04-28,10208.325616879292,31396.444360089477,19355.071385635027,14374.4227337605,43.169220824226514,19.66242103592255,-23.506799788303965
2018-04-29 → 2019-04-29,10208.325616879292,31396.444360089477,19378.889561953267,14477.774542538984,43.2816337128218,20.150202938747704,-23.131430774074097
2018-04-30 → 2019-04-30,10208.325616879292,31396.444360089477,19401.69234789424,14539.857857632496,43.38925433840603,20.443212978222807,-22.946041360183226
2018-05-01 → 2019-05-01,10208.325616879292,31396.444360089477,19423.491046150466,14568.620872463269,43.49213604546278,20.578963656135112,-22.913172389327666
2018-05-02 → 2019-05-02,10208.325616879292,31396.444360089477,19444.03582128675,14573.213330174014,43.58909970413053,20.60063833979346,-22.988461364337073
2018-05-03 → 2019-05-03,10208.325616879292,31396.444360089477,19462.637063814753,14469.78352225656,43.676890615411715,20.112488310189732,-23.564402305221982
2018-05-04 → 2019-05-04,10208.325616879292,31396.444360089477,19481.929975912954,14540.793065513308,43.76794594850674,20.44762680982412,-23.320319138682624
2018-05-05 → 2019-05-05,10208.325616879292,31396.444360089477,19501.449596530136,14639.289431723233,43.860071261063986,20.912492838770124,-22.947578422293862
2018-05-06 → 2019-05-06,10422.000538627015,31396.444360089477,19521.56203777369,14698.729639790308,43.38404191597868,20.39019073672436,-22.993851179254317
2018-05-07 → 2019-05-07,10707.198871164717,31396.444360089477,19539.986044262652,14693.933089480106,42.692650042874924,19.269596952917123,-23.4230530899578
2018-05-08 → 2019-05-08,10760.738739443661,31396.444360089477,19556.79229742855,14726.65813271096,42.62540724163329,19.218724409886118,-23.406682831747172
2018-05-09 → 2019-05-09,10760.738739443661,31396.444360089477,19571.559567514396,14848.512135844288,42.696968982032764,19.80922519223598,-22.887743789796783
2018-05-10 → 2019-05-10,11064.96956217875,31396.444360089477,19585.135537419337,14911.14720880091,41.90628599218058,18.91735688065971,-22.988929111520868
2018-05-11 → 2019-05-11,11499.760738421191,31396.444360089477,19592.203168957036,14923.001227025612,40.67231798229354,17.20508077474969,-23.467237207543853
2018-05-12 → 2019-05-12,11499.760738421191,31396.444360089477,19599.107410735884,14926.213964523551,40.7070184475074,17.22122787523653,-23.485790572270872
2018-05-13 → 2019-05-13,11499.760738421191,31396.444360089477,19601.94316092194,14815.820471331586,40.72127082363187,16.666394239184026,-24.054876584447843
2018-05-14 → 2019-05-14,11532.59653702185,31396.444360089477,19604.866844811186,15058.49117393607,40.63799914141063,17.75031035436974,-22.88768878704089
2018-05-15 → 2019-05-15,11748.881065347285,31396.444360089477,19606.615346219056,15162.89565054646,39.993429022185914,17.37627477760963,-22.617154244576284
2018-05-16 → 2019-05-16,11748.881065347285,31396.444360089477,19609.179823850696,15375.796190627681,40.006481417504205,18.459872457827796,-21.54660895967641
2018-05-17 → 2019-05-17,11748.881065347285,31396.444360089477,19613.66141394943,15464.680364011143,40.02929132034815,18.912265317186836,-21.117026003161314
2018-05-18 → 2019-05-18,11748.881065347285,31396.444360089477,19617.26386828382,15488.000766372272,40.047626694971186,19.03095892825345,-21.016667766717735
2018-05-19 → 2019-05-19,11748.881065347285,31396.444360089477,19617.317741542916,15574.67917489145,40.047900893141666,19.472125128961775,-20.57577576417989
2018-05-20 → 2019-05-20,11748.881065347285,31396.444360089477,19618.350822525957,15532.3524024392,40.05315895475238,19.256694992322007,-20.79646396243037
2018-05-21 → 2019-05-21,11906.71357595092,31396.444360089477,19620.472323883245,15810.054394603658,39.57858029629665,20.027679509197824,-19.550900787098826
2018-05-22 → 2019-05-22,11908.140809060415,31396.444360089477,19623.572496361012,15869.178211974178,39.590063173524356,20.32520374357882,-19.264859429945535
2018-05-23 → 2019-05-23,11908.140809060415,31396.444360089477,19624.047988335777,15717.642508523151,39.59250305739378,19.547631170090117,-20.04487188730366
2018-05-24 → 2019-05-24,11908.140809060415,31396.444360089477,19621.927360077123,15938.892064455707,39.58162151373811,20.682925247141135,-18.89869626659698
2018-05-25 → 2019-05-25,11908.140809060415,31396.444360089477,19619.753224121163,16009.11913404327,39.57046540694684,21.04328021289625,-18.52718519405059
2018-05-26 → 2019-05-26,11452.753156563938,31396.444360089477,19614.248910132526,15478.913271622589,40.92269415064872,20.187637654292036,-20.73505649635668
2018-05-27 → 2019-05-27,11342.00058454483,31396.444360089477,19607.944406899845,16434.442897125,41.217517248894744,25.393086787029915,-15.824430461864829
2018-05-28 → 2019-05-28,11342.00058454483,31396.444360089477,19602.047430599792,16543.11356281935,41.188112412909,25.934965020655458,-15.253147392253542
2018-05-29 → 2019-05-29,11342.00058454483,31396.444360089477,19595.19031282396,16466.164396655804,41.15391990249795,25.55126369727404,-15.602656205223905
2018-05-30 → 2019-05-30,11342.00058454483,31396.444360089477,19591.56531918852,16533.614463490216,41.13584413995868,25.887598464716778,-15.2482456752419
2018-05-31 → 2019-05-31,11342.00058454483,31396.444360089477,19586.44911836916,16541.377279568376,41.110332583135545,25.926307172697133,-15.184025410438412
2018-06-01 → 2019-06-01,11342.00058454483,31396.444360089477,19581.853765870746,16584.718724226972,41.08741819792573,26.142426079527393,-14.944992118398336
2018-06-02 → 2019-06-02,11342.00058454483,31396.444360089477,19576.765755138797,16552.459354627896,41.062047208887606,25.981567119986387,-15.080480088901218
2018-06-03 → 2019-06-03,11342.00058454483,31396.444360089477,19574.419935956583,16914.184337830942,41.050349955109496,27.785281983642452,-13.265067971467044
2018-06-04 → 2019-06-04,11342.00058454483,31396.444360089477,19574.662079970527,16995.844667466532,41.05155738831809,28.192475175084486,-12.859082213233602
2018-06-05 → 2019-06-05,11342.00058454483,31396.444360089477,19573.202523642572,16669.89524141479,41.04427941868557,26.567152480025648,-14.477126938659922
2018-06-06 → 2019-06-06,11342.00058454483,31396.444360089477,19572.438270767554,16803.34112761131,41.040468528273585,27.232570517494487,-13.807898010779098
2018-06-07 → 2019-06-07,11342.00058454483,31396.444360089477,19570.777395835135,17201.638285143308,41.03218669831607,29.218649822360078,-11.81353687595599
2018-06-08 → 2019-06-08,11342.00058454483,31396.444360089477,19569.548068713866,17384.176998858708,41.026056749587354,30.128865611730387,-10.897191137856968
2018-06-09 → 2019-06-09,11342.00058454483,31396.444360089477,19569.494244960566,18225.367412141517,41.0257883614241,34.32339936543438,-6.702388995989715
2018-06-10 → 2019-06-10,11342.00058454483,31396.444360089477,19567.516809608333,18051.418568866397,41.01592802635639,33.45601632942496,-7.5599116969314295
2018-06-11 → 2019-06-11,11342.00058454483,31396.444360089477,19561.494751621703,18377.22275002482,40.98589947979569,35.08061477157036,-5.905284708225331
2018-06-12 → 2019-06-12,11342.00058454483,31396.444360089477,19555.14261401577,18572.167547500896,40.95422501563689,36.052692579650994,-4.901532435985892
2018-06-13 → 2019-06-13,11342.00058454483,31396.444360089477,19546.46744965493,18662.82891190342,40.910966950452256,36.504768764945545,-4.40619818550671
2018-06-14 → 2019-06-14,11342.00058454483,31396.444360089477,19534.555610177307,18619.966451020246,40.85156944428881,36.29103827527002,-4.560531169018795
2018-06-15 → 2019-06-15,11298.688400687653,31396.444360089477,19524.214651614086,18748.32156389565,40.92758548537601,37.06698985825342,-3.860595627122585
2018-06-16 → 2019-06-16,11087.068179535721,31396.444360089477,19511.813756406445,18758.08135925334,41.48204997521009,37.77079665825788,-3.7112533169522095
2018-06-17 → 2019-06-17,10705.982243800578,31396.444360089477,19499.000288746396,18801.608679001343,42.497929700774414,39.12733504790767,-3.3705946528667425
2018-06-18 → 2019-06-18,10705.982243800578,31396.444360089477,19486.844599230648,17849.692643328708,42.439179492840786,34.52658698185445,-7.912592510986336
2018-06-19 → 2019-06-19,10705.982243800578,31396.444360089477,19475.51429833522,17668.96183344203,42.38441850764989,33.65308880249579,-8.731329705154103
2018-06-20 → 2019-06-20,10474.802060111992,31396.444360089477,19463.551178291174,18106.70260319187,42.963879170178025,36.478496447136415,-6.48538272304161
2018-06-21 → 2019-06-21,9917.204911992623,31396.444360089477,19450.18895166779,19416.4584184118,44.382316528064166,44.22527869002758,-0.15703783803658666
2018-06-22 → 2019-06-22,9358.655780810835,31396.444360089477,19435.102967663355,19421.384763767393,45.72349512567268,45.661246575430845,-0.062248550241832845
2018-06-23 → 2019-06-23,9264.03907764088,31396.444360089477,19415.324918147864,19230.561148050718,45.8661664241127,45.031355350760144,-0.8348110733525544
2018-06-24 → 2019-06-24,9087.433635399864,31396.444360089477,19395.901614743274,19247.053554812708,46.20764276174255,45.5404322710244,-0.6672104907181478
2018-06-25 → 2019-06-25,8527.865434626821,31396.444360089477,19374.74972927386,19291.55563264004,47.43138753833867,47.067595380964214,-0.3637921573744549
2018-06-26 → 2019-06-26,7773.957759032041,31396.444360089477,19352.22894062029,19094.566096882383,49.013769706487885,47.9230172887201,-1.0907524177677885
2018-06-27 → 2019-06-27,7773.957759032041,31396.444360089477,19332.002740889344,19385.190077975574,48.92814705349402,49.15330259272438,0.22515553923035725
2018-06-28 → 2019-06-28,7773.957759032041,31396.444360089477,19309.60654813912,19312.345142770646,48.83333826757551,48.844931435889144,0.011593168313630997
2018-06-29 → 2019-06-29,7773.957759032041,31396.444360089477,19285.84517671631,19062.848942808294,48.73275033276535,47.7887505004275,-0.9439998323378518
2018-06-30 → 2019-06-30,7773.957759032041,31396.444360089477,19267.124020624233,18958.803368288853,48.653498912674635,47.348299093780135,-1.3051998188945007
2018-07-01 → 2019-07-01,7773.957759032041,31396.444360089477,19250.11909250863,18902.554316514157,48.58151272255509,47.11018253676967,-1.471330185785419
2018-07-02 → 2019-07-02,7773.957759032041,31396.444360089477,19232.547030004727,18758.885070434255,48.50712570817907,46.5019940403331,-2.0051316678459656
2018-07-03 → 2019-07-03,7773.957759032041,31396.444360089477,19214.06192614416,18870.172799534663,48.42887355728256,46.973103331153595,-1.455770226128962
2018-07-04 → 2019-07-04,7773.957759032041,31396.444360089477,19196.461693400506,18846.348996640798,48.354367291109604,46.872251108031584,-1.4821161830780198
2018-07-05 → 2019-07-05,7773.957759032041,31396.444360089477,19179.776240180392,18899.078553462805,48.28373351956005,47.09546874685394,-1.1882647727061126
2018-07-06 → 2019-07-06,7773.957759032041,31396.444360089477,19162.34590882093,18819.177773258856,48.20994648920279,46.75722840173984,-1.452718087462955
2018-07-07 → 2019-07-07,7773.957759032041,31396.444360089477,19144.78814099409,18591.06232533228,48.135619987834154,45.79155763312413,-2.344062354710026
2018-07-08 → 2019-07-08,7773.957759032041,31396.444360089477,19126.41550551167,18670.06588180177,48.057843944216486,46.125999801739646,-1.9318441424768409
2018-07-09 → 2019-07-09,7773.957759032041,31396.444360089477,19107.386184268253,19312.496587157824,47.97728798258217,48.84557253853738,0.8682845559552135
2018-07-10 → 2019-07-10,7773.957759032041,31396.444360089477,19088.954174499893,19281.561816194073,47.89926059249558,48.71461777714335,0.8153571846477732
2018-07-11 → 2019-07-11,7773.957759032041,31396.444360089477,19069.83823442062,19415.6228727806,47.81833795127618,49.282132361236826,1.4637944099606486
2018-07-12 → 2019-07-12,7773.957759032041,31396.444360089477,19050.12802740085,19401.716665101398,47.73489962679899,49.22326384364994,1.4883642168509468
2018-07-13 → 2019-07-13,7773.957759032041,31396.444360089477,19029.84894740581,19299.682370753144,47.649053118184064,48.791326698033416,1.142273579849352
2018-07-14 → 2019-07-14,7773.957759032041,31396.444360089477,19012.41459303903,19182.852341372894,47.57524905741257,48.29675543907451,0.7215063816619391
2018-07-15 → 2019-07-15,7773.957759032041,31396.444360089477,18993.740382749078,19017.544590095873,47.49619637085452,47.59696564103681,0.10076927018229043
2018-07-16 → 2019-07-16,7773.957759032041,31396.444360089477,18979.544795193902,18877.200416020667,47.43610283457735,47.00285302094996,-0.43324981362738413
2018-07-17 → 2019-07-17,7773.957759032041,31396.444360089477,18967.071315287863,18789.183808991416,47.38329941842267,46.630256314617995,-0.7530431038046785
2018-07-18 → 2019-07-18,7773.957759032041,31396.444360089477,18955.331696591056,18793.217491788957,47.33360262360565,46.647331920864126,-0.686270702741524
2018-07-19 → 2019-07-19,7773.957759032041,31396.444360089477,18944.231359828496,18945.75114504085,47.28661207197565,47.293045709712516,0.006433637736869002
2018-07-20 → 2019-07-20,7773.957759032041,31396.444360089477,18932.793273043637,19002.701705895768,47.23819173851106,47.534131933261776,0.2959401947507132
2018-07-21 → 2019-07-21,7773.957759032041,31396.444360089477,18921.305458267172,19034.698791761475,47.189560893797406,47.669583744098134,0.48002285030072755
2018-07-22 → 2019-07-22,7773.957759032041,31396.444360089477,18910.91482240033,19073.5084058867,47.1455746867468,47.833874721507286,0.6883000347604877
2018-07-23 → 2019-07-23,7773.957759032041,31396.444360089477,18901.68175411809,19049.55085619317,47.10648875799522,47.73245631413075,0.625967556135528
2018-07-24 → 2019-07-24,7773.957759032041,31396.444360089477,18894.172957680752,18937.550148363407,47.07470211095781,47.25832880282654,0.18362669186873148
2018-07-25 → 2019-07-25,7773.957759032041,31396.444360089477,18889.243286755704,19146.094877394586,47.05383355885192,48.14115173570882,1.087318176856897
2018-07-26 → 2019-07-26,7773.957759032041,31396.444360089477,18883.710327150682,19286.847335322287,47.03041113216813,48.73699272529118,1.7065815931230475
2018-07-27 → 2019-07-27,7773.957759032041,31396.444360089477,18878.108667980523,18799.485652102037,47.00669788273439,46.673866639325134,-0.3328312434092595
2018-07-28 → 2019-07-28,7773.957759032041,31396.444360089477,18873.35228066474,18963.219985924537,46.986562884264046,47.366995760690244,0.38043287642619816
2018-07-29 → 2019-07-29,7773.957759032041,31396.444360089477,18868.74089854342,19309.78540038477,46.96704172969975,48.834095394666626,1.8670536649668747
2018-07-30 → 2019-07-30,7773.957759032041,31396.444360089477,18864.033923424402,20027.22344837384,46.94711590563851,51.87119330948544,4.92407740384693
2018-07-31 → 2019-07-31,7773.957759032041,31396.444360089477,18857.761232890738,19851.632051601267,46.92056200960039,51.127870221878254,4.207308212277866
2018-08-01 → 2019-08-01,7773.957759032041,31396.444360089477,18848.663800871345,19901.462711949203,46.88205026368205,51.338816093875096,4.456765830193042
2018-08-02 → 2019-08-02,7773.957759032041,31396.444360089477,18838.64559806632,20228.410644650445,46.83964066060251,52.72286993301075,5.8832292724082365
2018-08-03 → 2019-08-03,7773.957759032041,31396.444360089477,18827.69606699015,20592.90926765683,46.793288507837694,54.26588540450674,7.472596896669046
2018-08-04 → 2019-08-04,7773.957759032041,31396.444360089477,18815.699464564797,20306.076493046214,46.74250383547041,53.05164924277356,6.3091454073031485
2018-08-05 → 2019-08-05,7773.957759032041,31396.444360089477,18799.85394197877,20745.596432192437,46.675425704138895,54.912249045702644,8.236823341563749
2018-08-06 → 2019-08-06,7773.957759032041,31396.444360089477,18784.915001413774,21113.44960322567,46.612185365315604,56.46946517305464,9.857279807739033
2018-08-07 → 2019-08-07,7773.957759032041,31396.444360089477,18768.319615610057,21467.56483046807,46.54193287207057,57.96852508669874,11.426592214628172
2018-08-08 → 2019-08-08,7773.957759032041,31396.444360089477,18750.56333982216,21650.622469322527,46.466766035963225,58.74345467792248,12.276688641959254
2018-08-09 → 2019-08-09,7773.957759032041,31396.444360089477,18730.009444305888,21717.022667419442,46.37975616327966,59.0245436217678,12.644787458488139
2018-08-10 → 2019-08-10,7773.957759032041,31396.444360089477,18712.51849033578,21799.916453904298,46.30571250197718,59.375454124479845,13.069741622502661
2018-08-11 → 2019-08-11,7773.957759032041,31396.444360089477,18691.685044632974,18884.43902502386,46.217519222181345,47.0334958957897,0.815976673608354
2018-08-12 → 2019-08-12,7773.957759032041,31396.444360089477,18672.40983107232,21621.855337324683,46.13592233576469,58.62167608414583,12.485753748381143
2018-08-13 → 2019-08-13,7773.957759032041,31396.444360089477,18654.284255561714,21769.617436440894,46.059192159908456,59.24719066951381,13.187998509605357
2018-08-14 → 2019-08-14,7773.957759032041,31396.444360089477,18637.934933368477,21722.06398389667,45.98998131657368,59.04588479792071,13.05590348134703
2018-08-15 → 2019-08-15,7773.957759032041,31396.444360089477,18620.25909926957,21615.92736388415,45.91515501061605,58.596581463326935,12.681426452710888
2018-08-16 → 2019-08-16,7773.957759032041,31396.444360089477,18603.023297347067,21536.78157738783,45.84219147289208,58.261537198796454,12.419345725904371
2018-08-17 → 2019-08-17,7773.957759032041,31396.444360089477,18586.35852706755,21428.34946251005,45.7716452574959,57.802516450011595,12.030871192515697
2018-08-18 → 2019-08-18,7773.957759032041,31396.444360089477,18571.1742704471,21493.664434615075,45.707366433353094,58.0790113559378,12.371644922584707
2018-08-19 → 2019-08-19,7773.957759032041,31396.444360089477,18553.58008241594,21619.915741079796,45.632885755987104,58.61346527942556,12.980579523438458
2018-08-20 → 2019-08-20,7773.957759032041,31396.444360089477,18536.85120357601,21682.334165300796,45.56206815273283,58.87769836070586,13.31563020797303
2018-08-21 → 2019-08-21,7773.957759032041,31396.444360089477,18520.355690953707,21572.86857371268,45.492238448092145,58.414302641885904,12.922064193793759
2018-08-22 → 2019-08-22,7773.957759032041,31396.444360089477,18505.145570421326,21572.869398164046,45.42785013542526,58.41430613199845,12.986455996573191
2018-08-23 → 2019-08-23,7773.957759032041,31396.444360089477,18488.455489745513,21467.451256206026,45.3571967746776,57.96804429793183,12.610847523254236
2018-08-24 → 2019-08-24,7773.957759032041,31396.444360089477,18473.453221152613,21383.432009284355,45.29368835218905,57.61236943465173,12.318681082462682
2018-08-25 → 2019-08-25,7773.957759032041,31396.444360089477,18459.710633440143,21487.354251637742,45.235512479578524,58.05229874484016,12.816786265261634
2018-08-26 → 2019-08-26,7773.957759032041,31396.444360089477,18445.571877129736,21542.449051249736,45.17565952442954,58.2855290585766,13.109869534147059
2018-08-27 → 2019-08-27,7773.957759032041,31396.444360089477,18431.60080170196,21546.779266168738,45.1165164051478,58.303859960789104,13.187343555641306
2018-08-28 → 2019-08-28,7773.957759032041,31396.444360089477,18419.746449031627,21487.32602722641,45.06633391220989,58.052179263721136,12.985845351511244
2018-08-29 → 2019-08-29,7773.957759032041,31396.444360089477,18410.04014464692,21773.406803445432,45.02524465455201,59.26323202480606,14.237987370254046
2018-08-30 → 2019-08-30,7773.957759032041,31396.444360089477,18399.72081449879,21923.074065082128,44.981560302762944,59.896811648172196,14.915251345409253
2018-08-31 → 2019-08-31,7773.957759032041,31396.444360089477,18388.9496743692,22011.167067870752,44.935963324292835,60.269731757203736,15.333768432910901
2018-09-01 → 2019-09-01,7773.957759032041,31396.444360089477,18378.04319794302,21963.536612322176,44.889793432823026,60.06809991228847,15.17830647946544
2018-09-02 → 2019-09-02,7773.957759032041,31396.444360089477,18366.383978548958,21954.21689324915,44.840436988723944,60.028647168678454,15.18821017995451
2018-09-03 → 2019-09-03,7773.957759032041,31396.444360089477,18354.61780976315,22208.690436378052,44.790627800620605,61.10589846498148,16.315270664360874
2018-09-04 → 2019-09-04,7773.957759032041,31396.444360089477,18342.80184032172,22570.11439550783,44.74060779366291,62.63589810148714,17.895290307824233
2018-09-05 → 2019-09-05,7773.957759032041,31396.444360089477,18331.497140567804,22500.65319186515,44.69275212146026,62.34185114184331,17.649099020383048
2018-09-06 → 2019-09-06,7773.957759032041,31396.444360089477,18317.710669036893,22511.458800595272,44.63439047747358,62.38759403467509,17.75320355720151
2018-09-07 → 2019-09-07,7773.957759032041,31396.444360089477,18301.633905617266,22745.97721699658,44.56633344482018,63.38037019902186,18.81403675420168
2018-09-08 → 2019-09-08,7773.957759032041,31396.444360089477,18285.2534965366,22800.120380586668,44.49699100277628,63.60957199519375,19.11258099241747
2018-09-09 → 2019-09-09,7773.957759032041,31396.444360089477,18267.541408420286,22723.435075984497,44.4220112243328,63.28494357695289,18.862932352620092
2018-09-10 → 2019-09-10,7773.957759032041,31396.444360089477,18250.909853433983,22680.80669665149,44.351605617729305,63.10448679417245,18.752881176443147
2018-09-11 → 2019-09-11,7773.957759032041,31396.444360089477,18234.44865481617,22646.15497884133,44.28192117300587,62.95779725045351,18.67587607744764
2018-09-12 → 2019-09-12,7773.957759032041,31396.444360089477,18217.193782609145,22559.519396476015,44.208876905912284,62.59104677312892,18.38216986721664
2018-09-13 → 2019-09-13,7773.957759032041,31396.444360089477,18200.42397341322,21853.11861370108,44.137886034040335,59.60067241201779,15.462786377977459
2018-09-14 → 2019-09-14,7773.957759032041,31396.444360089477,18184.69484450403,21955.917438355824,44.07130062677636,60.035846009068926,15.964545382292563
2018-09-15 → 2019-09-15,7773.957759032041,31396.444360089477,18169.136771071913,22178.76159425534,44.00543934089709,60.97920205647818,16.97376271558109
2018-09-16 → 2019-09-16,7773.957759032041,31396.444360089477,18153.89367551212,22797.948645445947,43.94091143654383,63.6003784874255,19.659467050881673
2018-09-17 → 2019-09-17,7773.957759032041,31396.444360089477,18138.640618744823,22845.335011892646,43.8763413638631,63.80097704102815,19.92463567716505
2018-09-18 → 2019-09-18,7773.957759032041,31396.444360089477,18121.87344623085,22749.274882686397,43.80536165373714,63.39433005746314,19.588968403726
2018-09-19 → 2019-09-19,7773.957759032041,31396.444360089477,18105.38879345339,22665.60103125656,43.735577921584564,63.04011734123668,19.304539419652116
2018-09-20 → 2019-09-20,7773.957759032041,31396.444360089477,18089.455575535947,22539.833126492398,43.66812855358819,62.507709780220075,18.839581226631886
2018-09-21 → 2019-09-21,7773.957759032041,31396.444360089477,18074.771694461073,22179.2301319424,43.605967946524,60.98118549579586,17.375217549271866
2018-09-22 → 2019-09-22,7773.957759032041,31396.444360089477,18061.435428635246,19686.962766380242,43.549512137908025,50.43078321320723,6.881271075299203
2018-09-23 → 2019-09-23,7773.957759032041,31396.444360089477,18048.877545456067,22733.982030187934,43.49635142120932,63.3295915193205,19.833240098111183
2018-09-24 → 2019-09-24,7773.957759032041,31396.444360089477,18039.836734299297,22899.961789637626,43.45807936581797,64.03222609904448,20.574146733226506
2018-09-25 → 2019-09-25,7773.957759032041,31396.444360089477,18030.724905353127,22997.341959450645,43.41950667404317,64.44446115057653,21.02495447653336
2018-09-26 → 2019-09-26,7773.957759032041,31396.444360089477,18021.909040130166,22903.93349498613,43.382186872060224,64.04903933896955,20.666852466909326
2018-09-27 → 2019-09-27,7773.957759032041,31396.444360089477,18013.009378672166,22711.07788584333,43.34451233928009,63.23263244497996,19.888120105699876
2018-09-28 → 2019-09-28,7773.957759032041,31396.444360089477,18005.406682037545,22758.826872049445,43.312328188800855,63.43476606034617,20.122437871545316
2018-09-29 → 2019-09-29,7773.957759032041,31396.444360089477,17998.033464093452,22816.18941118836,43.28111548004325,63.67759629286007,20.396480812816826
2018-09-30 → 2019-09-30,7773.957759032041,31396.444360089477,17989.527074505335,23050.883014603125,43.24510576721421,64.67111406843694,21.426008301222723
2018-10-01 → 2019-10-01,7773.957759032041,31396.444360089477,17981.018553078728,23214.507231838998,43.209087029770096,65.36377703825548,22.15469000848538
2018-10-02 → 2019-10-02,7773.957759032041,31396.444360089477,17972.052470723534,23352.775950382016,43.171131320421566,65.9491037266695,22.77797240624794
2018-10-03 → 2019-10-03,7773.957759032041,31396.444360089477,17963.174977135182,23398.381160003664,43.13355062987752,66.14216218995426,23.008611560076744
2018-10-04 → 2019-10-04,7773.957759032041,31396.444360089477,17954.369415806315,23189.84286832544,43.09627444690162,65.25936650802596,22.163092061124345
2018-10-05 → 2019-10-05,7773.957759032041,31396.444360089477,17946.184648559614,23252.631935540947,43.061626243327936,65.52516861546667,22.463542372138733
2018-10-06 → 2019-10-06,7773.957759032041,31396.444360089477,17939.478892428957,23372.93737445173,43.03323907036047,66.03445216779768,23.00121309743721
2018-10-07 → 2019-10-07,7773.957759032041,31396.444360089477,17930.982939752255,23446.713170551473,42.997273539634676,66.34676389579519,23.349490356160516
2018-10-08 → 2019-10-08,7773.957759032041,31396.444360089477,17922.722137360703,23411.71960082072,42.962303459934496,66.19862720586185,23.236323745927358
2018-10-09 → 2019-10-09,7773.957759032041,31396.444360089477,17913.13032294074,23790.11717207207,42.92169886744619,67.80048046391137,24.87878159646518
2018-10-10 → 2019-10-10,7773.957759032041,31396.444360089477,17903.524001423502,24253.07685757164,42.88103286272167,69.76030668084675,26.879273818125085
2018-10-11 → 2019-10-11,7773.957759032041,31396.444360089477,17894.63574370161,24364.29172566791,42.843406604859815,70.23110753248652,27.387700927626703
2018-10-12 → 2019-10-12,7773.957759032041,31396.444360089477,17883.100435018674,24158.142743257966,42.794574706348264,69.35842640500219,26.563851698653927
2018-10-13 → 2019-10-13,7773.957759032041,31396.444360089477,17871.92610149375,24195.64040818699,42.74727090758382,69.51716356744532,26.769892659861505
2018-10-14 → 2019-10-14,7773.957759032041,31396.444360089477,17860.57693127359,24069.841265238654,42.6992269805755,68.98462376724194,26.28539678666644
2018-10-15 → 2019-10-15,7773.957759032041,31396.444360089477,17849.866924654616,23131.332317493067,42.65388879582024,65.01167644973314,22.357787653912908
2018-10-16 → 2019-10-16,7773.957759032041,31396.444360089477,17841.595264228596,23292.854246721534,42.61887275129574,65.69543989917982,23.076567147884077
2018-10-17 → 2019-10-17,7773.957759032041,31396.444360089477,17833.159517863627,23460.252711826186,42.58316208921586,66.40408022113965,23.82091813192379
2018-10-18 → 2019-10-18,7773.957759032041,31396.444360089477,17825.078915467424,23368.507467769366,42.54895484197441,66.01569924496962,23.466744402995218
2018-10-19 → 2019-10-19,7773.957759032041,31396.444360089477,17816.738552233932,23428.28511707212,42.51364796097434,66.26875325368722,23.755105292712884
2018-10-20 → 2019-10-20,7773.957759032041,31396.444360089477,17807.19850951792,22908.54355895502,42.473262531289784,64.06855491345901,21.595292382169227
2018-10-21 → 2019-10-21,7773.957759032041,31396.444360089477,17797.834947041916,23078.79883300021,42.43362418739256,64.78928883499955,22.355664647606993
2018-10-22 → 2019-10-22,7773.957759032041,31396.444360089477,17789.274552053295,23205.227979866086,42.39738585595358,65.32449560218305,22.92710974622947
2018-10-23 → 2019-10-23,7773.957759032041,31396.444360089477,17783.271668999114,23361.864734136052,42.37197412366832,65.98757886227877,23.615604738610443
2018-10-24 → 2019-10-24,7773.957759032041,31396.444360089477,17777.206494026264,23059.769546003496,42.346298693832,64.70873301834025,22.362434324508257
2018-10-25 → 2019-10-25,7773.957759032041,31396.444360089477,17766.169427430163,22612.82446154784,42.29957598092502,62.81670068489552,20.517124703970502
2018-10-26 → 2019-10-26,7773.957759032041,31396.444360089477,17753.03253544775,22387.284404319358,42.243964172548225,61.86193220079197,19.617968028243745
2018-10-27 → 2019-10-27,7773.957759032041,31396.444360089477,17738.95410168815,21609.010902604296,42.18436657811475,58.567302321817984,16.382935743703236
2018-10-28 → 2019-10-28,7773.957759032041,31396.444360089477,17725.643961001635,23961.08142560674,42.128021363864875,68.52421567613504,26.39619431227017
2018-10-29 → 2019-10-29,7773.957759032041,31396.444360089477,17711.967114766972,23817.927357800032,42.0701237916675,67.9182080604918,25.84808426882431
2018-10-30 → 2019-10-30,7773.957759032041,31396.444360089477,17698.096012740483,23714.05416243659,42.01140388524635,67.47848637869905,25.467082493452693
2018-10-31 → 2019-10-31,7773.957759032041,31396.444360089477,17684.378009666318,23612.368684777983,41.95333208566894,67.04802586293752,25.09469377726858
2018-11-01 → 2019-11-01,7773.957759032041,31396.444360089477,17670.58588000336,23550.00195671965,41.89494648936877,66.7840116246755,24.88906513530673
2018-11-02 → 2019-11-02,7773.957759032041,31396.444360089477,17656.889161201765,23345.4023287049,41.83696479153606,65.91788930880722,24.080924517271157
2018-11-03 → 2019-11-03,7773.957759032041,31396.444360089477,17643.516523311006,23198.293210808446,41.78035501070901,65.29513895918964,23.514783948480634
2018-11-04 → 2019-11-04,7773.957759032041,31396.444360089477,17629.379484571757,23079.739932543267,41.72050932647602,64.79327274896657,23.072763422490553
2018-11-05 → 2019-11-05,7773.957759032041,31396.444360089477,17616.10601231159,22907.983029786996,41.66431933901055,64.06618205078163,22.401862711771088
2018-11-06 → 2019-11-06,7773.957759032041,31396.444360089477,17602.640815897175,22747.39650126436,41.60731773438772,63.3863783906731,21.77906065628538
2018-11-07 → 2019-11-07,7773.957759032041,31396.444360089477,17589.88587547103,22548.92749387293,41.55332282419239,62.54620855274187,20.992885728549474
2018-11-08 → 2019-11-08,7773.957759032041,31396.444360089477,17578.935823908814,22542.91162718843,41.50696846807763,62.52074185744389,21.013773389366257
2018-11-09 → 2019-11-09,7773.957759032041,31396.444360089477,17567.299748363628,22594.805793389136,41.45770999778321,62.7404230750782,21.282713077294986
2018-11-10 → 2019-11-10,7773.957759032041,31396.444360089477,17554.360028919287,22347.99743599094,41.40293287095964,61.69562046150766,20.29268759054802
2018-11-11 → 2019-11-11,7773.957759032041,31396.444360089477,17542.7111590023,22207.261219007018,41.35362023883198,61.099848223975215,19.746227985143236
2018-11-12 → 2019-11-12,7773.957759032041,31396.444360089477,17530.67188373338,21935.988882080004,41.30265492145348,59.95148335659979,18.648828435146307
2018-11-13 → 2019-11-13,7773.957759032041,31396.444360089477,17518.61073608366,21370.139849135925,41.25159701271843,57.55610033659736,16.304503323878933
2018-11-14 → 2019-11-14,7773.957759032041,31396.444360089477,17506.623268135718,22071.571096508058,41.20085100891963,60.525437389118885,19.324586380199257
2018-11-15 → 2019-11-15,7773.957759032041,31396.444360089477,17489.881513510223,21977.757297990927,41.12997889918692,60.12829969527031,18.998320796083384
2018-11-16 → 2019-11-16,7773.957759032041,31396.444360089477,17472.778871724357,21713.852810286586,41.057579062223525,59.01112480948784,17.953545747264315
2018-11-17 → 2019-11-17,7773.957759032041,31396.444360089477,17455.190263648492,21492.89120721652,40.98312200622893,58.075738087498216,17.092616081269284
2018-11-18 → 2019-11-18,7773.957759032041,31396.444360089477,17438.910079614394,20757.634027660148,40.91420384232416,54.963207252054936,14.049003409730773
2018-11-19 → 2019-11-19,7773.957759032041,31396.444360089477,17423.389626329852,21021.735260583184,40.84850181210756,56.08121501043891,15.232713198331354
2018-11-20 → 2019-11-20,7773.957759032041,31396.444360089477,17400.204584378927,21105.84711333596,40.750353626683726,56.43728189777926,15.686928271095532
2018-11-21 → 2019-11-21,7773.957759032041,31396.444360089477,17372.814654563845,20888.055607418617,40.634405080378464,55.51531500413483,14.880909923756363
2018-11-22 → 2019-11-22,7773.957759032041,31396.444360089477,17350.300007744478,23297.269145791703,40.5390948482272,65.71412929096455,25.17503444273735
2018-11-23 → 2019-11-23,7773.957759032041,31396.444360089477,17324.113958985195,20446.283159799907,40.42824263693582,53.645179759359465,13.216937122423644
2018-11-24 → 2019-11-24,7773.957759032041,31396.444360089477,17299.77407017571,20351.410320792198,40.32520569073899,53.243558877485576,12.918353186746586
2018-11-25 → 2019-11-25,7773.957759032041,31396.444360089477,17266.264125774473,20168.039855482075,40.18334956455227,52.467305012230284,12.28395544767801
2018-11-26 → 2019-11-26,7773.957759032041,31396.444360089477,17235.169115531236,20019.250916088175,40.051716469491716,51.837443550536236,11.78572708104452
2018-11-27 → 2019-11-27,7773.957759032041,31396.444360089477,17197.63033892542,20053.3211007226,39.89280527085383,51.9816713162656,12.08886604541177
2018-11-28 → 2019-11-28,7773.957759032041,31396.444360089477,17162.024681767383,20670.398024086422,39.74207745900508,54.59391503888962,14.851837579884538
2018-11-29 → 2019-11-29,7773.957759032041,31396.444360089477,17132.367354143094,19924.354886671914,39.616530440500426,51.43572449775873,11.8191940572583
2018-11-30 → 2019-11-30,7773.957759032041,31396.444360089477,17104.072071690007,19821.377222380717,39.496749305978284,50.999793826994434,11.50304452101615
2018-12-01 → 2019-12-01,7773.957759032041,31396.444360089477,17072.141573472385,19921.15794626155,39.3615793776093,51.422191035069744,12.060611657460441
2018-12-02 → 2019-12-02,7773.957759032041,31396.444360089477,17043.60817689185,19355.028635132643,39.24079024536249,49.02562152615291,9.78483128079042
2018-12-03 → 2019-12-03,7773.957759032041,31396.444360089477,17014.34272008953,19474.968561576454,39.11690211581644,49.5333577711528,10.416455655336364
2018-12-04 → 2019-12-04,7773.957759032041,31396.444360089477,16981.133017094526,19007.218235754764,38.9763169879429,47.55325155405053,8.576934566107631
2018-12-05 → 2019-12-05,7773.957759032041,31396.444360089477,16947.850516361774,18831.42958038484,38.83542368871139,46.80909342057929,7.973669731867901
2018-12-06 → 2019-12-06,7773.957759032041,31396.444360089477,16910.460175262793,18734.8368137999,38.67714085536518,46.40019164738231,7.723050792017126
2018-12-07 → 2019-12-07,7773.957759032041,31396.444360089477,16869.03358969284,18629.57120231675,38.50177157155703,45.95457551364965,7.452803942092622
2018-12-08 → 2019-12-08,7773.957759032041,31396.444360089477,16824.3200528895,18658.73340528406,38.31248778632953,46.07802654342398,7.765538757094454
2018-12-09 → 2019-12-09,7773.957759032041,31396.444360089477,16781.370361082987,18576.959795212126,38.130670806043504,45.731858032661556,7.601187226618052
2018-12-10 → 2019-12-10,7773.957759032041,31396.444360089477,16741.97740446016,18561.19464690319,37.96391039132467,45.66512014610803,7.701209754783363
2018-12-11 → 2019-12-11,7773.957759032041,31396.444360089477,16699.88271326707,18450.45172075997,37.785712846315974,45.196317144910594,7.41060429859462
2018-12-12 → 2019-12-12,7773.957759032041,31396.444360089477,16656.371188463443,18241.480079249777,37.60151748391209,44.311686982813946,6.710169498901855
2018-12-13 → 2019-12-13,7773.957759032041,31396.444360089477,16614.264020517243,18169.326882957714,37.42326712163094,44.006244132911625,6.582977011280683
2018-12-14 → 2019-12-14,7773.957759032041,31396.444360089477,16569.10124513893,18170.18362915908,37.23208159514072,44.00987095770715,6.7777893625664305
2018-12-15 → 2019-12-15,7773.957759032041,31396.444360089477,16522.111821300277,18355.218230695013,37.033163400658395,44.79316953529063,7.760006134632235
2018-12-16 → 2019-12-16,7773.957759032041,31294.843993340724,16476.02815927129,18629.869656839357,36.99720458468948,46.154348903624076,9.157144318934598
2018-12-17 → 2019-12-17,7773.957759032041,29771.88544035732,16431.86456687325,19098.411674773044,39.35782921584552,51.479639717857076,12.121810502011556
2018-12-18 → 2019-12-18,7773.957759032041,29771.88544035732,16391.288680516274,19328.633940643394,39.173375993956704,52.52620314512841,13.35282715117171
2018-12-19 → 2019-12-19,7773.957759032041,29771.88544035732,16354.861307374927,19420.756333535945,39.0077814267363,52.94498074194157,13.93719931520527
2018-12-20 → 2019-12-20,7773.957759032041,29771.88544035732,16319.002684878462,19534.79247117697,38.844772333261986,53.46337565301238,14.618603319750392
2018-12-21 → 2019-12-21,7773.957759032041,29771.88544035732,16290.0992105239,19418.618900151057,38.71338052775523,52.93526422038622,14.221883692630996
2018-12-22 → 2019-12-22,7773.957759032041,29771.88544035732,16255.460356607045,19420.149879178058,38.555916359226934,52.94222387153691,14.386307512309976
2018-12-23 → 2019-12-23,7773.957759032041,29771.88544035732,16223.86722994373,19194.43217611232,38.412297709684154,51.916137658618965,13.50383994893481
2018-12-24 → 2019-12-24,7773.957759032041,29771.88544035732,16192.328859345866,18838.435303293598,38.26892797479482,50.29781761513169,12.028889640336871
2018-12-25 → 2019-12-25,7773.957759032041,29771.88544035732,16162.694269790507,18970.512697904775,38.13421260530793,50.89822596506595,12.764013359758017
2018-12-26 → 2019-12-26,7773.957759032041,29771.88544035732,16128.034956695277,18527.515846073366,37.97665543175356,48.88441421766448,10.907758785910922
2018-12-27 → 2019-12-27,7773.957759032041,29771.88544035732,16094.031476983653,18412.905037448,37.82207959986512,48.363406919678575,10.541327319813455
2018-12-28 → 2019-12-28,7773.957759032041,29771.88544035732,16055.222064980351,18784.76254160432,37.645656563270414,50.05382753358032,12.408170970309904
2018-12-29 → 2019-12-29,7773.957759032041,29771.88544035732,16021.78687179634,23035.09844300428,37.49366409530538,69.37535619288309,31.881692097577712
2018-12-30 → 2019-12-30,7773.957759032041,29771.88544035732,15988.114441642676,18228.950824924934,37.34059317589214,47.52717263803199,10.186579462139854
2018-12-31 → 2019-12-31,7773.957759032041,29771.88544035732,15954.811338362764,18105.015641799273,37.189201173143694,46.96377782684314,9.774576653699448
2019-01-01 → 2020-01-01,7773.957759032041,29771.88544035732,15918.813855981913,18176.839281321973,37.025560838916164,47.29027967084944,10.26471883193328
2019-01-02 → 2020-01-02,7773.957759032041,29771.88544035732,15886.396842787643,18024.492186843818,36.8781968978037,46.59772764192589,9.719530744122196
2019-01-03 → 2020-01-03,7773.957759032041,29771.88544035732,15853.656623965857,17852.66625553574,36.729363701804154,45.81662710465144,9.087263402847285
2019-01-04 → 2020-01-04,7773.957759032041,29771.88544035732,15818.666897676158,17758.82486391876,36.57030450860841,45.390035141188235,8.819730632579827
2019-01-05 → 2020-01-05,7773.957759032041,29771.88544035732,15784.478847337114,17658.254730532863,36.414889640288486,44.93285510658309,8.517965466294605
2019-01-06 → 2020-01-06,7773.957759032041,29771.88544035732,15747.73454549783,18303.24860771237,36.2478543523669,47.86492164722847,11.61706729486157
2019-01-07 → 2020-01-07,7773.957759032041,29771.88544035732,15713.78677018708,20666.085333380863,36.093531746153545,58.606100361414256,22.51256861526071
2019-01-08 → 2020-01-08,7773.957759032041,29771.88544035732,15679.39817196131,19605.723340613276,35.93720521065464,53.78581906888251,17.84861385822787
2019-01-09 → 2020-01-09,7773.957759032041,29771.88544035732,15645.917887724701,17033.4686328989,35.785007764051386,42.09265076240589,6.307642998354503
2019-01-10 → 2020-01-10,7773.957759032041,29771.88544035732,15611.292174998,18727.73669564987,35.62760333383273,49.7945947241059,14.166991390273168
2019-01-11 → 2020-01-11,7773.957759032041,29771.88544035732,15569.997260588407,18509.063969862083,35.43988149472218,48.80053415187561,13.36065265715343
2019-01-12 → 2020-01-12,7773.957759032041,29771.88544035732,15528.07234944423,17097.756013509075,35.24929576432282,42.38489365701613,7.135597892693312
2019-01-13 → 2020-01-13,7773.957759032041,29771.88544035732,15486.174257509321,16978.909610630042,35.05883195090426,41.84463184417307,6.785799893268809
2019-01-14 → 2020-01-14,7773.957759032041,29771.88544035732,15439.245257338993,17141.954951458487,34.84549821851742,42.58581684664428,7.7403186281268574
2019-01-15 → 2020-01-15,7773.957759032041,29771.88544035732,15395.74311665681,17010.27900103517,34.64774258756718,41.987233414919025,7.339490827351845
2019-01-16 → 2020-01-16,7773.957759032041,29771.88544035732,15350.788857506359,16977.41141140173,34.443385796319916,41.83782120614381,7.394435409823892
2019-01-17 → 2020-01-17,7773.957759032041,29771.88544035732,15305.696426265069,16826.969731725716,34.238400890948256,41.15393096950245,6.915530078554191
2019-01-18 → 2020-01-18,7773.957759032041,29771.88544035732,15261.23997045489,16653.582555346697,34.03630705531882,40.36573319519022,6.329426139871394
2019-01-19 → 2020-01-19,7773.957759032041,29771.88544035732,15216.993394294204,16395.859632018663,33.835167307967765,39.19415500354618,5.3589876955784135
2019-01-20 → 2020-01-20,7773.957759032041,29771.88544035732,15174.531611178656,16646.41926984367,33.64214102053436,40.333169739182914,6.691028718648553
2019-01-21 → 2020-01-21,7773.957759032041,29771.88544035732,15128.60692624879,16592.257617166986,33.43337278747551,40.086957216524866,6.653584429049353
2019-01-22 → 2020-01-22,7773.957759032041,29771.88544035732,15082.923715765384,16669.958887597746,33.22570226893758,40.440178081491716,7.214475812554134
2019-01-23 → 2020-01-23,7773.957759032041,29771.88544035732,15039.204086994365,16663.999882001408,33.02695796263579,40.41308914073937,7.386131178103582
2019-01-24 → 2020-01-24,7773.957759032041,29771.88544035732,14994.716952452482,16622.062353582183,32.82472466508909,40.22244605368701,7.397721388597915
2019-01-25 → 2020-01-25,7773.957759032041,29771.88544035732,14950.873815980307,16546.817046648455,32.62541890725903,39.88038971081792,7.254970803558891
2019-01-26 → 2020-01-26,7773.957759032041,29771.88544035732,14906.021636544814,15958.76140335057,32.42152615842719,37.20715770543632,4.785631547009132
2019-01-27 → 2020-01-27,7773.957759032041,29771.88544035732,14859.902015467693,15360.095756525146,32.21187176849903,34.48569386803291,2.2738220995338807
2019-01-28 → 2020-01-28,7773.957759032041,29771.88544035732,14812.055210602975,15313.493259545105,31.994365803583364,34.273844380866876,2.2794785772835127
2019-01-29 → 2020-01-29,7773.957759032041,29771.88544035732,14761.85645555458,15216.675943243463,31.766168148896963,33.83372421271197,2.067556063815008
2019-01-30 → 2020-01-30,7773.957759032041,29771.88544035732,14710.131058252071,15256.892633509895,31.53103055752093,34.016544571288634,2.4855140137677054
2019-01-31 → 2020-01-31,7773.957759032041,29771.88544035732,14659.855925657219,15156.364633233165,31.30248569946354,33.55955606885769,2.2570703693941496
2019-02-01 → 2020-02-01,7773.957759032041,29771.88544035732,14608.857172339078,15284.50655487777,31.070651346442023,34.142074220116946,3.0714228736749227
2019-02-02 → 2020-02-02,7773.957759032041,29771.88544035732,14558.80303289863,14967.977137699056,30.843111097353287,32.703168602441764,1.8600575050884771
2019-02-03 → 2020-02-03,7773.957759032041,29771.88544035732,14509.323527073486,15087.195028188347,30.618183065304393,33.245119154404435,2.6269360891000417
2019-02-04 → 2020-02-04,7773.957759032041,29771.88544035732,14459.092764394516,14948.475630841704,30.38983990768227,32.614517038804216,2.224677131121947
2019-02-05 → 2020-02-05,7773.957759032041,29771.88544035732,14407.378676282537,14583.424962167945,30.154753726560397,30.955039500910214,0.8002857743498168
2019-02-06 → 2020-02-06,7773.957759032041,29771.88544035732,14355.693163014312,14486.369614754709,29.91979744332785,30.51383727123097,0.5940398279031172
2019-02-07 → 2020-02-07,7773.957759032041,29771.88544035732,14302.43695250311,14452.129330329668,29.677700954591725,30.358184952880507,0.680483998288782
2019-02-08 → 2020-02-08,7773.957759032041,28074.774710040525,14248.659944524521,14869.152548961161,31.89380112690901,34.950291936781646,3.056490809872635
2019-02-09 → 2020-02-09,7773.957759032041,28074.774710040525,14199.942317104817,14809.039991001582,31.65382247217175,34.654182878192294,3.000360406020544
2019-02-10 → 2020-02-10,7773.957759032041,28074.774710040525,14152.168143936973,14547.562815867448,31.41849118829714,33.366169810712535,1.9476786224153955
2019-02-11 → 2020-02-11,7773.957759032041,28074.774710040525,14103.74661161962,14883.485484386889,31.179971071425932,35.02089468868231,3.8409236172563794
2019-02-12 → 2020-02-12,7773.957759032041,28074.774710040525,14054.025378038741,14426.960678737443,30.935048742926202,32.77209452092961,1.8370457780034108
2019-02-13 → 2020-02-13,7773.957759032041,28074.774710040525,14004.567682111336,14241.094438232003,30.691424577225085,31.85653412277427,1.1651095455491856
2019-02-14 → 2020-02-14,7773.957759032041,28074.774710040525,13954.533437061877,14192.551997467608,30.444960382359405,31.61741842175819,1.1724580393987871
2019-02-15 → 2020-02-15,7773.957759032041,28050.436405718185,13905.392145156498,14188.768949503798,30.239147994893774,31.636712183849298,1.3975641889555241
2019-02-16 → 2020-02-16,7773.957759032041,27896.057039244246,13856.205664400954,14219.008454713034,30.226706571068906,32.02971323185432,1.8030066607854174
2019-02-17 → 2020-02-17,7773.957759032041,27603.28339949321,13808.20357673291,14285.837422901894,30.430917960155757,32.83964256748373,2.4087246073279722
2019-02-18 → 2020-02-18,7773.957759032041,27040.460617832723,13759.583779187313,14456.537906893895,31.067527220806017,34.6849669441143,3.6174397233082836
2019-02-19 → 2020-02-19,7773.957759032041,27040.460617832723,13717.26706730178,14442.906703285189,30.847888440506026,34.614216150840576,3.7663277103345507
2019-02-20 → 2020-02-20,7773.957759032041,27040.460617832723,13675.546828651972,14339.61559696339,30.631345568374197,34.07809858410418,3.4467530157299855
2019-02-21 → 2020-02-21,7773.957759032041,27040.460617832723,13634.21491698913,14249.819562564777,30.416818251373535,33.612025238792356,3.195206987418821
2019-02-22 → 2020-02-22,7773.957759032041,27040.460617832723,13592.257672956055,14202.285564258966,30.199045237035797,33.36530688697638,3.16626164994058
2019-02-23 → 2020-02-23,7773.957759032041,27040.460617832723,13550.454062925217,13991.200830479525,29.982069637793913,32.269702067947065,2.2876324301531525
2019-02-24 → 2020-02-24,7773.957759032041,27040.460617832723,13512.297856193794,14030.000747999275,29.78402535850223,32.47108743510012,2.6870620765978863
2019-02-25 → 2020-02-25,7773.957759032041,27040.460617832723,13468.758996914541,14287.002899731904,29.55804319869701,33.805019979143694,4.246976780446683
2019-02-26 → 2020-02-26,7773.957759032041,27040.460617832723,13428.324262988574,14376.266104503731,29.348172553140294,34.26832774924611,4.920155196105817
2019-02-27 → 2020-02-27,7773.957759032041,27040.460617832723,13387.473104896088,14190.633498010016,29.13614051810065,33.30482852027774,4.168688002177088
2019-02-28 → 2020-02-28,7773.957759032041,27040.460617832723,13346.783832675179,14083.515146614773,28.924948728292666,32.74884619084158,3.823897462548917
2019-03-01 → 2020-03-01,7773.957759032041,27040.460617832723,13302.22753951511,15794.580598387733,28.69368572489962,41.62988425111087,12.936198526211253
2019-03-02 → 2020-03-02,7773.957759032041,27040.460617832723,13261.316785511852,13781.071459035586,28.481344365893875,31.17905591911598,2.6977115532221063
2019-03-03 → 2020-03-03,7773.957759032041,27040.460617832723,13220.866864893327,13488.83511481611,28.271394896003194,29.662245388625823,1.3908504926226293
2019-03-04 → 2020-03-04,7773.957759032041,27040.460617832723,13179.945587085007,13450.747181338014,28.058998914707463,29.464555471793318,1.4055565570858555
2019-03-05 → 2020-03-05,7773.957759032041,26046.86550643562,13136.332184200495,13543.100203827706,29.346037857222807,31.57210951067932,2.2260716534565113
2019-03-06 → 2020-03-06,7773.957759032041,26046.86550643562,13095.165007690583,13724.259152595332,29.12074707658193,32.56351685138221,3.4427697748002792
2019-03-07 → 2020-03-07,7773.957759032041,26046.86550643562,13055.049319088834,13458.27591705921,28.901210650544595,31.107901580879272,2.206690930334677
2019-03-08 → 2020-03-08,7773.957759032041,26046.86550643562,13017.98369403455,13438.82676444118,28.698365949708464,31.00146448347318,2.3030985337647145
2019-03-09 → 2020-03-09,7773.957759032041,25963.445555142123,12981.518181286308,13979.363801766709,28.629505572817344,34.115342401569585,5.485836828752241
2019-03-10 → 2020-03-10,7773.957759032041,25963.445555142123,12946.284543468975,13341.6614322969,28.435802274449216,30.60945825234035,2.1736559778911335
2019-03-11 → 2020-03-11,7773.957759032041,25963.445555142123,12910.808171498982,13263.281221707217,28.240764501161397,30.17854886408124,1.9377843629198424
2019-03-12 → 2020-03-12,7773.957759032041,25960.826637480193,12895.006089675435,13221.165387796234,28.15794387076684,29.95132183099014,1.7933779602232995
2019-03-13 → 2020-03-13,7773.957759032041,25960.826637480193,12872.81331451236,13186.139270849606,28.03591750486845,29.75873168707518,1.7228141822067293
2019-03-14 → 2020-03-14,7773.957759032041,25948.527232164128,12855.033662390088,13179.641872123331,27.957063361910862,29.74312057890915,1.7860572169982873
2019-03-15 → 2020-03-15,7773.957759032041,25628.446628388738,12835.178148347144,13221.039061667772,28.347047212320785,30.508189523052927,2.161142310732142
2019-03-16 → 2020-03-16,7773.957759032041,25586.972579571917,12819.70124690187,13385.150846722292,28.32616229596166,31.500524443622435,3.1743621476607764
2019-03-17 → 2020-03-17,7773.957759032041,25586.972579571917,12801.710240809383,13306.067310227896,28.22516307559531,31.056559526447348,2.8313964508520364
2019-03-18 → 2020-03-18,7773.957759032041,25586.972579571917,12783.555642333953,13305.303324788065,28.123245468394447,31.052270609340795,2.9290251409463472
2019-03-19 → 2020-03-19,7773.957759032041,25586.972579571917,12758.834466806227,13337.186711397126,27.984463932664628,31.231259887294442,3.246795954629814
2019-03-20 → 2020-03-20,7773.957759032041,25586.972579571917,12734.781576546087,13199.986415292755,27.84943406544414,30.461034872120884,2.611600806676744
2019-03-21 → 2020-03-21,7773.957759032041,25586.972579571917,12711.300081060936,13568.22199850209,27.71761193582869,32.52826260936348,4.810650673534791
2019-03-22 → 2020-03-22,7773.957759032041,25586.972579571917,12689.506716151653,13684.076843378585,27.595266756594043,33.178656975750606,5.583390219156563
2019-03-23 → 2020-03-23,7773.957759032041,25586.972579571917,12663.11909260026,13239.211922772784,27.447129993574205,30.681241882979027,3.234111889404822
2019-03-24 → 2020-03-24,7773.957759032041,25586.972579571917,12634.905471285878,12814.113197736802,27.288742311317016,28.294791698556526,1.0060493872395107
2019-03-25 → 2020-03-25,7773.957759032041,25586.972579571917,12607.011919987168,12763.723808833267,27.132151461425924,28.01191207704837,0.8797606156224447
2019-03-26 → 2020-03-26,7773.957759032041,25524.76751053806,12577.63333472961,12733.541104545897,27.061726439212237,27.940040003488143,0.8783135642759063
2019-03-27 → 2020-03-27,7773.957759032041,24931.82727159103,12550.06293900404,12703.486034569214,27.83623675699391,28.730421757368664,0.8941850003747547
2019-03-28 → 2020-03-28,7773.957759032041,24931.82727159103,12526.12382253368,12675.353843454825,27.696714093921805,28.566460893266054,0.8697467993442487
2019-03-29 → 2020-03-29,7773.957759032041,24453.100059156557,12504.33467315386,12646.802220557232,28.361032174217403,29.215198082990234,0.8541659087728313
2019-03-30 → 2020-03-30,7773.957759032041,24438.57841350643,12480.03580320374,12619.419263045564,28.239935020111805,29.076338456660476,0.8364034365486717
2019-03-31 → 2020-03-31,7773.957759032041,24424.09322507313,12455.806263586064,12591.982513152834,28.11898145875703,28.936850177269918,0.8178687185128872
2019-04-01 → 2020-04-01,7773.957759032041,24163.82411016625,12430.272468500625,12565.478852892893,28.409717380925187,29.23465628826967,0.8249389073444817
2019-04-02 → 2020-04-02,7773.957759032041,20392.68371152051,12404.544323813134,12589.24033065349,36.69614969225891,38.15981573537425,1.4636660431153388
2019-04-03 → 2020-04-03,7773.957759032041,20361.333434818054,12389.33439624714,12582.810773176228,36.66671080687273,38.20377764202942,1.5370668351566934
2019-04-04 → 2020-04-04,7773.957759032041,20361.333434818054,12374.121636793896,12588.27591071636,36.54585353014499,38.24719525091707,1.701341720772085
2019-04-05 → 2020-04-05,7773.957759032041,20164.08152590028,12358.765901153398,12618.313310255675,37.0037315880681,39.09852429543652,2.09479270736842
2019-04-06 → 2020-04-06,7773.957759032041,20164.08152590028,12341.96503637191,12632.332286505907,36.86813274258753,39.21167067326141,2.3435379306738824
2019-04-07 → 2020-04-07,7773.957759032041,20164.08152590028,12325.858033666611,12697.722297685825,36.73813401934337,39.7394298176436,3.0012957983002266
2019-04-08 → 2020-04-08,7773.957759032041,20164.08152590028,12310.308609723526,12670.327786629077,36.612635483286255,39.51833024210907,2.9056947588228184
2019-04-09 → 2020-04-09,7773.957759032041,20164.08152590028,12296.064185648771,12611.874279984753,36.49766952860511,39.04655524014637,2.54888571154126
2019-04-10 → 2020-04-10,7773.957759032041,20164.08152590028,12283.340750382904,12525.777533848312,36.39497939002966,38.35167318927721,1.956693799247546
2019-04-11 → 2020-04-11,7773.957759032041,20164.08152590028,12271.629434238514,12488.094729087006,36.300458008607244,38.0475373673085,1.7470793587012565
2019-04-12 → 2020-04-12,7773.957759032041,20164.08152590028,12256.72484724146,12490.087381536148,36.18016391568697,38.06361995442898,1.8834560387420112
2019-04-13 → 2020-04-13,7773.957759032041,20164.08152590028,12242.816694679348,12481.765769141502,36.06791198968683,37.99645668349461,1.9285446938077797
2019-04-14 → 2020-04-14,7773.957759032041,20164.08152590028,12228.754212727623,12451.060598805849,35.95441447976421,37.74863696100111,1.7942224812369005
2019-04-15 → 2020-04-15,7773.957759032041,20164.08152590028,12217.041406094495,12442.593363036867,35.85988106869007,37.6802983719095,1.820417303219429
2019-04-16 → 2020-04-16,7773.957759032041,20164.08152590028,12201.23683072044,12462.405751684164,35.73232321962066,37.84020305906263,2.1078798394419707
2019-04-17 → 2020-04-17,7773.957759032041,20164.08152590028,12187.375165436757,12456.870998329196,35.6204464898599,37.79553237248105,2.175085882621147
2019-04-18 → 2020-04-18,7773.957759032041,20164.08152590028,12172.756649667848,12450.912686557665,35.5024612619157,37.747443169470316,2.2449819075546174
2019-04-19 → 2020-04-19,7773.957759032041,20164.08152590028,12159.24375788231,12442.679511678009,35.39339946366577,37.680993672802074,2.2875942091363015
2019-04-20 → 2020-04-20,7773.957759032041,20164.08152590028,12147.493897560797,12419.277282810657,35.298566994332944,37.49211558483712,2.1935485905041787
2019-04-21 → 2020-04-21,7773.957759032041,20164.08152590028,12135.877636981824,12399.244774877858,35.2048128010937,37.33043432716989,2.1256215260761877
2019-04-22 → 2020-04-22,7773.957759032041,20164.08152590028,12122.674938324139,12408.905500331262,35.098254554331135,37.40840550514341,2.310150950812279
2019-04-23 → 2020-04-23,7773.957759032041,20164.08152590028,12108.449816564449,12387.856196275721,34.98344438756163,37.23851774250598,2.2550733549443436
2019-04-24 → 2020-04-24,7773.957759032041,20164.08152590028,12095.608336339665,12255.460185339793,34.879801514686356,36.169956899797036,1.2901553851106797
2019-04-25 → 2020-04-25,7773.957759032041,20164.08152590028,12081.594649537745,12207.045531349075,34.76669782770469,35.77920491941585,1.0125070917111572
2019-04-26 → 2020-04-26,7773.957759032041,20164.08152590028,12063.915946915371,12211.299030084885,34.62401400182034,35.81353467120722,1.18952066938688
2019-04-27 → 2020-04-27,7773.957759032041,20164.08152590028,12046.043361532285,12178.184175235981,34.47976535895466,35.54626651899187,1.0665011600372125
2019-04-28 → 2020-04-28,7773.957759032041,20164.08152590028,12028.528087949753,12144.736025067006,34.338400559763805,35.2763083587803,0.937907799016493
2019-04-29 → 2020-04-29,7773.957759032041,20164.08152590028,12006.704214485459,12125.016112934627,34.162261290496346,35.11715004443713,0.9548887539407858
2019-04-30 → 2020-04-30,7773.957759032041,20164.08152590028,11985.27498526522,12104.59523013503,33.98930717297945,34.9523342348146,0.9630270618351489
2019-05-01 → 2020-05-01,7773.957759032041,20164.08152590028,11964.307289583674,12084.740152613806,33.8200780669909,34.792085008133604,0.9720069411427019
2019-05-02 → 2020-05-02,7773.957759032041,20164.08152590028,11943.394958656068,12064.55952004272,33.651295806852985,34.62920824474687,0.9779124378938846
2019-05-03 → 2020-05-03,7773.957759032041,20164.08152590028,11923.498205437774,12051.657726624297,33.490710217938215,34.5250785874393,1.0343683695010881
2019-05-04 → 2020-05-04,7773.957759032041,20164.08152590028,11906.021469655881,12052.80413187619,33.34965645519352,34.534331160484285,1.1846747052907673
2019-05-05 → 2020-05-05,7773.957759032041,20164.08152590028,11889.159593559116,12008.96826239465,33.21356519077972,34.180534295284616,0.9669691045048978
2019-05-06 → 2020-05-06,7773.957759032041,20164.08152590028,11870.996562839133,11989.61968135254,33.06697237974944,34.02437297352406,0.9574005937746222
2019-05-07 → 2020-05-07,7773.957759032041,20164.08152590028,11850.388311111188,11968.9115984037,32.900644325924404,33.85723918746605,0.956594861541646
2019-05-08 → 2020-05-08,7773.957759032041,20164.08152590028,11831.25342474467,11948.369264090863,32.74620772200858,33.69144314943318,0.9452354274245991
2019-05-09 → 2020-05-09,7773.957759032041,20164.08152590028,11813.768482400505,11927.71278656797,32.605087724556086,33.524725867898596,0.9196381433425103
2019-05-10 → 2020-05-10,7773.957759032041,20164.08152590028,11800.729338495428,11907.906962689478,32.499849519107784,33.36487416462946,0.8650246455216788
2019-05-11 → 2020-05-11,7773.957759032041,20164.08152590028,11789.583998450253,11888.275386110192,32.40989609931243,33.20642880162363,0.7965327023112039
2019-05-12 → 2020-05-12,7773.957759032041,20164.08152590028,11783.288851452646,11877.864985591345,32.35908831792092,33.12240703788076,0.763318719959841
2019-05-13 → 2020-05-13,7773.957759032041,20164.08152590028,11773.26810690214,11860.190054680115,32.278211445832675,32.97975365326734,0.7015422074346631
2019-05-14 → 2020-05-14,7773.957759032041,20164.08152590028,11766.130363865828,11850.988681590077,32.22060311866326,32.905489882677394,0.6848867640141307
2019-05-15 → 2020-05-15,7773.957759032041,20164.08152590028,11761.094600165032,11848.099536319185,32.179959749835405,32.88217175183984,0.7022120020044369
2019-05-16 → 2020-05-16,7773.957759032041,20164.08152590028,11756.928041420997,11844.542925319121,32.14633168588357,32.853466542214946,0.7071348563313791
2019-05-17 → 2020-05-17,7773.957759032041,20164.08152590028,11750.411917590023,11836.455699381593,32.09374041275683,32.78819499134349,0.694454578586658
2019-05-18 → 2020-05-18,7773.957759032041,20164.08152590028,11741.236228672067,11818.779733598822,32.01968393769165,32.64553325433939,0.6258493166477379
2019-05-19 → 2020-05-19,7773.957759032041,20164.08152590028,11731.731952173976,11789.42142326444,31.942975450537496,32.40858396402733,0.46560851348983334
2019-05-20 → 2020-05-20,7773.957759032041,20164.08152590028,11727.217278465288,11794.690729949387,31.906537770062027,32.45111224529468,0.544574475232654
2019-05-21 → 2020-05-21,7773.957759032041,20164.08152590028,11723.12266365058,11785.563975996434,31.873490361563512,32.377450721611126,0.5039603600476141
2019-05-22 → 2020-05-22,7773.957759032041,20164.08152590028,11718.734427270376,11777.332585977261,31.838073149735983,32.3110156304526,0.47294248071661826
2019-05-23 → 2020-05-23,7773.957759032041,20164.08152590028,11712.869374509632,11761.395156895729,31.79073663501587,32.18238552649715,0.3916488914812781
2019-05-24 → 2020-05-24,7773.957759032041,20164.08152590028,11709.30892589806,11748.171660180295,31.762000452241875,32.07565941976692,0.31365896752504696
2019-05-25 → 2020-05-25,7773.957759032041,20164.08152590028,11705.778063426487,11737.461895504264,31.733503057558742,31.989221504556838,0.2557184469980953
2019-05-26 → 2020-05-26,7773.957759032041,20164.08152590028,11702.81878591837,11665.609624574949,31.709618893334092,31.409305821055337,-0.3003130722787546
2019-05-27 → 2020-05-27,7773.957759032041,20164.08152590028,11701.32966678344,11688.578680356499,31.69760029559488,31.594687793130312,-0.1029125024645694
2019-05-28 → 2020-05-28,7773.957759032041,20164.08152590028,11698.902468983988,11685.276976507283,31.67801051711387,31.56803992494642,-0.10997059216744987
2019-05-29 → 2020-05-29,7773.957759032041,20164.08152590028,11696.539256510247,11737.8826856236,31.658937160638928,31.992617678212987,0.33368051757405937
2019-05-30 → 2020-05-30,7773.957759032041,20164.08152590028,11693.173493817392,11737.048551820091,31.631772277089865,31.985885430664833,0.35411315357496775
2019-05-31 → 2020-05-31,7773.957759032041,20164.08152590028,11689.114892559192,11717.387745247011,31.599015532003484,31.827204154004356,0.22818862200087153
2019-06-01 → 2020-06-01,7773.957759032041,20164.08152590028,11683.985061404368,11719.684465367227,31.55761294998456,31.845740854391135,0.28812790440657565
2019-06-02 → 2020-06-02,7773.957759032041,20164.08152590028,11680.778846685369,11739.009620675908,31.53173576926121,32.001713108359716,0.4699773390985058
2019-06-03 → 2020-06-03,7773.957759032041,20164.08152590028,11677.877068215565,11743.249018554277,31.50831567657768,32.03592905291474,0.5276133763370581
2019-06-04 → 2020-06-04,7773.957759032041,20164.08152590028,11672.305897682749,11734.319048529213,31.46335106897858,31.96385576137148,0.5005046923929015
2019-06-05 → 2020-06-05,7773.957759032041,20164.08152590028,11664.947341135858,11709.223290018263,31.40396056824308,31.761309289817603,0.3573487215745246
2019-06-06 → 2020-06-06,7773.957759032041,20164.08152590028,11658.189242811943,11683.825355666904,31.349416332438217,31.556323973857538,0.2069076414193205
2019-06-07 → 2020-06-07,7773.957759032041,20164.08152590028,11651.104920641446,11646.994436394238,31.292239162106473,31.25906367230063,-0.03317548980584206
2019-06-08 → 2020-06-08,7773.957759032041,20164.08152590028,11645.03792845984,11632.361993613995,31.243272805548923,31.140966040222324,-0.10230676532659899
2019-06-09 → 2020-06-09,7773.957759032041,20164.08152590028,11638.582303185653,11602.423033563487,31.191169812910136,30.899330358337,-0.291839454573136
2019-06-10 → 2020-06-10,7773.957759032041,20164.08152590028,11630.445067540979,11562.423935747935,31.125494636472972,30.576499863919242,-0.5489947725537299
2019-06-11 → 2020-06-11,7773.957759032041,20164.08152590028,11625.726672478911,11528.1227539902,31.087412732281795,30.299656933185503,-0.787755799096292
2019-06-12 → 2020-06-12,7773.957759032041,20164.08152590028,11620.148500954843,11485.772455416616,31.042391620071562,29.957850028182424,-1.0845415918891383
2019-06-13 → 2020-06-13,7773.957759032041,20164.08152590028,11615.50138930056,11442.303136386985,31.004885040301065,29.60701157129897,-1.3978734690020964
2019-06-14 → 2020-06-14,7773.957759032041,20164.08152590028,11611.568642277176,11395.707885096626,30.973144057746076,29.230943888948964,-1.7422001687971118
2019-06-15 → 2020-06-15,7773.957759032041,20164.08152590028,11609.102099781074,11363.848248075474,30.95323673040607,28.97380653002809,-1.9794302003779798
2019-06-16 → 2020-06-16,7773.957759032041,20164.08152590028,11606.937009391002,11328.353188302624,30.93576240625233,28.68732787621702,-2.2484345300353112
2019-06-17 → 2020-06-17,7773.957759032041,20164.08152590028,11605.564817406907,11299.606886487263,30.924687521046064,28.45531807263273,-2.4693694484133353
2019-06-18 → 2020-06-18,7773.957759032041,20164.08152590028,11605.411290135815,11275.469733977718,30.92344841097759,28.26050845681526,-2.6629399541623293
2019-06-19 → 2020-06-19,7773.957759032041,20164.08152590028,11604.636585769766,11232.472823033575,30.917195815114738,27.913482779322685,-3.003713035792053
2019-06-20 → 2020-06-20,7773.957759032041,20164.08152590028,11604.410039118955,11174.67220373161,30.915367369692614,27.446977194797967,-3.4683901748946475
2019-06-21 → 2020-06-21,7773.957759032041,20164.08152590028,11605.215283525235,11119.607883980947,30.92186645252206,27.00255613180659,-3.9193103207154714
2019-06-22 → 2020-06-22,7773.957759032041,20164.08152590028,11606.32821336753,11079.601054820563,30.930848847397492,26.679663238134584,-4.251185609262908
2019-06-23 → 2020-06-23,7773.957759032041,20164.08152590028,11609.176450113424,11082.976493246671,30.953836807804404,26.70690621398874,-4.246930593815662
2019-06-24 → 2020-06-24,7773.957759032041,20164.08152590028,11613.254962336632,11080.592182581142,30.986754253182262,26.687662575180994,-4.299091678001268
2019-06-25 → 2020-06-25,7773.957759032041,20164.08152590028,11617.959982797222,11082.132836118577,31.024728211708574,26.700097104217374,-4.3246311074912
2019-06-26 → 2020-06-26,7773.957759032041,20164.08152590028,11624.471795457153,11140.357997295712,31.07728468961354,27.170029142610986,-3.9072555470025527
2019-06-27 → 2020-06-27,7949.689521114651,20164.08152590028,11633.557573096929,11181.210414760972,30.160060775345414,26.45666597551644,-3.703394799828974
2019-06-28 → 2020-06-28,7949.689521114651,20164.08152590028,11638.947806785984,11160.098276846955,30.20419095953259,26.28381956690482,-3.920371392627768
2019-06-29 → 2020-06-29,7949.689521114651,20164.08152590028,11646.567480849975,11281.606173982796,30.26657371309909,27.278612407090684,-2.9879613060084047
2019-06-30 → 2020-06-30,7949.689521114651,20164.08152590028,11653.55389396721,11357.497990812722,30.323771919235725,27.899943512234447,-2.4238284070012774
2019-07-01 → 2020-07-01,7949.689521114651,20164.08152590028,11657.908324755284,11371.732503453139,30.35942191954985,28.01648236766695,-2.3429395518828997
2019-07-02 → 2020-07-02,7949.689521114651,20164.08152590028,11662.08994276576,11367.480784029518,30.393657090722005,27.981673271790914,-2.411983818931091
2019-07-03 → 2020-07-03,7949.689521114651,20164.08152590028,11666.833685486312,11366.045999133621,30.432494412454375,27.96992659708672,-2.462567815367656
2019-07-04 → 2020-07-04,7949.689521114651,20164.08152590028,11673.892695132461,11427.796650470593,30.490286970965542,28.475483085799198,-2.0148038851663443
2019-07-05 → 2020-07-05,7949.689521114651,20164.08152590028,11679.524160335464,11451.180883206081,30.53639213281721,28.66693127844216,-1.869460854375049
2019-07-06 → 2020-07-06,7949.689521114651,20164.08152590028,11683.926389332364,11459.255744129667,30.572433460090597,28.733040675622316,-1.8393927844682807
2019-07-07 → 2020-07-07,7949.689521114651,20164.08152590028,11689.066088426927,11469.233883651481,30.61451250170437,28.814732335083594,-1.7997801666207778
2019-07-08 → 2020-07-08,7949.689521114651,20164.08152590028,11694.16257100368,11424.027843245434,30.65623772695305,28.444627622639985,-2.211610104313067
2019-07-09 → 2020-07-09,7949.689521114651,20164.08152590028,11701.561321465515,11516.595142139282,30.716811765013524,29.202481954297095,-1.5143298107164291
2019-07-10 → 2020-07-10,8259.832572139929,20164.08152590028,11709.245554041227,11594.181272928468,28.976317576185153,28.0097359668816,-0.9665816093035531
2019-07-11 → 2020-07-11,8356.122186429126,20164.08152590028,11716.237359956967,11623.874111964275,28.456357927112673,27.674146155058676,-0.7822117720539978
2019-07-12 → 2020-07-12,8356.122186429126,20164.08152590028,11721.446026298489,11680.342075059985,28.500469413202485,28.15236564643982,-0.34810376676266586
2019-07-13 → 2020-07-13,8356.122186429126,20164.08152590028,11727.880495086376,11757.35681473706,28.554962053318366,28.80459299125827,0.2496309379399051
2019-07-14 → 2020-07-14,8356.122186429126,20164.08152590028,11733.291097782037,11790.630661811989,28.600783710897886,29.08638467192321,0.48560096102532313
2019-07-15 → 2020-07-15,8356.122186429126,20164.08152590028,11736.421120811645,11837.812894227058,28.62729144978503,29.485964574416183,0.858673124631153
2019-07-16 → 2020-07-16,8356.122186429126,20164.08152590028,11741.319299888615,11869.998203556412,28.668773461504,29.75853757711756,1.089764115613562
2019-07-17 → 2020-07-17,8356.122186429126,20164.08152590028,11742.307993979506,11822.264131772487,28.6771465771497,29.35428422214231,0.6771376449926123
2019-07-18 → 2020-07-18,8356.122186429126,20164.08152590028,11743.839504467907,11728.629807933114,28.69011673096181,28.561307881798932,-0.12880884916287982
2019-07-19 → 2020-07-19,8356.122186429126,20164.08152590028,11747.882984831911,11768.836064283354,28.724360415647336,28.901809192773477,0.17744877712614127
2019-07-20 → 2020-07-20,8356.122186429126,20164.08152590028,11751.735239471649,11806.44655953396,28.756984635709316,29.220327356406408,0.46334272069709215
2019-07-21 → 2020-07-21,8356.122186429126,20164.08152590028,11755.673622051523,11855.565025616314,28.790338261570042,29.63630495821065,0.845966696640609
2019-07-22 → 2020-07-22,8356.122186429126,20164.08152590028,11758.531013724709,11919.65519105762,28.81453712261824,30.179075843498754,1.364538720880514
2019-07-23 → 2020-07-23,8356.122186429126,20164.08152590028,11760.480484432828,11867.67350632711,28.83104692462613,29.738850032788616,0.9078031081624864
2019-07-24 → 2020-07-24,8356.122186429126,20164.08152590028,11761.401829767921,11893.176593765567,28.838849672828466,29.954832208076155,1.1159825352476886
2019-07-25 → 2020-07-25,8356.122186429126,20164.08152590028,11761.660890085344,11865.534693318896,28.841043619385832,29.72073671662005,0.8796930972342167
2019-07-26 → 2020-07-26,8356.122186429126,20164.08152590028,11761.559124243453,11999.934536495606,28.8401817783262,30.85895069003241,2.0187689117062106
2019-07-27 → 2020-07-27,8356.122186429126,20164.08152590028,11758.525391283325,12004.869064980925,28.81448950692765,30.900740539941733,2.086251033014083
2019-07-28 → 2020-07-28,8356.122186429126,20164.08152590028,11754.577643712444,11974.464223651787,28.781056570233122,30.643246078324626,1.8621895080915039
2019-07-29 → 2020-07-29,8356.122186429126,20164.08152590028,11750.498120145974,11937.776038628544,28.746507640573167,30.332538834435308,1.5860311938621408
2019-07-30 → 2020-07-30,8356.122186429126,20164.08152590028,11746.29830217258,11888.925097623913,28.71093995395897,29.918826866090914,1.2078869121319435
2019-07-31 → 2020-07-31,8356.122186429126,20164.08152590028,11741.914778530681,11828.618577492183,28.67381648904963,29.408099157788776,0.7342826687391444
2019-08-01 → 2020-08-01,8356.122186429126,20164.08152590028,11737.922873952688,11799.40874561021,28.640009592673817,29.16072506847994,0.5207154758061243
2019-08-02 → 2020-08-02,8356.122186429126,20164.08152590028,11736.284628175494,11786.858511107364,28.626135512232853,29.054438841181607,0.4283033289487541
2019-08-03 → 2020-08-03,8356.122186429126,20164.08152590028,11734.657753187854,11763.551420950882,28.612357729460502,28.85705426789152,0.24469653843101824
2019-08-04 → 2020-08-04,8356.122186429126,20164.08152590028,11733.77525964992,11751.139904201676,28.604884011838656,28.75194282236243,0.1470588105237738
2019-08-05 → 2020-08-05,8356.122186429126,20164.08152590028,11732.220228776376,11715.788519364523,28.591714667087054,28.452556757244622,-0.1391579098424316
2019-08-06 → 2020-08-06,8356.122186429126,20164.08152590028,11732.260905844405,11760.484166639693,28.59205915563804,28.831078108734744,0.2390189530967035
2019-08-07 → 2020-08-07,8356.122186429126,20164.08152590028,11731.900058560776,11559.651515923859,28.589003189122103,27.130253733057064,-1.4587494560650391
2019-08-08 → 2020-08-08,8376.447880236941,20164.08152590028,11732.334889730779,11680.60532316158,28.469556404380324,28.030710338034947,-0.43884606634537704
2019-08-09 → 2020-08-09,8432.882742158143,20164.08152590028,11732.838477561168,11896.192788030961,28.129740159005063,29.522217718043443,1.3924775590383796
2019-08-10 → 2020-08-10,8424.337559445135,20164.08152590028,11732.815193684566,11879.110492943606,28.181855104276487,29.428009191427456,1.2461540871509698
2019-08-11 → 2020-08-11,8424.337559445135,20164.08152590028,11732.627064815613,11911.318213769862,28.180252608774964,29.70235691926791,1.5221043104929457
2019-08-12 → 2020-08-12,8424.337559445135,20164.08152590028,11732.534548055233,12029.756127169936,28.179464544225652,30.711219750846652,2.531755206621
2019-08-13 → 2020-08-13,8424.337559445135,20164.08152590028,11731.744267486543,12078.18751454499,28.172732876389045,31.123761860056536,2.9510289836674914
2019-08-14 → 2020-08-14,8424.337559445135,20164.08152590028,11729.812034437196,12097.399116943227,28.15627397358104,31.287407698101475,3.131133724520435
2019-08-15 → 2020-08-15,8424.337559445135,20164.08152590028,11725.59163536025,12052.547348103066,28.12032430475516,30.905357042070825,2.785032737315664
2019-08-16 → 2020-08-16,8403.613626954813,20164.08152590028,11722.06131754612,12107.2449763023,28.216969929307524,31.492210864157727,3.2752409348502027
2019-08-17 → 2020-08-17,8119.675958083712,20164.08152590028,11717.918436095817,12121.431017703651,29.874803349588642,33.22501087403506,3.3502075244464145
2019-08-18 → 2020-08-18,8119.675958083712,20164.08152590028,11713.943940073144,12122.162061310024,29.841804659862575,33.23108044386361,3.389275784001036
2019-08-19 → 2020-08-19,8119.675958083712,20164.08152590028,11710.78551955732,12042.858138353844,29.815581526657358,32.57265091399055,2.7570693873331926
2019-08-20 → 2020-08-20,8119.675958083712,20164.08152590028,11708.712203757033,12183.313921859119,29.798367594524205,33.73880048205708,3.940432887532875
2019-08-21 → 2020-08-21,8119.675958083712,20164.08152590028,11707.058703545905,12189.500325065454,29.784639227426148,33.79016377409754,4.005524546671396
2019-08-22 → 2020-08-22,8119.675958083712,20164.08152590028,11703.396217942867,12192.540357296164,29.754231038475552,33.81540397556363,4.061172937088081
2019-08-23 → 2020-08-23,8119.675958083712,20164.08152590028,11699.82810847205,12212.632995190808,29.72460641772754,33.98222530835181,4.2576188906242685
2019-08-24 → 2020-08-24,8119.675958083712,20164.08152590028,11696.81131050083,12233.62171309752,29.699559121252573,34.15648644385188,4.456927322599309
2019-08-25 → 2020-08-25,8119.675958083712,20164.08152590028,11693.947468150593,12251.985522554502,29.675781755619102,34.3089539886683,4.633172233049198
2019-08-26 → 2020-08-26,8119.675958083712,20164.08152590028,11690.72185012679,12269.67676941934,29.64900070772396,34.45583750869947,4.806836800975507
2019-08-27 → 2020-08-27,8119.675958083712,20164.08152590028,11688.509407078096,12337.653663182697,29.630631656331285,35.02022313471155,5.3895914783802645
2019-08-28 → 2020-08-28,8119.675958083712,20164.08152590028,11685.34880252786,12373.158091703344,29.60439038994051,35.315002551767364,5.710612161826855
2019-08-29 → 2020-08-29,8119.675958083712,20164.08152590028,11681.042685180228,12373.027432366998,29.568638377743756,35.31391773827773,5.745279360533974
2019-08-30 → 2020-08-30,8119.675958083712,20164.08152590028,11675.598012823391,12355.58014133794,29.523433387541626,35.16905968836551,5.645626300823881
2019-08-31 → 2020-08-31,8119.675958083712,20164.08152590028,11670.480605865238,12331.79149635417,29.48094555425388,34.97155185080701,5.490606296553132
2019-09-01 → 2020-09-01,8119.675958083712,20164.08152590028,11664.875010811576,12278.551414816511,29.434404485688077,34.529520226764724,5.095115741076647
2019-09-02 → 2020-09-02,8119.675958083712,20164.08152590028,11660.83672971784,12141.606027858721,29.40087621340432,33.39251611156192,3.9916398981575973
2019-09-03 → 2020-09-03,8119.675958083712,20164.08152590028,11661.13315196534,12011.02482802476,29.403337291668674,32.308351358899635,2.9050140672309617
2019-09-04 → 2020-09-04,8119.675958083712,20164.08152590028,11661.492902719867,10827.009120179377,29.406324161817654,22.47793091034591,-6.928393251471743
2019-09-05 → 2020-09-05,8119.675958083712,20164.08152590028,11662.633853974521,12219.855957414682,29.41579703491405,34.042194745475165,4.626397710561115
2019-09-06 → 2020-09-06,8119.675958083712,20164.08152590028,11663.454908038162,12226.835094961893,29.422613926449444,34.10013980144255,4.677525874993108
2019-09-07 → 2020-09-07,8119.675958083712,20164.08152590028,11663.360709196593,12236.688931903627,29.421831830221954,34.18195236484597,4.760120534624015
2019-09-08 → 2020-09-08,8119.675958083712,20164.08152590028,11664.351819704909,12263.331666375472,29.430060634065665,34.403156593828726,4.973095959763061
2019-09-09 → 2020-09-09,8119.675958083712,20164.08152590028,11664.823443755136,12352.911363496974,29.433976344538642,35.14690186724317,5.712925522704531
2019-09-10 → 2020-09-10,8119.675958083712,20164.08152590028,11664.817915969363,12380.295056725341,29.43393044949017,35.374257987677524,5.940327538187354
2019-09-11 → 2020-09-11,8119.675958083712,20164.08152590028,11664.034861774973,12457.793986284103,29.427429056042563,36.01770136163567,6.5902723055931105
2019-09-12 → 2020-09-12,8119.675958083712,20164.08152590028,11663.275933794604,12443.602122891356,29.421127973136514,35.899871857200274,6.478743884063761
2019-09-13 → 2020-09-13,8119.675958083712,20164.08152590028,11663.481041110907,12524.528910172858,29.42283089915596,36.57177539636491,7.1489444972089515
2019-09-14 → 2020-09-14,8119.675958083712,20164.08152590028,11662.6970658304,12671.1314071759,29.416321858289706,37.78895872830763,8.37263687001792
2019-09-15 → 2020-09-15,8119.675958083712,20164.08152590028,11661.682561449945,12787.416633794655,29.407898824253344,38.75442959329972,9.346530769046375
2019-09-16 → 2020-09-16,8119.675958083712,20164.08152590028,11660.08648579332,12890.491292168846,29.394647230825683,39.61021826459466,10.215571033768974
2019-09-17 → 2020-09-17,8119.675958083712,20164.08152590028,11658.438553896958,12989.677920602964,29.380965095272522,40.43372614031042,11.052761045037897
2019-09-18 → 2020-09-18,8119.675958083712,20164.08152590028,11656.665455116192,13044.76234474726,29.36624374791517,40.891070621398676,11.524826873483505
2019-09-19 → 2020-09-19,8119.675958083712,20164.08152590028,11654.4559137241,13100.54187553011,29.347898787845107,41.35418630169342,12.00628751384831
2019-09-20 → 2020-09-20,8119.675958083712,20164.08152590028,11652.869715425137,13168.8183004191,29.33472920226422,41.921058817771986,12.586329615507765
2019-09-21 → 2020-09-21,8119.675958083712,20164.08152590028,11652.138743240874,13210.303342838904,29.32866022542558,42.26549293854466,12.936832713119081
2019-09-22 → 2020-09-22,8119.675958083712,20164.08152590028,11650.755191078973,13284.453117668034,29.317173131653202,42.88112958754014,13.563956455886935
2019-09-23 → 2020-09-23,8119.675958083712,20164.08152590028,11650.261492701973,13321.231954231213,29.31307414665788,43.18648991733054,13.873415770672661
2019-09-24 → 2020-09-24,8119.675958083712,20164.08152590028,11647.522576967898,13375.106833359145,29.290333997975132,43.633792018082524,14.343458020107391
2019-09-25 → 2020-09-25,8119.675958083712,20164.08152590028,11641.393591467253,13380.973180714018,29.239447422742042,43.682498011266176,14.443050588524134
2019-09-26 → 2020-09-26,8119.675958083712,20164.08152590028,11634.414310751488,13398.53053655106,29.18150117810201,43.82826988633452,14.646768708232507
2019-09-27 → 2020-09-27,8119.675958083712,20164.08152590028,11626.06648028812,13462.074870844071,29.112192398881938,44.35585370053957,15.243661301657632
2019-09-28 → 2020-09-28,8119.675958083712,20164.08152590028,11618.184000241345,13458.651981206627,29.046747242602596,44.327434783406865,15.28068754080427
2019-09-29 → 2020-09-29,8119.675958083712,20164.08152590028,11610.096644378915,13476.275431350205,28.979601082363356,44.473755413714,15.494154331350646
2019-09-30 → 2020-09-30,8119.675958083712,20164.08152590028,11601.603487969702,13522.793569323661,28.90908571851753,44.85997736307908,15.950891644561551
2019-10-01 → 2020-10-01,8119.675958083712,20164.08152590028,11594.394308516865,13533.924225981167,28.849230714364392,44.95239086239903,16.103160148034636
2019-10-02 → 2020-10-02,8119.675958083712,20164.08152590028,11587.401219301373,13526.968701306738,28.791169823138862,44.89464185490119,16.103472031762326
2019-10-03 → 2020-10-03,8119.675958083712,20164.08152590028,11580.631320539671,13538.086195479176,28.734961995167748,44.986946071243295,16.251984076075548
2019-10-04 → 2020-10-04,8119.675958083712,20164.08152590028,11573.168329013202,13613.23595781263,28.67299968839845,45.610885226316746,16.937885537918298
2019-10-05 → 2020-10-05,8119.675958083712,20164.08152590028,11565.093154952547,13515.379571499467,28.605954668906303,44.79842183190363,16.19246716299733
2019-10-06 → 2020-10-06,8119.675958083712,20164.08152590028,11557.340140628,13516.685775057702,28.541584416004305,44.809266730399294,16.26768231439499
2019-10-07 → 2020-10-07,8119.675958083712,20164.08152590028,11548.193435005656,13551.542801747111,28.46564288804061,45.09867102265054,16.633028134609933
2019-10-08 → 2020-10-08,8119.675958083712,20164.08152590028,11540.061667762955,13552.756070285513,28.3981279974392,45.10874431793748,16.71061632049828
2019-10-09 → 2020-10-09,8119.675958083712,20164.08152590028,11531.397459610012,13539.045161498074,28.32619245770535,44.99490799193334,16.66871553422799
2019-10-10 → 2020-10-10,8119.675958083712,20164.08152590028,11523.814789220587,13562.156400960643,28.263236504032662,45.18679159575621,16.92355509172355
2019-10-11 → 2020-10-11,8119.675958083712,20164.08152590028,11515.997573443457,13606.454080762329,28.19833321151968,45.55457794728902,17.356244735769337
2019-10-12 → 2020-10-12,8119.675958083712,20164.08152590028,11506.723100564264,13602.074741660319,28.121330881874,45.51821800343498,17.39688712156098
2019-10-13 → 2020-10-13,8119.675958083712,20164.08152590028,11497.81653131061,13592.22747214541,28.047383112484248,45.436459966814056,17.389076854329808
2019-10-14 → 2020-10-14,8119.675958083712,20164.08152590028,11488.818925797586,13563.637092035595,27.97267950455307,45.19908519602245,17.22640569146938
2019-10-15 → 2020-10-15,8119.675958083712,20164.08152590028,11479.861002249263,13570.211845574511,27.89830536049187,45.253672809349624,17.355367448857752
2019-10-16 → 2020-10-16,8119.675958083712,20164.08152590028,11470.502141251936,13569.723043894954,27.820602389227485,45.2496144797226,17.429012090495117
2019-10-17 → 2020-10-17,8119.675958083712,20164.08152590028,11460.438566286355,13560.677919630158,27.737048452846665,45.174516342136094,17.43746788928943
2019-10-18 → 2020-10-18,8119.675958083712,20164.08152590028,11450.399747916175,13550.494374960936,27.65370006081805,45.08996634411516,17.436266283297112
2019-10-19 → 2020-10-19,8119.675958083712,20164.08152590028,11439.363792538648,13563.458676246446,27.562072829275667,45.19760387933858,17.635531050062912
2019-10-20 → 2020-10-20,8119.675958083712,20164.08152590028,11427.923969761412,12665.303377549655,27.467092444292586,37.74057087227413,10.27347842798154
2019-10-21 → 2020-10-21,7783.015373161113,20164.08152590028,11415.957342004818,13585.871102287216,29.34272318737235,46.86878866116299,17.526065473790638
2019-10-22 → 2020-10-22,7693.7876564062535,20164.08152590028,11403.739287186074,13527.670513610125,29.750314383973286,46.78224040473696,17.031926020763674
2019-10-23 → 2020-10-23,7693.7876564062535,20164.08152590028,11390.838553028612,13526.667801912052,29.646862658677374,46.774199602262165,17.12733694358479
2019-10-24 → 2020-10-24,7625.51584411094,20164.08152590028,11375.081495320612,13576.395814843407,29.904262946562028,47.46061169799794,17.556348751435912
2019-10-25 → 2020-10-25,7625.51584411094,20164.08152590028,11359.421546703938,13671.912856597804,29.779368688206638,48.22239772822246,18.443029040015823
2019-10-26 → 2020-10-26,7625.51584411094,20164.08152590028,11348.77596241986,13574.081635336946,29.694465960460526,47.442155204925356,17.74768924446483
2019-10-27 → 2020-10-27,7312.334103610285,20164.08152590028,11339.242203383734,13585.501453070327,31.33354529508729,48.81178522525191,17.47823993016462
2019-10-28 → 2020-10-28,7312.334103610285,20164.08152590028,11331.23675178032,13586.502428766451,31.271254531501867,48.81957386023853,17.54831932873666
2019-10-29 → 2020-10-29,7312.334103610285,20164.08152590028,11322.218960572234,13639.672902342993,31.20108670986817,49.23329560428964,18.032208894421466
2019-10-30 → 2020-10-30,7312.334103610285,20164.08152590028,11313.358096736503,13631.801115268368,31.13213994687497,49.1720448901574,18.03990494328243
2019-10-31 → 2020-10-31,7242.580434070226,20164.08152590028,11303.42000707435,13605.189682824175,31.42699554908286,49.240480680505996,17.813485131423135
2019-11-01 → 2020-11-01,7242.580434070226,20164.08152590028,11293.493579439506,13588.860307294723,31.350174539168457,49.114107007560385,17.76393246839193
2019-11-02 → 2020-11-02,7242.580434070226,20164.08152590028,11284.082525543057,13550.99825792012,31.27734202667965,48.82109113343303,17.543749106753378
2019-11-03 → 2020-11-03,7144.431265907445,20164.08152590028,11274.25136406147,13518.603992823973,31.719900425008024,48.95809487681305,17.238194451805025
2019-11-04 → 2020-11-04,7077.567494964144,20164.08152590028,11263.949942351956,13500.455814800109,31.9900505015417,49.08020810318503,17.09015760164333
2019-11-05 → 2020-11-05,6407.600199675989,20164.08152590028,11252.478663338128,13498.615260891607,35.21887864178056,51.5467210913728,16.32784244959224
2019-11-06 → 2020-11-06,6402.469828495783,20164.08152590028,11240.721879920895,13428.146556681206,35.157597509727935,51.05271739000234,15.895119880274407
2019-11-07 → 2020-11-07,6402.469828495783,20164.08152590028,11229.923653309972,13386.68577669085,35.07913121632888,50.751438870436395,15.672307654107513
2019-11-08 → 2020-11-08,6402.469828495783,20164.08152590028,11217.920196425735,13377.215505629207,34.99190700779741,50.68262228652253,15.690715278725122
2019-11-09 → 2020-11-09,6402.469828495783,20164.08152590028,11204.712168553911,13336.482336414309,34.89592967489305,50.38663101667308,15.490701341780031
2019-11-10 → 2020-11-10,6402.469828495783,20164.08152590028,11191.573195005307,13284.405259988087,34.800454131493694,50.008208215831786,15.207754084338092
2019-11-11 → 2020-11-11,6356.777531253977,20164.08152590028,11178.762205303796,13296.251321256525,34.92343382835283,50.25944089225012,15.336007063897291
2019-11-12 → 2020-11-12,6138.805175373268,20164.08152590028,11164.217180460791,13284.50509660544,35.83110863194285,50.94872815795652,15.117619526013677
2019-11-13 → 2020-11-13,6123.675176321391,20164.08152590028,11149.900456490093,13177.577323487112,35.798289273297655,50.24001422421287,14.441724950915216
2019-11-14 → 2020-11-14,6123.675176321391,20164.08152590028,11135.741443793217,13128.579976734018,35.69744452319325,49.89104037307811,14.193595849884865
2019-11-15 → 2020-11-15,6123.675176321391,20164.08152590028,11121.268368110348,13189.829719037158,35.594362921973755,50.32727947313078,14.732916551157025
2019-11-16 → 2020-11-16,5972.626042987401,20164.08152590028,11105.356929338519,13145.350207906673,36.16775525619022,50.54255480387857,14.374799547688355
2019-11-17 → 2020-11-17,5655.414725551787,20164.08152590028,11088.62600025691,12935.59134059152,37.448039502668976,50.178122602311504,12.730083099642528
2019-11-18 → 2020-11-18,5616.4976680534255,20164.08152590028,11071.892842252413,12990.543737193006,37.50035213755712,50.68914632969843,13.188794192141309
2019-11-19 → 2020-11-19,5612.091559467427,20164.08152590028,11053.88856721122,13029.937031901092,37.39555222547852,50.97478413292234,13.57923190744382
2019-11-20 → 2020-11-20,5357.970897160188,20164.08152590028,11034.918202407358,12761.793644990696,38.34192143767767,50.00518322116931,11.663261783491642
2019-11-21 → 2020-11-21,5345.709910393248,20164.08152590028,11015.747065527083,12734.678012511988,38.26356432578794,49.863563243253935,11.599998917465996
2019-11-22 → 2020-11-22,5345.709910393248,20164.08152590028,10994.694733367052,12830.855966810766,38.12149519224023,50.5126086093327,12.39111341709247
2019-11-23 → 2020-11-23,5345.709910393248,20164.08152590028,10972.083715042812,12621.807976153605,37.96890745243366,49.10187336742259,11.13296591498893
2019-11-24 → 2020-11-24,5221.8636584287715,20164.08152590028,10949.112819125421,12602.22413204669,38.32931102660868,49.39267074725638,11.063359720647703
2019-11-25 → 2020-11-25,5221.8636584287715,20164.08152590028,10924.403238913721,12663.025190091032,38.16394347253565,49.79957860112126,11.635635128585612
2019-11-26 → 2020-11-26,5221.8636584287715,20164.08152590028,10902.157434004199,12694.405061394831,38.01506460390431,50.00958672429361,11.994522120389306
2019-11-27 → 2020-11-27,5221.8636584287715,20164.08152590028,10880.063492693815,12754.544021642403,37.867202074349834,50.41206352379531,12.544861449445477
2019-11-28 → 2020-11-28,5221.8636584287715,20164.08152590028,10859.217510513634,12712.325132070533,37.72769144503715,50.1295158461592,12.401824401122049
2019-11-29 → 2020-11-29,5221.8636584287715,20164.08152590028,10837.55479139021,12688.614851527527,37.58271484708122,49.970836052079754,12.388121204998534
2019-11-30 → 2020-11-30,5085.329901629869,20164.08152590028,10816.242358117042,12663.765366123193,38.00654456873491,50.25903770637914,12.25249313764423
2019-12-01 → 2020-12-01,5085.329901629869,20164.08152590028,10794.659656126089,12613.982364297548,37.863411353673435,49.92888436831689,12.065473014643459
2019-12-02 → 2020-12-02,5085.329901629869,20164.08152590028,10772.10675087388,12724.693533685862,37.71384389733369,50.663104097821,12.94926020048731
2019-12-03 → 2020-12-03,5085.329901629869,20164.08152590028,10748.868801311522,12503.688038678609,37.55973333074704,49.19742908364059,11.637695752893556
2019-12-04 → 2020-12-04,5085.329901629869,20164.08152590028,10726.121221914915,12483.51986542151,37.40887482492754,49.06367680918415,11.654801984256615
2019-12-05 → 2020-12-05,5085.329901629869,20164.08152590028,10702.610647588735,12532.304607566568,37.25295625214372,49.38720984003888,12.13425358789516
2019-12-06 → 2020-12-06,5085.329901629869,20164.08152590028,10679.886447131212,12717.778282434354,37.10225279191199,50.61724319750365,13.51499040559166
2019-12-07 → 2020-12-07,5085.329901629869,20164.08152590028,10657.92562442483,12660.063849471475,36.95661193745933,50.23448980782659,13.277877870367263
2019-12-08 → 2020-12-08,5085.329901629869,20164.08152590028,10636.509675235173,12364.042616896513,36.81458460175346,48.27132176877956,11.456737167026098
2019-12-09 → 2020-12-09,5085.329901629869,20164.08152590028,10614.988111875688,12372.553170057228,36.67185684884821,48.327762470057614,11.655905621209406
2019-12-10 → 2020-12-10,5085.329901629869,20164.08152590028,10592.76049338751,12412.352870349632,36.5244466451255,48.59170806239925,12.067261417273748
2019-12-11 → 2020-12-11,5085.329901629869,20164.08152590028,10570.17003250639,12352.232490469672,36.37463012553538,48.192998796685295,11.818368671149912
2019-12-12 → 2020-12-12,5085.329901629869,20164.08152590028,10546.811449789215,12300.466394329644,36.219719538112635,47.84969387708766,11.629974338975025
2019-12-13 → 2020-12-13,5085.329901629869,20164.08152590028,10523.153621738917,12187.809975149765,36.062824400903665,47.10257354519924,11.039749144295577
2019-12-14 → 2020-12-14,5085.329901629869,20164.08152590028,10499.671606646985,12266.195521069894,35.90709522864158,47.622414629350814,11.715319400709234
2019-12-15 → 2020-12-15,5085.329901629869,20164.08152590028,10475.159175514988,12088.326016515179,35.74453249305979,46.4428109792156,10.698278486155807
2019-12-16 → 2020-12-16,4679.299457808105,20164.08152590028,10449.592817541467,12026.483621758118,37.26428524702058,47.4477724752069,10.183487228186316
2019-12-17 → 2020-12-17,4388.030478306353,20164.08152590028,10421.958502611838,12030.448368658112,38.247391607076125,48.44316151929121,10.195769912215084
2019-12-18 → 2020-12-18,4338.627336619999,20164.08152590028,10392.55157661991,12145.095795626832,38.25434750618829,49.328558698142864,11.074211191954575
2019-12-19 → 2020-12-19,4191.681658854675,20164.08152590028,10366.568306788744,12120.615504504705,38.65972990492273,49.64146848094553,10.9817385760228
2019-12-20 → 2020-12-20,4191.681658854675,20164.08152590028,10340.01964497684,12114.549991177151,38.493514044858514,49.60349351551739,11.109979470658878
2019-12-21 → 2020-12-21,4191.681658854675,20164.08152590028,10313.971392596799,12120.52108586652,38.33043114813125,49.64087734474201,11.310446196610762
2019-12-22 → 2020-12-22,4191.681658854675,20164.08152590028,10287.280078419064,12169.238217777443,38.16332217014477,49.94588556089265,11.782563390747882
2019-12-23 → 2020-12-23,4191.681658854675,20164.08152590028,10262.540172420282,12145.699018181833,38.00843056835219,49.79851134166729,11.790080773315104
2019-12-24 → 2020-12-24,4191.681658854675,20164.08152590028,10236.818405195741,12098.903583565498,37.84739172986424,49.50553448780776,11.658142757943516
2019-12-25 → 2020-12-25,4053.6435971072774,20164.08152590028,10210.205721875314,12077.185470581502,38.214740977120584,49.80337535787489,11.588634380754307
2019-12-26 → 2020-12-26,3776.7105818552927,20164.08152590028,10182.605655538575,12082.96393131542,39.09043796931393,50.68691846802027,11.596480498706335
2019-12-27 → 2020-12-27,3776.7105818552927,20164.08152590028,10155.042222511767,12098.40307720817,38.92223873149279,50.78113215211558,11.858893420622792
2019-12-28 → 2020-12-28,3698.313887885281,20164.08152590028,10127.469254662983,12111.372498482364,39.045585411605856,51.094238638310486,12.04865322670463
2019-12-29 → 2020-12-29,3672.257825996902,20164.08152590028,10100.18337642427,12047.733172935446,38.97643867284991,50.78562261727073,11.809183944420823
2019-12-30 → 2020-12-30,3466.851770511931,20164.08152590028,10072.766324239383,12109.035355864951,39.562937388435124,51.75818810640794,12.195250717972819
2019-12-31 → 2020-12-31,3445.582199456053,20164.08152590028,10044.464335383418,13671.39833258317,39.47054102810343,61.164677124773945,21.694136096670512
2020-01-01 → 2021-01-01,3403.5956029317167,20164.08152590028,10015.721897391408,11959.079324173676,39.45068373822286,51.04555894478887,11.594875206566016
2020-01-02 → 2021-01-02,3122.7866217482774,20164.08152590028,9986.23147292991,11971.473007830318,40.275371618088705,51.924964833078,11.649593214989295
2020-01-03 → 2021-01-03,3005.0031524953233,20164.08152590028,9955.195882571908,11997.909082093052,40.50446404422725,52.4090264867368,11.904562442509551
2020-01-04 → 2021-01-04,3005.0031524953233,20164.08152590028,9926.515991428085,12012.296500017577,40.337322834660455,52.49287375179051,12.155550917130057
2020-01-05 → 2021-01-05,2940.0372777058974,20164.08152590028,9897.42043201268,12030.170574365595,40.39343521215194,52.77583571937598,12.382400507224041
2020-01-06 → 2021-01-06,2729.013511226157,20164.08152590028,9867.761830517253,12070.446169688377,40.944768975279075,53.57841248798145,12.633643512702378
2020-01-07 → 2021-01-07,2550.002284036006,20164.08152590028,9839.622934417941,12155.809221481786,41.38519277837881,54.534822998951725,13.149630220572917
2020-01-08 → 2021-01-08,2452.4588062512476,20164.08152590028,9812.815135733537,12057.026014095787,41.55664585897492,54.227483048119375,12.670837189144457
2020-01-09 → 2021-01-09,2452.4588062512476,20164.08152590028,9785.756919513973,12055.733301132637,41.40387489807619,54.220184377728685,12.816309479652496
2020-01-10 → 2021-01-10,2452.4588062512476,20164.08152590028,9758.009123049405,12074.169613436763,41.24721056017911,54.32427598241081,13.077065422231698
2020-01-11 → 2021-01-11,2452.4588062512476,20164.08152590028,9732.218690837195,12076.67027117196,41.10159752053594,54.33839472113272,13.236797200596783
2020-01-12 → 2021-01-12,2452.4588062512476,20164.08152590028,9706.3769221402,12095.047019386506,40.955694634583395,54.44215002636604,13.486455391782648
2020-01-13 → 2021-01-13,2452.4588062512476,20164.08152590028,9680.309186035485,12120.329382732536,40.80851593437432,54.58489450408111,13.776378569706793
2020-01-14 → 2021-01-14,2452.4588062512476,20164.08152590028,9653.73905619016,12366.05826639171,40.65850071405321,55.972282252503334,15.313781538450122
2020-01-15 → 2021-01-15,2452.4588062512476,20164.08152590028,9630.30367970192,12215.475906366299,40.52618434271225,55.122092733400955,14.595908390688706
2020-01-16 → 2021-01-16,2452.4588062512476,20164.08152590028,9606.912112916625,12173.871506508362,40.39411532139472,54.88719387338977,14.493078551995048
2020-01-17 → 2021-01-17,2452.4588062512476,20164.08152590028,9583.213951466681,12438.174321402152,40.260315263517164,56.37945022435966,16.119134960842494
2020-01-18 → 2021-01-18,2452.4588062512476,20164.08152590028,9560.087310283061,12080.484776955624,40.12974201481103,54.35993145914957,14.230189444338542
2020-01-19 → 2021-01-19,2452.4588062512476,20164.08152590028,9537.084911057753,12104.969515876828,39.99987023745101,54.49817254134043,14.498302303889417
2020-01-20 → 2021-01-20,2452.4588062512476,20164.08152590028,9513.391968022279,12053.571574119276,39.86609964279404,54.20797924527086,14.341879602476823
2020-01-21 → 2021-01-21,2452.4588062512476,20164.08152590028,9490.62448036361,12014.428820560051,39.73755417850176,53.98697886501888,14.249424686517116
2020-01-22 → 2021-01-22,2452.4588062512476,20164.08152590028,9467.676070589803,11890.754193832594,39.6079872261279,53.28871067872642,13.68072345259852
2020-01-23 → 2021-01-23,2452.4588062512476,20164.08152590028,9444.673238138519,11874.299965007605,39.47811300276967,53.1958099373012,13.717696934531531
2020-01-24 → 2021-01-24,2452.4588062512476,20164.08152590028,9420.56272984159,11857.675202429351,39.34198483044709,53.10194636059001,13.759961530142924
2020-01-25 → 2021-01-25,2452.4588062512476,20164.08152590028,9396.619515124241,11863.61110186451,39.20680119935728,53.13546050849794,13.928659309140663
2020-01-26 → 2021-01-26,2452.4588062512476,20164.08152590028,9372.31466032664,11889.473876938948,39.06957574473737,53.2814819966688,14.211906251931431
2020-01-27 → 2021-01-27,2452.4588062512476,20164.08152590028,9349.509715380098,11914.729326873012,38.94081879622106,53.424074520989265,14.483255724768206
2020-01-28 → 2021-01-28,2452.4588062512476,20164.08152590028,9327.031751066337,11953.75400966731,38.813907983645855,53.644408272515065,14.83050028886921
2020-01-29 → 2021-01-29,2452.4588062512476,20164.08152590028,9305.699775377481,11931.436790316304,38.69346743437202,53.51840502761617,14.824937593244151
2020-01-30 → 2021-01-30,2452.4588062512476,20164.08152590028,9284.370955399618,11905.382370984533,38.573044702274174,53.37130151404107,14.798256811766898
2020-01-31 → 2021-01-31,2452.4588062512476,20164.08152590028,9263.933457668096,11920.304897465432,38.457654384543154,53.455554248627294,14.99789986408414
2020-02-01 → 2021-02-01,2452.4588062512476,20164.08152590028,9242.93063814407,11836.409639920776,38.33907225428625,52.98188078079995,14.642808526513697
2020-02-02 → 2021-02-02,2452.4588062512476,20164.08152590028,9221.54223219656,11764.846637000815,38.21831309920453,52.577835346608495,14.359522247403966
2020-02-03 → 2021-02-03,2452.4588062512476,20164.08152590028,9199.617884240497,11681.690546362444,38.09452801015259,52.1083352225678,14.013807212415216
2020-02-04 → 2021-02-04,2452.4588062512476,20164.08152590028,9177.593955115479,11661.15959192036,37.970180684819226,51.99241724730905,14.022236562489823
2020-02-05 → 2021-02-05,2452.4588062512476,20164.08152590028,9155.014516756213,11679.884626299967,37.84269694876259,52.09813897973301,14.255442030970421
2020-02-06 → 2021-02-06,2452.4588062512476,20164.08152590028,9133.64014324811,11647.802824451517,37.72201702097489,51.91700480385166,14.194987782876773
2020-02-07 → 2021-02-07,2452.4588062512476,20164.08152590028,9112.648877688585,11610.154457433006,37.603500124517744,51.704441745037485,14.100941620519741
2020-02-08 → 2021-02-08,2168.1657981399535,20164.08152590028,9090.753441932347,11572.88160415387,38.46754868446998,52.260279211611845,13.792730527141863
2020-02-09 → 2021-02-09,2148.3125374280903,20164.08152590028,9069.115327537893,11508.979862580809,38.415250520464824,51.95818913498702,13.5429386145222
2020-02-10 → 2021-02-10,2148.3125374280903,20164.08152590028,9048.31752176531,11442.759839672168,38.299808288796044,51.59062212771126,13.29081383891522
2020-02-11 → 2021-02-11,2087.9947416534974,20164.08152590028,9026.406640028434,11469.41883794683,38.38447989982946,51.89964071465509,13.515160814825634
2020-02-12 → 2021-02-12,2087.9947416534974,20164.08152590028,9005.61414650392,11381.34194893892,38.2694522737028,51.41238431862656,13.14293204492376
2020-02-13 → 2021-02-13,2087.9947416534974,20164.08152590028,8985.085190987098,11310.800487129482,38.155882584854474,51.022136901409496,12.866254316555022
2020-02-14 → 2021-02-14,2047.9285940596615,20164.08152590028,8964.04433980803,11185.144422352294,38.17651447174929,50.43684419462604,12.260329722876747
2020-02-15 → 2021-02-15,2047.9285940596615,20164.08152590028,8943.410974594082,11256.9404098289,38.062619621713644,50.83315343172913,12.770533810015486
2020-02-16 → 2021-02-16,2034.9861883731633,20164.08152590028,8921.465264282637,11053.128002704992,37.98578444041002,49.74402553702904,11.758241096619017
2020-02-17 → 2021-02-17,1914.7939987402185,20164.08152590028,8899.303437442177,10971.733520934189,38.27277874989392,49.62900337185603,11.356224621962113
2020-02-18 → 2021-02-18,1914.7939987402185,20164.08152590028,8876.439167271337,10882.354288266306,38.14749018650858,49.13923503139418,10.991744844885602
2020-02-19 → 2021-02-19,1791.4564024091771,20164.08152590028,8854.594532134017,10854.364849256646,38.44381563467467,49.32832616967567,10.884510535000999
2020-02-20 → 2021-02-20,1790.131416857254,20164.08152590028,8831.195032920607,10768.927482270627,38.320903095290234,48.86698838370263,10.5460852884124
2020-02-21 → 2021-02-21,1739.1087757620262,20164.08152590028,8807.591881830127,10685.8049481288,38.36360141164964,48.557445884415976,10.193844472766337
2020-02-22 → 2021-02-22,1739.1087757620262,20164.08152590028,8784.556802381436,10594.503186695709,38.23858044276642,48.06191320346585,9.82333276069943
2020-02-23 → 2021-02-23,1739.1087757620262,20164.08152590028,8762.005402069688,10490.998080918816,38.11618460198246,47.50014789080825,9.38396328882579
2020-02-24 → 2021-02-24,1739.1087757620262,20164.08152590028,8740.18040397762,10455.381077370468,37.99773124854722,47.30683958022699,9.309108331679774
2020-02-25 → 2021-02-25,1739.1087757620262,20164.08152590028,8717.66654521274,10376.43486788517,37.87553916137189,46.87836562503644,9.002826463664547
2020-02-26 → 2021-02-26,1739.1087757620262,20164.08152590028,8694.400302494387,10525.234238442164,37.74926357315872,47.6859617749731,9.93669820181438
2020-02-27 → 2021-02-27,1739.1087757620262,20164.08152590028,8669.377661458228,10394.252332358934,37.61345527984132,46.975068424630166,9.361613144788848
2020-02-28 → 2021-02-28,1739.1087757620262,20164.08152590028,8644.347227763004,10102.779013677397,37.477604692518,45.39312134316514,7.915516650647142
2020-02-29 → 2021-02-28,1739.1087757620262,20164.08152590028,8636.742175467276,9996.886894703464,37.43632890666551,44.81840071584081,7.382071809175301
2020-03-01 → 2021-03-01,1739.1087757620262,20164.08152590028,8610.41036374004,9906.075618163813,37.29341519881734,44.32553010066463,7.032114901847287
2020-03-02 → 2021-03-02,1739.1087757620262,20164.08152590028,8584.079821620706,9860.291010054547,37.15050838165998,44.07703796593991,6.926529584279926
2020-03-03 → 2021-03-03,1739.1087757620262,20164.08152590028,8558.791960709572,9727.817442412179,37.01326062963307,43.358048747128855,6.344788117495781
2020-03-04 → 2021-03-04,1739.1087757620262,20164.08152590028,8533.269987167123,9629.878471566357,36.874742250862305,42.82649316670019,5.951750915837884
2020-03-05 → 2021-03-05,1739.1087757620262,20164.08152590028,8507.665855930181,9633.666834818136,36.73577796806981,42.84705419169139,6.11127622362158
2020-03-06 → 2021-03-06,1739.1087757620262,20164.08152590028,8483.096738282904,9420.977534832886,36.60243113504889,41.69270078846232,5.090269653413429
2020-03-07 → 2021-03-07,1739.1087757620262,20164.08152590028,8458.574937714639,9270.511774947066,36.46934111152046,40.87606044968793,4.40671933816747
2020-03-08 → 2021-03-08,1739.1087757620262,20164.08152590028,8433.115149729972,10311.390746224195,36.331160239668286,46.525344089845916,10.19418385017763
2020-03-09 → 2021-03-09,1739.1087757620262,20164.08152590028,8404.415161303552,15487.532442188098,36.175393450671514,74.6184206232973,38.44302717262578
2020-03-10 → 2021-03-10,1739.1087757620262,20164.08152590028,8374.682919023257,15770.881958210943,36.014024190138564,76.15627644466191,40.14225225452335
2020-03-11 → 2021-03-11,1728.6904989897505,20164.08152590028,8344.864203702657,8472.568292753806,35.888437055960125,36.581148639157554,0.6927115831974291
2020-03-12 → 2021-03-12,1728.6904989897505,20164.08152590028,8315.21568716507,8377.31509353729,35.7276131466961,36.06446201679369,0.33684887009759024
2020-03-13 → 2021-03-13,1631.6196365641067,19948.423797973133,8264.580545390927,8349.945904356726,36.212435588526695,36.67848500530024,0.4660494167735436
2020-03-14 → 2021-03-14,1631.6196365641067,19948.423797973133,8220.591528818213,8307.813247498998,35.972278975041725,36.44846312764925,0.476184152607523
2020-03-15 → 2021-03-15,1631.6196365641067,19948.423797973133,8172.357009710501,8184.021917596013,35.70894417775576,35.77262836514304,0.0636841873872811
2020-03-16 → 2021-03-16,1631.6196365641067,19948.423797973133,8126.204944011018,8142.20460458542,35.456978467510744,35.544328097028064,0.08734962951731973
2020-03-17 → 2021-03-17,1631.6196365641067,18544.31628634285,8076.356980381706,8107.601504874426,38.10591224612257,38.29065229757455,0.1847400514519819
2020-03-18 → 2021-03-18,1631.6196365641067,18544.31628634285,8030.6491083573455,8090.631453001799,37.835654504433826,38.19031317233607,0.35465866790224254
2020-03-19 → 2021-03-19,1631.6196365641067,17151.008342050874,7984.678721500357,8992.624512941737,40.93627143116901,47.43102332229877,6.494751891129759
2020-03-20 → 2021-03-20,1631.6196365641067,17151.008342050874,7945.326269071738,8036.2005806814,40.682701827524085,41.26825524933852,0.5855534218144385
2020-03-21 → 2021-03-21,1631.6196365641067,17151.008342050874,7905.8293942691935,8003.833458907978,40.42820163069235,41.05969599234937,0.631494361657019
2020-03-22 → 2021-03-22,1631.6196365641067,17151.008342050874,7866.606139102695,7975.888063019472,40.175464516422956,40.87962835941079,0.7041638429878319
2020-03-23 → 2021-03-23,1631.6196365641067,16935.209449198446,7824.752901135402,8144.619458795889,40.468500138826045,42.55864082853801,2.0901406897119656
2020-03-24 → 2021-03-24,1631.6196365641067,16935.209449198446,7787.825182285157,8275.316904585863,40.22719911532528,43.412672120477595,3.1854730051523177
2020-03-25 → 2021-03-25,1631.6196365641067,16935.209449198446,7752.797724184143,8185.321190677136,39.99831518332066,42.824602817715515,2.826287634394852
2020-03-26 → 2021-03-26,1631.6196365641067,16935.209449198446,7716.941086841055,7909.077318581978,39.76401305040878,41.019510839445836,1.255497789037058
2020-03-27 → 2021-03-27,1631.6196365641067,16935.209449198446,7681.367453378007,7802.080674252877,39.53156018216947,40.32035040951346,0.7887902273439877
2020-03-28 → 2021-03-28,1631.6196365641067,16935.209449198446,7644.177507224844,7661.448222316099,39.288545656764065,39.40139966881422,0.11285401205015688
2020-03-29 → 2021-03-29,1631.6196365641067,16935.209449198446,7605.079970993519,7630.803160595102,39.03306614698887,39.201152131496556,0.16808598450768386
2020-03-30 → 2021-03-30,1631.6196365641067,15546.337373819915,7563.464715842036,7627.306022092396,42.63000652464387,43.08881070203246,0.45880417738859336
2020-03-31 → 2021-03-31,1631.6196365641067,15546.337373819915,7525.665511647128,7623.391179920041,42.35835743402882,43.06067615955537,0.7023187255265526
2020-04-01 → 2021-04-01,1631.6196365641067,15093.25569882659,7487.834348254267,7636.812885660806,43.50299387536637,44.609683557939036,1.1066896825726644
2020-04-02 → 2021-04-02,1631.6196365641067,15093.25569882659,7451.333854865668,7648.738100406264,43.231849318941165,44.69827022519331,1.4664209062521465
2020-04-03 → 2021-04-03,1631.6196365641067,15093.25569882659,7415.880691523599,7637.460402808347,42.96848487216744,44.61449365044597,1.646008778278535
2020-04-04 → 2021-04-04,1631.6196365641067,15093.25569882659,7380.108855005532,7639.176541049139,42.702753156106965,44.62724201351904,1.9244888574120722
2020-04-05 → 2021-04-05,1631.6196365641067,15093.25569882659,7344.930373101917,7636.051723467174,42.44142918522476,44.604029251210555,2.1626000659857922
2020-04-06 → 2021-04-06,1631.6196365641067,15093.25569882659,7309.3999471217685,7810.6027779144915,42.17749079158662,45.90068482591179,3.723194034325168
2020-04-07 → 2021-04-07,1631.6196365641067,15093.25569882659,7276.818493218168,7707.856838529629,41.93545888883048,45.13743481001741,3.2019759211869285
2020-04-08 → 2021-04-08,1631.6196365641067,15093.25569882659,7243.518945270613,7808.421753997849,41.68809261185241,45.88448305142796,4.196390439575545
2020-04-09 → 2021-04-09,1631.6196365641067,15093.25569882659,7211.164079187274,7404.612187927318,41.447743920700084,42.88477659522278,1.4370326745226976
2020-04-10 → 2021-04-10,1631.6196365641067,15093.25569882659,7178.314303979816,7462.816378386142,41.20371878842401,43.31714744665287,2.1134286582288553
2020-04-11 → 2021-04-11,1631.6196365641067,15093.25569882659,7143.043526641651,7439.896961103008,40.94170919928468,43.146890152687064,2.205180953402383
2020-04-12 → 2021-04-12,1631.6196365641067,15093.25569882659,7107.909973871846,7343.368840552484,40.68071898526237,42.42982931324626,1.7491103279838924
2020-04-13 → 2021-04-13,1576.1524772499083,15093.25569882659,7073.065074705563,8222.094241902938,40.66635067697942,49.166908439705054,8.500557762725634
2020-04-14 → 2021-04-14,1576.1524772499083,15093.25569882659,7037.603137424557,7085.117243807294,40.404002030973665,40.75551304338416,0.35151101241049787
2020-04-15 → 2021-04-15,1576.1524772499083,15093.25569882659,7002.185605582361,7054.532324690777,40.14198189794944,40.529244747469285,0.3872628495198427
2020-04-16 → 2021-04-16,1576.1524772499083,14591.56726247625,6965.384738458025,7168.2250237638345,41.40653486760466,42.96499680410822,1.558461936503555
2020-04-17 → 2021-04-17,1576.1524772499083,14591.56726247625,6931.585042749739,7110.937773492955,41.146845136112944,42.52484755634159,1.378002420228647
2020-04-18 → 2021-04-18,1576.1524772499083,14591.56726247625,6897.8469744417,7103.148485597859,40.887628900097674,42.46500092045922,1.577372020361544
2020-04-19 → 2021-04-19,1576.1524772499083,14591.56726247625,6865.123929657574,6891.3795379565545,40.63621129010134,40.837938309426015,0.20172701932467163
2020-04-20 → 2021-04-20,1576.1524772499083,14591.56726247625,6831.750099977272,6838.012091819643,40.37979357133464,40.42790569027746,0.04811211894282508
2020-04-21 → 2021-04-21,1576.1524772499083,14555.143086672459,6796.93971815436,6810.489675612815,40.22490960979847,40.32930877200001,0.10439916220153833
2020-04-22 → 2021-04-22,1576.1524772499083,14037.733866748942,6762.437820462988,6792.018049272799,41.61819580605871,41.85556719485161,0.23737138879290143
2020-04-23 → 2021-04-23,1576.1524772499083,13353.621641529659,6729.445431235339,6782.302176273391,43.75552066495756,44.204316109044676,0.4487954440871178
2020-04-24 → 2021-04-24,1576.1524772499083,13321.888380937227,6698.3941819687725,6777.737057231863,43.60937234346337,44.28487599784216,0.6755036543787867
2020-04-25 → 2021-04-25,1576.1524772499083,13266.57907527781,6667.577625200296,6783.743820097463,43.552090295911675,44.54577683012903,0.9936865342173533
2020-04-26 → 2021-04-26,1576.1524772499083,13013.939128446851,6636.395159482515,6803.943229334985,44.241450173430735,45.70631461759254,1.4648644441618046
2020-04-27 → 2021-04-27,1576.1524772499083,12870.179008914301,6605.803218341579,6842.396587045672,44.53372521297287,46.62857923196043,2.0948540189875615
2020-04-28 → 2021-04-28,1576.1524772499083,12870.179008914301,6575.66010856128,6902.795342380137,44.26683094195457,47.16336419253342,2.8965332505788552
2020-04-29 → 2021-04-29,1576.1524772499083,11639.203928071736,6545.596281107741,7017.0055341362295,49.38307061375492,54.067626340536876,4.684555726781959
2020-04-30 → 2021-04-30,1576.1524772499083,11639.203928071736,6519.144714935463,7030.850154457224,49.12021231176226,54.20520508977267,5.08499277801041
2020-05-01 → 2021-05-01,1576.1524772499083,11639.203928071736,6492.288786559247,7084.550360575648,48.85333572360746,54.7388424897289,5.885506766121445
2020-05-02 → 2021-05-02,1576.1524772499083,11639.203928071736,6466.264928861281,7107.321020587844,48.59472770768758,54.96512236242433,6.370394654736749
2020-05-03 → 2021-05-03,1576.1524772499083,11639.203928071736,6440.602928463779,7082.782509316714,48.33971559209906,54.72127474432311,6.38155915222405
2020-05-04 → 2021-05-04,1576.1524772499083,11639.203928071736,6414.978228491875,7101.771657191065,48.08507414365639,54.9099764315514,6.824902287895007
2020-05-05 → 2021-05-05,1576.1524772499083,11639.203928071736,6388.981338366767,7135.021077967507,47.826734113774265,55.24038735053489,7.413653236760624
2020-05-06 → 2021-05-06,1576.1524772499083,11639.203928071736,6363.408890184263,7183.611767949333,47.57261190931693,55.72324973297712,8.15063782366019
2020-05-07 → 2021-05-07,1576.1524772499083,11639.203928071736,6338.689639768668,7304.973272243684,47.32696822423395,56.92926070179155,9.602292477557597
2020-05-08 → 2021-05-08,1576.1524772499083,11639.203928071736,6316.001877453306,7143.625936598418,47.10151213443618,55.32589678743843,8.224384653002254
2020-05-09 → 2021-05-09,1576.1524772499083,11639.203928071736,6292.9770764985615,6926.234076568238,46.872706775870064,53.16559917699119,6.292892401121129
2020-05-10 → 2021-05-10,1576.1524772499083,11639.203928071736,6269.3363699073325,6846.0430583175985,46.637780951364824,52.36871347445321,5.730932523088384
2020-05-11 → 2021-05-11,1576.1524772499083,11639.203928071736,6242.811728581145,6901.132765866123,46.37419647645865,52.91615882756253,6.541962351103884
2020-05-12 → 2021-05-12,1576.1524772499083,11355.596269636537,6216.370864699754,7026.4209900401565,47.448694281184906,55.731886480428706,8.2831921992438
2020-05-13 → 2021-05-13,1576.1524772499083,11355.596269636537,6190.917790003152,7190.436810581777,47.18842309156553,57.40903524291057,10.220612151345037
2020-05-14 → 2021-05-14,1576.1524772499083,11355.596269636537,6167.0760955861515,7171.270085227598,46.94462912001511,57.2130453097295,10.268416189714394
2020-05-15 → 2021-05-15,1576.1524772499083,11355.596269636537,6145.007053365835,7096.103135689548,46.71896145742783,56.44442338057062,9.725461923142788
2020-05-16 → 2021-05-16,1576.1524772499083,11355.596269636537,6121.649529588492,7105.8408374359715,46.4801183874822,56.54399654600978,10.06387815852758
2020-05-17 → 2021-05-17,1576.1524772499083,11355.596269636537,6098.851255076724,7256.4582424624905,46.24699393791467,58.0841394030481,11.837145465133432
2020-05-18 → 2021-05-18,1576.1524772499083,11355.596269636537,6077.0182728398495,7315.772896720517,46.02374011386926,58.69066320457761,12.666923090708352
2020-05-19 → 2021-05-19,1576.1524772499083,11355.596269636537,6056.186987842252,6905.727625535053,45.81072917541676,54.497732810062885,8.687003634646125
2020-05-20 → 2021-05-20,1576.1524772499083,11355.596269636537,6034.872845304789,6754.756072191958,45.59278076250133,52.953968598639854,7.361187836138527
2020-05-21 → 2021-05-21,1576.1524772499083,11355.596269636537,6013.509683212957,6796.354148662949,45.37433109864146,53.37933099505114,8.004999896409679
2020-05-22 → 2021-05-22,1576.1524772499083,11355.596269636537,5990.639986648738,7334.619105428592,45.14047632070387,58.88337568504349,13.742899364339621
2020-05-23 → 2021-05-23,1576.1524772499083,11355.596269636537,5968.675032527176,6621.344723980517,44.915873014136864,51.589766798990446,6.673893784853583
2020-05-24 → 2021-05-24,1576.1524772499083,11355.596269636537,5945.996704403834,6602.078165412983,44.68397508001307,51.39275601824919,6.708780938236117
2020-05-25 → 2021-05-25,1576.1524772499083,11318.443294354383,5922.109907040063,6674.644804440848,44.609194196502386,52.33360841825364,7.724414221751253
2020-05-26 → 2021-05-26,1576.1524772499083,11318.443294354383,5898.413167473644,6757.0419395465715,44.365958390763396,53.17937597593176,8.813417585168366
2020-05-27 → 2021-05-27,1576.1524772499083,11108.438152828967,5874.583186706417,6925.727290956229,45.093389515892696,56.120588448282625,11.027198932389929
2020-05-28 → 2021-05-28,1576.1524772499083,11108.438152828967,5852.460239496739,7028.717215124486,44.861305124356306,57.20102107140585,12.339715947049541
2020-05-29 → 2021-05-29,1576.1524772499083,11108.438152828967,5831.783015915834,6984.773745821718,44.64438733270978,56.74002492842045,12.09563759571067
2020-05-30 → 2021-05-30,1576.1524772499083,11108.438152828967,5810.480113700058,6975.669702797322,44.42090575713811,56.64451747790709,12.223611720768979
2020-05-31 → 2021-05-31,1576.1524772499083,11108.438152828967,5789.611001337231,6917.827758638514,44.20197492487936,56.03771711409723,11.835742189217868
2020-06-01 → 2021-06-01,1576.1524772499083,11108.438152828967,5768.101835908678,6920.043468527127,43.97632951138051,56.06096138062493,12.084631869244419
2020-06-02 → 2021-06-02,1576.1524772499083,11108.438152828967,5748.571872966346,6964.562629810991,43.77144724487052,56.52799691437858,12.756549669508061
2020-06-03 → 2021-06-03,1576.1524772499083,11108.438152828967,5726.825870681726,6995.660577142488,43.54331725564527,56.85423501077942,13.310917755134149
2020-06-04 → 2021-06-04,1576.1524772499083,11108.438152828967,5705.897392647184,6935.414804471583,43.32376363810987,56.22221689129261,12.898453253182744
2020-06-05 → 2021-06-05,1576.1524772499083,11108.438152828967,5685.771454174632,6852.42185770658,43.11262919294617,55.351565826169534,12.23893663322336
2020-06-06 → 2021-06-06,1576.1524772499083,11108.438152828967,5665.083191516461,6814.431741439595,42.895595594056324,54.95302430569966,12.057428711643333
2020-06-07 → 2021-06-07,1576.1524772499083,11108.438152828967,5644.926043729577,6802.435142527294,42.68413374248252,54.8271720251387,12.143038282656178
2020-06-08 → 2021-06-08,1576.1524772499083,11108.438152828967,5625.058128776277,6724.4085241166795,42.47570613519627,54.00862103887827,11.532914903681998
2020-06-09 → 2021-06-09,1576.1524772499083,11108.438152828967,5604.4013684345655,6622.979944507057,42.25900301650321,52.94456795589656,10.685564939393352
2020-06-10 → 2021-06-10,1576.1524772499083,11108.438152828967,5583.882022986188,6343.584108136081,42.043741471195695,50.01352029450759,7.9697788233118985
2020-06-11 → 2021-06-11,1576.1524772499083,11108.438152828967,5563.5990001846685,6362.402550190506,41.830959107218895,50.21093823491445,8.379979127695556
2020-06-12 → 2021-06-12,1576.1524772499083,11108.438152828967,5541.808614613924,7288.620583641369,41.60236350788043,59.92757981463293,18.325216306752495
2020-06-13 → 2021-06-13,1576.1524772499083,11108.438152828967,5519.934024154866,6325.535190779233,41.37288454340606,49.824175178644275,8.451290635238216
2020-06-14 → 2021-06-14,1576.1524772499083,11108.438152828967,5497.809738926552,6250.758762896126,41.1407861151666,49.039720847038595,7.8989347318719965
2020-06-15 → 2021-06-15,1576.1524772499083,11108.438152828967,5475.35327413323,6296.546385354615,40.90520290293814,49.52006337995065,8.614860477012506
2020-06-16 → 2021-06-16,1576.1524772499083,11108.438152828967,5453.55450015907,6201.931787895264,40.676519303683385,48.527493489795695,7.85097418611231
2020-06-17 → 2021-06-17,1576.1524772499083,11108.438152828967,5432.041353356377,6094.501213859579,40.450832122928745,47.40047550384808,6.949643380919333
2020-06-18 → 2021-06-18,1576.1524772499083,11108.438152828967,5410.7750260658195,5931.552209214252,40.22773424258468,45.691032352529305,5.463298109944624
2020-06-19 → 2021-06-19,1576.1524772499083,11108.438152828967,5389.361990480833,5867.101647032003,40.003097294912784,45.0149032018119,5.011805906899113
2020-06-20 → 2021-06-20,1576.1524772499083,11108.438152828967,5367.613586574808,5822.923634391083,39.774942111085856,44.551446543624444,4.776504432538587
2020-06-21 → 2021-06-21,1576.1524772499083,11108.438152828967,5347.029472397678,5777.8266310712015,39.55900109884925,44.07834906360016,4.5193479647509065
2020-06-22 → 2021-06-22,1576.1524772499083,11108.438152828967,5326.03660823468,5922.013351147998,39.33877202811568,45.59096340379131,6.252191375675629
2020-06-23 → 2021-06-23,1576.1524772499083,11108.438152828967,5305.953577702513,5649.469349597832,39.1280877157097,42.7317960348527,3.603708319143003
2020-06-24 → 2021-06-24,1576.1524772499083,11108.438152828967,5285.410673497473,5709.319995332571,38.91257902341705,43.35966901067078,4.447089987253726
2020-06-25 → 2021-06-25,1576.1524772499083,11108.438152828967,5264.63297834986,5553.709754467478,38.69460721838771,41.72721435959214,3.03260714120443
2020-06-26 → 2021-06-26,1576.1524772499083,11108.438152828967,5243.653570104985,5413.332729823054,38.47451930916125,40.25456625165662,1.7800469424953675
2020-06-27 → 2021-06-27,1576.1524772499083,11108.438152828967,5221.741834537209,5390.220448831274,38.244650667856135,40.01210309246918,1.7674524246130474
2020-06-28 → 2021-06-28,1576.1524772499083,11029.382532855976,5199.338971629953,5461.686024748467,38.327497300580134,41.102708012424955,2.775210711844821
2020-06-29 → 2021-06-29,1576.1524772499083,11029.382532855976,5176.9444832748995,5480.617703290045,38.09059956061904,41.30297478293849,3.2123752223194515
2020-06-30 → 2021-06-30,1576.1524772499083,11029.382532855976,5154.9871067307995,5431.767921956729,37.85832576198152,40.78622250836176,2.9278967463802417
2020-07-01 → 2021-07-01,1576.1524772499083,11029.382532855976,5133.261560933807,5368.035808501198,37.62850436052193,40.11203904852164,2.4835346879997076
2020-07-02 → 2021-07-02,1576.1524772499083,11029.382532855976,5111.783777885025,5314.419767870715,37.40130389123848,39.5448674012106,2.1435635099721253
2020-07-03 → 2021-07-03,1576.1524772499083,11029.382532855976,5089.639964742044,5312.932337707287,37.16705789264618,39.529132777651476,2.362074885005299
2020-07-04 → 2021-07-04,1576.1524772499083,11013.684039957561,5067.232923992674,5331.524166807163,36.991457178673166,39.791884822897785,2.8004276442246194
2020-07-05 → 2021-07-05,1576.1524772499083,11013.684039957561,5045.351477098767,5361.388919532485,36.759601563160615,40.10833147557265,3.3487299124120327
2020-07-06 → 2021-07-06,1576.1524772499083,10949.793506880562,5023.266248542662,5501.91589263023,36.774544282165444,41.8808806841519,5.106336401986454
2020-07-07 → 2021-07-07,1576.1524772499083,10949.793506880562,5002.062022727082,5446.353339881957,36.5483330826054,41.288127531213405,4.739794448608002
2020-07-08 → 2021-07-08,1576.1524772499083,10949.793506880562,4980.856191597073,5415.111341708403,36.32210475720895,40.954831237118114,4.6327264799091665
2020-07-09 → 2021-07-09,1576.1524772499083,10949.793506880562,4959.952472175595,5472.007548901944,36.09909942389823,41.561812099876654,5.462712675978423
2020-07-10 → 2021-07-10,1576.1524772499083,10949.793506880562,4938.484571174543,5459.451256045533,35.87007528127114,41.42785889197464,5.5577836107034955
2020-07-11 → 2021-07-11,1576.1524772499083,10949.793506880562,4917.03425895425,5420.999363285655,35.641238779505315,41.017645906024676,5.376407126519361
2020-07-12 → 2021-07-12,1576.1524772499083,10949.793506880562,4895.701226203329,5381.849382236978,35.41365344011066,40.59998556544921,5.186332125338552
2020-07-13 → 2021-07-13,1576.1524772499083,10949.793506880562,4874.658144541455,5387.128446053999,35.18916136072171,40.656303743202486,5.467142382480773
2020-07-14 → 2021-07-14,1576.1524772499083,10949.793506880562,4853.408067295073,5254.078710163253,34.96246100832707,39.236900808204574,4.274439799877506
2020-07-15 → 2021-07-15,1576.1524772499083,10949.793506880562,4832.520333126277,5169.983608641619,34.739626209098375,38.3397563447479,3.600130135649522
2020-07-16 → 2021-07-16,1576.1524772499083,10949.793506880562,4811.497483461398,5169.644638136151,34.515349968964735,38.336140135161926,3.8207901661971917
2020-07-17 → 2021-07-17,1576.1524772499083,10921.24083746441,4790.240610348386,5197.691759978802,34.3933412848405,38.753397968360865,4.360056683520362
2020-07-18 → 2021-07-18,1576.1524772499083,10908.467459428333,4769.018115389024,5232.851965409607,34.213007643188355,39.18319832906157,4.970190685873213
2020-07-19 → 2021-07-19,1576.1524772499083,10908.467459428333,4748.08880093769,5229.9562780222905,33.98874051877922,39.152169721552646,5.163429202773429
2020-07-20 → 2021-07-20,1576.1524772499083,10908.467459428333,4727.630097351305,5261.75110573718,33.76951620385357,39.49286576294867,5.723349559095098
2020-07-21 → 2021-07-21,1576.1524772499083,10651.2444034891,4706.331984773298,5306.102543129994,34.49198678057433,41.10096179957721,6.608975019002884
2020-07-22 → 2021-07-22,1576.1524772499083,10491.795099730549,4685.68735011537,5361.900599262017,34.87729381418701,42.4618648628469,7.584571048659889
2020-07-23 → 2021-07-23,1576.1524772499083,10473.287081753417,4665.191917540769,5400.409063721546,34.719486414505475,42.983013705737285,8.26352729123181
2020-07-24 → 2021-07-24,1576.1524772499083,10473.287081753417,4644.754973258077,5461.723457390384,34.48978387328117,43.672161351517566,9.182377478236397
2020-07-25 → 2021-07-25,1576.1524772499083,10306.672153889524,4623.919176538683,5553.002356342729,34.909338872962294,45.55112440481337,10.641785531851077
2020-07-26 → 2021-07-26,1576.1524772499083,10066.533186518165,4603.055588779411,5669.668661622667,35.65097037669087,48.213576334736096,12.562605958045225
2020-07-27 → 2021-07-27,1576.1524772499083,9892.53203295156,4582.534486972031,5832.361125719786,36.15012986824259,51.17862430355107,15.028494435308481
2020-07-28 → 2021-07-28,1576.1524772499083,9892.53203295156,4564.6415139562905,5840.255921473918,35.93497647251436,51.27355498463956,15.338578512125203
2020-07-29 → 2021-07-29,1576.1524772499083,9892.53203295156,4546.4931838017455,5878.801266589064,35.716752544265404,51.73704206885663,16.020289524591227
2020-07-30 → 2021-07-30,1576.1524772499083,9892.53203295156,4528.4514056158505,5893.787618872391,35.49980984624333,51.917244910525305,16.417435064281975
2020-07-31 → 2021-07-31,1576.1524772499083,9892.53203295156,4510.452364198587,5920.681526076705,35.283381034923345,52.240629708251085,16.95724867332774
2020-08-01 → 2021-08-01,1576.1524772499083,9892.53203295156,4493.190606730852,5870.333186726547,35.07581766732908,51.635217954098536,16.559400286769453
2020-08-02 → 2021-08-02,1576.1524772499083,9892.53203295156,4476.982806562738,5804.799895229638,34.88092757050802,50.84721530152624,15.96628773101822
2020-08-03 → 2021-08-03,1576.1524772499083,9892.53203295156,4459.490630325031,5841.352830669434,34.67059354089156,51.28674472890472,16.616151188013163
2020-08-04 → 2021-08-04,1576.1524772499083,9892.53203295156,4442.043423359804,5868.5989996668895,34.460800242637575,51.614365285602084,17.15356504296451
2020-08-05 → 2021-08-05,1576.1524772499083,9892.53203295156,4424.327692802933,6081.546674911177,34.24777809233509,54.174946772028974,19.927168679693885
2020-08-06 → 2021-08-06,1576.1524772499083,9892.53203295156,4407.403099940478,5929.85550566911,34.04426894813241,52.35094188834052,18.30667294020811
2020-08-07 → 2021-08-07,1576.1524772499083,9892.53203295156,4390.330089831865,5861.927843448566,33.83897516621372,51.53414821309303,17.69517304687931
2020-08-08 → 2021-08-08,1576.1524772499083,9892.53203295156,4372.987748372205,5850.430465233155,33.63044281937332,51.39589841174135,17.765455592368028
2020-08-09 → 2021-08-09,1576.1524772499083,9892.53203295156,4355.626343747387,5776.079900790795,33.421681248204834,50.501872785032354,17.08019153682752
2020-08-10 → 2021-08-10,1576.1524772499083,9892.53203295156,4338.241314066349,5666.729979958286,33.21263559841701,49.18699868506972,15.974363086652708
2020-08-11 → 2021-08-11,1576.1524772499083,9892.53203295156,4321.205741291608,5605.715452731886,33.007791980342105,48.45333174721851,15.445539766876408
2020-08-12 → 2021-08-12,1576.1524772499083,9892.53203295156,4303.3761431569665,5627.832938101541,32.793400633540024,48.719282636322546,15.925882002782522
2020-08-13 → 2021-08-13,1576.1524772499083,9892.53203295156,4285.498387630539,5620.466791042182,32.57843021995217,48.63070867201486,16.052278452062694
2020-08-14 → 2021-08-14,1576.1524772499083,9892.53203295156,4268.089544144989,5570.357827842656,32.36909822194813,48.0281752875787,15.65907706563057
2020-08-15 → 2021-08-15,1576.1524772499083,9892.53203295156,4250.688730934941,5526.047317529799,32.15986278369642,47.49536518654768,15.335502402851262
2020-08-16 → 2021-08-16,1576.1524772499083,9892.53203295156,4233.606332481568,5468.779866984658,31.954456111971556,46.806754834391754,14.852298722420198
2020-08-17 → 2021-08-17,1576.1524772499083,9892.53203295156,4216.756107200464,5396.650919240308,31.75184119801478,45.939442955932584,14.187601757917804
2020-08-18 → 2021-08-18,1576.1524772499083,9892.53203295156,4200.649009370113,5373.958758991684,31.558161992749216,45.66658190988922,14.10841991714
2020-08-19 → 2021-08-19,1576.1524772499083,9892.53203295156,4183.72375883005,5340.15067711904,31.35464494032634,45.260057873243184,13.905412932916843
2020-08-20 → 2021-08-20,1576.1524772499083,9892.53203295156,4165.993322842174,5196.128762111048,31.14144596510977,43.52827165493318,12.386825689823407
2020-08-21 → 2021-08-21,1576.1524772499083,9892.53203295156,4148.538500215528,5140.609336148626,30.931561092615233,42.86068036006066,11.92911926744543
2020-08-22 → 2021-08-22,1576.1524772499083,9892.53203295156,4130.3657668468295,5151.878233174221,30.71304372881551,42.996182797751466,12.283139068935956
2020-08-23 → 2021-08-23,1576.1524772499083,9892.53203295156,4112.487443837242,5045.028397292836,30.498066491547277,41.711370877303104,11.213304385755826
2020-08-24 → 2021-08-24,1576.1524772499083,9892.53203295156,4094.7670902711343,4860.250464453955,30.28498875204032,39.48951542203834,9.204526669998017
2020-08-25 → 2021-08-25,1576.1524772499083,9892.53203295156,4077.132006686143,4800.439752723573,30.07293633828414,38.77032371932948,8.697387381045342
2020-08-26 → 2021-08-26,1576.1524772499083,9892.53203295156,4058.867150759888,4728.183504280405,29.853311250180347,37.901481118300886,8.048169868120539
2020-08-27 → 2021-08-27,1576.1524772499083,9892.53203295156,4040.6211420133113,4666.641052828565,29.633912789295202,37.16146617502372,7.527553385728517
2020-08-28 → 2021-08-28,1576.1524772499083,9892.53203295156,4022.066220488803,4645.979020686634,29.41079981807701,36.91301632970893,7.5022165116319215
2020-08-29 → 2021-08-29,1576.1524772499083,9892.53203295156,4003.946958951043,4580.288672241471,29.192925424341126,36.123125151640636,6.9301997272995095
2020-08-30 → 2021-08-30,1576.1524772499083,9892.53203295156,3985.9670095742918,4535.39208325911,28.976726184559865,35.58326776921056,6.606541584650692
2020-08-31 → 2021-08-31,1576.1524772499083,9892.53203295156,3968.398768666491,4436.504088474787,28.765477518116345,34.3941927141101,5.6287151959937525
2020-09-01 → 2021-09-01,1576.1524772499083,9892.53203295156,3950.614661348135,4288.205409215188,28.551633173961044,32.61098070140288,4.059347527441837
2020-09-02 → 2021-09-02,1576.1524772499083,9892.53203295156,3933.323880751633,4120.729762906714,28.343720818822714,30.597175953955368,2.253455135132654
2020-09-03 → 2021-09-03,1576.1524772499083,9892.53203295156,3914.8671145925064,4087.0467347314807,28.12178811318432,30.192155620893,2.0703675077086814
2020-09-04 → 2021-09-04,1576.1524772499083,9892.53203295156,3893.714253413394,4027.59939621165,27.867436312170017,29.47733328598557,1.6098969738155517
2020-09-05 → 2021-09-05,1576.1524772499083,9892.53203295156,3872.9031885245536,3993.0814270690344,27.617194428073084,29.06227323597919,1.445078807906107
2020-09-06 → 2021-09-06,1576.1524772499083,9892.53203295156,3851.118173506191,4021.9019073553627,27.35524131647626,29.40882404084919,2.05358272437293
2020-09-07 → 2021-09-07,1576.1524772499083,9892.53203295156,3830.3020903519764,3946.684872103079,27.104939090431955,28.504379567764566,1.399440477332611
2020-09-08 → 2021-09-08,1576.1524772499083,9892.53203295156,3809.864633421023,3931.692491882427,26.859189641479237,28.324104243385296,1.4649146019060595
2020-09-09 → 2021-09-09,1576.1524772499083,9781.757822849786,3788.718123262697,3940.956284540464,26.96407580946165,28.819370511873853,1.855294702412202
2020-09-10 → 2021-09-10,1576.1524772499083,9772.019213192432,3768.095490769475,3968.2386066692234,26.74449309805052,29.18649371065238,2.442000612601859
2020-09-11 → 2021-09-11,1576.1524772499083,9772.019213192432,3747.716145630805,4002.596172781996,26.495839163143337,29.605699722898766,3.109860559755429
2020-09-12 → 2021-09-12,1576.1524772499083,9772.019213192432,3727.3281980948996,3943.618878545974,26.24708026804692,28.886101709214863,2.6390214411679445
2020-09-13 → 2021-09-13,1576.1524772499083,9772.019213192432,3707.222524060775,3950.2063731777216,26.001765468747507,28.966477523561117,2.96471205481361
2020-09-14 → 2021-09-14,1576.1524772499083,9772.019213192432,3686.564279945208,4026.604112038385,25.749708611539578,29.898627121914462,4.148918510374884
2020-09-15 → 2021-09-15,1576.1524772499083,9772.019213192432,3666.6124546084675,4058.6592239305464,25.506270962056544,30.289740263756865,4.783469301700322
2020-09-16 → 2021-09-16,1576.1524772499083,9772.019213192432,3646.98184429588,4145.379633598217,25.26675254448029,31.347839577248177,6.081087032767886
2020-09-17 → 2021-09-17,1576.1524772499083,9772.019213192432,3627.8585082356312,4039.9883507742243,25.03342351807746,30.06193186035223,5.0285083422747725
2020-09-18 → 2021-09-18,1576.1524772499083,9772.019213192432,3608.5433433008025,3973.8143973040014,24.79775393538252,29.2545254492643,4.45677151388178
2020-09-19 → 2021-09-19,1576.1524772499083,9772.019213192432,3589.3094652437294,3893.9372801245436,24.56307615599985,28.27992300936419,3.7168468533643413
2020-09-20 → 2021-09-20,1576.1524772499083,9772.019213192432,3571.0118742940153,3729.361108426932,24.339822270361726,26.271884360128077,1.932062089766351
2020-09-21 → 2021-09-21,1576.1524772499083,9772.019213192432,3552.736011247934,3789.247698060029,24.116833492787617,27.00257693435538,2.8857434415677616
2020-09-22 → 2021-09-22,1576.1524772499083,9772.019213192432,3532.873455115554,3640.6566543187582,23.8744850411556,25.189577180593727,1.315092139438125
2020-09-23 → 2021-09-23,1576.1524772499083,9772.019213192432,3512.9916084660103,3628.639061510603,23.631901220675054,25.042947260960545,1.4110460402854912
2020-09-24 → 2021-09-24,1576.1524772499083,9473.54969553333,3492.6753484434817,3779.576659987212,24.26777858857844,27.9006376637117,3.6328590751332577
2020-09-25 → 2021-09-25,1576.1524772499083,9473.54969553333,3473.626634858563,3741.3346641055423,24.026576163799575,27.416402227343685,3.3898260635441098
2020-09-26 → 2021-09-26,1576.1524772499083,9473.54969553333,3454.387258371187,3784.918366904062,23.782959489145867,27.96827649165976,4.185317002513894
2020-09-27 → 2021-09-27,1576.1524772499083,9473.54969553333,3435.381499178394,3702.843451672167,23.542300970048053,26.92901111139141,3.3867101413433573
2020-09-28 → 2021-09-28,1576.1524772499083,9473.54969553333,3416.6139802530197,3655.5884602459582,23.30465914443587,26.330649523135374,3.025990378699504
2020-09-29 → 2021-09-29,1576.1524772499083,9473.54969553333,3397.735211262173,3641.3193476837914,23.06560862603039,26.1499683168117,3.0843596907813122
2020-09-30 → 2021-09-30,1576.1524772499083,9473.54969553333,3378.7733191954685,3505.356907742098,22.825505570015867,24.428357560967687,1.6028519909518195
2020-10-01 → 2021-10-01,1576.1524772499083,9473.54969553333,3359.0927829020325,3466.961492596621,22.576302753575618,23.942179468562927,1.3658767149873086
2020-10-02 → 2021-10-02,1576.1524772499083,9473.54969553333,3339.0498993974406,3417.944209568496,22.322511751925227,23.32150303969286,0.9989912877676339
2020-10-03 → 2021-10-03,1576.1524772499083,9473.54969553333,3318.869387246325,3402.9314511804077,22.066978041345298,23.131405492701916,1.064427451356618
2020-10-04 → 2021-10-04,1576.1524772499083,9437.190896860331,3298.5287344661474,3409.864490856862,21.910289268139675,23.3265876049214,1.4162983367817255
2020-10-05 → 2021-10-05,1576.1524772499083,9437.190896860331,3278.210811327936,3352.45208359942,21.65182566506752,22.59624634219179,0.9444206771242705
2020-10-06 → 2021-10-06,1576.1524772499083,9437.190896860331,3257.7781059319327,3329.97114699446,21.39190192083252,22.310267119028627,0.9183651981961063
2020-10-07 → 2021-10-07,1576.1524772499083,9374.53619995802,3237.071458427934,3310.3325139249478,21.29824640895262,22.23768537607711,0.9394389671244916
2020-10-08 → 2021-10-08,1576.1524772499083,9172.183505682702,3216.5239120796136,3290.828888477429,21.595112351300457,22.573320261716876,0.978207910416419
2020-10-09 → 2021-10-09,1576.1524772499083,9030.07619321888,3196.430024950192,3279.1632134523484,21.7372434900168,22.84717151792125,1.1099280279044486
2020-10-10 → 2021-10-10,1576.1524772499083,8847.322761646454,3176.752523865961,3289.217274718163,22.012963305932136,23.559684761397754,1.5467214554656188
2020-10-11 → 2021-10-11,1576.1524772499083,8819.129825518316,3157.3487188097665,3306.281761577631,21.830749504385487,23.886990130396423,2.0562406260109363
2020-10-12 → 2021-10-12,1576.1524772499083,8819.129825518316,3138.1978780642207,3307.7278835126103,21.56634386255196,23.906955979596887,2.3406121170449268
2020-10-13 → 2021-10-13,1576.1524772499083,8819.129825518316,3119.30308514093,3272.017417600706,21.305473339081278,23.41392025416497,2.108446915083693
2020-10-14 → 2021-10-14,1576.1524772499083,8819.129825518316,3100.1706811749837,3238.8056121112595,21.041322244220815,22.955382226327757,1.9140599821069415
2020-10-15 → 2021-10-15,1576.1524772499083,8819.129825518316,3080.6861390959234,3173.478893685555,20.772309362609107,22.053450392434577,1.28114102982547
2020-10-16 → 2021-10-16,1576.1524772499083,8819.129825518316,3061.416934835127,3144.6739679044113,20.50626953762742,21.65575584782814,1.149486310200718
2020-10-17 → 2021-10-17,1576.1524772499083,8800.646010252805,3041.766349759093,3126.218132877104,20.2867351990001,21.45569995386103,1.16896475486093
2020-10-18 → 2021-10-18,1576.1524772499083,8703.506092897267,3022.1293395798057,3107.7738891629124,20.28771042249688,21.489342251105512,1.2016318286086332
2020-10-19 → 2021-10-19,1555.430138450808,8513.672811735767,3002.599077409187,3089.5031282313166,20.79790842182824,22.046845185068527,1.2489367632402875
2020-10-20 → 2021-10-20,1513.7341883084346,8382.61103570958,2983.473562044631,3071.6770345949076,21.397084361648954,22.68118763660647,1.2841032749575163
2020-10-21 → 2021-10-21,1513.7341883084346,7783.015373161113,2964.9506768539036,3054.2957212624024,23.148052316616123,24.573176533796985,1.425124217180862
2020-10-22 → 2021-10-22,1513.7341883084346,7719.963155662358,2948.1830510347586,3038.586367977995,23.113050940785914,24.56970549573026,1.4566545549443468
2020-10-23 → 2021-10-23,1513.7341883084346,7719.963155662358,2931.6225679809395,3023.086172425596,22.846214458585038,24.319953260775133,1.4737388021900948
2020-10-24 → 2021-10-24,1513.7341883084346,7667.74669788406,2915.0187568966508,3007.510204659843,22.770258695571734,24.273204092892197,1.5029453973204632
2020-10-25 → 2021-10-25,1513.7341883084346,7667.74669788406,2898.5187244843273,2992.1027086320073,22.502140416860904,24.022839050509496,1.5206986336485926
2020-10-26 → 2021-10-26,1513.7341883084346,7644.876426807446,2882.092624661438,2980.202516275809,22.3181649213866,23.918354377085638,1.600189455699038
2020-10-27 → 2021-10-27,1513.7341883084346,7524.26829540335,2865.8704295034413,2962.0088849156627,22.4961079515201,24.095607325439936,1.599499373919837
2020-10-28 → 2021-10-28,1513.7341883084346,7524.26829540335,2850.4026595427626,2946.8044162590245,22.238763601000226,23.842643638923445,1.6038800379232185
2020-10-29 → 2021-10-29,1513.7341883084346,7421.030605183311,2834.2350444945505,2938.350538731779,22.353726019468944,24.116215776031872,1.7624897565629283
2020-10-30 → 2021-10-30,1513.7341883084346,7355.33990404444,2818.384193081926,2935.8171908471595,22.333756646037408,24.344042917993335,2.010286271955927
2020-10-31 → 2021-10-31,1513.7341883084346,7355.33990404444,2802.7465724958784,2960.326229325263,22.06606277303391,24.763602875833033,2.697540102799124
2020-11-01 → 2021-11-01,1513.7341883084346,7355.33990404444,2787.430431924672,2887.660633151563,21.803872181670513,23.519670989469073,1.71579880779856
2020-11-02 → 2021-11-02,1513.7341883084346,7355.33990404444,2771.875828649152,2873.078016700025,21.53759944721294,23.270037290086453,1.7324378428735123
2020-11-03 → 2021-11-03,1513.7341883084346,7144.431265907445,2756.1191934299336,2858.2801580027285,22.064497308231424,23.878854627846945,1.814357319615521
2020-11-04 → 2021-11-04,1513.7341883084346,7077.567494964144,2741.049235278579,2848.29654478118,22.058803334420077,23.98638282128764,1.9275794868675646
2020-11-05 → 2021-11-05,1513.7341883084346,6726.597826108091,2726.190273018733,4038.945180113039,23.258925783488838,48.441915370540805,25.182989587051967
2020-11-06 → 2021-11-06,1513.7341883084346,6726.597826108091,2713.129085258483,2818.5234320652808,23.008368917478755,25.03018176603592,2.0218128485571647
2020-11-07 → 2021-11-07,1513.7341883084346,6726.597826108091,2699.9698728044937,2805.7130465059495,22.755931612988974,24.784436117397803,2.0285045044088292
2020-11-08 → 2021-11-08,1480.565603419731,6527.72377190631,2685.636451431028,2802.825318752899,23.87622515053149,26.198103391906496,2.321878241375007
2020-11-09 → 2021-11-09,1480.565603419731,6527.72377190631,2672.0812558217453,2782.279135626062,23.607654300227683,25.79101919836718,2.183364898139498
2020-11-10 → 2021-11-10,1480.565603419731,6527.72377190631,2658.4658589328633,2771.8148643016602,23.337890674156007,25.583689232174756,2.2457985580187483
2020-11-11 → 2021-11-11,1480.565603419731,6356.777531253977,2644.8363934492972,2768.402205931715,23.876542021968135,26.4105953878008,2.5340533658326656
2020-11-12 → 2021-11-12,1480.565603419731,6255.178118314777,2631.7320134330134,2870.91342620862,24.110153576275856,29.11959490851901,5.009441332243153
2020-11-13 → 2021-11-13,1480.565603419731,6255.178118314777,2619.202076589662,2762.704998987755,23.84772522624195,26.853265926150407,3.005540699908458
2020-11-14 → 2021-11-14,1480.565603419731,6255.178118314777,2606.6720875260276,2736.813762821812,23.5852957825008,26.310997080559854,2.725701298059054
2020-11-15 → 2021-11-15,1480.565603419731,6255.178118314777,2593.989400301495,2733.5146231623758,23.319668211991843,26.241899543343084,2.9222313313512416
2020-11-16 → 2021-11-16,1480.565603419731,5972.626042987401,2581.4281384644314,2740.831040565491,24.506850472177774,28.055398053973025,3.548547581795251
2020-11-17 → 2021-11-17,1480.565603419731,5847.405058718655,2569.6515408566206,2752.1322054851184,24.939912460380075,29.1186936245712,4.178781164191125
2020-11-18 → 2021-11-18,1480.565603419731,5847.405058718655,2559.010365513953,2750.3388662829866,24.696231064450686,29.077626412907264,4.381395348456579
2020-11-19 → 2021-11-19,1480.565603419731,5847.405058718655,2548.3743601137658,2751.674451976241,24.452668059465903,29.108211134578994,4.655543075113091
2020-11-20 → 2021-11-20,1480.565603419731,5847.405058718655,2537.6136042302205,2857.6583422818753,24.206248286224923,31.535227089494132,7.328978803269209
2020-11-21 → 2021-11-21,1480.565603419731,5847.405058718655,2527.602696225145,2765.0350624441717,23.976999922332638,29.414167206577897,5.437167284245259
2020-11-22 → 2021-11-22,1480.565603419731,5847.405058718655,2517.8427413780532,2729.45531557708,23.753498349925426,28.599396083634097,4.8458977337086715
2020-11-23 → 2021-11-23,1480.565603419731,5847.405058718655,2507.8000393051357,2712.790694773181,23.523521906419326,28.217778646710066,4.69425674029074
2020-11-24 → 2021-11-24,1480.565603419731,5847.405058718655,2497.710800292096,2724.817435720024,23.29247977362928,28.493189297134812,5.20070952350553
2020-11-25 → 2021-11-25,1480.565603419731,5847.405058718655,2488.073649972597,2633.06933589461,23.071790407369104,26.392170911535988,3.3203805041668844
2020-11-26 → 2021-11-26,1480.565603419731,5847.405058718655,2478.5789080111895,2615.104820239611,22.854362172175193,25.980786068129387,3.1264238959541935
2020-11-27 → 2021-11-27,1480.565603419731,5847.405058718655,2467.61451723757,2613.2138307063988,22.60327918902786,25.93748267782687,3.3342034887990124
2020-11-28 → 2021-11-28,1480.565603419731,5635.270427856573,2456.4105922989065,2620.9250663854586,23.487709238440264,27.447424333455505,3.959715095015241
2020-11-29 → 2021-11-29,1480.565603419731,5536.558998548417,2445.730886625382,2635.5388550722682,23.796026994640336,28.475718255352167,4.679691260711831
2020-11-30 → 2021-11-30,1480.565603419731,5536.558998548417,2435.496299139606,2659.099490290058,23.543694545133196,29.056602712562736,5.51290816742954
2020-12-01 → 2021-12-01,1480.565603419731,5536.558998548417,2426.3802190446563,2647.059784322676,23.318938752732297,28.759765297052102,5.440826544319805
2020-12-02 → 2021-12-02,1480.565603419731,5536.558998548417,2416.6916777933275,2661.4637314885085,23.080069003512165,29.114892777859442,6.034823774347277
2020-12-03 → 2021-12-03,1480.565603419731,5536.558998548417,2407.562934897022,2610.859886423748,22.8550010113584,27.867261429999342,5.012260418640942
2020-12-04 → 2021-12-04,1480.565603419731,5536.558998548417,2399.0879630958125,2599.2281937947896,22.646051662195553,27.580483531324056,4.9344318691285025
2020-12-05 → 2021-12-05,1480.565603419731,5536.558998548417,2390.041790377588,2634.6749817341847,22.423019427254314,28.454419568349348,6.031400141095034
2020-12-06 → 2021-12-06,1480.565603419731,5536.558998548417,2381.1544021406717,2621.999728497436,22.203902003454015,28.141912815947535,5.93801081249352
2020-12-07 → 2021-12-07,1480.565603419731,5536.558998548417,2372.441312360683,2530.174557445133,21.989081885885444,25.87797493176393,3.8888930458784863
2020-12-08 → 2021-12-08,1480.565603419731,5536.558998548417,2363.6079781875987,2530.122774811929,21.7712971581368,25.876698237544797,4.105401079407997
2020-12-09 → 2021-12-09,1480.565603419731,5536.558998548417,2354.4106109183786,2507.6494718731215,21.544537240818727,25.322621819032914,3.7780845782141874
2020-12-10 → 2021-12-10,1480.565603419731,5536.558998548417,2345.4608321136557,2479.876823602151,21.32388158552423,24.637890717046265,3.3140091315220346
2020-12-11 → 2021-12-11,1480.565603419731,5536.558998548417,2336.065974868953,2471.6972408890906,21.092252578041474,24.43622414818833,3.3439715701468558
2020-12-12 → 2021-12-12,1480.565603419731,5315.393167413713,2326.3883600933123,2463.4481352203493,22.056343930955137,25.630423151985067,3.5740792210299297
2020-12-13 → 2021-12-13,1480.565603419731,5220.274028941746,2317.7053794037056,2455.927094399254,22.385161641769457,26.081217570949413,3.6960559291799555
2020-12-14 → 2021-12-14,1480.565603419731,5184.906387212008,2309.100005280154,2448.672946232231,22.366581538219616,26.13440283486583,3.767821296646215
2020-12-15 → 2021-12-15,1480.565603419731,5145.994841858927,2300.5289366194525,2441.566532136203,22.370185859838784,26.217964287469997,3.847778427631212
2020-12-16 → 2021-12-16,1480.565603419731,4679.299457808105,2292.201198904239,2434.8275627702524,25.3736519645427,29.832490066072864,4.458838101530166
2020-12-17 → 2021-12-17,1480.565603419731,4388.030478306353,2285.3130031031465,2434.7710834598024,27.67866283216223,32.81915762016837,5.140494788006137
2020-12-18 → 2021-12-18,1480.565603419731,4359.688544816367,2279.1489160451883,2435.7337929561972,27.73703412046976,33.175665262599836,5.438631142130074
2020-12-19 → 2021-12-19,1480.565603419731,4359.688544816367,2273.1233451648404,2445.829426365848,27.5277491749153,33.52631487413583,5.998565699220528
2020-12-20 → 2021-12-20,1480.565603419731,4359.688544816367,2267.489541111717,2418.8166522887304,27.332071388040706,32.588085606857156,5.25601421881645
2020-12-21 → 2021-12-21,1480.565603419731,4359.688544816367,2261.4437723808906,2414.6820047791934,27.122084914594264,32.444477723703294,5.322392809109029
2020-12-22 → 2021-12-22,1480.565603419731,4290.506615779991,2255.1433154097545,2411.3199152383404,27.565621790024807,33.123624578752484,5.558002788727677
2020-12-23 → 2021-12-23,1480.565603419731,4290.506615779991,2249.030137053176,2408.779382962367,27.348066391897657,33.03321227953345,5.6851458876357945
2020-12-24 → 2021-12-24,1480.565603419731,4218.05077774402,2242.687579506906,2406.4619295200764,27.840222962131456,33.8228800208531,5.982657058721642
2020-12-25 → 2021-12-25,1480.565603419731,4053.6435971072774,2236.5635544713764,2405.546453332643,29.381074064070816,35.948418671417635,6.5673446073468185
2020-12-26 → 2021-12-26,1480.565603419731,3783.456644027727,2230.8666308703246,2405.399538692969,32.58083053953362,40.15969140376997,7.578860864236347
2020-12-27 → 2021-12-27,1480.565603419731,3783.456644027727,2225.926559095985,2405.4017457047307,32.366314451397926,40.15978724033899,7.793472788941067
2020-12-28 → 2021-12-28,1480.565603419731,3698.313887885281,2221.3204520213103,2406.2606798517495,33.40121391549592,41.74031304256424,8.339099127068316
2020-12-29 → 2021-12-29,1480.565603419731,3672.257825996902,2217.095307744019,2407.6360697255177,33.605526211076125,42.29929990880114,8.693773697725014
2020-12-30 → 2021-12-30,1480.565603419731,3466.851770511931,2212.86244819403,2410.3939477178246,36.867640569955554,46.81240597165839,9.944765401702838
2020-12-31 → 2021-12-31,1480.565603419731,3445.582199456053,2209.284326220529,2413.9133340834,37.08460907000543,47.49821108617328,10.41360201616785
2021-01-01 → 2022-01-01,1480.565603419731,3403.5956029317167,2205.6149945777806,2418.8011238724257,37.703488314901385,48.78943753819723,11.085949223295842
2021-01-02 → 2022-01-02,1480.565603419731,3359.4634959148934,2202.085548509029,2428.2542600158163,38.401232337917264,50.43853954924404,12.037307211326777
2021-01-03 → 2022-01-03,1480.565603419731,3359.4634959148934,2199.43502074361,2430.0065044322946,38.260164120426246,50.53179871055756,12.271634590131313
2021-01-04 → 2022-01-04,1480.565603419731,3359.4634959148934,2197.176450187084,2434.245514725023,38.139956919941994,50.75741024110747,12.617453321165478
2021-01-05 → 2022-01-05,1480.565603419731,3359.4634959148934,2194.861626733868,2444.6409855927322,38.016755788977825,51.31068516409459,13.293929375116768
2021-01-06 → 2022-01-06,1480.565603419731,3359.4634959148934,2193.161436189248,2454.089510630263,37.92626707474748,51.81356108275258,13.8872940080051
2021-01-07 → 2022-01-07,1480.565603419731,3359.4634959148934,2192.2867994490125,2461.347166191145,37.87971655469373,52.19983303451063,14.320116479816903
2021-01-08 → 2022-01-08,1480.565603419731,3359.4634959148934,2191.856069729895,2466.2023020020147,37.85679196039629,52.458236422489435,14.601444462093141
2021-01-09 → 2022-01-09,1480.565603419731,3359.4634959148934,2191.6783247358944,2455.931571822568,37.84733189368854,51.9116005344792,14.064268640790658
2021-01-10 → 2022-01-10,1480.565603419731,3359.4634959148934,2191.444252744762,2451.455477662599,37.83487395267602,51.673370762768464,13.838496810092444
2021-01-11 → 2022-01-11,1480.565603419731,3359.4634959148934,2190.704415560357,2448.1095052454993,37.79549782758908,51.49528911019626,13.69979128260718
2021-01-12 → 2022-01-12,1480.565603419731,3359.4634959148934,2189.172809793113,2450.711490770871,37.7139816486971,51.63377377909523,13.919792130398129
2021-01-13 → 2022-01-13,1480.565603419731,3359.4634959148934,2187.4779377084924,2468.526978166997,37.623775997214366,52.581961941277235,14.958185944062869
2021-01-14 → 2022-01-14,1480.565603419731,3359.4634959148934,2186.4911338177303,2465.5041336617132,37.57125563968437,52.42107802537323,14.84982238568886
2021-01-15 → 2022-01-15,1480.565603419731,3359.4634959148934,2185.8172098634454,2496.651862048589,37.5353875940084,54.078843916286644,16.543456322278246
2021-01-16 → 2022-01-16,1480.565603419731,3359.4634959148934,2184.7036983737207,2499.647861479483,37.47612351722315,54.2382990651194,16.76217554789625
2021-01-17 → 2022-01-17,1480.565603419731,3359.4634959148934,2183.624103576971,2494.6490546742743,37.418664578072594,53.97224912035258,16.553584542279985
2021-01-18 → 2022-01-18,1480.565603419731,3359.4634959148934,2182.4884830733126,2491.2267746362486,37.358223800093434,53.79010617093019,16.431882370836753
2021-01-19 → 2022-01-19,1480.565603419731,3359.4634959148934,2181.560562654257,2486.0533575403756,37.30883737932187,53.514762996799384,16.20592561747751
2021-01-20 → 2022-01-20,1480.565603419731,3359.4634959148934,2180.727254730353,2451.2184506896338,37.26448649004616,51.66075554967402,14.396269059627862
2021-01-21 → 2022-01-21,1480.565603419731,3359.4634959148934,2180.5213297664727,2456.5989665042903,37.25352660953841,51.94712107470589,14.693594465167479
2021-01-22 → 2022-01-22,1480.565603419731,3359.4634959148934,2179.5213776585174,2475.552856004111,37.200306468521205,52.95589805910339,15.755591590582185
2021-01-23 → 2022-01-23,1480.565603419731,3359.4634959148934,2178.771297291007,2487.0156274438477,37.16038517367563,53.565977589530355,16.405592415854727
2021-01-24 → 2022-01-24,1480.565603419731,3359.4634959148934,2177.6956915773544,2501.345218100161,37.10313854425798,54.32863695029444,17.225498406036458
2021-01-25 → 2022-01-25,1480.565603419731,3359.4634959148934,2176.6086229003763,2523.3185095116824,37.045281825097234,55.49811462650497,18.452832801407737
2021-01-26 → 2022-01-26,1480.565603419731,3359.4634959148934,2175.6002676798616,2468.393022022615,36.99161444782557,52.57483243493644,15.58321798711087
2021-01-27 → 2022-01-27,1480.565603419731,3359.4634959148934,2174.609654928918,2472.208591672198,36.93889137251104,52.77790731541949,15.839015942908453
2021-01-28 → 2022-01-28,1480.565603419731,3359.4634959148934,2172.8439759419166,2484.7336184107653,36.844917187215806,53.444522930275184,16.599605743059378
2021-01-29 → 2022-01-29,1480.565603419731,3359.4634959148934,2171.8642207633434,2510.207638301035,36.792771981109254,54.80031879294659,18.007546811837337
2021-01-30 → 2022-01-30,1480.565603419731,3359.4634959148934,2171.060527000998,2485.148971399769,36.74999723717263,53.46662913363316,16.716631896460534
2021-01-31 → 2022-01-31,1480.565603419731,3359.4634959148934,2170.2100028756768,2489.02728907134,36.70473005534661,53.67304363263612,16.968313577289514
2021-02-01 → 2022-02-01,1480.565603419731,3359.4634959148934,2169.013939107548,2494.8311790119533,36.641072324242316,53.98194226751115,17.340869943268835
2021-02-02 → 2022-02-02,1480.565603419731,3359.4634959148934,2168.2710313105536,2501.4809453237026,36.60153277289353,54.3358607182322,17.73432794533867
2021-02-03 → 2022-02-03,1480.565603419731,3359.4634959148934,2167.9683136260546,2506.9515788514427,36.585421323425834,54.627022550367485,18.04160122694165
2021-02-04 → 2022-02-04,1480.565603419731,3359.4634959148934,2167.3485733714924,2511.3387953948863,36.55243708000113,54.86052201624945,18.30808493624832
2021-02-05 → 2022-02-05,1480.565603419731,3359.4634959148934,2166.572187003397,2515.6834084535762,36.511115709042315,55.091754010071114,18.5806383010288
2021-02-06 → 2022-02-06,1480.565603419731,3359.4634959148934,2165.8409816987037,2519.4322919298043,36.472198995813024,55.29127967302502,18.819080677211993
2021-02-07 → 2022-02-07,1480.565603419731,3359.4634959148934,2165.1214347660302,2519.4605822533504,36.43390277250321,55.292785360144,18.858882587640792
2021-02-08 → 2022-02-08,1480.565603419731,3359.4634959148934,2164.3023268820866,2504.7294724224707,36.390307647551744,54.50875606883873,18.118448421286985
2021-02-09 → 2022-02-09,1480.565603419731,3359.4634959148934,2164.531368243054,2511.999910033148,36.40249784489469,54.89570831567009,18.493210470775402
2021-02-10 → 2022-02-10,1480.565603419731,3359.4634959148934,2164.9262075731644,2508.746759302405,36.42351225614542,54.72256688293247,18.299054626787047
2021-02-11 → 2022-02-11,1480.565603419731,3359.4634959148934,2165.3155414737307,2495.594504761187,36.44423365362643,54.022568517201606,17.578334863575172
2021-02-12 → 2022-02-12,1480.565603419731,3359.4634959148934,2166.089215748432,2498.8008849342195,36.48541067967938,54.193220695046904,17.70781001536752
2021-02-13 → 2022-02-13,1480.565603419731,3359.4634959148934,2166.8153610871,2494.6155711413,36.5240580879057,53.970467036658285,17.446408948752584
2021-02-14 → 2022-02-14,1480.565603419731,3359.4634959148934,2167.4345411780023,2487.1086883267208,36.5570125179136,53.570930540046966,17.013918022133367
2021-02-15 → 2022-02-15,1480.565603419731,3359.4634959148934,2167.9773313834744,2482.188580852441,36.585901272733125,53.309069185370284,16.72316791263716
2021-02-16 → 2022-02-16,1480.565603419731,3359.4634959148934,2168.4985848265756,2475.926388081961,36.61364378312622,52.97577844107314,16.362134657946918
2021-02-17 → 2022-02-17,1480.565603419731,3359.4634959148934,2169.6665083606745,2468.836651528198,36.67580381527932,52.5984435905695,15.922639775290179
2021-02-18 → 2022-02-18,1480.565603419731,3359.4634959148934,2171.257888887787,2469.2257731110694,36.760501367683254,52.619153687931664,15.85865232024841
2021-02-19 → 2022-02-19,1480.565603419731,3359.4634959148934,2172.7822483788614,2453.6610576861267,36.84163188026529,51.790757664544095,14.949125784278806
2021-02-20 → 2022-02-20,1480.565603419731,3359.4634959148934,2174.974784298636,2465.0932650908926,36.95832453975107,52.399210494813865,15.440885955062797
2021-02-21 → 2022-02-21,1480.565603419731,3359.4634959148934,2177.4486342163996,2489.9449280886734,37.08998948693338,53.72188284955145,16.631893362618065
2021-02-22 → 2022-02-22,1480.565603419731,3359.4634959148934,2179.8489470963304,2505.5731283655678,37.21774059515051,54.55365770753164,17.335917112381132
2021-02-23 → 2022-02-23,1480.565603419731,3359.4634959148934,2182.10817337707,2501.1237589555226,37.33798269504129,54.31685029890039,16.9788676038591
2021-02-24 → 2022-02-24,1480.565603419731,3359.4634959148934,2183.6185127840804,2507.2763638742886,37.418367021035955,54.64430848294227,17.225941461906316
2021-02-25 → 2022-02-25,1480.565603419731,3359.4634959148934,2185.0543978324417,2508.4399884685163,37.49478868578403,54.70623971395144,17.21145102816741
2021-02-26 → 2022-02-26,1480.565603419731,3359.4634959148934,2186.3061473793937,2506.291192811862,37.56141016382985,54.59187502892853,17.03046486509868
2021-02-27 → 2022-02-27,1480.565603419731,3359.4634959148934,2187.650369887953,2506.320087447714,37.632953301641024,54.593412879174,16.960459577532973
2021-02-28 → 2022-02-28,1480.565603419731,3359.4634959148934,2188.0169408121596,2501.637023257584,37.65246319228868,54.344167605716876,16.691704413428198
2021-03-01 → 2022-03-01,1480.565603419731,3359.4634959148934,2188.1562039748283,2488.365600126392,37.65987515241832,53.637826767068766,15.977951614650443
2021-03-02 → 2022-03-02,1480.565603419731,3359.4634959148934,2188.863291348622,2484.2521156864796,37.69750824448886,53.418896060065315,15.721387815576456
2021-03-03 → 2022-03-03,1480.565603419731,3359.4634959148934,2189.636924087285,2475.6151384567456,37.73868305988212,52.95921289876995,15.220529838887828
2021-03-04 → 2022-03-04,1480.565603419731,3359.4634959148934,2191.233558908894,2474.108729580907,37.823660259972996,52.87903776621721,15.055377506244213
2021-03-05 → 2022-03-05,1480.565603419731,3359.4634959148934,2192.534369691581,2462.1862737212687,37.892892908957435,52.24449259443007,14.351599685472635
2021-03-06 → 2022-03-06,1480.565603419731,3359.4634959148934,2194.0509413911022,2448.760626000919,37.97360893432416,51.5299435082889,13.55633457396474
2021-03-07 → 2022-03-07,1480.565603419731,3359.4634959148934,2195.6340334166325,2431.247032685592,38.05786535037814,50.59782296117024,12.5399576107921
2021-03-08 → 2022-03-08,1480.565603419731,3359.4634959148934,2197.3411750109085,2416.1971345258626,38.14872401816923,49.79682689747552,11.648102879306286
2021-03-09 → 2022-03-09,1480.565603419731,3359.4634959148934,2198.6027673835492,2399.0105372829084,38.21586935787502,48.8821099609351,10.666240603060075
2021-03-10 → 2022-03-10,1480.565603419731,3359.4634959148934,2200.5315559988535,2391.607437128295,38.318524676346996,48.48809705665841,10.169572380311415
2021-03-11 → 2022-03-11,1480.565603419731,3359.4634959148934,2202.6999007640306,2389.275717122782,38.43392981751184,48.36399664572996,9.930066828218123
2021-03-12 → 2022-03-12,1480.565603419731,3359.4634959148934,2204.9912371384403,2393.7626914871416,38.55588090296261,48.60280549118568,10.046924588223064
2021-03-13 → 2022-03-13,1480.565603419731,3359.4634959148934,2207.452369421106,2386.1256676299054,38.6868689833951,48.196342538209855,9.509473554814754
2021-03-14 → 2022-03-14,1480.565603419731,3359.4634959148934,2209.885454628774,2409.3604022312543,38.816364323050664,49.432957614215574,10.61659329116491
2021-03-15 → 2022-03-15,1480.565603419731,3359.4634959148934,2212.2667758761195,2415.191041035091,38.943104645494856,49.74327989554475,10.800175250049897
2021-03-16 → 2022-03-16,1480.565603419731,3359.4634959148934,2214.045805971905,2412.1336931690103,39.03778941271352,49.58055961796646,10.542770205252936
2021-03-17 → 2022-03-17,1480.565603419731,3359.4634959148934,2215.8794843832065,2397.3071987509825,39.135382710285775,48.791453702352364,9.656070992066589
2021-03-18 → 2022-03-18,1480.565603419731,3359.4634959148934,2217.7559368885973,2396.6875917371244,39.23525256020608,48.75847655035635,9.52322399015027
2021-03-19 → 2022-03-19,1480.565603419731,3359.4634959148934,2219.498819632812,2360.972521383423,39.32801346813919,46.85762443399829,7.529610965859099
2021-03-20 → 2022-03-20,1480.565603419731,3359.4634959148934,2221.418115247808,2432.2376053193943,39.43016354359899,50.650543901342616,11.220380357743629
2021-03-21 → 2022-03-21,1480.565603419731,3359.4634959148934,2223.380948706335,2468.3720141945314,39.53463082020656,52.57371434181562,13.039083521609058
2021-03-22 → 2022-03-22,1480.565603419731,3359.4634959148934,2225.0714417741046,2382.4132473369864,39.6246034086331,47.99875754395618,8.374154135323082
2021-03-23 → 2022-03-23,1480.565603419731,3359.4634959148934,2226.4474108081617,2480.761897855713,39.697836181928196,53.23313727856327,13.535301096635074
2021-03-24 → 2022-03-24,1480.565603419731,3359.4634959148934,2227.6531952331748,2482.4660998370023,39.76201127254004,53.32383949224378,13.561828219703735
2021-03-25 → 2022-03-25,1480.565603419731,3359.4634959148934,2228.6194129177347,2478.738174488515,39.81343597679988,53.12542927722477,13.311993300424888
2021-03-26 → 2022-03-26,1480.565603419731,3359.4634959148934,2229.4560598401076,2468.62179780451,39.85796457655587,52.58700849744676,12.729043920890888
2021-03-27 → 2022-03-27,1480.565603419731,3359.4634959148934,2230.312809270084,2464.7637012249106,39.903563085841476,52.38167021935247,12.478107133510996
2021-03-28 → 2022-03-28,1480.565603419731,3359.4634959148934,2231.22128184137,2462.7533939536565,39.95191443984079,52.27467625872886,12.322761818888068
2021-03-29 → 2022-03-29,1480.565603419731,3359.4634959148934,2232.0736338519137,2441.6919760334504,39.997278906635295,51.15373094262993,11.156452035994633
2021-03-30 → 2022-03-30,1480.565603419731,3359.4634959148934,2233.1258579003256,2401.3199963617562,40.05328110093308,49.00502558546544,8.951744484532362
2021-03-31 → 2022-03-31,1480.565603419731,3359.4634959148934,2234.46677389421,2401.818261342796,40.12464825713886,49.03154458806958,8.90689633093072
2021-04-01 → 2022-04-01,1480.565603419731,3359.4634959148934,2235.7269935359536,2417.7594094886294,40.19172053641372,49.879975373452154,9.688254837038436
2021-04-02 → 2022-04-02,1480.565603419731,3359.4634959148934,2237.029249212001,2469.523219128659,40.26103008650949,52.63498456510587,12.373954478596374
2021-04-03 → 2022-04-03,1480.565603419731,3359.4634959148934,2238.284115445212,2470.210726831987,40.32781744298178,52.67157557444564,12.343758131463858
2021-04-04 → 2022-04-04,1480.565603419731,3359.4634959148934,2239.3696020707293,2462.5693706968664,40.38558996110812,52.26488204598717,11.879292084879054
2021-04-05 → 2022-04-05,1480.565603419731,3359.4634959148934,2240.6547638757925,2465.293510143762,40.45398972940827,52.40986807517889,11.955878345770621
2021-04-06 → 2022-04-06,1480.565603419731,3359.4634959148934,2242.3139097903895,2469.9834365418883,40.542293938020364,52.65947857380466,12.117184635784298
2021-04-07 → 2022-04-07,1480.565603419731,3359.4634959148934,2243.8810269106843,2468.103341572608,40.625700126645846,52.55941486215806,11.933714735512211
2021-04-08 → 2022-04-08,1480.565603419731,3359.4634959148934,2245.4962831149273,2464.173738100449,40.7116684068113,52.35027079489103,11.638602388079732
2021-04-09 → 2022-04-09,1480.565603419731,3359.4634959148934,2247.184083504059,2461.5598956092595,40.80149768363752,52.211155066376456,11.409657382738935
2021-04-10 → 2022-04-10,1480.565603419731,3359.4634959148934,2248.9421527783097,2458.1975937509346,40.89506685955033,52.03220431701669,11.137137457466359
2021-04-11 → 2022-04-11,1480.565603419731,3359.4634959148934,2251.271182601332,2456.410196789078,41.01902409173017,51.93707424267918,10.918050150949014
2021-04-12 → 2022-04-12,1480.565603419731,3359.4634959148934,2253.5265371105493,2454.048676676679,41.1390601255256,51.81138778990112,10.672327664375516
2021-04-13 → 2022-04-13,1480.565603419731,3359.4634959148934,2255.6049177001914,2439.686259954934,41.24967713126838,51.046981337633945,9.797304206365567
2021-04-14 → 2022-04-14,1480.565603419731,3359.4634959148934,2258.1433805871006,2441.2089425715253,41.38478095447498,51.12802260244527,9.743241647970294
2021-04-15 → 2022-04-15,1480.565603419731,3359.4634959148934,2260.5392114389642,2455.7595481308854,41.51229351710189,51.90244497087089,10.390151453769
2021-04-16 → 2022-04-16,1480.565603419731,3359.4634959148934,2262.9745276327126,2457.9537677091103,41.64190759583792,52.019227239188346,10.377319643350425
2021-04-17 → 2022-04-17,1480.565603419731,3359.4634959148934,2265.4183797043643,2465.5584675815758,41.771975976957144,52.42396982274442,10.651993845787274
2021-04-18 → 2022-04-18,1480.565603419731,3359.4634959148934,2267.579434122831,2459.768524660648,41.88699310625931,52.11581348577398,10.228820379514666
2021-04-19 → 2022-04-19,1480.565603419731,3359.4634959148934,2269.3194911938417,2460.1298108985807,41.979603624263554,52.13504211120252,10.15543848693897
2021-04-20 → 2022-04-20,1480.565603419731,3359.4634959148934,2271.0231484337705,2464.3047688621155,42.070276845343514,52.35724460449451,10.286967759150997
2021-04-21 → 2022-04-21,1480.565603419731,3359.4634959148934,2272.938490531537,2463.723689038758,42.172216503981524,52.32631797321356,10.154101469232039
2021-04-22 → 2022-04-22,1480.565603419731,3359.4634959148934,2274.756843334882,2461.2155775863052,42.26899413147305,52.1928295349929,9.923835403519853
2021-04-23 → 2022-04-23,1480.565603419731,3359.4634959148934,2276.393245861859,2458.9272498181213,42.356087875817195,52.07103857565848,9.714950699841282
2021-04-24 → 2022-04-24,1480.565603419731,3359.4634959148934,2277.9461966296926,2457.761564091419,42.43874009305775,52.00899764563466,9.570257552576905
2021-04-25 → 2022-04-25,1480.565603419731,3359.4634959148934,2279.2627892497667,2454.079760805867,42.508812693880444,51.81304217087158,9.30422947699114
2021-04-26 → 2022-04-26,1480.565603419731,3359.4634959148934,2280.8571017422564,2445.6234140532315,42.59366629336863,51.362972649456275,8.769306356087647
2021-04-27 → 2022-04-27,1480.565603419731,3359.4634959148934,2282.7587902185787,2434.2935983382777,42.69487926954568,50.75996938034791,8.065090110802231
2021-04-28 → 2022-04-28,1480.565603419731,3359.4634959148934,2284.6674291596564,2441.7956173679313,42.7964621681535,51.159247013242116,8.362784845088619
2021-04-29 → 2022-04-29,1480.565603419731,3359.4634959148934,2286.7570407328794,2438.5949709463202,42.90767691705334,50.98890000107102,8.081223084017687
2021-04-30 → 2022-04-30,1480.565603419731,3359.4634959148934,2288.901058219958,2403.2484018015916,43.02178729503835,49.10766051030824,6.085873215269892
2021-05-01 → 2022-05-01,1480.565603419731,3359.4634959148934,2291.273457022042,2427.253133160644,43.148052740944685,50.385256885019935,7.23720414407525
2021-05-02 → 2022-05-02,1480.565603419731,3359.4634959148934,2293.6361641979406,2424.43885428685,43.27380237243537,50.23547339305716,6.961671020621793
2021-05-03 → 2022-05-03,1480.565603419731,3359.4634959148934,2296.053021341346,2432.1723962246133,43.402434010858016,50.64707329790846,7.244639287050447
2021-05-04 → 2022-05-04,1480.565603419731,3359.4634959148934,2298.1722815893636,2431.251717839474,43.51522674198421,50.598072317662734,7.082845575678526
2021-05-05 → 2022-05-05,1480.565603419731,3359.4634959148934,2300.571768874931,2422.4569641447206,43.642933909848495,50.12999186848652,6.487057958638026
2021-05-06 → 2022-05-06,1480.565603419731,3359.4634959148934,2303.387457997773,2422.470447075092,43.7927924590591,50.130709466309455,6.337917007250354
2021-05-07 → 2022-05-07,1480.565603419731,3359.4634959148934,2306.2485380548546,2419.2685509128864,43.94506683588978,49.96029593958217,6.015229103692384
2021-05-08 → 2022-05-08,1480.565603419731,3359.4634959148934,2309.5057478589156,2411.241304412387,44.11842430342813,49.53306428784832,5.414639984420191
2021-05-09 → 2022-05-09,1480.565603419731,3359.4634959148934,2313.8245685496254,2427.5530425611573,44.348283558045445,50.40121887005973,6.052935312014284
2021-05-10 → 2022-05-10,1480.565603419731,3359.4634959148934,2317.953432907043,2424.297752807727,44.56803282562988,50.227963592780824,5.6599307671509465
2021-05-11 → 2022-05-11,1480.565603419731,3472.6373926933848,2322.554040326462,2439.632711123865,42.266972578018176,48.14420408281711,5.877231504798935
2021-05-12 → 2022-05-12,1480.565603419731,3472.6373926933848,2327.139345586297,2446.6121264428293,42.49715028971133,48.494563711247416,5.997413421536088
2021-05-13 → 2022-05-13,1480.565603419731,3472.6373926933848,2331.1086371235506,2446.9481760263807,42.69640473217802,48.511433062310005,5.815028330131987
2021-05-14 → 2022-05-14,1480.565603419731,3472.6373926933848,2334.6659984590647,2452.1853238767208,42.874980692877266,48.77433261635919,5.899351923481923
2021-05-15 → 2022-05-15,1480.565603419731,3472.6373926933848,2337.9632944249124,2459.171668816919,43.04050163361856,49.12504010480496,6.084538471186399
2021-05-16 → 2022-05-16,1480.565603419731,3472.6373926933848,2341.2970468639155,2463.212906193508,43.20785265264075,49.32790615603609,6.12005350339534
2021-05-17 → 2022-05-17,1480.565603419731,3472.6373926933848,2344.3366532203736,2476.1044007438322,43.36043783420022,49.975046214930494,6.6146083807302745
2021-05-18 → 2022-05-18,1480.565603419731,3475.6954462236067,2347.5509781501282,2465.530166246463,43.45508528467354,49.36844418318671,5.913358898513174
2021-05-19 → 2022-05-19,1480.565603419731,3475.6954462236067,2350.195564479425,2469.1929332623254,43.58763737589884,49.552029578847716,5.964392202948879
2021-05-20 → 2022-05-20,1480.565603419731,3475.6954462236067,2352.286400469736,2464.036286007651,43.692434364318025,49.29356784146889,5.601133477150867
2021-05-21 → 2022-05-21,1480.565603419731,3475.6954462236067,2354.876627011364,2474.0996379522994,43.82226183148617,49.79796368221807,5.975701850731895
2021-05-22 → 2022-05-22,1480.565603419731,3475.6954462236067,2356.5346421938825,2456.309272215068,43.90536495324533,48.90627406104387,5.000909107798535
2021-05-23 → 2022-05-23,1480.565603419731,3475.6954462236067,2358.669361519723,2452.135532296495,44.01236146445188,48.697077655425105,4.6847161909732264
2021-05-24 → 2022-05-24,1480.565603419731,3475.6954462236067,2360.0292120773206,2464.557282182165,44.08051996363438,49.31968123836851,5.23916127473413
2021-05-25 → 2022-05-25,1480.565603419731,3475.6954462236067,2362.1940797204957,2458.0581506811723,44.18902757034396,48.993931436949104,4.8049038666051445
2021-05-26 → 2022-05-26,1480.565603419731,3475.6954462236067,2364.3693828577757,2453.6223950983763,44.29805822542268,48.77160226881024,4.473544043387562
2021-05-27 → 2022-05-27,1480.565603419731,3495.0320012240645,2366.9477352660238,2440.072516106986,44.00083976642175,47.630822421911276,3.6299826554895276
2021-05-28 → 2022-05-28,1480.565603419731,3495.0320012240645,2369.259760762971,2434.865597369782,44.115610878983716,47.37234609572985,3.2567352167461365
2021-05-29 → 2022-05-29,1480.565603419731,3495.0320012240645,2370.868060180066,2433.074515760158,44.19544836939052,47.28343512597747,3.0879867565869503
2021-05-30 → 2022-05-30,1480.565603419731,3495.0320012240645,2371.5993307370372,2434.7940989405597,44.23174932520532,47.36879684669298,3.137047521487659
2021-05-31 → 2022-05-31,1480.565603419731,3495.0320012240645,2372.5192013898536,2434.5541573165983,44.27741256653906,47.356885919599684,3.079473353060621
2021-06-01 → 2022-06-01,1480.565603419731,3495.0320012240645,2374.3573306479634,2430.234942123537,44.36865902565663,47.14247602932954,2.77381700367291
2021-06-02 → 2022-06-02,1480.565603419731,3495.0320012240645,2375.8616028892507,2427.6538658897025,44.443332509559205,47.01434898602677,2.5710164764675625
2021-06-03 → 2022-06-03,1480.565603419731,3495.0320012240645,2377.8136630420436,2421.2424320437685,44.540234605068,46.69607940094348,2.155844795875481
2021-06-04 → 2022-06-04,1480.565603419731,3495.0320012240645,2380.007497817629,2418.732116001999,44.64913861945,46.57146495989322,1.9223263404432203
2021-06-05 → 2022-06-05,1480.565603419731,3495.0320012240645,2381.7331361942156,2425.0847325330787,44.73480092577924,46.88681479834192,2.1520138725626836
2021-06-06 → 2022-06-06,1480.565603419731,3495.0320012240645,2382.736848874934,2407.378696620357,44.784626163957064,46.007870581053396,1.223244417096332
2021-06-07 → 2022-06-07,1480.565603419731,3495.0320012240645,2383.8521232831226,2403.8037522278264,44.83998943084523,45.83040699087253,0.9904175600273035
2021-06-08 → 2022-06-08,1480.565603419731,3495.0320012240645,2384.78920726331,2405.5926737655664,44.88650715788245,45.91921073263213,1.0327035747496822
2021-06-09 → 2022-06-09,1480.565603419731,3495.0320012240645,2385.7151199700993,2415.3463992305124,44.932470332438186,46.40339480617027,1.470924473732083
2021-06-10 → 2022-06-10,1480.565603419731,3495.0320012240645,2387.803086859591,2412.3177116857687,45.03611896573222,46.25304791788041,1.2169289521481872
2021-06-11 → 2022-06-11,1480.565603419731,3525.994877822249,2390.0176286016895,2403.5819461215965,44.46264833320208,45.125800938362154,0.6631526051600716
2021-06-12 → 2022-06-12,1480.565603419731,3727.131632396633,2392.8534309044817,2400.8289955301407,40.608102130886905,40.96311349146068,0.35501136057377636
2021-06-13 → 2022-06-13,1480.565603419731,4481.038187568874,2397.4367553375055,2402.9068703483144,30.55755805806757,30.739866506400222,0.1823084483326518
2021-06-14 → 2022-06-14,1480.565603419731,4530.449222223425,2402.7958642792883,2405.4742087218124,30.238211555800248,30.326029478622324,0.0878179228220759
2021-06-15 → 2022-06-15,1480.565603419731,4530.449222223425,2408.174267139372,2396.9867937049507,30.414559362218956,30.047742957637276,-0.3668164045816802
2021-06-16 → 2022-06-16,1480.565603419731,4923.640009381437,2414.8394448527256,2411.419353344153,27.134872247178084,27.035539758090692,-0.09933248908739145
2021-06-17 → 2022-06-17,1480.565603419731,4923.640009381437,2421.0500766249024,2394.8616183468785,27.31525265840077,26.55464004332982,-0.7606126150709507
2021-06-18 → 2022-06-18,1480.565603419731,5259.319351816173,2428.2332210349323,2494.913708258975,25.078840292711718,26.843456133379807,1.764615840668089
2021-06-19 → 2022-06-19,1480.565603419731,5259.319351816173,2433.9159667431763,2664.45578615873,25.22922706270581,31.33017554375954,6.100948481053731
2021-06-20 → 2022-06-20,1480.565603419731,5259.319351816173,2439.5132262655557,2379.1037564744947,25.3773515475245,23.778690353560847,-1.598661193963654
2021-06-21 → 2022-06-21,1480.565603419731,5259.319351816173,2445.0449694515823,2376.5236776642305,25.52374222430184,23.710411789196627,-1.8133304351052146
2021-06-22 → 2022-06-22,1480.565603419731,5259.319351816173,2450.0890727210203,2380.219836661475,25.657228119527975,23.80822602223081,-1.8490020972971664
2021-06-23 → 2022-06-23,1480.565603419731,5259.319351816173,2454.6055996345067,2385.100750249945,25.776752365197673,23.937393306300102,-1.8393590588975712
2021-06-24 → 2022-06-24,1480.565603419731,5259.319351816173,2459.304447028843,2375.62972010505,25.901101494757388,23.686754318540867,-2.2143471762165206
2021-06-25 → 2022-06-25,1480.565603419731,5259.319351816173,2464.148068849873,2372.092676741423,26.02928189876191,23.593150882087034,-2.4361310166748744
2021-06-26 → 2022-06-26,1480.565603419731,5259.319351816173,2468.4940500143134,2377.5677883793296,26.144292864117467,23.73804287565052,-2.4062499884669464
2021-06-27 → 2022-06-27,1480.565603419731,5259.319351816173,2473.093285350499,2388.6475673965624,26.26600588492856,24.031255393717743,-2.234750491210818
2021-06-28 → 2022-06-28,1480.565603419731,5259.319351816173,2478.658980526091,2385.983641833436,26.413295058719093,23.960757929725634,-2.452537128993459
2021-06-29 → 2022-06-29,1480.565603419731,5259.319351816173,2484.3170521841093,2385.092826571761,26.56302886078067,23.93718361605005,-2.6258452447306198
2021-06-30 → 2022-06-30,1480.565603419731,5259.319351816173,2490.8460947635926,2380.616089772477,26.73581182083077,23.818712366072887,-2.9170994547578815
2021-07-01 → 2022-07-01,1480.565603419731,5259.319351816173,2497.1803135943724,2378.132524807518,26.90343901361801,23.75298792012261,-3.1504510934953984
2021-07-02 → 2022-07-02,1480.565603419731,5259.319351816173,2503.2324740655713,2378.0869009773014,27.063601884082043,23.751780542419414,-3.311821341662629
2021-07-03 → 2022-07-03,1480.565603419731,5259.319351816173,2509.318775648977,2378.1363554206264,27.224668256453842,23.753089292515817,-3.4715789639380255
2021-07-04 → 2022-07-04,1480.565603419731,5259.319351816173,2514.9277947050523,2371.9051763569587,27.373103942649475,23.58818891851521,-3.784915024134264
2021-07-05 → 2022-07-05,1480.565603419731,5259.319351816173,2520.730312401819,2386.291377764018,27.526660328778874,23.968901776905735,-3.557758551873139
2021-07-06 → 2022-07-06,1480.565603419731,5259.319351816173,2525.9619614005087,2380.409969262063,27.66510938757001,23.813257644115904,-3.8518517434541053
2021-07-07 → 2022-07-07,1480.565603419731,5259.319351816173,2530.574378088053,2363.1812155246344,27.78717123638727,23.357320187362077,-4.429851049025192
2021-07-08 → 2022-07-08,1480.565603419731,5259.319351816173,2535.047473650882,2360.100092738458,27.9055461255879,23.27578211975225,-4.62976400583565
2021-07-09 → 2022-07-09,1480.565603419731,5259.319351816173,2539.3804362057313,2362.0237938928917,28.020212569694987,23.32669046897321,-4.693522100721776
2021-07-10 → 2022-07-10,1480.565603419731,5259.319351816173,2544.4403172930483,2357.5517167747003,28.154116005171943,23.208342531638333,-4.94577347353361
2021-07-11 → 2022-07-11,1480.565603419731,5259.319351816173,2549.992111502895,2351.042241575427,28.301037307260035,23.036077397874706,-5.264959909385329
2021-07-12 → 2022-07-12,1480.565603419731,5259.319351816173,2556.1447578022326,2354.755476229699,28.463859409704483,23.134343516852365,-5.329515892852118
2021-07-13 → 2022-07-13,1480.565603419731,5259.319351816173,2561.45481985734,2361.3061556792263,28.604383572131344,23.307699069653527,-5.296684502477817
2021-07-14 → 2022-07-14,1480.565603419731,5259.319351816173,2566.378190443007,2340.859613839453,28.734674427621886,22.76660686833053,-5.968067559291356
2021-07-15 → 2022-07-15,1480.565603419731,5259.319351816173,2571.163521501242,2349.8266219477464,28.861312239367777,23.003907542186266,-5.8574046971815115
2021-07-16 → 2022-07-16,1480.565603419731,5259.319351816173,2575.4366059713334,2345.7987850152904,28.974394084722338,22.89731586671217,-6.077078218010168
2021-07-17 → 2022-07-17,1480.565603419731,5259.319351816173,2579.868798612158,2344.1622823007347,29.091686529161343,22.85400786562186,-6.237678663539484
2021-07-18 → 2022-07-18,1480.565603419731,5259.319351816173,2583.4572678212066,2325.9054267760603,29.186650886406674,22.37086297870188,-6.815787907704795
2021-07-19 → 2022-07-19,1480.565603419731,5259.319351816173,2586.530935261561,2317.460398775529,29.26799165759767,22.147375856681425,-7.120615800916244
2021-07-20 → 2022-07-20,1480.565603419731,5259.319351816173,2589.419956750223,2314.8145467844397,29.344446004216255,22.077356687207573,-7.267089317008683
2021-07-21 → 2022-07-21,1480.565603419731,5259.319351816173,2592.0422010539096,2311.321992251934,29.413840425718305,21.98493059212297,-7.428909833595334
2021-07-22 → 2022-07-22,1480.565603419731,5259.319351816173,2595.568834376187,2308.703926977858,29.50716837342525,21.915646763421854,-7.591521610003397
2021-07-23 → 2022-07-23,1480.565603419731,5259.319351816173,2599.26339237867,2306.2312789453654,29.60494023813198,21.850211220459,-7.754729017672982
2021-07-24 → 2022-07-24,1480.565603419731,5259.319351816173,2603.1538022003547,2304.2098617313786,29.707895076703718,21.79671693772505,-7.911178138978666
2021-07-25 → 2022-07-25,1480.565603419731,5259.319351816173,2607.859171863208,2301.89227825538,29.832416809956374,21.735384984644433,-8.09703182531194
2021-07-26 → 2022-07-26,1480.565603419731,5259.319351816173,2612.97851611324,2299.401026689737,29.96789386379204,21.669457122404136,-8.298436741387903
2021-07-27 → 2022-07-27,1480.565603419731,5259.319351816173,2617.613804215415,2297.3862850866653,30.090560976041463,21.616139501378242,-8.47442147466322
2021-07-28 → 2022-07-28,1480.565603419731,5259.319351816173,2622.092150876846,2296.337349826401,30.20907482901036,21.588380739360222,-8.620694089650137
2021-07-29 → 2022-07-29,1480.565603419731,5259.319351816173,2626.658899824396,2295.7670870818774,30.329928138106986,21.573289447826195,-8.756638690280791
2021-07-30 → 2022-07-30,1480.565603419731,5259.319351816173,2631.40878603419,2295.8650768067464,30.45562794619344,21.575882623550083,-8.879745322643359
2021-07-31 → 2022-07-31,1480.565603419731,5259.319351816173,2636.56886106647,2296.4039103226405,30.592182889327002,21.5901421797893,-9.002040709537702
2021-08-01 → 2022-08-01,1480.565603419731,5259.319351816173,2641.741905710449,2296.624605121863,30.729081057041004,21.59598259210292,-9.133098464938083
2021-08-02 → 2022-08-02,1480.565603419731,5259.319351816173,2646.769098162676,2295.8098660838596,30.862119428603595,21.574421540702062,-9.287697887901533
2021-08-03 → 2022-08-03,1480.565603419731,5259.319351816173,2651.7959625997205,2293.039302858956,30.995149119653924,21.501102044133138,-9.494047075520786
2021-08-04 → 2022-08-04,1480.565603419731,5259.319351816173,2656.7345161346625,2288.678212801363,31.125841772940415,21.385691240784446,-9.740150532155969
2021-08-05 → 2022-08-05,1480.565603419731,5259.319351816173,2661.617179189321,2284.2227206696775,31.255055354448093,21.267782204410324,-9.987273150037769
2021-08-06 → 2022-08-06,1480.565603419731,5259.319351816173,2666.824911133864,2277.860998724514,31.3928714782628,21.099427176039843,-10.293444302222959
2021-08-07 → 2022-08-07,1480.565603419731,5259.319351816173,2672.24020287363,2272.5207680714148,31.536180412909943,20.958104639334042,-10.5780757735759
2021-08-08 → 2022-08-08,1480.565603419731,5259.319351816173,2677.576493950902,2270.006644115758,31.67739869366022,20.891571487849276,-10.785827205810943
2021-08-09 → 2022-08-09,1480.565603419731,5259.319351816173,2683.146806227432,2259.9303060271345,31.82481005326241,20.624913781114632,-11.199896272147779
2021-08-10 → 2022-08-10,1480.565603419731,5259.319351816173,2688.662206220768,2250.960079082205,31.97076822785043,20.3875279247662,-11.583240303084231
2021-08-11 → 2022-08-11,1480.565603419731,5259.319351816173,2694.0713215267606,2264.4847008600814,32.11391371088933,20.74544015399298,-11.368473556896348
2021-08-12 → 2022-08-12,1480.565603419731,5259.319351816173,2699.288979484416,2262.527662135294,32.25199251424796,20.693649567596136,-11.558342946651823
2021-08-13 → 2022-08-13,1480.565603419731,5259.319351816173,2704.3217669069413,2244.5073495953166,32.385178949713925,20.216764495431146,-12.168414454282779
2021-08-14 → 2022-08-14,1480.565603419731,5259.319351816173,2709.8331186765695,2187.6576899015895,32.531029993115915,18.71230923110354,-13.818720762012376
2021-08-15 → 2022-08-15,1480.565603419731,5259.319351816173,2715.379813815787,2257.4442461595054,32.67781635466624,20.559123310680192,-12.118693043986049
2021-08-16 → 2022-08-16,1480.565603419731,5259.319351816173,2721.022622752905,2262.6816080950143,32.82714624787541,20.697723555211383,-12.12942269266403
2021-08-17 → 2022-08-17,1480.565603419731,5259.319351816173,2726.7890846845276,2260.903960045646,32.97974846319758,20.65068031906182,-12.32906814413576
2021-08-18 → 2022-08-18,1480.565603419731,5259.319351816173,2732.4447785037128,2252.793461772051,33.12941933872328,20.436046108588684,-12.693373230134597
2021-08-19 → 2022-08-19,1480.565603419731,5259.319351816173,2739.4356591464475,2239.7452397162147,33.31442426649084,20.090741203198288,-13.223683063292551
2021-08-20 → 2022-08-20,1480.565603419731,5259.319351816173,2746.498810466685,2214.6905598118797,33.50134174750517,19.427700381473205,-14.073641366031968
2021-08-21 → 2022-08-21,1480.565603419731,5259.319351816173,2753.626340912335,2220.6907326610194,33.689962941693196,19.586487464428426,-14.10347547726477
2021-08-22 → 2022-08-22,1480.565603419731,5259.319351816173,2760.885088793162,2213.042997402834,33.88205664147206,19.384099699376765,-14.497956942095296
2021-08-23 → 2022-08-23,1480.565603419731,5259.319351816173,2768.037854714267,2244.701495635218,34.07134566101032,20.221902327976707,-13.849443333033612
2021-08-24 → 2022-08-24,1480.565603419731,5259.319351816173,2775.280888973412,2248.875917029501,34.26302351941056,20.332373178215477,-13.930650341195083
2021-08-25 → 2022-08-25,1480.565603419731,5259.319351816173,2782.236302634547,2254.69678624366,34.44708985779227,20.486415214339925,-13.960674643452347
2021-08-26 → 2022-08-26,1480.565603419731,5259.319351816173,2790.155666075568,2258.6923437404275,34.65666592356215,20.592152654850917,-14.064513268711234
2021-08-27 → 2022-08-27,1480.565603419731,5259.319351816173,2797.9970564133155,2211.1032498309764,34.86417852850696,19.33276670175339,-15.531411826753573
2021-08-28 → 2022-08-28,1480.565603419731,5259.319351816173,2806.314459818093,2200.6770771735946,35.084288224946086,19.056851059941422,-16.027437165004663
2021-08-29 → 2022-08-29,1480.565603419731,5259.319351816173,2814.2002137111604,2268.705884984396,35.29297485599247,20.85714852149658,-14.43582633449589
2021-08-30 → 2022-08-30,1480.565603419731,5259.319351816173,2822.3997996965504,2272.734317913712,35.50996666152808,20.963755969283444,-14.546210692244639
2021-08-31 → 2022-08-31,1480.565603419731,5259.319351816173,2830.2464073142864,2270.4882185864726,35.71761733527378,20.904315754948424,-14.813301580325355
2021-09-01 → 2022-09-01,1480.565603419731,5259.319351816173,2838.049664254949,2266.840613079323,35.924120787476085,20.80778642940829,-15.116334358067796
2021-09-02 → 2022-09-02,1480.565603419731,5259.319351816173,2846.134219133463,2267.379681940775,36.13806843838995,20.822052213773855,-15.316016224616096
2021-09-03 → 2022-09-03,1480.565603419731,5259.319351816173,2854.396483938374,2269.884744819873,36.356718960626736,20.888345575180676,-15.46837338544606
2021-09-04 → 2022-09-04,1480.565603419731,5259.319351816173,2862.6039865563102,2273.379324845152,36.5739202699584,20.980825272402594,-15.593094997555806
2021-09-05 → 2022-09-05,1480.565603419731,5259.319351816173,2870.9314319646837,2262.4520157968136,36.79429571548478,20.691647681696253,-16.102648033788526
2021-09-06 → 2022-09-06,1480.565603419731,5306.123380555857,2880.1491047717477,2294.52027166932,36.585083349591116,21.276757944012257,-15.30832540557886
2021-09-07 → 2022-09-07,1480.565603419731,5306.123380555857,2889.1206272503023,2280.534861198583,36.81959875887794,20.911179607845888,-15.90841915103205
2021-09-08 → 2022-09-08,1480.565603419731,5306.123380555857,2897.4319569221825,2272.7296454073557,37.03685674205502,20.707151430886285,-16.329705311168738
2021-09-09 → 2022-09-09,1480.565603419731,5306.123380555857,2904.305880757431,2298.418154229223,37.21654096683217,21.37864851231576,-15.83789245451641
2021-09-10 → 2022-09-10,1480.565603419731,5306.123380555857,2911.005765061605,2300.6754778499144,37.39167580191991,21.437654904381837,-15.954020897538072
2021-09-11 → 2022-09-11,1480.565603419731,5306.123380555857,2917.474267277882,2295.240747095348,37.560762314086496,21.29559115652662,-16.265171157559877
2021-09-12 → 2022-09-12,1480.565603419731,5306.123380555857,2923.63236847772,2293.7022525965617,37.721734950198346,21.25537494261969,-16.466360007578658
2021-09-13 → 2022-09-13,1480.565603419731,5306.123380555857,2931.265336493489,2292.4670134722273,37.92126057392277,21.223085817835926,-16.698174756086846
2021-09-14 → 2022-09-14,1480.565603419731,5306.123380555857,2938.687514085157,2268.5536383377653,38.11527614038546,20.59799069373708,-17.51728544664838
2021-09-15 → 2022-09-15,1480.565603419731,5306.123380555857,2946.7484775632415,2258.4004020809803,38.325989556511644,20.332585311090217,-17.993404245421427
2021-09-16 → 2022-09-16,1480.565603419731,5306.123380555857,2954.9160984977952,2269.3238400776763,38.53949099631131,20.61812375105265,-17.921367245258658
2021-09-17 → 2022-09-17,1480.565603419731,5306.123380555857,2962.7790446396602,2276.6714040645825,38.74502824342489,20.81018891945292,-17.93483932397197
2021-09-18 → 2022-09-18,1480.565603419731,5306.123380555857,2971.0561580804847,2283.70453899736,38.96139181504034,20.994034918977796,-17.967356896062547
2021-09-19 → 2022-09-19,1480.565603419731,5306.123380555857,2979.3580357106707,2306.8541514666476,39.17840272204594,21.599165303039538,-17.5792374190064
2021-09-20 → 2022-09-20,1480.565603419731,5306.123380555857,2988.048673960986,2309.728473383113,39.40557582350203,21.67430001760702,-17.731275805895013
2021-09-21 → 2022-09-21,1480.565603419731,5403.430744100575,2996.436675398569,2302.25948860631,38.641936890946674,20.94626900796206,-17.695667882984615
2021-09-22 → 2022-09-22,1480.565603419731,5403.430744100575,3003.7679785189416,2274.501521554593,38.82882333382602,20.238674786487014,-18.59014854733901
2021-09-23 → 2022-09-23,1480.565603419731,5403.430744100575,3011.635154915644,2273.038927470771,39.02937002902384,20.20139096378674,-18.8279790652371
2021-09-24 → 2022-09-24,1480.565603419731,5403.430744100575,3019.98211614319,2258.9738272049535,39.242147193881905,19.842849444733236,-19.39929774914867
2021-09-25 → 2022-09-25,1480.565603419731,5403.430744100575,3028.1373564426826,2256.1159421472103,39.45003709085851,19.769997461418633,-19.680039629439875
2021-09-26 → 2022-09-26,1480.565603419731,5403.430744100575,3035.9735273931715,2252.929836430411,39.64979340848529,19.688778617473197,-19.96101479101209
2021-09-27 → 2022-09-27,1480.565603419731,5403.430744100575,3043.938700389596,2248.7681327260543,39.852838191081155,19.582690246980956,-20.2701479441002
2021-09-28 → 2022-09-28,1480.565603419731,5403.430744100575,3051.5533567820407,2244.350081757983,40.04694775435621,19.470067181705137,-20.576880572651074
2021-09-29 → 2022-09-29,1480.565603419731,5403.430744100575,3058.907718488234,2237.5309530284862,40.23442199684105,19.296236869294418,-20.93818512754663
2021-09-30 → 2022-09-30,1480.565603419731,5403.430744100575,3066.374902221197,2227.7711222081875,40.424772250168054,19.04744343719074,-21.377328812977314
2021-10-01 → 2022-10-01,1480.565603419731,5403.430744100575,3074.28227199106,2218.1288121842904,40.62634353764012,18.801645794954595,-21.824697742685522
2021-10-02 → 2022-10-02,1480.565603419731,5403.430744100575,3082.968002455081,2213.851696187334,40.84775646295199,18.692615383671725,-22.155141079280266
2021-10-03 → 2022-10-03,1480.565603419731,5403.430744100575,3091.167378646218,2207.2380572150864,41.056771453197456,18.524023328246145,-22.53274812495131
2021-10-04 → 2022-10-04,1480.565603419731,5403.430744100575,3098.932001279099,2197.8716334216847,41.25470389171951,18.285258459776156,-22.969445431943353
2021-10-05 → 2022-10-05,1480.565603419731,5403.430744100575,3106.944713525871,2189.120224074634,41.458960524548374,18.062171276474924,-23.39678924807345
2021-10-06 → 2022-10-06,1480.565603419731,5403.430744100575,3115.340430305376,2181.628308010908,41.67298054507979,17.87119055715237,-23.801789987927418
2021-10-07 → 2022-10-07,1480.565603419731,5403.430744100575,3124.393769788309,2182.005488813617,41.90376440224195,17.880805488820492,-24.022958913421455
2021-10-08 → 2022-10-08,1480.565603419731,5403.430744100575,3133.3877219933515,2179.0907903199172,42.13303438432147,17.80650524170076,-24.32652914262071
2021-10-09 → 2022-10-09,1480.565603419731,5403.430744100575,3142.3849315840935,2176.547234536611,42.36238740228375,17.741666005782882,-24.62072139650087
2021-10-10 → 2022-10-10,1480.565603419731,5403.430744100575,3151.6825015367713,2174.0917173523985,42.599397078101056,17.679071012170986,-24.92032606593007
2021-10-11 → 2022-10-11,1480.565603419731,5403.430744100575,3161.0382066999264,2170.451887380058,42.83788871183413,17.58628602360243,-25.251602688231703
2021-10-12 → 2022-10-12,1480.565603419731,5403.430744100575,3170.531425275338,2169.6896526178934,43.079885778645455,17.566855461122472,-25.513030317522983
2021-10-13 → 2022-10-13,1480.565603419731,5403.430744100575,3179.762008573836,2165.0939363429034,43.31518785933069,17.44970342784629,-25.8654844314844
2021-10-14 → 2022-10-14,1480.565603419731,5403.430744100575,3189.2447364648883,2159.6619764491043,43.556917502104156,17.31123422997689,-26.245683272127266
2021-10-15 → 2022-10-15,1480.565603419731,5403.430744100575,3198.8109331031487,2144.7746326376873,43.80077489447427,16.93173243020732,-26.869042464266954
2021-10-16 → 2022-10-16,1480.565603419731,5403.430744100575,3208.549166217011,2148.8314773564443,44.04901776708478,17.035147780296384,-27.013869986788393
2021-10-17 → 2022-10-17,1480.565603419731,5403.430744100575,3218.0357260869114,2149.715370389086,44.29084509302374,17.057679603363034,-27.233165489660706
2021-10-18 → 2022-10-18,1480.565603419731,5403.430744100575,3227.716706526925,2151.1137153268137,44.53762850496467,17.093325614316274,-27.444302890648398
2021-10-19 → 2022-10-19,1480.565603419731,5403.430744100575,3237.5891180108506,2150.830040768217,44.78929179518454,17.086094303821934,-27.703197491362605
2021-10-20 → 2022-10-20,1480.565603419731,5403.430744100575,3247.694305258508,2169.451353124119,45.04688890559409,17.560780832369545,-27.486108073224543
2021-10-21 → 2022-10-21,1480.565603419731,5403.430744100575,3257.807483677009,2175.8492583725515,45.30468972351223,17.723873495996568,-27.580816227515665
2021-10-22 → 2022-10-22,1480.565603419731,5403.430744100575,3267.6518272127882,2182.7262586930224,45.55563751760517,17.899179046247458,-27.656458471357713
2021-10-23 → 2022-10-23,1480.565603419731,5403.430744100575,3277.1190290297523,2186.91181879775,45.79697137633988,18.005875553892412,-27.79109582244747
2021-10-24 → 2022-10-24,1480.565603419731,5403.430744100575,3286.7845743695716,2191.299679336015,46.043361323309654,18.11772901764679,-27.925632305662862
2021-10-25 → 2022-10-25,1480.565603419731,5403.430744100575,3295.892234501555,2198.410816162105,46.27552989921953,18.299003075537453,-27.976526823682075
2021-10-26 → 2022-10-26,1480.565603419731,5403.430744100575,3304.6951708856504,2210.6722889944567,46.4999305877063,18.61156729563255,-27.888363292073752
2021-10-27 → 2022-10-27,1480.565603419731,5403.430744100575,3313.643612759149,2214.2326971676785,46.728040439883,18.702327697673894,-28.02571274220911
2021-10-28 → 2022-10-28,1480.565603419731,5403.430744100575,3322.2385005368483,2206.160612109694,46.94713764229684,18.49655755854075,-28.450580083756087
2021-10-29 → 2022-10-29,1480.565603419731,5403.430744100575,3330.8605244568944,2198.5405175846263,47.166926587642784,18.302309368715267,-28.864617218927517
2021-10-30 → 2022-10-30,1480.565603419731,5403.430744100575,3339.722586751025,2209.785886828962,47.392834488534646,18.588971510824585,-28.80386297771006
2021-10-31 → 2022-10-31,1480.565603419731,5403.430744100575,3348.6313465641097,2223.1508767545038,47.6199327826029,18.92966611658466,-28.690266666018243
2021-11-01 → 2022-11-01,1480.565603419731,5403.430744100575,3357.5222661562716,2226.787477346833,47.84657630139129,19.022368783179463,-28.824207518211825
2021-11-02 → 2022-11-02,1480.565603419731,5403.430744100575,3366.610595958399,2129.3869672805017,48.0782521168018,16.539476647626046,-31.538775469175754
2021-11-03 → 2022-11-03,1480.565603419731,5403.430744100575,3375.8026169224668,2238.9447092866953,48.31257118295437,19.33227573903654,-28.980295443917832
2021-11-04 → 2022-11-04,1480.565603419731,5403.430744100575,3384.3766658510713,2249.8258066440467,48.53113717034175,19.609652018035078,-28.921485152306673
2021-11-05 → 2022-11-05,1480.565603419731,5403.430744100575,3392.7637014569477,2254.8519832498555,48.74493589410876,19.737777161917453,-29.007158732191304
2021-11-06 → 2022-11-06,1480.565603419731,5403.430744100575,3401.3287585406847,2255.64286880542,48.96327266523341,19.75793807816622,-29.205334587067192
2021-11-07 → 2022-11-07,1480.565603419731,5403.430744100575,3410.166415292971,2251.9571287255008,49.188558430493046,19.663982768775192,-29.524575661717854
2021-11-08 → 2022-11-08,1480.565603419731,5403.430744100575,3420.5846853286394,2225.1113384211744,49.454136513400584,18.979641366723655,-30.47449514667693
2021-11-09 → 2022-11-09,1490.411015872955,6345.865691303295,3433.877854967665,2260.9022922248137,40.02646444068516,15.868571078434998,-24.157893362250164
2021-11-10 → 2022-11-10,1537.6991790313373,6345.865691303295,3445.381505636824,2241.167563926012,39.67587898082314,14.630699313328721,-25.045179667494423
2021-11-11 → 2022-11-11,1537.6991790313373,6345.865691303295,3457.313224702318,2272.572788405182,39.924034260700424,15.28386355793244,-24.640170702767982
2021-11-12 → 2022-11-12,1537.6991790313373,6345.865691303295,3469.39860169938,2284.818818753723,40.17538531034099,15.538555867720072,-24.636829442620922
2021-11-13 → 2022-11-13,1537.6991790313373,6345.865691303295,3481.8758952423354,2295.8638825256457,40.434887420159974,15.768270536372505,-24.66661688378747
2021-11-14 → 2022-11-14,1537.6991790313373,6345.865691303295,3494.063243381358,2317.497263509284,40.6883592603701,16.21820048219329,-24.47015877817681
2021-11-15 → 2022-11-15,1568.5412572574792,6345.865691303295,3506.0715750618674,2336.0873023748554,40.55680840925293,16.066441702125676,-24.490366707127254
2021-11-16 → 2022-11-16,1657.7562859494606,6345.865691303295,3518.1863333664196,2269.0880278322566,39.68401516595032,13.040048536082654,-26.643966629867666
2021-11-17 → 2022-11-17,1662.391318528652,6345.865691303295,3530.0420186970946,2355.348775231737,39.877461719983444,14.795799048913219,-25.081662671070227
2021-11-18 → 2022-11-18,1673.6549060898267,6345.865691303295,3541.8984694850437,2363.957796423072,39.98628592074232,14.774652130805057,-25.21163378993726
2021-11-19 → 2022-11-19,1673.6549060898267,6345.865691303295,3553.4523289030903,2365.606064426273,40.23357483704319,14.80993024814551,-25.42364458889768
2021-11-20 → 2022-11-20,1673.6549060898267,6345.865691303295,3565.5597649716665,2368.2792257388637,40.492712034082615,14.86714430452008,-25.625567729562533
2021-11-21 → 2022-11-21,1693.9785673025804,6345.865691303295,3578.3036912142825,2392.968082589082,40.50668199126778,15.02593456492463,-25.480747426343154
2021-11-22 → 2022-11-22,1694.6666414922995,6345.865691303295,3590.569288168941,2403.367062268271,40.76158913804566,15.236940263925497,-25.52464887412016
2021-11-23 → 2022-11-23,1694.6666414922995,6345.865691303295,3602.208516612608,2406.812272428592,41.0118305987748,15.311011704932973,-25.700818893841827
2021-11-24 → 2022-11-24,1694.6666414922995,6345.865691303295,3613.9441537115663,2422.700943662394,41.26414482943399,15.652615473416013,-25.611529356017975
2021-11-25 → 2022-11-25,1694.6666414922995,6345.865691303295,3625.6992415514155,2443.5270987547096,41.51687724776227,16.100374317302986,-25.41650293045928
2021-11-26 → 2022-11-26,1726.4981513466696,6345.865691303295,3637.679741154,2456.7671717684693,41.373230713425244,15.808852924239424,-25.56437778918582
2021-11-27 → 2022-11-27,1726.4981513466696,6345.865691303295,3649.224726104771,2463.176440043837,41.623156376428,15.947600668815465,-25.675555707612535
2021-11-28 → 2022-11-28,1726.4981513466696,6345.865691303295,3661.076502687334,2436.703890812118,41.879723460126094,15.374523315633748,-26.505200144492346
2021-11-29 → 2022-11-29,1726.4981513466696,6345.865691303295,3672.9203090469596,2452.2490588553082,42.13611800455623,15.711044882898692,-26.42507312165754
2021-11-30 → 2022-11-30,1748.8445868784124,6345.865691303295,3684.1095837903677,2423.546860186014,42.098240424634064,14.676945308303324,-27.42129511633074
2021-12-01 → 2022-12-01,1748.8445868784124,6345.865691303295,3695.4330052024616,2475.8302111007124,42.34456127361156,15.814276413100146,-26.530284860511415
2021-12-02 → 2022-12-02,1767.3185893956177,6345.865691303295,3706.6560471534012,2524.4179375389635,42.357049400010496,16.535799049176457,-25.82125035083404
2021-12-03 → 2022-12-03,1863.1822055281168,6345.865691303295,3717.994882284035,2527.346943649726,41.377284000571606,14.816230952490663,-26.561053048080943
2021-12-04 → 2022-12-04,1968.5695591224273,6345.865691303295,3728.861970313216,2518.7380331989007,40.21414951228742,12.5686829828981,-27.64546652938932
2021-12-05 → 2022-12-05,1968.5695591224273,6345.865691303295,3739.4127119516675,2532.8202474045383,40.45518281960436,12.890393321435823,-27.564789498168537
2021-12-06 → 2022-12-06,1968.5695591224273,6345.865691303295,3749.8792976162094,2396.9182699727835,40.69429357081888,9.785691849843918,-30.90860172097496
2021-12-07 → 2022-12-07,1968.5695591224273,6345.865691303295,3760.689472431253,2441.950653362377,40.94125366875627,10.814463539712602,-30.126790129043666
2021-12-08 → 2022-12-08,1968.5695591224273,6345.865691303295,3771.1431825748173,2591.1328700222057,41.18007027672371,14.222554108753052,-26.95751616797066
2021-12-09 → 2022-12-09,1968.5695591224273,6345.865691303295,3781.6771839320027,2599.914927882695,41.42072114975334,14.423181564499663,-26.997539585253676
2021-12-10 → 2022-12-10,1968.5695591224273,6345.865691303295,3791.9330537694473,2614.017904084379,41.65501806565185,14.745366214014288,-26.909651851637562
2021-12-11 → 2022-12-11,1968.5695591224273,6345.865691303295,3802.1566425428373,2605.831934596785,41.888577515702046,14.558356488366234,-27.33022102733581
2021-12-12 → 2022-12-12,1968.5695591224273,6345.865691303295,3812.5062716150346,2635.8032158914316,42.12501637566652,15.24305499606611,-26.88196137960041
2021-12-13 → 2022-12-13,1968.5695591224273,6345.865691303295,3822.428002323871,2658.334642249652,42.35167983203846,15.757788879217735,-26.593890952820722
2021-12-14 → 2022-12-14,1968.5695591224273,6345.865691303295,3831.9293353442863,2648.218947110367,42.5687392388847,15.5266942757497,-27.042044963135005
2021-12-15 → 2022-12-15,1968.5695591224273,6345.865691303295,3842.0248475136664,2674.15504130892,42.79937275931665,16.119208316732138,-26.68016444258451
2021-12-16 → 2022-12-16,1968.5695591224273,6345.865691303295,3852.882728873098,2706.0494380293126,43.047422720561144,16.847840690628722,-26.199582029932422
2021-12-17 → 2022-12-17,1968.5695591224273,6345.865691303295,3863.438541580339,2718.5723051876284,43.28857187722059,17.133927507242536,-26.154644369978055
2021-12-18 → 2022-12-18,1968.5695591224273,6345.865691303295,3873.828256152845,2728.841657346449,43.52592649657392,17.36853242883609,-26.157394067737833
2021-12-19 → 2022-12-19,1968.5695591224273,6345.865691303295,3884.63871362116,2733.0840481400414,43.77289305176856,17.46545049573139,-26.307442556037174
2021-12-20 → 2022-12-20,1968.5695591224273,6345.865691303295,3894.9754766741285,2741.778546575465,44.00903798555485,17.6640776430131,-26.344960342541746
2021-12-21 → 2022-12-21,1968.5695591224273,6345.865691303295,3905.4194186056643,2746.2158910056737,44.24763143722367,17.765449455570774,-26.482181981652893
2021-12-22 → 2022-12-22,1968.5695591224273,6345.865691303295,3916.1023198080657,2758.2887527844655,44.49168395000349,18.04125583042476,-26.45042811957873
2021-12-23 → 2022-12-23,1968.5695591224273,6345.865691303295,3926.7732779261883,2619.0983211141547,44.7354636211953,14.861429118518865,-29.874034502676437
2021-12-24 → 2022-12-24,1968.5695591224273,6345.865691303295,3937.6126284716024,2674.083103861576,44.98309024315779,16.117564894738937,-28.865525348418853
2021-12-25 → 2022-12-25,1968.5695591224273,6345.865691303295,3948.471816270529,2704.6075408786683,45.231170050212484,16.814900329567838,-28.416269720644646
2021-12-26 → 2022-12-26,1968.5695591224273,6345.865691303295,3959.2574301531954,2835.7214798013006,45.477569049891144,19.81021832870235,-25.667350721188793
2021-12-27 → 2022-12-27,1968.6443124468356,6345.865691303295,3970.240612660911,2853.6321552842296,45.7275546967421,20.21802797345826,-25.509526723283837
2021-12-28 → 2022-12-28,2097.6214546969254,6345.865691303295,3981.38449190888,2847.129183030951,44.34215483610621,17.64276455378083,-26.699390282325382
2021-12-29 → 2022-12-29,2102.606818210314,6345.865691303295,3992.0822874784203,2860.8464139322405,44.52887570092647,17.869274970000433,-26.659600730926037
2021-12-30 → 2022-12-30,2102.606818210314,6345.865691303295,4002.668288794525,2877.725725771833,44.77835379389015,18.26706620415365,-26.511287589736497
2021-12-31 → 2022-12-31,2102.606818210314,6345.865691303295,4013.4024211417827,2901.806687836647,45.03132286007945,18.83457723246999,-26.19674562760946
2022-01-01 → 2023-01-01,2102.606818210314,6345.865691303295,4023.9608581768357,2894.256319490531,45.280151351360175,18.656639270824662,-26.623512080535512
2022-01-02 → 2023-01-02,2106.87282305432,6345.865691303295,4034.5878110022654,2935.5597110332606,45.47577804121755,19.549145604513622,-25.92663243670393
2022-01-03 → 2023-01-03,2106.87282305432,6345.865691303295,4045.2079040386666,2943.390262693495,45.726311443053355,19.733872305020412,-25.992439138032942
2022-01-04 → 2023-01-04,2106.87282305432,6345.865691303295,4055.5428772421287,2976.600081299862,45.9701187228644,20.51730883436954,-25.45280988849486
2022-01-05 → 2023-01-05,2106.87282305432,6345.865691303295,4065.8304200369994,2976.166309145731,46.21280709518809,20.507075928403122,-25.705731166784968
2022-01-06 → 2023-01-06,2106.87282305432,6345.865691303295,4075.665811475388,3007.0636399369596,46.44482898680433,21.23595969281464,-25.208869293989693
2022-01-07 → 2023-01-07,2106.87282305432,6345.865691303295,4085.4595391371877,3029.0456704180338,46.67586800871816,21.75452698377954,-24.92134102493862
2022-01-08 → 2023-01-08,2106.87282305432,6345.865691303295,4094.894045717656,3033.8448338621724,46.89843282242981,21.867741692869654,-25.030691129560157
2022-01-09 → 2023-01-09,2106.87282305432,6345.865691303295,4104.259020264851,3046.4857518915514,47.11935734007504,22.165947385171293,-24.953409954903748
2022-01-10 → 2023-01-10,2106.87282305432,6345.865691303295,4113.408042857487,3056.140350520184,47.3351874411626,22.39370428235665,-24.94148315880595
2022-01-11 → 2023-01-11,2106.87282305432,6345.865691303295,4122.19488228365,3055.8127879200724,47.54247345695137,22.385976913845017,-25.156496543106353
2022-01-12 → 2023-01-12,2106.87282305432,6345.865691303295,4130.285901518227,3082.221486453713,47.73334472015117,23.008971557960795,-24.72437316219038
2022-01-13 → 2023-01-13,2106.87282305432,6345.865691303295,4137.822222563742,3087.492659064761,47.91113037065236,23.133321203616728,-24.77780916703563
2022-01-14 → 2023-01-14,2106.87282305432,6345.865691303295,4144.41645986296,3025.904859099737,48.06669178592651,21.680433645670345,-26.386258140256164
2022-01-15 → 2023-01-15,2106.87282305432,6345.865691303295,4151.165488914406,2979.2852767235463,48.225904817446256,20.58065396155287,-27.645250855893387
2022-01-16 → 2023-01-16,2106.87282305432,6345.865691303295,4157.741680881427,3200.528235874429,48.38104053414629,25.799888011415113,-22.581152522731173
2022-01-17 → 2023-01-17,2106.87282305432,6345.865691303295,4164.313620259941,3189.202171846642,48.53607593011827,25.53270039445492,-23.003375535663352
2022-01-18 → 2023-01-18,2106.87282305432,6345.865691303295,4171.033912461978,3267.252471849651,48.69461104472942,27.373946710003683,-21.320664334725738
2022-01-19 → 2023-01-19,2106.87282305432,6345.865691303295,4177.56100798128,3308.9326748758754,48.84858855123084,28.357203920423135,-20.491384630807705
2022-01-20 → 2023-01-20,2106.87282305432,6345.865691303295,4183.079793863628,3378.463789667158,48.978779520026386,29.99747831937498,-18.981301200651405
2022-01-21 → 2023-01-21,2106.87282305432,6345.865691303295,4188.357760525914,3402.0449183770556,49.10328944081016,30.55376915172164,-18.54952028908852
2022-01-22 → 2023-01-22,2106.87282305432,6345.865691303295,4192.898265134622,3398.5808675344615,49.21040225627907,30.472050428660303,-18.738351827618764
2022-01-23 → 2023-01-23,2106.87282305432,6345.865691303295,4197.007136608679,3377.883289701654,49.30733262634014,29.98378402963338,-19.32354859670676
2022-01-24 → 2023-01-24,2106.87282305432,6345.865691303295,4201.557906121988,3364.8975999085123,49.41468759613487,29.677444995887708,-19.73724260024716
2022-01-25 → 2023-01-25,2106.87282305432,6345.865691303295,4205.928161321912,3356.9115469278895,49.517784141369894,29.48904994006112,-20.028734201308776
2022-01-26 → 2023-01-26,2106.87282305432,6345.865691303295,4210.409072770555,3350.6825094820283,49.623491123851664,29.342103775265276,-20.28138734858639
2022-01-27 → 2023-01-27,2106.87282305432,6345.865691303295,4214.832719623369,3333.188748810637,49.727847205362146,28.9294170542655,-20.798430151096646
2022-01-28 → 2023-01-28,2106.87282305432,6345.865691303295,4219.327419588731,3309.9365863163853,49.83387946597359,28.380886702435564,-21.452992763538024
2022-01-29 → 2023-01-29,2106.87282305432,6345.865691303295,4223.5853834570335,3297.297041909245,49.93432700152374,28.082713414581896,-21.851613586941845
2022-01-30 → 2023-01-30,2106.87282305432,6345.865691303295,4228.395755919008,3296.236440629764,50.047806137051545,28.057693290405112,-21.990112846646433
2022-01-31 → 2023-01-31,2106.87282305432,6345.865691303295,4233.0150405459735,3262.8783679951134,50.15677741326117,27.270759373046815,-22.886018040214353
2022-02-01 → 2023-02-01,2106.87282305432,6345.865691303295,4237.42664845367,3313.3433628408784,50.26084948992684,28.46125429517229,-21.799595194754552
2022-02-02 → 2023-02-02,2106.87282305432,6345.865691303295,4242.006389299985,3315.7615842502755,50.368887908217616,28.518301369431605,-21.85058653878601
2022-02-03 → 2023-02-03,2106.87282305432,6345.865691303295,4246.2638539110085,3287.2050557562106,50.46932366603436,27.844638323004713,-22.62468534302965
2022-02-04 → 2023-02-04,2106.87282305432,6345.865691303295,4250.589384673789,3220.0968668377377,50.571365139026206,26.26152197899931,-24.309843160026897
2022-02-05 → 2023-02-05,2106.87282305432,6345.865691303295,4255.839786251045,3214.1314963751106,50.695224785419626,26.120795852581185,-24.57442893283844
2022-02-06 → 2023-02-06,2106.87282305432,6345.865691303295,4261.2698365249835,3204.3746544972328,50.823322436034026,25.89062698509007,-24.932695450943957
2022-02-07 → 2023-02-07,2106.87282305432,6345.865691303295,4266.5628723713435,3172.722280863851,50.9481878465424,25.143931375610162,-25.80425647093224
2022-02-08 → 2023-02-08,2106.87282305432,6345.865691303295,4272.249160767864,3186.4624299944862,51.08233028492941,25.46806848925222,-25.61426179567719
2022-02-09 → 2023-02-09,2106.87282305432,6345.865691303295,4278.585823830896,3256.41312177302,51.23181539283074,27.118240922956478,-24.113574469874262
2022-02-10 → 2023-02-10,2106.87282305432,6345.865691303295,4285.070060746654,3310.9605162420266,51.38478184305355,28.405041730704443,-22.97974011234911
2022-02-11 → 2023-02-11,2106.87282305432,6345.865691303295,4291.301547966463,3339.8510838141146,51.5317857992641,29.08658492905434,-22.44520087020976
2022-02-12 → 2023-02-12,2106.87282305432,6345.865691303295,4297.400344151166,3366.18360188784,51.67565950639826,29.707782437334235,-21.967877069064027
2022-02-13 → 2023-02-13,2106.87282305432,6345.865691303295,4303.455717626281,3384.5514198915394,51.81850884970505,30.141088615820138,-21.67742023388491
2022-02-14 → 2023-02-14,2106.87282305432,6345.865691303295,4309.275513561258,3400.8700326360263,51.95580079889819,30.526052998910213,-21.429747799987975
2022-02-15 → 2023-02-15,2106.87282305432,6345.865691303295,4314.110399814675,3356.2397181978654,52.06985822724705,29.473201158265418,-22.596657068981635
2022-02-16 → 2023-02-16,2106.87282305432,6345.865691303295,4319.480005396383,3474.7340876636654,52.19652995679696,32.268543664108016,-19.927986292688942
2022-02-17 → 2023-02-17,2106.87282305432,6345.865691303295,4324.382985110698,3459.453027821962,52.31219374455749,31.908055682253604,-20.404138062303886
2022-02-18 → 2023-02-18,2106.87282305432,6345.865691303295,4328.7451914960575,3210.552210296747,52.415100414158964,26.03635867163726,-26.378741742521704
2022-02-19 → 2023-02-19,2106.87282305432,6345.865691303295,4333.13500928743,3550.328096128618,52.518658450886356,34.051844811679395,-18.46681363920696
2022-02-20 → 2023-02-20,2106.87282305432,6345.865691303295,4337.338800064203,3581.789634837825,52.617828015625655,34.794038528136454,-17.8237894874892
2022-02-21 → 2023-02-21,2106.87282305432,6345.865691303295,4341.449102533159,3587.5215608846834,52.714792143585,34.929257581930855,-17.785534561654146
2022-02-22 → 2023-02-22,2106.87282305432,6345.865691303295,4345.391375485631,3577.3584194171813,52.807792369700046,34.6895039002574,-18.118288469442646
2022-02-23 → 2023-02-23,2106.87282305432,6345.865691303295,4349.666570040438,3574.559947096864,52.908646385917656,34.623486513408785,-18.28515987250887
2022-02-24 → 2023-02-24,2106.87282305432,6345.865691303295,4354.132335597819,3549.1101294101936,53.013996069113176,34.023112356677,-18.99088371243618
2022-02-25 → 2023-02-25,2106.87282305432,6345.865691303295,4358.7928605793995,3495.1476941543096,53.123940226285235,32.75011103459234,-20.3738291916929
2022-02-26 → 2023-02-26,2106.87282305432,6345.865691303295,4363.450562514114,3561.60202056265,53.2338177863444,34.317802429076586,-18.916015357267817
2022-02-27 → 2023-02-27,2106.87282305432,6345.865691303295,4368.079449186669,3559.530309316132,53.343015579698275,34.268929705981535,-19.07408587371674
2022-02-28 → 2023-02-28,2106.87282305432,6345.865691303295,4372.629750106958,3484.962766531673,53.45035949514507,32.509843406427066,-20.940516088718006
2022-03-01 → 2023-03-01,2106.87282305432,6345.865691303295,4377.874144186502,3477.881466012249,53.57407742160882,32.34279192180522,-21.231285499803597
2022-03-02 → 2023-03-02,2106.87282305432,6345.865691303295,4383.352755909508,3568.3237336178654,53.703320661531265,34.47637106233763,-19.226949599193638
2022-03-03 → 2023-03-03,2106.87282305432,6345.865691303295,4389.365679080595,3631.728003602536,53.84516858055291,35.97211007288381,-17.8730585076691
2022-03-04 → 2023-03-04,2106.87282305432,6345.865691303295,4395.169175859681,3620.0331407649314,53.98207602436001,35.69622230423004,-18.28585372012997
2022-03-05 → 2023-03-05,2106.87282305432,6345.865691303295,4400.369213623618,3665.1643839793282,54.10474756275505,36.760891309748786,-17.343856253006265
2022-03-06 → 2023-03-06,2106.87282305432,6345.865691303295,4405.621256499286,3682.2599220326424,54.22864592821367,37.16418375643733,-17.06446217177634
2022-03-07 → 2023-03-07,2106.87282305432,6345.865691303295,4410.827385199093,3676.7795942483153,54.35146115488704,37.03490003375462,-17.316561121132423
2022-03-08 → 2023-03-08,2106.87282305432,6345.865691303295,4416.255102478335,3666.276876115912,54.47950376896872,36.7871355656643,-17.69236820330442
2022-03-09 → 2023-03-09,2106.87282305432,6345.865691303295,4422.626059973709,3665.997134920339,54.62979789998964,36.780536328433485,-17.849261571556156
2022-03-10 → 2023-03-10,2106.87282305432,6345.865691303295,4429.618024202881,3671.9523586857413,54.794741896039824,36.92102308909799,-17.87371880694183
2022-03-11 → 2023-03-11,2106.87282305432,6345.865691303295,4435.970668375129,3601.9283482732917,54.94460400644417,35.269121031490265,-19.67548297495391
2022-03-12 → 2023-03-12,2106.87282305432,6345.865691303295,4441.315551521093,3701.4048479192006,55.07069252114771,37.61582230553606,-17.454870215611656
2022-03-13 → 2023-03-13,2106.87282305432,6345.865691303295,4445.612567529417,3694.331177523947,55.17206131656395,37.4489508194282,-17.72311049713575
2022-03-14 → 2023-03-14,2106.87282305432,6345.865691303295,4449.416887656957,3678.683816031149,55.26180716530163,37.07982159512587,-18.181985570175762
2022-03-15 → 2023-03-15,2106.87282305432,6345.865691303295,4453.719035572576,3672.4808116198888,55.363297025023805,36.93348956287071,-18.429807462153093
2022-03-16 → 2023-03-16,2106.87282305432,6345.865691303295,4457.686897994451,3653.5413381310855,55.45690091975067,36.48669774043892,-18.970203179311753
2022-03-17 → 2023-03-17,2106.87282305432,6345.865691303295,4460.992686350074,3653.933257574869,55.534886150166706,36.495943319659375,-19.03894283050733
2022-03-18 → 2023-03-18,2106.87282305432,6345.865691303295,4464.447980232933,3628.718895963252,55.61639829208937,35.90112369161805,-19.715274600471325
2022-03-19 → 2023-03-19,2106.87282305432,6345.865691303295,4467.609483155025,3662.8802301794976,55.69097975566702,36.70700695865824,-18.983972797008782
2022-03-20 → 2023-03-20,2106.87282305432,6345.865691303295,4470.950009449156,3681.7872439941034,55.769784471738895,37.153033040849216,-18.61675143088968
2022-03-21 → 2023-03-21,2106.87282305432,6345.865691303295,4474.03172167666,3682.4925602715475,55.842483632206616,37.16967181093838,-18.672811821268233
2022-03-22 → 2023-03-22,2106.87282305432,6345.865691303295,4477.371171357324,3672.1072813969163,55.92126295041867,36.924677794731856,-18.996585155686816
2022-03-23 → 2023-03-23,2106.87282305432,6345.865691303295,4480.5493181900265,3672.179620003652,55.996237052321696,36.92638429929519,-19.06985275302651
2022-03-24 → 2023-03-24,2106.87282305432,6345.865691303295,4484.104147419778,3662.756034780679,56.080097283754924,36.70407712596734,-19.376020157787586
2022-03-25 → 2023-03-25,2106.87282305432,6345.865691303295,4487.830334275885,3666.2881922175497,56.16799992883878,36.78740251826341,-19.38059741057537
2022-03-26 → 2023-03-26,2106.87282305432,6345.865691303295,4491.41010881883,3668.005423985357,56.25244863291088,36.82791288997622,-19.42453574293466
2022-03-27 → 2023-03-27,2106.87282305432,6345.865691303295,4495.334639897285,3605.698216334495,56.34503031918477,35.35805413844217,-20.9869761807426
2022-03-28 → 2023-03-28,2106.87282305432,6345.865691303295,4499.507763625909,3582.4450521021913,56.44347643264446,34.80950015510157,-21.633976277542892
2022-03-29 → 2023-03-29,2106.87282305432,6345.865691303295,4503.3462117098115,3641.8550333046114,56.534027377248606,36.21101185962493,-20.323015517623674
2022-03-30 → 2023-03-30,2122.0925964966577,6345.865691303295,4507.34022285905,3730.279076115756,56.47196411415156,38.07464187876127,-18.39732223539029
2022-03-31 → 2023-03-31,2143.025331598731,6345.865691303295,4511.124028262863,3740.9786273316804,56.345197390047815,38.02079448588137,-18.324402904166448
2022-04-01 → 2023-04-01,2143.025331598731,6345.865691303295,4514.715940847727,3747.602583226481,56.43066132104321,38.1784011358581,-18.252260185185108
2022-04-02 → 2023-04-02,2143.025331598731,6345.865691303295,4518.510306904451,3781.9145762718485,56.5209423151324,38.99480123932955,-17.526141075802855
2022-04-03 → 2023-04-03,2143.025331598731,6345.865691303295,4522.373095934549,3777.181225310114,56.612851326645995,38.88217857092852,-17.730672755717478
2022-04-04 → 2023-04-04,2143.025331598731,6345.865691303295,4526.208235484443,3855.298193674342,56.704102462108196,40.74084941441779,-15.963253047690408
2022-04-05 → 2023-04-05,2188.5173498415406,6345.865691303295,4530.0451007193105,3893.204362966291,56.32262583160092,41.00419000553054,-15.318435826070377
2022-04-06 → 2023-04-06,2295.207412048999,6345.865691303295,4533.80647414454,3829.1294180638106,55.265068237443494,37.86846236501585,-17.396605872427642
2022-04-07 → 2023-04-07,2295.207412048999,6345.865691303295,4537.277244546181,3905.53761860777,55.35075234512091,39.75477800253307,-15.595974342587837
2022-04-08 → 2023-04-08,2342.963199885462,6345.865691303295,4540.7767318513825,3869.340159846077,54.90549761524299,38.131754726305374,-16.77374288893762
2022-04-09 → 2023-04-09,2342.963199885462,6345.865691303295,4543.940491661475,3904.085884641921,54.98453425969975,38.99976799593506,-15.98476626376469
2022-04-10 → 2023-04-10,2366.0539369653015,6345.865691303295,4546.742268865677,3993.8546450246486,54.793755747955316,40.9014498307626,-13.892305917192715
2022-04-11 → 2023-04-11,2410.23886043595,6345.865691303295,4549.310707613378,4002.868935369494,54.35149060374746,40.46699911796657,-13.884491485780885
2022-04-12 → 2023-04-12,2410.23886043595,6345.865691303295,4551.535299641902,4002.130956164411,54.408015069204296,40.44824786850118,-13.95976720070312
2022-04-13 → 2023-04-13,2410.23886043595,6345.865691303295,4553.717382744711,4020.4082131776117,54.463459429063185,40.91265310300795,-13.550806326055238
2022-04-14 → 2023-04-14,2410.23886043595,6345.865691303295,4556.048350395351,4038.1482024550023,54.52268678345455,41.363406948323124,-13.159279835131429
2022-04-15 → 2023-04-15,2410.23886043595,6345.865691303295,4558.208255685757,3977.107077459573,54.57756762920612,39.81241830995222,-14.7651493192539
2022-04-16 → 2023-04-16,2410.23886043595,6345.865691303295,4560.479981326955,4076.501827526117,54.635289708529825,42.33793087346523,-12.297358835064593
2022-04-17 → 2023-04-17,2410.23886043595,6345.865691303295,4562.995046620385,4093.526368643257,54.69919478392226,42.77050595867442,-11.92868882524784
2022-04-18 → 2023-04-18,2410.23886043595,6345.865691303295,4565.111095867857,4085.0390779657023,54.75296129529157,42.55485312769491,-12.198108167596658
2022-04-19 → 2023-04-19,2410.23886043595,6345.865691303295,4567.905543921611,4022.4398395534313,54.82396518295278,40.964274520970775,-13.859690661982007
2022-04-20 → 2023-04-20,2415.7130781810774,6345.865691303295,4570.991402448715,4136.67331440098,54.8395580637625,43.78863636169911,-11.050921702063391
2022-04-21 → 2023-04-21,2470.737308913646,6345.865691303295,4574.402226147252,4150.858441230248,54.286328339304035,43.35652826244,-10.929800076864034
2022-04-22 → 2023-04-22,2470.737308913646,6345.865691303295,4577.467339610474,4170.83802502368,54.36542542102012,43.87211334303315,-10.493312077986971
2022-04-23 → 2023-04-23,2470.737308913646,6345.865691303295,4580.489440076054,4209.6232969197845,54.44341252666839,44.87299042551545,-9.570422101152943
2022-04-24 → 2023-04-24,2470.737308913646,6345.865691303295,4583.514911959226,4239.081259702039,54.52148663375917,45.63317073118285,-8.888315902576316
2022-04-25 → 2023-04-25,2470.737308913646,6345.865691303295,4586.253527104469,4288.2558320761,54.59215823157483,46.90214991126713,-7.690008320307697
2022-04-26 → 2023-04-26,2515.850523298859,6345.865691303295,4589.128787362799,4303.019811279467,54.13237736977909,46.66219870120729,-7.470178668571805
2022-04-27 → 2023-04-27,2515.850523298859,6345.865691303295,4591.225089627885,4296.018872264106,54.187110893619895,46.47940728372555,-7.707703609894345
2022-04-28 → 2023-04-28,2515.850523298859,6345.865691303295,4593.567292288354,4343.333900971229,54.248264767892664,47.714781730865816,-6.533483037026848
2022-04-29 → 2023-04-29,2522.586471357364,6345.865691303295,4596.043482417324,4373.1900479232145,54.23242436081568,48.40356851028061,-5.828855850535071
2022-04-30 → 2023-04-30,2522.586471357364,6345.865691303295,4598.2722167006405,4402.035942088621,54.290718148820716,49.158048957717405,-5.132669191103311
2022-05-01 → 2023-05-01,2522.586471357364,6345.865691303295,4600.745707312164,4341.643105789385,54.355413675075226,47.578440647025154,-6.776973028050072
2022-05-02 → 2023-05-02,2522.586471357364,6345.865691303295,4603.164582122345,4460.879758605304,54.418680694589824,50.69714179220611,-3.7215389023837133
2022-05-03 → 2023-05-03,2522.586471357364,6345.865691303295,4605.486918214737,4489.5564438465835,54.47942269010709,51.4471964858752,-3.0322262042318897
2022-05-04 → 2023-05-04,2522.586471357364,6345.865691303295,4607.709024563029,4529.579895593818,54.5375431207756,52.49403218488544,-2.0435109358901613
2022-05-05 → 2023-05-05,2739.5740703434462,6345.865691303295,4610.061943264466,4503.908992766662,51.867349330533955,48.92380062025104,-2.9435487102829114
2022-05-06 → 2023-05-06,2774.4638688532464,6345.865691303295,4612.031063054832,4534.260725210192,51.45226680040669,49.27468103126217,-2.177585769144521
2022-05-07 → 2023-05-07,2816.210364150029,6345.865691303295,4613.9501270698,4586.550627977609,50.9324451339469,50.15617956259183,-0.7762655713550686
2022-05-08 → 2023-05-08,2936.089549834832,6345.865691303295,4616.109540630838,4624.625552126225,49.2706829156381,49.52043571881536,0.2497528031772589
2022-05-09 → 2023-05-09,3141.551112307738,6345.865691303295,4617.971665377613,4606.915784301445,46.076017715235764,45.73098663905366,-0.34503107618210294
2022-05-10 → 2023-05-10,3141.551112307738,6345.865691303295,4618.88407267678,4654.689570667216,46.10449205121851,47.22190724587956,1.1174151946610493
2022-05-11 → 2023-05-11,3141.551112307738,6345.865691303295,4620.192316105906,4676.115060503066,46.14531961033836,47.89055226520117,1.7452326548628108
2022-05-12 → 2023-05-12,3141.551112307738,6345.865691303295,4620.909312909426,4674.75129605284,46.16769559078112,47.84799201037584,1.6802964195947183
2022-05-13 → 2023-05-13,3141.551112307738,6345.865691303295,4621.676962774354,4672.901117532602,46.191652348022124,47.790251783109575,1.5985994350874506
2022-05-14 → 2023-05-14,3141.551112307738,6345.865691303295,4622.497568515714,4669.419883853535,46.21726174813343,47.681609713386244,1.4643479652528129
2022-05-15 → 2023-05-15,3141.551112307738,6345.865691303295,4623.439177178707,4691.273113503827,46.24664739800579,48.36360360354736,2.1169562055415696
2022-05-16 → 2023-05-16,3141.551112307738,6345.865691303295,4624.786894927539,4703.429123710167,46.28870686862289,48.74296742400443,2.454260555381545
2022-05-17 → 2023-05-17,3141.551112307738,6345.865691303295,4625.617091820868,4733.442162545117,46.314615588658405,49.679612004149185,3.364996415490779
2022-05-18 → 2023-05-18,3141.551112307738,6345.865691303295,4626.819243194372,4762.190287402393,46.352132235163204,50.57678124732278,4.224649012159574
2022-05-19 → 2023-05-19,3141.551112307738,6345.865691303295,4627.483800011295,4758.942216301775,46.372871672585475,50.475415697201434,4.102544024615959
2022-05-20 → 2023-05-20,3141.551112307738,6345.865691303295,4628.535702756624,4787.119970602549,46.40569937159557,51.35478486043779,4.949085488842222
2022-05-21 → 2023-05-21,3141.551112307738,6345.865691303295,4629.39012465191,4797.835580785496,46.43236410360679,51.68919678906641,5.256832685459621
2022-05-22 → 2023-05-22,3141.551112307738,6345.865691303295,4630.275764078303,4825.015503986619,46.46000306989925,52.537425717002776,6.077422647103525
2022-05-23 → 2023-05-23,3141.551112307738,6345.865691303295,4631.303038469349,4841.021510778902,46.49206216914563,53.03693993128134,6.544877762135705
2022-05-24 → 2023-05-24,3141.551112307738,6345.865691303295,4632.282511047486,4784.204659670711,46.52262947313498,51.26380406376608,4.741174590631104
2022-05-25 → 2023-05-25,3141.551112307738,6345.865691303295,4633.381815942869,4861.470518774452,46.55693649475481,53.675110981327244,7.1181744865724355
2022-05-26 → 2023-05-26,3141.551112307738,6345.865691303295,4634.369480995653,4926.713009958772,46.58775946885536,55.71119356859842,9.123434099743058
2022-05-27 → 2023-05-27,3141.551112307738,6345.865691303295,4635.228977469807,4938.910616820343,46.61458256792898,56.091855534234604,9.477272966305627
2022-05-28 → 2023-05-28,3141.551112307738,6345.865691303295,4635.403843109669,4937.313157290689,46.620039761208545,56.04200214155818,9.421962380349633
2022-05-29 → 2023-05-29,3141.551112307738,6345.865691303295,4635.8376563450165,4935.156718395597,46.63357817089502,55.97470416434871,9.341125993453687
2022-05-30 → 2023-05-30,3141.551112307738,6345.865691303295,4636.41305438237,4685.656738555199,46.65153514806341,48.188328211254635,1.5367930631912259
2022-05-31 → 2023-05-31,3141.551112307738,6345.865691303295,4637.842239654142,4974.674080172652,46.696137050796054,57.2079589151804,10.511821864384345
2022-06-01 → 2023-06-01,3191.4543555470495,6345.865691303295,4639.444051346679,4994.29596974568,45.903642286160036,57.15302864159957,11.249386355439533
2022-06-02 → 2023-06-02,3191.4543555470495,6345.865691303295,4640.308075002766,5019.363705284637,45.93103324961153,57.947716869314405,12.016683619702874
2022-06-03 → 2023-06-03,3191.4543555470495,6345.865691303295,4641.440897585212,5045.369511237484,45.96694557878704,58.77214346384453,12.805197885057488
2022-06-04 → 2023-06-04,3191.4543555470495,6345.865691303295,4642.290299713005,5057.910673007011,45.99387301587061,59.16971880943653,13.17584579356592
2022-06-05 → 2023-06-05,3191.4543555470495,6345.865691303295,4643.715261026282,5069.581791887175,46.03904662075608,59.53971237203469,13.50066575127861
2022-06-06 → 2023-06-06,3191.4543555470495,6345.865691303295,4644.621958757764,5004.702777915787,46.06779042221294,57.48294148626072,11.415151064047784
2022-06-07 → 2023-06-07,3207.6951396211684,6345.865691303295,4646.275274427903,5106.243832212642,45.841362383431495,60.49858225754527,14.657219874113778
2022-06-08 → 2023-06-08,3283.1051038089477,6345.865691303295,4647.812987915546,5067.987431567231,44.55809865383796,58.27691315626146,13.718814502423498
2022-06-09 → 2023-06-09,3283.1051038089477,6345.865691303295,4649.096115791152,5162.567493193492,44.59999314212561,61.36497893627845,16.764985794152835
2022-06-10 → 2023-06-10,3283.1051038089477,6345.865691303295,4650.572377698922,5180.044067319775,44.6481935112239,61.935594027697704,17.287400516473802
2022-06-11 → 2023-06-11,3283.1051038089477,6345.865691303295,4651.720085592628,5217.387551034977,44.685666498776115,63.154869339900685,18.46920284112457
2022-06-12 → 2023-06-12,3283.1051038089477,6345.865691303295,4652.632661305222,5252.919080749453,44.715462354068265,64.31498384116324,19.599521487094975
2022-06-13 → 2023-06-13,3283.1051038089477,6345.865691303295,4653.006234009146,5234.686893261087,44.727659608579415,63.71969775961933,18.992038151039914
2022-06-14 → 2023-06-14,3283.1051038089477,6345.865691303295,4651.64942761931,5253.023395144148,44.683359495949766,64.31838973567294,19.63503023972317
2022-06-15 → 2023-06-15,3283.1051038089477,6345.865691303295,4649.961025915717,5282.378729045091,44.62823270247833,65.27684969564515,20.648616993166826
2022-06-16 → 2023-06-16,3283.1051038089477,6345.865691303295,4648.205138532321,5269.659678078235,44.570902482461605,64.8615690818489,20.290666599387293
2022-06-17 → 2023-06-17,3283.1051038089477,6345.865691303295,4645.057400780305,5297.035550125864,44.46812795398986,65.75539905208583,21.287271098095978
2022-06-18 → 2023-06-18,3283.1051038089477,6345.865691303295,4642.074033133345,5298.318849894251,44.37072015596799,65.79729915272141,21.42657899675342
2022-06-19 → 2023-06-19,3283.1051038089477,6345.865691303295,4637.907586805058,5270.114834052801,44.234684504167454,64.8764300532361,20.641745549068652
2022-06-20 → 2023-06-20,3283.1051038089477,6345.865691303295,4634.227284531101,5268.057990982875,44.114521593328654,64.80927354487811,20.694751951549456
2022-06-21 → 2023-06-21,3283.1051038089477,6345.865691303295,4630.023046644104,5291.274399283859,43.97725203644057,65.56729584658133,21.590043810140763
2022-06-22 → 2023-06-22,3283.1051038089477,6345.865691303295,4625.9383659518,5297.68187740862,43.843886055796084,65.77650182079047,21.932615764994388
2022-06-23 → 2023-06-23,3263.8829347280866,6345.865691303295,4621.197040524612,5276.080982511095,44.0402887686761,65.28907546578952,21.248786697113424
2022-06-24 → 2023-06-24,3263.8829347280866,6345.865691303295,4617.190047363499,5276.526978127413,43.91027528457842,65.30354652716606,21.393271242587645
2022-06-25 → 2023-06-25,3263.8829347280866,6345.865691303295,4613.329810270348,5298.004603131192,43.78502354250053,66.00042339832825,22.21539985582772
2022-06-26 → 2023-06-26,3263.8829347280866,6345.865691303295,4609.633418704166,5307.841854036968,43.66508803804982,66.31960918497121,22.654521146921397
2022-06-27 → 2023-06-27,3260.826008926422,6345.865691303295,4605.57325548889,5319.599424601192,43.58930143570814,66.73409834678644,23.144796911078302
2022-06-28 → 2023-06-28,3260.826008926422,6345.865691303295,4601.4824906363865,5318.27539107385,43.456701363304795,66.69118047007629,23.234479106771495
2022-06-29 → 2023-06-29,3260.826008926422,6345.865691303295,4596.968443445066,5338.805605660628,43.3103808081072,67.35665698579359,24.046276177686394
2022-06-30 → 2023-06-30,3260.826008926422,6345.865691303295,4592.325030014414,5306.001182431778,43.15986691173244,66.29331820878389,23.133451297051444
2022-07-01 → 2023-07-01,3260.826008926422,6345.865691303295,4587.1266805559635,5342.04322141397,42.991365044863585,67.46160266191687,24.470237617053286
2022-07-02 → 2023-07-02,3260.826008926422,6345.865691303295,4581.931213022309,5334.209028477675,42.82295659412846,67.20766126268471,24.384704668556246
2022-07-03 → 2023-07-03,3211.782606989067,6345.865691303295,4576.499709976017,5328.856871560741,43.54438176247535,67.5500364099286,24.00565464745324
2022-07-04 → 2023-07-04,3211.782606989067,6345.865691303295,4571.196701769325,5317.677236864062,43.375177307327604,67.19332491262875,23.81814760530115
2022-07-05 → 2023-07-05,3211.782606989067,6345.865691303295,4566.647150680106,5316.254853578082,43.23001360340448,67.1479405610428,23.917926957638322
2022-07-06 → 2023-07-06,3211.782606989067,6345.865691303295,4562.230374734565,5310.3280338408495,43.08908639034983,66.958831989962,23.869745599612166
2022-07-07 → 2023-07-07,3211.782606989067,6345.865691303295,4557.950223676966,5282.126051545073,42.952518502950134,66.05898404282478,23.10646553987464
2022-07-08 → 2023-07-08,3211.782606989067,6345.865691303295,4554.359137651791,5297.28405858394,42.83793679185421,66.54263449595831,23.7046977041041
2022-07-09 → 2023-07-09,3211.782606989067,6345.865691303295,4550.892031331975,5329.787502769206,42.72731093330029,67.5797303007231,24.85241936742281
2022-07-10 → 2023-07-10,3211.782606989067,6345.865691303295,4547.22327060608,5336.435799972673,42.61025083542808,67.79185924002087,25.181608404592787
2022-07-11 → 2023-07-11,3211.782606989067,6345.865691303295,4543.0313716612345,5342.246696791969,42.47649883102763,67.97726902856091,25.500770197533285
2022-07-12 → 2023-07-12,3211.782606989067,6345.865691303295,4538.342447400987,5339.087656945083,42.32688811126991,67.8764727266793,25.549584615409387
2022-07-13 → 2023-07-13,3181.1942586217287,6345.865691303295,4532.906209994675,5328.948181762583,42.71255263386319,67.8665690523508,25.154016418487608
2022-07-14 → 2023-07-14,3181.1942586217287,6345.865691303295,4528.364543213879,5319.802865483555,42.569041154791655,67.57758751118402,25.008546356392365
2022-07-15 → 2023-07-15,3181.1942586217287,6345.865691303295,4524.090851629285,5310.4083456278195,42.43399738561992,67.28073142183717,24.846734036217256
2022-07-16 → 2023-07-16,3181.1942586217287,6345.865691303295,4520.007351127778,5303.916236261359,42.30496343728213,67.07558818644733,24.7706247491652
2022-07-17 → 2023-07-17,3181.1942586217287,6345.865691303295,4516.18133942594,5297.772633981059,42.18406584069985,66.88145737663072,24.69739153593087
2022-07-18 → 2023-07-18,3181.1942586217287,6345.865691303295,4512.2207637452075,5263.871365398146,42.05891617619341,65.81021603913152,23.75129986293811
2022-07-19 → 2023-07-19,3181.1942586217287,6345.865691303295,4509.10564665209,5212.442059984605,41.9604820366822,64.18510877262574,22.224626735943538
2022-07-20 → 2023-07-20,3181.1942586217287,6345.865691303295,4506.581885747992,5234.810213763298,41.880734076813894,64.891916864856,23.011182788042106
2022-07-21 → 2023-07-21,3181.1942586217287,6345.865691303295,4503.977842636498,5276.48923276794,41.79844929095582,66.20892622558213,24.41047693462631
2022-07-22 → 2023-07-22,3181.1942586217287,6345.865691303295,4501.368149738956,5268.667226690779,41.715985978316425,65.96175977422851,24.245773795912086
2022-07-23 → 2023-07-23,3181.1942586217287,6345.865691303295,4498.422375752266,5277.453390119822,41.62290288740628,66.23939249585352,24.61648960844724
2022-07-24 → 2023-07-24,3181.1942586217287,6345.865691303295,4495.6346192039255,5317.673114266027,41.5348129669314,67.51028980705165,25.97547684012025
2022-07-25 → 2023-07-25,3181.1942586217287,6345.865691303295,4492.923716872678,5324.38522627359,41.44915155187098,67.72238487443359,26.273233322562604
2022-07-26 → 2023-07-26,3181.1942586217287,6345.865691303295,4489.52709551252,5314.312993212091,41.3418221992854,67.4041138224222,26.0622916231368
2022-07-27 → 2023-07-27,3181.1942586217287,6345.865691303295,4485.984456901094,5271.101088251145,41.22987886845993,66.03866701759131,24.80878814913138
2022-07-28 → 2023-07-28,3181.1942586217287,6345.865691303295,4483.372313883742,5224.847256837292,41.147338134835074,64.57709881382175,23.429760678986675
2022-07-29 → 2023-07-29,3181.1942586217287,6345.865691303295,4481.2167568019995,5264.713082856004,41.07922499489005,65.8368133487026,24.757588353812558
2022-07-30 → 2023-07-30,3181.1942586217287,6345.865691303295,4479.145902754659,5277.163634034965,41.01378837401513,66.23023653476812,25.216448160752996
2022-07-31 → 2023-07-31,3181.1942586217287,6345.865691303295,4476.930738520556,5204.839719263194,40.94379171618749,63.944883495432606,23.001091779245115
2022-08-01 → 2023-08-01,3181.1942586217287,6345.865691303295,4474.494548397604,5312.827980808437,40.86681089290856,67.35718912786093,26.490378234952374
2022-08-02 → 2023-08-02,3181.1942586217287,6345.865691303295,4472.159237640314,5325.788309845552,40.79301774227771,67.76672071155943,26.973702969281717
2022-08-03 → 2023-08-03,3181.1942586217287,6345.865691303295,4469.655582454696,5339.146848282841,40.71390510013221,68.1888352571434,27.474930157011187
2022-08-04 → 2023-08-04,3181.1942586217287,6345.865691303295,4467.080147726147,5340.080815372092,40.63252430647532,68.2183475496236,27.585823243148283
2022-08-05 → 2023-08-05,3181.1942586217287,6345.865691303295,4464.4100256971,5335.832570147429,40.54815150235187,68.08410785634007,27.535956353988198
2022-08-06 → 2023-08-06,3181.1942586217287,6345.865691303295,4462.063870303093,5342.435294904307,40.47401567359638,68.29274641163184,27.818730738035462
2022-08-07 → 2023-08-07,3181.1942586217287,6345.865691303295,4459.551062696198,5340.08961837484,40.39461382539991,68.21862571444846,27.824011889048556
2022-08-08 → 2023-08-08,3181.1942586217287,6345.865691303295,4456.925493220289,5341.834367545032,40.31164883103132,68.27375779394886,27.96210896291754
2022-08-09 → 2023-08-09,3181.1942586217287,6345.865691303295,4454.683115748373,5349.15465553414,40.240792265993974,68.50507052719223,28.264278261198257
2022-08-10 → 2023-08-10,3181.1942586217287,6345.865691303295,4452.183065594372,5329.333883355253,40.161793538726975,67.87875678181578,27.716963243088806
2022-08-11 → 2023-08-11,3181.1942586217287,6345.865691303295,4450.055518921476,5337.1149105892855,40.09456549568512,68.12462834856603,28.030062852880917
2022-08-12 → 2023-08-12,3181.1942586217287,6345.865691303295,4447.928363921767,5284.711958233245,40.02734982906832,66.46875495157212,26.441405122503802
2022-08-13 → 2023-08-13,3181.1942586217287,6345.865691303295,4446.05843600911,5336.593042352942,39.968262244387425,68.10813790880175,28.139875664414326
2022-08-14 → 2023-08-14,3181.1942586217287,6345.865691303295,4444.163250236038,5369.217746935992,39.90837654018761,69.13904128303943,29.230664742851822
2022-08-15 → 2023-08-15,3181.1942586217287,6345.865691303295,4442.29341265708,5382.5462704021,39.849291809948376,69.5602073898417,29.710915579893317
2022-08-16 → 2023-08-16,3181.1942586217287,6345.865691303295,4440.450788359068,5408.921087502151,39.79106698828179,70.39362146334321,30.602554475061417
2022-08-17 → 2023-08-17,3181.1942586217287,6345.865691303295,4439.252133475569,5336.238603006253,39.753190864045955,68.09693803057651,28.343747166530555
2022-08-18 → 2023-08-18,3181.1942586217287,6345.865691303295,4438.037581055771,5457.66332294653,39.71481239583419,71.93382039018971,32.21900799435552
2022-08-19 → 2023-08-19,3181.1942586217287,6345.865691303295,4436.742188084696,5446.048767629237,39.673879458604205,71.56681371779557,31.892934259191364
2022-08-20 → 2023-08-20,3181.1942586217287,6345.865691303295,4434.111270111151,5438.69596141836,39.590745457823715,71.33447344591315,31.743727988089432
2022-08-21 → 2023-08-21,3181.1942586217287,6345.865691303295,4431.64760562585,5429.289127096452,39.512896476098206,71.0372282335109,31.524331757412696
2022-08-22 → 2023-08-22,3181.1942586217287,6345.865691303295,4429.488777966241,5439.075929417454,39.44467998963094,71.34648000037471,31.90180001074377
2022-08-23 → 2023-08-23,3181.1942586217287,6345.865691303295,4426.990985792078,5427.071671077507,39.365752611945915,70.9671591579018,31.60140654595589
2022-08-24 → 2023-08-24,3181.1942586217287,6345.865691303295,4424.760876926389,5449.509622590395,39.295283720842114,71.67617277875267,32.38088905791056
2022-08-25 → 2023-08-25,3181.1942586217287,6345.865691303295,4422.500399665624,5440.074831450283,39.223855223165515,71.37804416285027,32.15418893968476
2022-08-26 → 2023-08-26,3181.1942586217287,6345.865691303295,4420.350135295784,5463.1968945629305,39.15590932686695,72.10867492830243,32.95276560143549
2022-08-27 → 2023-08-27,3181.1942586217287,6345.865691303295,4417.32886190864,5432.102874012102,39.06044054119955,71.12613941988533,32.06569887868579
2022-08-28 → 2023-08-28,3181.1942586217287,6345.865691303295,4414.1646823785595,5415.729712616758,38.9604560847595,70.60876623459164,31.64831014983214
2022-08-29 → 2023-08-29,3181.1942586217287,6345.865691303295,4410.150374184997,5418.556315432931,38.833608534264805,70.6980836527281,31.864475118463297
2022-08-30 → 2023-08-30,3181.1942586217287,6345.865691303295,4406.680354406599,5416.0080551559,38.72395987555844,70.61756154067834,31.893601665119895
2022-08-31 → 2023-08-31,3181.1942586217287,6345.865691303295,4403.425774232272,5421.981104890094,38.621118862089645,70.80630308498243,32.18518422289279
2022-09-01 → 2023-09-01,3181.1942586217287,6345.865691303295,4400.370338208145,5390.407767702874,38.52457057614206,69.80862171872234,31.284051142580275
2022-09-02 → 2023-09-02,3181.1942586217287,6345.865691303295,4397.3429153035495,5384.923761012799,38.42890747275221,69.63533337562798,31.206425902875772
2022-09-03 → 2023-09-03,3181.1942586217287,6345.865691303295,4394.170465976751,5366.107136170673,38.328661700188384,69.04074953833582,30.712087838147433
2022-09-04 → 2023-09-04,3181.1942586217287,6345.865691303295,4390.964216757165,5339.8938410212395,38.2273478896463,68.2124393738515,29.985091484205192
2022-09-05 → 2023-09-05,3181.1942586217287,6345.865691303295,4387.874272376912,5273.54074092284,38.12970917908877,66.11575725345281,27.986048074364042
2022-09-06 → 2023-09-06,3181.1942586217287,6345.865691303295,4384.682211542646,5264.212845517877,38.02884370530524,65.8210064205975,27.792162715292257
2022-09-07 → 2023-09-07,3181.1942586217287,6345.865691303295,4380.608786061003,5273.490116916673,37.900128116079266,66.11415759272204,28.21402947664277
2022-09-08 → 2023-09-08,3181.1942586217287,6345.865691303295,4376.99417285461,5277.377260081425,37.785910470321,66.23698687365811,28.45107640333711
2022-09-09 → 2023-09-09,3181.1942586217287,6345.865691303295,4373.402883365871,5298.96064450185,37.67242982738121,66.91899715117168,29.246567323790472
2022-09-10 → 2023-09-10,3181.1942586217287,6345.865691303295,4371.190659249048,5287.863239616359,37.60252607389901,66.56833184131084,28.96580576741183
2022-09-11 → 2023-09-11,3181.1942586217287,6345.865691303295,4369.478754358883,5271.711869796741,37.548431836105905,66.05796701629856,28.509535180192657
2022-09-12 → 2023-09-12,3181.1942586217287,6345.865691303295,4367.4724004629825,5238.242063803718,37.48503334629174,65.00035940347091,27.515326057179166
2022-09-13 → 2023-09-13,3181.1942586217287,6345.865691303295,4365.673643071892,5319.916598736858,37.428194668743274,67.58118135198936,30.152986683246084
2022-09-14 → 2023-09-14,3181.1942586217287,6345.865691303295,4362.412829190697,5251.1243699235165,37.3251566772627,65.4074255521637,28.082268874901004
2022-09-15 → 2023-09-15,3181.1942586217287,6345.865691303295,4359.161478343937,5230.690413402319,37.22241770685385,64.76173588245025,27.539318175596406
2022-09-16 → 2023-09-16,3181.1942586217287,6345.865691303295,4355.5787738248655,5209.27158281887,37.109208339142775,64.0849253180973,26.97571697895453
2022-09-17 → 2023-09-17,3181.1942586217287,6345.865691303295,4352.048138046917,5175.742129740597,36.99764428413575,63.025432925553346,26.027788641417594
2022-09-18 → 2023-09-18,3181.1942586217287,6345.865691303295,4348.677287306078,5184.356585184598,36.8911292536644,63.29763987111614,26.406510617451737
2022-09-19 → 2023-09-19,3181.1942586217287,6345.865691303295,4344.652666613783,5126.005073918506,36.7639558399971,61.4537988118676,24.689842971870497
2022-09-20 → 2023-09-20,3181.1942586217287,6345.865691303295,4340.752368421776,5100.554101136202,36.640710875236174,60.64957716283724,24.008866287601066
2022-09-21 → 2023-09-21,3181.1942586217287,6345.865691303295,4336.55791074041,5096.108949896452,36.50817080684078,60.50911546454386,24.00094465770308
2022-09-22 → 2023-09-22,3181.1942586217287,6345.865691303295,4332.073304359064,5150.489574875571,36.36646237117087,62.22748105591395,25.86101868474308
2022-09-23 → 2023-09-23,3181.1942586217287,6345.865691303295,4328.281081184968,5092.056152726029,36.246632453444356,60.3810517063739,24.134419252929547
2022-09-24 → 2023-09-24,3181.1942586217287,6345.865691303295,4324.538099628173,5073.300028461839,36.12835851454059,59.78837961819138,23.66002110365079
2022-09-25 → 2023-09-25,3181.1942586217287,6345.865691303295,4320.493889841012,5071.571779826296,36.00056610786619,59.733768936725504,23.733202828859312
2022-09-26 → 2023-09-26,3181.1942586217287,6345.865691303295,4316.3859766725645,5081.861329783306,35.87076074715718,60.05890695423817,24.18814620708099
2022-09-27 → 2023-09-27,3181.1942586217287,6345.865691303295,4312.530909946925,5076.436450148973,35.74894504503315,59.887486958522,24.138541913488844
2022-09-28 → 2023-09-28,3181.1942586217287,6345.865691303295,4308.337928411032,5105.631662801265,35.61645162114744,60.81002230771474,25.1935706865673
2022-09-29 → 2023-09-29,3181.1942586217287,6345.865691303295,4304.446765706896,5079.162287277479,35.49349532736124,59.97362029610505,24.48012496874381
2022-09-30 → 2023-09-30,3181.1942586217287,6345.865691303295,4300.592355269205,5054.194327605653,35.37170036318622,59.18466130927369,23.812960946087472
2022-10-01 → 2023-10-01,3181.1942586217287,6345.865691303295,4296.309552405405,5018.026317687566,35.23636868800594,58.04179353650652,22.80542484850058
2022-10-02 → 2023-10-02,3181.1942586217287,6345.865691303295,4292.073233107482,5009.422200952848,35.102505840375876,57.76991328233972,22.667407441963846
2022-10-03 → 2023-10-03,3181.1942586217287,6345.865691303295,4287.662041097227,5023.401364979647,34.96311721491857,58.211638887166714,23.248521672248145
2022-10-04 → 2023-10-04,3181.1942586217287,6345.865691303295,4283.574951360094,5025.364787609535,34.83396985083754,58.27368079804604,23.439710947208496
2022-10-05 → 2023-10-05,3181.1942586217287,6345.865691303295,4280.104190422498,4996.998338792845,34.7242977723477,57.377333438767295,22.653035666419598
2022-10-06 → 2023-10-06,3181.1942586217287,6345.865691303295,4276.326384732044,4958.321894033989,34.60492343062488,56.15520199221508,21.550278561590204
2022-10-07 → 2023-10-07,3181.1942586217287,6345.865691303295,4272.398826879992,4955.679244895879,34.480817091764806,56.071697300043255,21.59088020827845
2022-10-08 → 2023-10-08,3181.1942586217287,6345.865691303295,4268.195649994304,5081.605824421282,34.34800150647902,60.05083327684512,25.702831770366096
2022-10-09 → 2023-10-09,3181.1942586217287,6345.865691303295,4264.026197256475,4886.733413251602,34.2162515657183,53.89308782633066,19.676836260612355
2022-10-10 → 2023-10-10,3181.1942586217287,6345.865691303295,4259.927527971696,4860.020531803449,34.086738301167294,53.04899130584233,18.962253004675034
2022-10-11 → 2023-10-11,3181.1942586217287,6345.865691303295,4255.847455671989,4848.5369897776745,33.95781268008791,52.68612450370978,18.728311823621866
2022-10-12 → 2023-10-12,3181.1942586217287,6345.865691303295,4251.714202709583,4846.97747418959,33.827206610853615,52.636845593678885,18.80963898282527
2022-10-13 → 2023-10-13,3181.1942586217287,6345.865691303295,4247.630581639303,4833.66942398584,33.69816885268042,52.21632641856585,18.51815756588543
2022-10-14 → 2023-10-14,3181.1942586217287,6345.865691303295,4243.709430423524,4808.940694449112,33.57426495620367,51.434926830559526,17.860661874355856
2022-10-15 → 2023-10-15,3181.1942586217287,6345.865691303295,4239.5332654040085,4797.519194377544,33.44230291501391,51.074020483264896,17.631717568250984
2022-10-16 → 2023-10-16,3181.1942586217287,6345.865691303295,4234.790267712684,4796.750840701646,33.29242960929428,51.049741385347694,17.757311776053413
2022-10-17 → 2023-10-17,3181.1942586217287,6345.865691303295,4230.21479872818,4783.5786115067585,33.14785001922204,50.63351399886903,17.485663979646986
2022-10-18 → 2023-10-18,3181.1942586217287,6345.865691303295,4225.889153711435,4753.5624880167215,33.011164580978004,49.68503880551845,16.673874224540448
2022-10-19 → 2023-10-19,3181.1942586217287,6345.865691303295,4221.285976124475,4732.922680245387,32.86570943073958,49.032844471592114,16.167135040852536
2022-10-20 → 2023-10-20,3181.1942586217287,6345.865691303295,4216.203012729355,4722.634801292652,32.70509359736651,48.70775925590457,16.002665658538056
2022-10-21 → 2023-10-21,3181.1942586217287,6345.865691303295,4210.979058886604,4714.882847327566,32.54002262700281,48.46280637122178,15.922783744218968
2022-10-22 → 2023-10-22,3181.1942586217287,6345.865691303295,4205.8422743218325,4707.8504966107,32.377706106187276,48.2405921266641,15.862886020476822
2022-10-23 → 2023-10-23,3034.5174188335154,6345.865691303295,4199.908538335042,4701.948757532509,35.19385530028577,50.3550578645518,15.161202564266034
2022-10-24 → 2023-10-24,2951.5105202628943,6345.865691303295,4194.008129405807,4692.248107711526,36.60482025403595,51.283307130027886,14.678486875991936
2022-10-25 → 2023-10-25,2899.5038696278198,6345.865691303295,4187.803931090358,4702.608461093548,37.381451168589756,52.31907399058683,14.937622821997074
2022-10-26 → 2023-10-26,2899.5038696278198,6345.865691303295,4182.200619351289,4693.7111622645225,37.21886488110747,52.060909024474846,14.842044143367374
2022-10-27 → 2023-10-27,2899.5038696278198,6345.865691303295,4177.123406869282,4667.670304051975,37.07154394544499,51.30530472173545,14.23376077629046
2022-10-28 → 2023-10-28,2899.5038696278198,6345.865691303295,4171.665349330694,4664.454641086772,36.91317236924367,51.21199870421349,14.298826334969824
2022-10-29 → 2023-10-29,2892.318597915702,6345.865691303295,4166.30752603096,4632.969115416035,36.88928784421465,50.40181791159316,13.512530067378513
2022-10-30 → 2023-10-30,2892.318597915702,6345.865691303295,4161.09487845351,4607.823635363226,36.73835179393088,49.67371201429834,12.935360220367457
2022-10-31 → 2023-10-31,2887.133869769527,6345.865691303295,4155.730665017335,4873.986894777509,36.67809071954157,57.44455272993431,20.766462010392736
2022-11-01 → 2023-11-01,2822.3091552635588,6345.865691303295,4150.107943912178,4521.474064212009,37.683481875985,48.22300682759041,10.539524951605408
2022-11-02 → 2023-11-02,2822.3091552635588,6345.865691303295,4144.602112538619,4489.166928423109,37.52722409163433,47.30611687681327,9.77889278517894
2022-11-03 → 2023-11-03,2822.3091552635588,6345.865691303295,4138.913478713952,4465.757827836238,37.36577829769057,46.64175686591412,9.27597856822355
2022-11-04 → 2023-11-04,2822.3091552635588,6345.865691303295,4133.172411394552,4474.447533143746,37.20284441935829,46.88837431673768,9.68552989737939
2022-11-05 → 2023-11-05,2822.3091552635588,6345.865691303295,4128.041483345424,4416.930886667592,37.057226547283655,45.25602796759127,8.198801420307618
2022-11-06 → 2023-11-06,2822.3091552635588,6345.865691303295,4123.006553946244,4385.332989867421,36.914333156822,44.35926651429883,7.4449333574768275
2022-11-07 → 2023-11-07,2822.3091552635588,6345.865691303295,4117.677009962242,4300.918577071847,36.76307848190788,41.96355036976803,5.200471887860147
2022-11-08 → 2023-11-08,2793.4603722437123,6345.865691303295,4112.02584198815,4257.587089906287,37.117540126122144,41.21508066118334,4.097540535061199
2022-11-09 → 2023-11-09,2726.6287644820013,6345.865691303295,4104.723502810806,4231.369454299764,38.07694180273407,41.57618636863731,3.49924456590324
2022-11-10 → 2023-11-10,2676.1227018244203,6337.931910887333,4094.696882620973,4289.120818502941,38.73970760916781,44.04921241353533,5.309504804367521
2022-11-11 → 2023-11-11,2676.1227018244203,6337.931910887333,4086.5095118025642,4303.3120827664225,38.516119476882125,44.43676030184034,5.9206408249582125
2022-11-12 → 2023-11-12,2676.1227018244203,6337.931910887333,4077.732315613001,4243.639153190326,38.27642385953975,42.807157934016075,4.530734074476328
2022-11-13 → 2023-11-13,2676.1227018244203,6337.931910887333,4068.917820371564,4229.045097919228,38.03570964593132,42.40861026432924,4.372900618397921
2022-11-14 → 2023-11-14,2676.1227018244203,6337.931910887333,4059.8535039238604,4269.202613998543,37.78817308872158,43.505268057966475,5.717094969244897
2022-11-15 → 2023-11-15,2642.667476515675,6337.931910887333,4050.6438038334963,4257.100911482088,38.10218056985232,43.68925319524342,5.5870726253910945
2022-11-16 → 2023-11-16,2642.667476515675,6337.931910887333,4041.9899984232316,4411.819757206917,37.8679942060898,47.87620242371282,10.008208217623022
2022-11-17 → 2023-11-17,2642.667476515675,6337.931910887333,4033.060928887791,4386.876527530679,37.62635873739678,47.20119715361016,9.574838416213382
2022-11-18 → 2023-11-18,2642.667476515675,6337.931910887333,4024.145599975264,4308.471901988925,37.385095112807406,45.0794376169321,7.694342504124691
2022-11-19 → 2023-11-19,2642.667476515675,6337.931910887333,4015.0442153531512,4133.213023440612,37.13879651134723,40.336640946736175,3.1978444353889444
2022-11-20 → 2023-11-20,2642.667476515675,6337.931910887333,4005.9624358398346,4102.492014033432,36.89302845673003,39.50527934994684,2.6122508932168103
2022-11-21 → 2023-11-21,2642.667476515675,6337.931910887333,3996.7275613668053,4100.481574697363,36.64311739794,39.4508735185977,2.8077561206577
2022-11-22 → 2023-11-22,2642.667476515675,6183.187052707353,3986.7156704938793,4120.811311527433,37.96189132850143,41.749347890958624,3.7874565624571943
2022-11-23 → 2023-11-23,2642.667476515675,6168.0492102574,3977.1444574665557,4264.046428306442,37.85340373720353,45.99158542952705,8.13818169232352
2022-11-24 → 2023-11-24,2642.667476515675,6168.0492102574,3967.9031319954793,4173.643895238745,37.591266863269375,43.4272522623569,5.835985399087527
2022-11-25 → 2023-11-25,2642.667476515675,6168.0492102574,3958.655625227616,4159.22345662704,37.328954652385804,43.01820610222944,5.689251449843638
2022-11-26 → 2023-11-26,2642.667476515675,6168.0492102574,3949.4083669455376,4332.8821474599445,37.06664948998106,47.94416033778932,10.87751084780826
2022-11-27 → 2023-11-27,2642.667476515675,6168.0492102574,3940.1365933631996,4101.880275313477,36.80364893337191,41.39162533326685,4.587976399894941
2022-11-28 → 2023-11-28,2642.667476515675,6168.0492102574,3930.7358630948756,4106.518903248865,36.53699042719232,41.52320336610771,4.986212938915386
2022-11-29 → 2023-11-29,2642.22760279978,6088.602048497233,3921.102470724773,4129.588232156379,37.10783282767126,43.1572556259364,6.049422798265141
2022-11-30 → 2023-11-30,2642.22760279978,6088.602048497233,3911.7309520757894,4174.342647013185,36.835908845044145,44.455849715521744,7.619940870477599
2022-12-01 → 2023-12-01,2583.742072407147,6088.602048497233,3902.8838738380114,4157.6691323682035,37.63750365007329,44.90698831617464,7.269484666101349
2022-12-02 → 2023-12-02,2534.0654464057834,6088.602048497233,3893.6988686443424,4136.777796351607,38.25065189759379,45.08920653687476,6.8385546392809715
2022-12-03 → 2023-12-03,2501.3618282727634,6088.602048497233,3884.5318847299995,4119.188122854965,38.55805498218586,45.09946909775021,6.541414115564351
2022-12-04 → 2023-12-04,2386.048327903929,6088.602048497233,3874.8835680105894,4116.496301946778,40.21103682644439,46.736606802441166,6.525569975996774
2022-12-05 → 2023-12-05,2269.2715086736393,6088.602048497233,3865.1260135965617,4099.679283238474,41.78361857616626,47.92483278101867,6.14121420485241
2022-12-06 → 2023-12-06,2269.2715086736393,6088.602048497233,3855.263104965217,4072.1158155382345,41.525381994427505,47.20314955897649,5.6777675645489865
2022-12-07 → 2023-12-07,2269.2715086736393,6088.602048497233,3845.5700516415786,4059.0140615492533,41.27159266609967,46.860111587992535,5.588518921892863
2022-12-08 → 2023-12-08,2262.184863561168,6088.602048497233,3835.5341253463926,4073.4145268837256,41.11807954394584,47.33487165103302,6.21679210708718
2022-12-09 → 2023-12-09,2262.184863561168,6088.602048497233,3825.924552954418,4073.5316275220243,40.86694194113018,47.337931971762295,6.470990030632116
2022-12-10 → 2023-12-10,2262.184863561168,6088.602048497233,3816.2278343459766,4024.6587577797627,40.61352684968079,46.06068311519052,5.447156265509733
2022-12-11 → 2023-12-11,2262.184863561168,6088.602048497233,3806.902473215816,4011.7398443891434,40.36981685467885,45.723058837276476,5.353241982597623
2022-12-12 → 2023-12-12,2262.184863561168,6088.602048497233,3797.5080957344576,4004.240610111165,40.12430317890031,45.52707303866828,5.4027698597679645
2022-12-13 → 2023-12-13,2262.184863561168,6088.602048497233,3787.981908144418,4133.812562141262,39.87534476350476,48.91332042800676,9.037975664502
2022-12-14 → 2023-12-14,2262.184863561168,6088.602048497233,3778.959736502134,3954.6434844387127,39.639558355326315,44.23089639939048,4.591338044064166
2022-12-15 → 2023-12-15,2262.184863561168,6088.602048497233,3770.127180693078,3910.54118419383,39.40872738781373,43.07832212132938,3.669594733515652
2022-12-16 → 2023-12-16,2262.184863561168,6088.602048497233,3760.848009183021,3915.780346543149,39.166224517332495,43.21524295604506,4.049018438712565
2022-12-17 → 2023-12-17,2262.184863561168,6088.602048497233,3750.9898336936885,3884.9836256504277,38.90858989431902,42.4103981259005,3.501808231581478
2022-12-18 → 2023-12-18,2262.184863561168,6088.602048497233,3741.109998093853,3872.4617805448165,38.65038920363818,42.08315087343395,3.4327616697957737
2022-12-19 → 2023-12-19,2262.184863561168,6088.602048497233,3731.2870047445385,3859.660321253109,38.39367403447195,41.748596153627005,3.354922119155056
2022-12-20 → 2023-12-20,2262.184863561168,6051.723669797238,3720.9173456113544,3934.877439975633,38.493667874562846,44.139740003767216,5.64607212920437
2022-12-21 → 2023-12-21,2262.184863561168,6051.723669797238,3710.9799849466235,3938.4460112620995,38.231436474573535,44.23390901664535,6.002472542071814
2022-12-22 → 2023-12-22,2262.184863561168,6051.723669797238,3700.925461636135,3895.6974604041534,37.96611333567487,43.10584164370807,5.139728308033199
2022-12-23 → 2023-12-23,2262.184863561168,6051.723669797238,3690.918319874807,3873.465315153589,37.702040521725586,42.519170114867165,4.81712959314158
2022-12-24 → 2023-12-24,2262.184863561168,6051.723669797238,3680.975728579573,3872.892005514266,37.439671093581126,42.5040413704833,5.064370276902174
2022-12-25 → 2023-12-25,2262.184863561168,6051.723669797238,3671.011916717329,3840.3383546251903,37.17674168787487,41.64500145682664,4.468259768951768
2022-12-26 → 2023-12-26,2262.184863561168,6051.723669797238,3661.2027349036616,3781.1525793436545,36.917892727217044,40.08318144896343,3.1652887217463856
2022-12-27 → 2023-12-27,2262.184863561168,6051.723669797238,3651.3065453625404,3747.5290542028965,36.65674776876363,39.195909227725664,2.5391614589620346
2022-12-28 → 2023-12-28,2262.184863561168,6051.723669797238,3641.3478437786384,3735.508016523279,36.39395321530731,38.87869285142584,2.484739636118526
2022-12-29 → 2023-12-29,2262.184863561168,6051.723669797238,3631.330705641695,3745.528986735302,36.12961661264582,39.14313057655304,3.013513963907222
2022-12-30 → 2023-12-30,2262.184863561168,6051.723669797238,3621.3755182435893,3705.857575528296,35.866914793054384,38.09626410452423,2.2293493114698464
2022-12-31 → 2023-12-31,2262.184863561168,6051.723669797238,3611.381850351851,3697.1721890160597,35.6031975334424,37.86707034358574,2.26387281014334
2023-01-01 → 2024-01-01,2262.184863561168,6021.647083039849,3601.049749316081,3688.4396431846117,35.61320230372128,37.937734078924194,2.3245317752029138
2023-01-02 → 2024-01-02,2225.1316811079096,5998.772393091455,3590.6767564146276,3679.7843030718795,36.18640934655764,38.54772441225223,2.3613150656945905
2023-01-03 → 2024-01-03,2225.1316811079096,5998.772393091455,3580.6926479229514,3671.5057602336665,35.92183438424152,38.32834627135175,2.406511887110227
2023-01-04 → 2024-01-04,2225.1316811079096,5943.606991729443,3570.477010086185,3663.2075163248373,36.180025859937864,38.673803510518866,2.493777650581002
2023-01-05 → 2024-01-05,2225.1316811079096,5943.606991729443,3560.4494163878403,3655.197731399475,35.910356362074005,38.45839842493222,2.548042062858215
2023-01-06 → 2024-01-06,2225.1316811079096,5902.271862594121,3550.4312873521903,3647.603685478698,36.04158505887112,38.68419299140942,2.642607932538297
2023-01-07 → 2024-01-07,2225.1316811079096,5902.271862594121,3540.551052109584,3640.5335602954324,35.772891597241575,38.491920604872114,2.719029007630539
2023-01-08 → 2024-01-08,2128.5053474108918,5861.925872751207,3530.2402146364057,3634.1308455613935,37.54559278043666,40.328312546930626,2.782719766493969
2023-01-09 → 2024-01-09,2128.5053474108918,5819.935891112184,3520.1528495530765,3629.8277978973606,37.699409095391495,40.67047809007766,2.9710689946861635
2023-01-10 → 2024-01-10,2128.5053474108918,5735.946407352113,3510.0872415404433,3627.696461796427,38.298114125031965,41.55829823620078,3.2601841111688117
2023-01-11 → 2024-01-11,2128.5053474108918,5607.3579589897745,3500.3061346538157,3627.734892800616,39.43256413557371,43.095517769270955,3.662953633697242
2023-01-12 → 2024-01-12,2128.5053474108918,5299.500057546061,3491.3666250771603,3631.132686667162,42.978983008400355,47.38662396545651,4.407640957056152
2023-01-13 → 2024-01-13,2128.5053474108918,5033.035651812386,3483.263860347024,3636.636192127098,46.64294639595069,51.92339850718035,5.280452111229664
2023-01-14 → 2024-01-14,2128.5053474108918,4940.612187726725,3476.0351015726874,3651.458189242283,47.91886762063606,54.15700498990804,6.238137369271982
2023-01-15 → 2024-01-15,2128.5053474108918,4940.612187726725,3469.4556260460845,3649.298617081798,47.68489800638542,54.08020946672506,6.3953114603396415
2023-01-16 → 2024-01-16,2128.5053474108918,4940.612187726725,3462.6964950656647,3639.3129636934586,47.444539749596686,53.72511437413541,6.280574624538723
2023-01-17 → 2024-01-17,2128.5053474108918,4940.612187726725,3456.196942193646,3640.082834140576,47.21341222702757,53.75249137262209,6.5390791455945205
2023-01-18 → 2024-01-18,2128.5053474108918,4940.612187726725,3449.91751152905,3642.8013166086157,46.99011236606315,53.84916204064459,6.859049674581442
2023-01-19 → 2024-01-19,2128.5053474108918,4940.612187726725,3443.2912484082367,3655.991333471644,46.754478960325656,54.318205985701354,7.563727025375698
2023-01-20 → 2024-01-20,2128.5053474108918,4940.612187726725,3436.881991316451,3688.5578874161893,46.52656240324827,55.47628979239227,8.949727389144002
2023-01-21 → 2024-01-21,2128.5053474108918,4940.612187726725,3431.4026540452583,3687.382967114789,46.33171428465483,55.43450900780202,9.102794723147191
2023-01-22 → 2024-01-22,2128.5053474108918,4940.612187726725,3426.3244000188884,3681.1660861347455,46.15112889744388,55.21343344655679,9.062304549112909
2023-01-23 → 2024-01-23,2128.5053474108918,4940.612187726725,3421.1724782111455,3673.2738598031247,45.9679238451364,54.932781722430455,8.964857877294058
2023-01-24 → 2024-01-24,2128.5053474108918,4940.612187726725,3416.069652121678,3667.792551337267,45.786464662422894,54.73786350711678,8.951398844693884
2023-01-25 → 2024-01-25,2128.5053474108918,4940.612187726725,3410.8307325996248,3674.2779421735795,45.60016592558455,54.968487420238944,9.368321494654396
2023-01-26 → 2024-01-26,2128.5053474108918,4940.612187726725,3405.5344789898745,3665.2597855504755,45.41182835839754,54.64779702207145,9.235968663673908
2023-01-27 → 2024-01-27,2128.5053474108918,4940.612187726725,3400.1456433902954,3656.8168438481625,45.22019852690175,54.347561569375614,9.127363042473867
2023-01-28 → 2024-01-28,2128.5053474108918,4940.612187726725,3394.8106021172257,3649.8794833211123,45.03048164998285,54.10086537605918,9.07038372607633
2023-01-29 → 2024-01-29,2128.5053474108918,4940.612187726725,3389.257789846124,3640.502839456276,44.83302072170326,53.767426982808686,8.93440626110543
2023-01-30 → 2024-01-30,2128.5053474108918,4940.612187726725,3384.127151287912,3632.1842017884646,44.65057251295612,53.47161184703394,8.821039334077824
2023-01-31 → 2024-01-31,2128.5053474108918,4940.612187726725,3378.558635141627,3636.4854656099346,44.45255314660588,53.62456705342243,9.172013906816552
2023-02-01 → 2024-02-01,2128.5053474108918,4940.612187726725,3373.0971623695395,3640.9742645882584,44.25834029900746,53.78419110873818,9.52585080973072
2023-02-02 → 2024-02-02,2128.5053474108918,4940.612187726725,3367.9131079134836,3647.1118467264914,44.07399259280602,54.00244676141259,9.92845416860657
2023-02-03 → 2024-02-03,2128.5053474108918,4940.612187726725,3362.645977605576,3629.007401526729,43.886690665567855,53.3586431569333,9.471952491365442
2023-02-04 → 2024-02-04,2128.5053474108918,4940.612187726725,3357.4098332593985,3591.137617568823,43.70049061544497,52.01197369846944,8.31148308302447
2023-02-05 → 2024-02-05,2128.5053474108918,4940.612187726725,3352.1221665547055,3577.228524747882,43.51245840312336,51.51735903370874,8.004900630585382
2023-02-06 → 2024-02-06,2128.5053474108918,4940.612187726725,3346.559633249738,3563.2385733228957,43.31465178976074,51.019868994410835,7.705217204650097
2023-02-07 → 2024-02-07,2128.5053474108918,4940.612187726725,3340.721363912337,3559.0946297068103,43.1070398578917,50.872508177365205,7.765468319473506
2023-02-08 → 2024-02-08,2128.5053474108918,4940.612187726725,3335.0051756191824,3521.127994737264,42.903769192239736,49.52239464592903,6.6186254536892974
2023-02-09 → 2024-02-09,2119.6784657802627,4940.612187726725,3328.885013423053,3505.028772229767,42.86547174913524,49.10963684370449,6.244165094569254
2023-02-10 → 2024-02-10,2092.361121125474,4940.612187726725,3322.0790882474957,3504.1631595522554,43.17449334230969,49.56733115916816,6.392837816858474
2023-02-11 → 2024-02-11,2074.654422592821,4940.612187726725,3315.1103144091667,3507.451166079713,43.2824205194939,49.99364473956051,6.711224220066612
2023-02-12 → 2024-02-12,2000.4079345267212,4940.612187726725,3308.0798769223575,3508.5644936406397,44.475547607701635,51.294278534305896,6.81873092660426
2023-02-13 → 2024-02-13,2000.4079345267212,4940.612187726725,3301.036055567274,3515.7051908742546,44.23597849112013,51.537142519889315,7.301164028769186
2023-02-14 → 2024-02-14,1928.852615572766,4940.612187726725,3293.7721932653258,3530.877188501724,45.31967260309536,53.19231281742777,7.872640214332407
2023-02-15 → 2024-02-15,1925.330029735177,4940.612187726725,3286.7376825433935,3561.999413854328,45.150257305108646,54.27914531253425,9.128888007425601
2023-02-16 → 2024-02-16,1917.276703934811,4940.612187726725,3280.734489731628,3552.6882516236815,45.09779986727597,54.0929564865131,8.995156619237136
2023-02-17 → 2024-02-17,1917.276703934811,4940.612187726725,3274.514033967923,3605.344686520878,44.89205175241895,55.834623436128425,10.942571683709474
2023-02-18 → 2024-02-18,1917.276703934811,4940.612187726725,3268.6500664143887,3552.4257952050184,44.69809485994139,54.0842754645071,9.386180604565709
2023-02-19 → 2024-02-19,1917.276703934811,4940.612187726725,3262.8339711355293,3541.0305068631183,44.50572139328381,53.707364321069996,9.201642927786189
2023-02-20 → 2024-02-20,1911.7515169723924,4940.612187726725,3256.8444600253288,3527.5824736493514,44.40920495421611,53.34781399088057,8.93860903666446
2023-02-21 → 2024-02-21,1911.7515169723924,4940.612187726725,3251.1066742359044,3526.961059612766,44.219767855150224,53.32729756229124,9.107529707141019
2023-02-22 → 2024-02-22,1911.7515169723924,4940.612187726725,3245.2359478906924,3518.2728579072964,44.02594162861238,53.04045037287247,9.014508744260091
2023-02-23 → 2024-02-23,1911.7515169723924,4940.612187726725,3239.3083313397347,3495.434050411075,43.83023713126812,52.28641081876735,8.45617368749923
2023-02-24 → 2024-02-24,1911.7515169723924,4940.612187726725,3233.178434601219,3493.6607768779145,43.627854208946744,52.227864925577784,8.60001071663104
2023-02-25 → 2024-02-25,1911.7515169723924,4940.612187726725,3226.669302043363,3488.30247273225,43.41295054498141,52.05095668422477,8.638006139243359
2023-02-26 → 2024-02-26,1833.1192094185187,4940.612187726725,3219.8804919593495,3542.416170494156,44.626368980431835,55.005658033899074,10.37928905346724
2023-02-27 → 2024-02-27,1752.8518130268437,4940.612187726725,3213.063939352399,3468.27603616147,45.806834726811296,53.812834764787766,8.00600003797647
2023-02-28 → 2024-02-28,1601.0056718456406,4940.612187726725,3205.8137890699845,3454.8280523868034,48.053808423024634,55.51020372386808,7.456395300843447
2023-03-01 → 2024-03-01,1599.3755572837013,4940.612187726725,3194.10249277572,3481.500383720828,47.72864396858265,56.330186532989444,8.601542564406792
2023-03-02 → 2024-03-02,1599.3755572837013,4940.612187726725,3186.9532784841276,3415.878087628368,47.51467485827022,54.366174301872526,6.851499443602307
2023-03-03 → 2024-03-03,1587.5172303164088,4940.612187726725,3179.6692551633023,3473.574540416038,47.48305804248844,56.248252258154984,8.765194215666547
2023-03-04 → 2024-03-04,1468.6047803456822,4940.612187726725,3171.4794761846297,3460.923979829038,49.04582554227431,57.38234299984328,8.336517457568974
2023-03-05 → 2024-03-05,1468.6047803456822,4940.612187726725,3163.5402057236124,3790.7976749941267,48.81716040624553,66.88329321278981,18.06613280654428
2023-03-06 → 2024-03-06,1468.6047803456822,4940.612187726725,3155.5086919703567,3412.0135915379997,48.58583849903468,55.97363666508542,7.387798166050743
2023-03-07 → 2024-03-07,1468.6047803456822,4940.612187726725,3147.4149967521007,3389.5602419986867,48.352725654832504,55.326940189393014,6.9742145345605095
2023-03-08 → 2024-03-08,1463.1923369313529,4940.612187726725,3139.114010333572,3354.454432618122,48.19440117416061,54.386935625682085,6.192534451521475
2023-03-09 → 2024-03-09,1459.8006234184531,4940.612187726725,3130.535807929097,3353.103019799764,47.998438112597526,54.39255648869229,6.394118376094767
2023-03-10 → 2024-03-10,1451.7527818164933,4940.612187726725,3121.101756144357,3366.126738302797,47.84798640781961,54.8710547992647,7.023068391445086
2023-03-11 → 2024-03-11,1385.0782398168576,4857.8509431341545,3111.413652744058,3385.802686318372,49.710578848945474,57.61173037873634,7.901151529790866
2023-03-12 → 2024-03-12,1385.0782398168576,4531.863068719684,3101.9914935802717,3414.1886200257304,54.56087235434022,64.482018648741,9.921146294400785
2023-03-13 → 2024-03-13,1368.333930422572,4140.027471070253,3093.3715231761926,3442.0239684233393,62.237674095474446,74.81671431525555,12.579040219781106
2023-03-14 → 2024-03-14,1368.333930422572,4096.714959686975,3085.9014163438633,3458.350520895085,62.95189225767207,76.60281199931966,13.650919741647584
2023-03-15 → 2024-03-15,1368.333930422572,4096.714959686975,3078.8254034336164,3473.690733818883,62.692543844296154,77.16505798913046,14.472514144834307
2023-03-16 → 2024-03-16,1368.333930422572,3993.093729267595,3071.8269019366303,3498.1515956992675,64.90090911418443,81.14333609551177,16.24242698132734
2023-03-17 → 2024-03-17,1368.333930422572,3984.447048889108,3064.936860583392,3531.0537886513703,64.85204780270752,82.66920275589997,17.817154953192457
2023-03-18 → 2024-03-18,1368.333930422572,3984.447048889108,3059.031291084963,3535.0133120638193,64.6263094943468,82.82055413992461,18.19424464557781
2023-03-19 → 2024-03-19,1368.333930422572,3984.447048889108,3053.331129450953,3557.233681685104,64.40842282905798,83.66991992095434,19.26149709189636
2023-03-20 → 2024-03-20,1368.333930422572,3984.447048889108,3047.6796843895095,3550.6587396887107,64.1923983375499,83.41859508526653,19.226196747716628
2023-03-21 → 2024-03-21,1368.333930422572,3984.447048889108,3042.0532222702764,3540.0415292455127,63.97732881018439,83.01275596583956,19.03542715565517
2023-03-22 → 2024-03-22,1368.333930422572,3984.447048889108,3036.6734261574575,3536.6297442387636,63.77168800379708,82.8823416889237,19.11065368512662
2023-03-23 → 2024-03-23,1368.333930422572,3984.447048889108,3030.9412570125874,3542.291459085821,63.55257786270998,83.0987587393598,19.546180876649814
2023-03-24 → 2024-03-24,1368.333930422572,3984.447048889108,3025.392171555851,3538.218396275796,63.34046603094067,82.94306735196244,19.602601321021773
2023-03-25 → 2024-03-25,1368.333930422572,3984.447048889108,3019.3611109060703,3543.932210625756,63.10993086764025,83.16147588749662,20.05154501985637
2023-03-26 → 2024-03-26,1368.333930422572,3984.447048889108,3013.337400335634,3544.081289879465,62.879676658526876,83.16717438931815,20.287497730791273
2023-03-27 → 2024-03-27,1368.333930422572,3984.447048889108,3007.556830041857,3544.223290550615,62.658716400617045,83.17260231482135,20.5138859142043
2023-03-28 → 2024-03-28,1368.333930422572,3984.447048889108,3001.369716813563,3557.9357205916567,62.42221618261726,83.69675511021268,21.274538927595415
2023-03-29 → 2024-03-29,1368.333930422572,3984.447048889108,2995.280097695561,3583.2955233821035,62.18944264255063,84.66612461535516,22.476681972804528
2023-03-30 → 2024-03-30,1368.333930422572,3984.447048889108,2989.5935230430455,3578.602992541191,61.97207533483082,84.48675428125955,22.51467894642873
2023-03-31 → 2024-03-31,1368.333930422572,3984.447048889108,2983.6950820941,3650.14370539474,61.74660951275648,87.2213727634865,25.47476325073002
2023-04-01 → 2024-04-01,1368.333930422572,3984.447048889108,2978.04350510764,3573.2871629424176,61.53057997846123,84.28355857228007,22.75297859381884
2023-04-02 → 2024-04-02,1368.333930422572,3984.447048889108,2972.638845322299,3560.216139284917,61.32398876697306,83.78392330936903,22.45993454239597
2023-04-03 → 2024-04-03,1368.333930422572,3984.447048889108,2967.0837598459166,3557.5231933106943,61.11164758657186,83.68098640059341,22.56933881402155
2023-04-04 → 2024-04-04,1368.333930422572,3984.447048889108,2961.2816773446884,3576.5830332444857,60.88986503212983,84.40954205054801,23.51967701841818
2023-04-05 → 2024-04-05,1368.333930422572,3984.447048889108,2955.6023738185254,3565.8645483961277,60.672775660646835,83.9998317527517,23.32705609210487
2023-04-06 → 2024-04-06,1368.333930422572,3984.447048889108,2949.8778641296117,3556.0166702253164,60.45395829955852,83.62340008772553,23.169441788167006
2023-04-07 → 2024-04-07,1368.333930422572,3984.447048889108,2944.090109639767,3556.258620425017,60.232723428291294,83.63264854865761,23.39992512036632
2023-04-08 → 2024-04-08,1368.333930422572,3984.447048889108,2938.1362779398564,3561.7576765929907,60.00514031432409,83.84284802853321,23.837707714209124
2023-04-09 → 2024-04-09,1368.333930422572,3984.447048889108,2932.337072516284,3573.0215335056373,59.78346773515932,84.27340498087361,24.489937245714287
2023-04-10 → 2024-04-10,1368.333930422572,3984.447048889108,2926.589054402007,3594.603797773418,59.563751772814165,85.09837941013038,25.534627637316213
2023-04-11 → 2024-04-11,1368.333930422572,3984.447048889108,2921.3007937202315,3595.985573111579,59.36160987595018,85.15119728441903,25.789587408468847
2023-04-12 → 2024-04-12,1368.333930422572,3984.447048889108,2916.353252422671,3587.446342875162,59.172491857213274,84.82478822449954,25.65229636728627
2023-04-13 → 2024-04-13,1368.333930422572,3984.447048889108,2911.465294387007,3629.649960468658,58.985651387618844,86.43800660162515,27.452355214006303
2023-04-14 → 2024-04-14,1368.333930422572,3984.447048889108,2906.6441033870115,3607.4134223286505,58.801363064382215,85.5880227846776,26.78665972029539
2023-04-15 → 2024-04-15,1368.333930422572,3984.447048889108,2901.9965503590483,3622.205705757036,58.623711991301434,86.15345259441978,27.52974060311834
2023-04-16 → 2024-04-16,1368.333930422572,3984.447048889108,2897.288146822739,3538.551513122104,58.44373492903016,82.95580062576306,24.512065696732904
2023-04-17 → 2024-04-17,1368.333930422572,3984.447048889108,2892.7425199549402,3527.475478377581,58.269979947423586,82.53242310946456,24.262443162040974
2023-04-18 → 2024-04-18,1368.333930422572,3984.447048889108,2887.786697888336,3504.788906204537,58.080545399214564,81.66523690054626,23.584691501331697
2023-04-19 → 2024-04-19,1368.333930422572,3984.447048889108,2883.087118870089,3507.63862625277,57.90090565102959,81.77416644293177,23.873260791902183
2023-04-20 → 2024-04-20,1368.333930422572,3984.447048889108,2877.822888626328,3477.240796471386,57.69968230917172,80.6122201353806,22.912537826208876
2023-04-21 → 2024-04-21,1368.333930422572,3984.447048889108,2872.372075719198,3465.406604900287,57.49132691090342,80.15986234215048,22.668535431247058
2023-04-22 → 2024-04-22,1368.333930422572,3984.447048889108,2866.4584462858948,3475.9193558640245,57.26528051437872,80.56170853486783,23.29642802048911
2023-04-23 → 2024-04-23,1368.333930422572,3984.447048889108,2860.771242491069,3466.0415073602358,57.04788915791631,80.18413126444848,23.136242106532173
2023-04-24 → 2024-04-24,1368.333930422572,3984.447048889108,2855.1453635417643,3468.5476245579944,56.83284192201534,80.27992670922755,23.447084787212212
2023-04-25 → 2024-04-25,1368.333930422572,3984.447048889108,2849.46777021869,3481.570915495886,56.615817922441416,80.77773740578968,24.161919483348264
2023-04-26 → 2024-04-26,1368.333930422572,3984.447048889108,2844.1127817908114,3479.7341458644637,56.41112538104941,80.70752753533505,24.296402154285637
2023-04-27 → 2024-04-27,1368.333930422572,3984.447048889108,2838.8089007453477,3534.710102278201,56.208386401300224,82.80896405295634,26.600577651656117
2023-04-28 → 2024-04-28,1368.333930422572,3984.447048889108,2833.8880504019153,3526.053738938924,56.020288634858204,82.47807762154888,26.457788986690673
2023-04-29 → 2024-04-29,1368.333930422572,3984.447048889108,2828.868102247055,3494.3767233456733,55.8284028895735,81.26723488811926,25.43883199854576
2023-04-30 → 2024-04-30,1368.333930422572,3984.447048889108,2824.0371494431747,3419.693801941784,55.64374142483103,78.41250659381424,22.768765168983215
2023-05-01 → 2024-05-01,1368.333930422572,3984.447048889108,2819.443637674983,3407.796848304566,55.46815605981883,77.9577497427729,22.489593682954073
2023-05-02 → 2024-05-02,1368.333930422572,3984.447048889108,2814.3570338492395,3409.671135938391,55.27372242505593,78.02939372561887,22.755671300562945
2023-05-03 → 2024-05-03,1368.333930422572,3984.447048889108,2809.18605034124,3397.8436451651764,55.07606340673983,77.5772920680213,22.501228661281466
2023-05-04 → 2024-05-04,1368.333930422572,3984.447048889108,2804.0701897896543,3378.8464504351355,54.880511443964444,76.85113100885516,21.97061956489072
2023-05-05 → 2024-05-05,1368.333930422572,3984.447048889108,2798.8804092630035,3358.017913372836,54.6821339162491,76.0549675358281,21.372833619578998
2023-05-06 → 2024-05-06,1368.333930422572,3984.447048889108,2793.9698383805257,3395.6991609223655,54.494429078571585,77.49531991522433,23.000890836652744
2023-05-07 → 2024-05-07,1368.333930422572,3984.447048889108,2788.908174201194,3327.389838999701,54.300948752984645,74.88422021007455,20.5832714570899
2023-05-08 → 2024-05-08,1368.333930422572,3984.447048889108,2783.895572753712,3409.2549239421487,54.109343832994774,78.01348416905938,23.904140336064607
2023-05-09 → 2024-05-09,1368.333930422572,3984.447048889108,2778.393621519521,3310.5052052500005,53.8990336902355,74.23881104827203,20.339777358036528
2023-05-10 → 2024-05-10,1368.333930422572,3984.447048889108,2773.0107862792524,3295.6865765944763,53.69327671427479,73.67237420152702,19.979097487252233
2023-05-11 → 2024-05-11,1368.333930422572,3984.447048889108,2767.63312907082,3281.124752713583,53.48771766675222,73.11575362659451,19.628035959842293
2023-05-12 → 2024-05-12,1368.333930422572,3984.447048889108,2761.9716779095597,3271.443756928399,53.271310695612584,72.7457009818198,19.47439028620721
2023-05-13 → 2024-05-13,1368.333930422572,3984.447048889108,2756.1272557737857,3273.4023309010026,53.04790972359347,72.82056678019748,19.77265705660401
2023-05-14 → 2024-05-14,1368.333930422572,3984.447048889108,2750.4023514497044,3275.1125492676647,52.82907727771524,72.88593927325178,20.056861995536536
2023-05-15 → 2024-05-15,1368.333930422572,3984.447048889108,2744.3908139145046,3272.6895609389867,52.599288378574535,72.79332140013403,20.1940330215595
2023-05-16 → 2024-05-16,1368.333930422572,3984.447048889108,2738.5595151864663,3255.448097786467,52.37638904418122,72.134272560433,19.757883516251788
2023-05-17 → 2024-05-17,1368.333930422572,3984.447048889108,2732.5467879566513,3236.1233218951766,52.146554669384024,71.39558982707254,19.249035157688517
2023-05-18 → 2024-05-18,1368.333930422572,3984.447048889108,2726.6708764794885,3226.482541696412,51.92195002841166,71.02707440888545,19.105124380473796
2023-05-19 → 2024-05-19,1368.333930422572,3984.447048889108,2720.6324155242537,3222.3017948103056,51.69113199104886,70.86726683571152,19.176134844662656
2023-05-20 → 2024-05-20,1368.333930422572,3984.447048889108,2714.3259514745373,3205.095377115088,51.4500696300523,70.2095575962386,18.7594879661863
2023-05-21 → 2024-05-21,1368.333930422572,3984.447048889108,2708.152194911042,3189.66687172488,51.21407996584718,69.61980842670529,18.405728460858107
2023-05-22 → 2024-05-22,1368.333930422572,3984.447048889108,2701.9210475112354,3186.0817527290637,50.97589655719324,69.48276851927507,18.50687196208183
2023-05-23 → 2024-05-23,1368.333930422572,3984.447048889108,2695.7974543913992,3162.6845215010767,50.74182437290536,68.58841761897068,17.846593246065318
2023-05-24 → 2024-05-24,1368.333930422572,3984.447048889108,2689.76118886257,3151.0602970891014,50.51109025494156,68.14408574624228,17.632995491300726
2023-05-25 → 2024-05-25,1368.333930422572,3984.447048889108,2683.349904978657,3158.972775983213,50.26602119280287,68.44653745745688,18.180516264654017
2023-05-26 → 2024-05-26,1368.333930422572,3984.447048889108,2677.0427699806983,3168.625089126479,50.024933185046706,68.81549371837437,18.790560533327664
2023-05-27 → 2024-05-27,1368.333930422572,3984.447048889108,2670.77450099301,3175.9618512714014,49.78533081680651,69.09593886018166,19.310608043375154
2023-05-28 → 2024-05-28,1368.333930422572,3984.447048889108,2664.6149543872157,3202.780455869577,49.54988432321586,70.121070549208,20.571186225992136
2023-05-29 → 2024-05-29,1368.333930422572,3984.447048889108,2658.9490185913423,3257.7779728171386,49.33330592850201,72.22333121062003,22.890025282118025
2023-05-30 → 2024-05-30,1368.333930422572,3984.447048889108,2653.1203138511573,3159.0003796202545,49.110505748378245,68.44759259673381,19.33708684835557
2023-05-31 → 2024-05-31,1368.333930422572,3984.447048889108,2647.331998254062,3155.782833080037,48.88924942898452,68.32460301660038,19.435353587615857
2023-06-01 → 2024-06-01,1368.333930422572,3984.447048889108,2641.3448314815764,3141.1272264780628,48.660392093641356,67.76439763027653,19.104005536635178
2023-06-02 → 2024-06-02,1368.333930422572,3984.447048889108,2635.2058471163855,3193.9322512207336,48.425731584435646,69.78285105149645,21.357119467060805
2023-06-03 → 2024-06-03,1368.333930422572,3984.447048889108,2629.1670577140007,3240.7546743815465,48.19490099229655,71.57262164017261,23.37772064787606
2023-06-04 → 2024-06-04,1368.333930422572,3984.447048889108,2622.9668109406825,3065.809839424956,47.95789874917671,64.88541711060944,16.927518361432732
2023-06-05 → 2024-06-05,1368.333930422572,3984.447048889108,2616.7668012402137,3055.1847157332913,47.7209055680828,64.47927551005462,16.75836994197182
2023-06-06 → 2024-06-06,1368.333930422572,3984.447048889108,2610.0489895212495,3074.7568753214246,47.46411958770815,65.22741439785645,17.763294810148302
2023-06-07 → 2024-06-07,1368.333930422572,3984.447048889108,2603.966147835765,3103.7036221664935,47.23160511260585,66.33389357265743,19.102288460051582
2023-06-08 → 2024-06-08,1368.333930422572,3984.447048889108,2597.5525867525553,3177.6091130029213,46.98644900532832,69.15890485809254,22.172455852764223
2023-06-09 → 2024-06-09,1368.333930422572,3984.447048889108,2591.1912112843465,3053.1978588569114,46.74328767475338,64.40332860766898,17.6600409329156
2023-06-10 → 2024-06-10,1368.333930422572,3984.447048889108,2584.8200653897015,3294.6398935611905,46.49975287307861,73.63236511224501,27.1326122391664
2023-06-11 → 2024-06-11,1368.333930422572,3984.447048889108,2578.329283291991,3420.8895743194616,46.25164501979454,78.45821457063057,32.206569550836036
2023-06-12 → 2024-06-12,1368.333930422572,3984.447048889108,2571.8061008577156,3357.406924650954,46.00229867508834,76.03161270772189,30.02931403263355
2023-06-13 → 2024-06-13,1368.333930422572,3984.447048889108,2565.3684400353773,3048.1587658440917,45.756221363794104,64.21071105695032,18.454489693156212
2023-06-14 → 2024-06-14,1368.333930422572,3984.447048889108,2558.9698060429046,3064.3945167639263,45.51163583928807,64.83131690175229,19.31968106246422
2023-06-15 → 2024-06-15,1368.333930422572,3978.509780532298,2552.228702689681,3095.9578698658506,45.35689701585971,66.18802864836303,20.831131632503322
2023-06-16 → 2024-06-16,1368.333930422572,3978.509780532298,2545.6578524406373,3132.9998162956035,45.10515726243399,67.60716469730761,22.50200743487362
2023-06-17 → 2024-06-17,1368.333930422572,3978.509780532298,2539.4083632115735,3158.2911748296115,44.86572936224861,68.57611698199544,23.710387619746832
2023-06-18 → 2024-06-18,1368.333930422572,3978.509780532298,2533.3163858744933,3193.104060047982,44.632335993873674,69.90985414062048,25.277518146746807
2023-06-19 → 2024-06-19,1368.333930422572,3978.509780532298,2527.1769902423202,3252.7648135583313,44.39712595498243,72.19555276540245,27.798426810420025
2023-06-20 → 2024-06-20,1368.333930422572,3978.509780532298,2521.200114585455,3346.9883393189625,44.16814231556158,75.80540632207644,31.637264006514854
2023-06-21 → 2024-06-21,1368.333930422572,3978.509780532298,2515.82548185251,3430.2642713540577,43.962231563122465,78.99584010191522,35.033608538792755
2023-06-22 → 2024-06-22,1368.333930422572,3978.509780532298,2511.0132490202955,3425.630298581897,43.77786724789779,78.81830521391274,35.04043796601495
2023-06-23 → 2024-06-23,1368.333930422572,3978.509780532298,2506.217711677758,3429.871182365747,43.594142563511646,78.98078023580337,35.38663767229172
2023-06-24 → 2024-06-24,1368.333930422572,3978.509780532298,2501.846107964574,3429.2921261329548,43.42665945263235,78.9585956679411,35.53193621530875
2023-06-25 → 2024-06-25,1368.333930422572,3978.509780532298,2497.340049208609,3396.9418291699303,43.254025154610794,77.71920419316116,34.46517903855037
2023-06-26 → 2024-06-26,1368.333930422572,3978.509780532298,2492.878724760451,3379.3509915541676,43.08310469927172,77.04527114704003,33.962166447768304
2023-06-27 → 2024-06-27,1368.333930422572,3978.509780532298,2488.2984185839864,3363.044975564269,42.90762586414757,76.42056166667253,33.51293580252496
2023-06-28 → 2024-06-28,1368.333930422572,3978.509780532298,2483.931818111715,3345.93724197597,42.7403344354077,75.76513710638554,33.024802670977834
2023-06-29 → 2024-06-29,1368.333930422572,3978.509780532298,2479.355553667462,3345.7810208515302,42.56501044549107,75.75915202593843,33.194141580447365
2023-06-30 → 2024-06-30,1368.333930422572,3978.509780532298,2474.751683606397,3331.51624065856,42.3886288403639,75.21264554468468,32.824016704320776
2023-07-01 → 2024-07-01,1368.333930422572,3978.509780532298,2470.1497881219793,3317.162996490688,42.21232288441752,74.66274986745401,32.45042698303649
2023-07-02 → 2024-07-02,1368.333930422572,3978.509780532298,2465.632699640465,3300.651199330765,42.03926602001796,74.0301565822457,31.990890562227733
2023-07-03 → 2024-07-03,1368.333930422572,3978.509780532298,2461.2514618814935,3284.510784289568,41.87141381347841,73.41179153835343,31.540377724875015
2023-07-04 → 2024-07-04,1368.333930422572,3978.509780532298,2457.2455332165796,3265.4693295817497,41.7179402969433,72.68228303772814,30.964342740784843
2023-07-05 → 2024-07-05,1368.333930422572,3978.509780532298,2453.202636881632,3230.29401807443,41.563050490006425,71.33466074991021,29.771610259903788
2023-07-06 → 2024-07-06,1368.333930422572,3978.509780532298,2448.945263037313,3211.7569246117423,41.39994370759788,70.62447513303277,29.224531425434897
2023-07-07 → 2024-07-07,1368.333930422572,3978.509780532298,2444.71241481277,3217.5242973953914,41.237776540800866,70.84543238322749,29.607655842426624
2023-07-08 → 2024-07-08,1368.333930422572,3978.509780532298,2440.534871549959,3185.6695948041365,41.077728195298185,69.62502791929394,28.547299723995756
2023-07-09 → 2024-07-09,1368.333930422572,3978.509780532298,2436.2307643456493,3169.991447862155,40.91283098332955,69.02437310359167,28.111542120262122
2023-07-10 → 2024-07-10,1368.333930422572,3978.509780532298,2431.917809482829,3161.09396678303,40.747594803451506,68.68349641213231,27.93590160868081
2023-07-11 → 2024-07-11,1368.333930422572,3978.509780532298,2427.70776516331,3139.639799020346,40.586301290627766,67.86155302614236,27.275251735514594
2023-07-12 → 2024-07-12,1368.333930422572,3978.509780532298,2423.51729199562,3120.257310956589,40.42575757984621,67.11897899370919,26.69322141386298
2023-07-13 → 2024-07-13,1368.333930422572,3978.509780532298,2419.142588066959,3097.6188683560667,40.258155694767204,66.25166414978514,25.99350845501794
2023-07-14 → 2024-07-14,1368.333930422572,3978.509780532298,2414.9402612921067,3202.7768774185542,40.097157853388985,70.28043520205223,30.183277348663246
2023-07-15 → 2024-07-15,1368.333930422572,3978.509780532298,2410.1598718537657,3164.7964645486827,39.914013509373234,68.82534500695007,28.91133149757684
2023-07-16 → 2024-07-16,1368.333930422572,3978.509780532298,2405.348786462295,3124.918459904861,39.7296931544336,67.297555044364,27.567861889930406
2023-07-17 → 2024-07-17,1368.333930422572,3978.509780532298,2400.5852693135,3086.3338400271236,39.54719521474135,65.81931671509147,26.272121500350124
2023-07-18 → 2024-07-18,1368.333930422572,3978.509780532298,2395.804467273508,3084.9653650672462,39.36403506329827,65.76688825668626,26.40285319338799
2023-07-19 → 2024-07-19,1368.333930422572,3978.509780532298,2390.7535502634096,3055.160957508492,39.170526376522005,64.62503386563053,25.454507489108522
2023-07-20 → 2024-07-20,1368.333930422572,3978.509780532298,2385.7001214511815,3029.728269095099,38.976921458599875,63.65066700784493,24.673745549245055
2023-07-21 → 2024-07-21,1368.333930422572,3978.509780532298,2380.561950595066,2997.9339237154654,38.78006993781442,62.43257492495721,23.65250498714279
2023-07-22 → 2024-07-22,1368.333930422572,3978.509780532298,2375.4895504357773,2974.104974324801,38.585738197327466,61.51964986706646,22.933911669738997
2023-07-23 → 2024-07-23,1368.333930422572,3978.509780532298,2370.456895511326,2934.8705678295337,38.39292916018003,60.016517176078686,21.623588015898655
2023-07-24 → 2024-07-24,1368.333930422572,3978.509780532298,2365.5636797971556,2953.620618192386,38.20546226158143,60.734861511463755,22.529399249882324
2023-07-25 → 2024-07-25,1368.333930422572,3978.509780532298,2360.3712047150907,2946.4862093363663,38.00653025928562,60.461530928939226,22.455000669653607
2023-07-26 → 2024-07-26,1368.333930422572,3978.509780532298,2355.058730658131,2927.8114438341777,37.80300090486545,59.74607087664414,21.94306997177869
2023-07-27 → 2024-07-27,1368.333930422572,3978.509780532298,2349.781092892515,2903.080410463774,37.60080618432989,58.798585542682304,21.197779358352413
2023-07-28 → 2024-07-28,1368.333930422572,3978.509780532298,2344.4471604352334,2906.3764213693034,37.39645472436762,58.92486097754968,21.528406253182055
2023-07-29 → 2024-07-29,1368.333930422572,3978.509780532298,2339.22762944943,2864.753650210623,37.19648616724593,57.33022622690901,20.133740059663083
2023-07-30 → 2024-07-30,1368.333930422572,3978.509780532298,2334.0639284987424,2830.853037207324,36.99865654781739,56.0314396719007,19.03278312408331
2023-07-31 → 2024-07-31,1368.333930422572,3978.509780532298,2328.964514697312,2807.3745284515894,36.80328987161372,55.13194055368045,18.32865068206673
2023-08-01 → 2024-08-01,1368.333930422572,3978.509780532298,2323.8198939241593,2779.305860856527,36.60619124421907,54.05658512910695,17.45039388488788
2023-08-02 → 2024-08-02,1368.333930422572,3978.509780532298,2319.013243744236,2772.8886805686025,36.422040809307916,53.81073271699246,17.388691907684546
2023-08-03 → 2024-08-03,1368.333930422572,3978.509780532298,2314.1533738232415,2731.2414283255143,36.235851441231794,52.21516005696125,15.979308615729458
2023-08-04 → 2024-08-04,1368.333930422572,3978.509780532298,2309.492681700079,2718.500450474455,36.05729289227555,51.7270328738627,15.66973998158715
2023-08-05 → 2024-08-05,1368.333930422572,3978.509780532298,2305.1293591780304,2688.652955707743,35.89012704703699,50.583527743146796,14.693400696109805
2023-08-06 → 2024-08-06,1368.333930422572,3978.509780532298,2300.6122687568704,2675.55848357918,35.71707010832652,50.081857630460235,14.364787522133717
2023-08-07 → 2024-08-07,1368.333930422572,3978.509780532298,2296.1744766163524,2672.9223772442297,35.54705121322673,49.980864192227344,14.433812979000614
2023-08-08 → 2024-08-08,1368.333930422572,3978.509780532298,2291.232887384246,2680.722723060741,35.357731048001135,50.27970788186546,14.921976833864328
2023-08-09 → 2024-08-09,1368.333930422572,3978.509780532298,2286.5703937795297,2670.03466089999,35.17910348141322,49.87023117322526,14.691127691812035
2023-08-10 → 2024-08-10,1368.333930422572,3978.509780532298,2281.8359994711695,2693.7631749772745,34.99772128418842,50.77930839406795,15.781587109879524
2023-08-11 → 2024-08-11,1368.333930422572,3978.509780532298,2277.2086474765088,2678.409207869917,34.82044004873195,50.19107342489097,15.37063337615902
2023-08-12 → 2024-08-12,1368.333930422572,3978.509780532298,2272.528216096713,2576.77150275009,34.641125257370334,46.297170831487,11.656045574116668
2023-08-13 → 2024-08-13,1368.333930422572,3978.509780532298,2267.7662588152943,2544.744639022152,34.45868707868522,45.07017059981328,10.611483521128058
2023-08-14 → 2024-08-14,1368.333930422572,3978.509780532298,2263.093011770353,2492.3076288585467,34.27964753065075,43.061225104382345,8.781577573731596
2023-08-15 → 2024-08-15,1368.333930422572,3978.509780532298,2258.5547484960493,2454.7391361589134,34.10577942616604,41.621916228007066,7.516136801841029
2023-08-16 → 2024-08-16,1368.333930422572,3978.509780532298,2253.836887304497,2375.181792523985,33.92503063901616,38.573947500858516,4.648916861842359
2023-08-17 → 2024-08-17,1368.333930422572,3978.509780532298,2248.9468171429166,2371.04902382797,33.73768425155438,38.41561454042439,4.677930288870016
2023-08-18 → 2024-08-18,1368.333930422572,3978.509780532298,2243.361035756696,2355.7893596455815,33.52368405743007,37.83099246671442,4.307308409284353
2023-08-19 → 2024-08-19,1368.333930422572,3978.509780532298,2237.4824008548267,2365.3111691936338,33.29846417802531,38.19578817761076,4.897323999585446
2023-08-20 → 2024-08-20,1368.333930422572,3978.509780532298,2231.6488293656053,2369.821862870092,33.07497074983441,38.368600046829016,5.2936292969946095
2023-08-21 → 2024-08-21,1368.333930422572,3978.509780532298,2225.6966564912377,2318.9108177301014,32.84693351341153,36.41811670533881,3.5711831919272825
2023-08-22 → 2024-08-22,1368.333930422572,3978.509780532298,2219.780039329026,2310.61544424089,32.62025847303204,36.10030771599955,3.4800492429675103
2023-08-23 → 2024-08-23,1368.333930422572,3978.509780532298,2213.541665712442,2312.1738597070716,32.381256429689955,36.16001309815286,3.778756668462904
2023-08-24 → 2024-08-24,1368.333930422572,3978.509780532298,2207.496783785577,2291.1944283858584,32.14966736159667,35.35625762243151,3.2065902608348367
2023-08-25 → 2024-08-25,1368.333930422572,3978.509780532298,2201.2922794728634,2274.2034763464007,31.91196290530677,34.70530714954504,2.7933442442382734
2023-08-26 → 2024-08-26,1368.333930422572,3978.509780532298,2195.1549580655683,2268.9741390231475,31.67683233327895,34.50496289599471,2.82813056271576
2023-08-27 → 2024-08-27,1368.333930422572,3978.509780532298,2189.253259354099,2265.6411268023494,31.450728842542063,34.377269881722974,2.9265410391809112
2023-08-28 → 2024-08-28,1368.333930422572,3978.509780532298,2183.4183939328173,2262.372148602693,31.22718584175012,34.25203011293426,3.0248442711841363
2023-08-29 → 2024-08-29,1368.333930422572,3978.509780532298,2177.5717267760247,2292.737012923174,31.003190697647216,35.41535649644993,4.4121657988027145
2023-08-30 → 2024-08-30,1368.333930422572,3978.509780532298,2172.3321809831955,2229.8079864593674,30.802455341345116,33.004445121985974,2.201989780640858
2023-08-31 → 2024-08-31,1368.333930422572,3978.509780532298,2166.9723147922964,2252.802850925189,30.59711031868414,33.88541505605593,3.288304737371792
2023-09-01 → 2024-09-01,1368.333930422572,3978.509780532298,2161.2253532608333,2238.320432509301,30.37693505611624,33.330570507353244,2.9536354512370053
2023-09-02 → 2024-09-02,1368.333930422572,3978.509780532298,2155.271154574626,2239.4374287166856,30.148820207610648,33.37336441364648,3.22454420603583
2023-09-03 → 2024-09-03,1368.333930422572,3978.509780532298,2149.4652619566104,2213.049071596193,29.92638720112292,32.362384363417924,2.4359971622950027
2023-09-04 → 2024-09-04,1368.333930422572,3978.509780532298,2143.6653805631354,2212.6813362502,29.704184494235136,32.34829583578184,2.6441113415467044
2023-09-05 → 2024-09-05,1368.333930422572,3978.509780532298,2137.959875032023,2183.895559398356,29.485597477162216,31.245466811805024,1.7598693346428078
2023-09-06 → 2024-09-06,1368.333930422572,3978.509780532298,2132.4524381861747,2182.704035777592,29.27459878733768,31.199817641435367,1.925218854097686
2023-09-07 → 2024-09-07,1368.333930422572,3978.509780532298,2126.912392836185,2186.466145272777,29.062350813709507,31.3439500566911,2.281599242981592
2023-09-08 → 2024-09-08,1368.333930422572,3978.509780532298,2121.48350105092,2356.6222055084204,28.85436131043383,37.862900120093556,9.008538809659726
2023-09-09 → 2024-09-09,1368.333930422572,3978.509780532298,2115.733945496013,2258.154088778363,28.63408666669037,34.09042951333662,5.456342846646255
2023-09-10 → 2024-09-10,1368.333930422572,3978.509780532298,2109.9365701670595,2121.5199831053505,28.41197997113153,28.855758996127268,0.44377902499573807
2023-09-11 → 2024-09-11,1368.333930422572,3978.509780532298,2104.134481579674,2119.8354638543196,28.189692703124596,28.791222376843162,0.6015296737185665
2023-09-12 → 2024-09-12,1368.333930422572,3867.020615587954,2097.9817048198793,2132.445355996919,29.20125115042239,30.58052176412715,1.3792706137047581
2023-09-13 → 2024-09-13,1368.333930422572,3817.589774909385,2091.9459144634893,2146.3257056112097,29.544156673944126,31.7644143603809,2.2202576864367742
2023-09-14 → 2024-09-14,1368.333930422572,3817.589774909385,2086.09736825128,2169.63879539823,29.305367973066907,32.716258155691094,3.410890182624186
2023-09-15 → 2024-09-15,1368.333930422572,3817.589774909385,2080.444975668019,2160.613161757258,29.074587975298034,32.34775301723084,3.2731650419328098
2023-09-16 → 2024-09-16,1368.333930422572,3817.589774909385,2074.9088423621247,2143.4759927723926,28.848554695910085,31.648064210794374,2.7995095148842886
2023-09-17 → 2024-09-17,1368.333930422572,3817.589774909385,2069.1715037277672,2141.368876393434,28.614306458949784,31.562033329875934,2.94772687092615
2023-09-18 → 2024-09-18,1368.333930422572,3817.589774909385,2063.3347650068695,2148.976994717677,28.37599984292043,31.87266312142541,3.4966632785049825
2023-09-19 → 2024-09-19,1368.333930422572,3817.589774909385,2057.4796242631696,2202.903794323932,28.136941895712525,34.07442573955459,5.937483843842067
2023-09-20 → 2024-09-20,1368.333930422572,3817.589774909385,2051.7820623066814,2111.720344893517,27.904317689902697,30.35152150986109,2.4472038199583928
2023-09-21 → 2024-09-21,1368.333930422572,3817.589774909385,2046.0398175779928,2547.886142732304,27.669869143352766,48.159616112169815,20.489746968817048
2023-09-22 → 2024-09-22,1368.333930422572,3817.589774909385,2040.0714347574622,2660.3567132128605,27.42618766622308,52.75164641123896,25.32545874501588
2023-09-23 → 2024-09-23,1368.333930422572,3817.589774909385,2034.1227038738969,2068.239480770968,27.183308552676987,28.576253147414477,1.3929445947374894
2023-09-24 → 2024-09-24,1368.333930422572,3817.589774909385,2028.1045854871184,2511.71215788496,26.937596435654793,46.6826783341598,19.74508189850501
2023-09-25 → 2024-09-25,1368.333930422572,3817.589774909385,2022.059863394899,2048.6430286890677,26.690798123186703,27.776154941013903,1.0853568178272006
2023-09-26 → 2024-09-26,1368.333930422572,3817.589774909385,2015.8832833606261,2047.9358405630103,26.438616218704325,27.74728134956574,1.3086651308614137
2023-09-27 → 2024-09-27,1368.333930422572,3797.071930895616,2009.6241911110612,2051.317336688742,26.40425853112133,28.12091737079693,1.7166588396756026
2023-09-28 → 2024-09-28,1368.333930422572,3739.5283018644486,2003.4208285073046,2060.076184496884,26.783417915189666,29.17273515851326,2.3893172433235925
2023-09-29 → 2024-09-29,1368.333930422572,3739.5283018644486,1997.4939984409,2058.896604430473,26.53346666118089,29.122988917521063,2.5895222563401745
2023-09-30 → 2024-09-30,1368.333930422572,3739.5283018644486,1991.676175059301,2067.715635849299,26.288112528610924,29.49491251539395,3.2067999867830252
2023-10-01 → 2024-10-01,1368.333930422572,3739.5283018644486,1986.0532772224346,2095.6754315146536,26.050978959782185,30.67405649456732,4.623077534785136
2023-10-02 → 2024-10-02,1368.333930422572,3739.5283018644486,1980.7944894727682,2076.3424097471534,25.829200947274984,29.85872806766387,4.0295271203888845
2023-10-03 → 2024-10-03,1368.333930422572,3739.5283018644486,1975.3939607364766,2066.891685904805,25.601445314867348,29.460164206507194,3.858718891639846
2023-10-04 → 2024-10-04,1368.333930422572,3739.5283018644486,1969.854749738312,2060.5773850266096,25.36784105766779,29.193872208084652,3.8260311504168634
2023-10-05 → 2024-10-05,1368.333930422572,3739.5283018644486,1964.445031357437,2047.0597350632597,25.13969787185273,28.62379452376854,3.484096651915813
2023-10-06 → 2024-10-06,1368.333930422572,3739.5283018644486,1958.849619942909,2176.190830995046,24.90372348350574,34.06961952601262,9.165896042506883
2023-10-07 → 2024-10-07,1368.333930422572,3739.5283018644486,1953.4634991129403,2124.546966643574,24.676575473421128,31.89165111593798,7.215075642516851
2023-10-08 → 2024-10-08,1368.333930422572,3739.5283018644486,1948.108501930669,2011.6318423376053,24.450740035940097,27.129699684798787,2.67895964885869
2023-10-09 → 2024-10-09,1368.333930422572,3739.5283018644486,1942.850139211506,2009.8704588912829,24.228979948176164,27.055417143159172,2.826437194983008
2023-10-10 → 2024-10-10,1368.333930422572,3739.5283018644486,1937.4992464509567,1957.0867259982176,24.00331760581426,24.82937723986063,0.82605963404637
2023-10-11 → 2024-10-11,1368.333930422572,3739.5283018644486,1931.9242043899771,1939.826074094019,23.768202250948203,24.101446534892624,0.3332442839444205
2023-10-12 → 2024-10-12,1368.333930422572,3739.5283018644486,1926.078922116572,1934.2079154115033,23.521690098937196,23.864512829660377,0.3428227307231815
2023-10-13 → 2024-10-13,1368.333930422572,3725.442797957194,1920.2311229765137,1928.5354821539274,23.4141579184329,23.76646914562282,0.35231122718992225
2023-10-14 → 2024-10-14,1368.333930422572,3722.732486993116,1914.202923899059,1922.8770820080083,23.18507170135242,23.55349522441065,0.36842352305822956
2023-10-15 → 2024-10-15,1368.333930422572,3685.9148358231714,1908.1301094536873,1917.2001532758868,23.291362893663912,23.68272113281163,0.39135823914771706
2023-10-16 → 2024-10-16,1368.333930422572,3530.0669011531536,1902.113757350667,1929.3970102588296,24.69221842639048,25.954319401745547,1.262100975355068
2023-10-17 → 2024-10-17,1368.333930422572,3530.0669011531536,1896.6018006817592,1906.4735178406181,24.43723981693508,24.89389738253268,0.45665756559759885
2023-10-18 → 2024-10-18,1368.333930422572,3530.0669011531536,1891.0028249333284,1901.2969658945929,24.178235775999415,24.65443432136302,0.47619854536360506
2023-10-19 → 2024-10-19,1368.333930422572,3485.4915319071238,1885.3701869036888,1896.0706919514496,24.421245547264448,24.92666399321564,0.505418445951193
2023-10-20 → 2024-10-20,1368.333930422572,3366.438285136628,1879.821207094887,1891.0240953985071,25.598626791717937,26.159302628152076,0.5606758364341395
2023-10-21 → 2024-10-21,1368.333930422572,3341.9615646466395,1874.688648706187,1886.352845308292,25.656041165165817,26.24704406763028,0.5910029024644636
2023-10-22 → 2024-10-22,1368.333930422572,3335.094338773462,1869.6236656652757,1881.789722379873,25.488093674970326,26.106677243306358,0.6185835683360317
2023-10-23 → 2024-10-23,1368.333930422572,3034.5174188335154,1864.62459710418,1877.3280176651501,29.786075191209925,30.54850145754422,0.7624262663342947
2023-10-24 → 2024-10-24,1368.333930422572,2951.5105202628943,1860.3555053602856,1878.2393028788924,31.078123444671355,32.20773827307218,1.1296148284008254
2023-10-25 → 2024-10-25,1368.333930422572,2950.1189293651382,1856.4254252899423,1880.7661309899622,30.85700617932669,32.395818705446985,1.5388125261202958
2023-10-26 → 2024-10-26,1368.333930422572,2950.1189293651382,1852.5903127234744,1866.792275195242,30.614551448182343,31.5123954965999,0.8978440484175572
2023-10-27 → 2024-10-27,1368.333930422572,2950.1189293651382,1848.6258038264289,1863.381025945499,30.363916317637052,31.296737284388797,0.9328209667517449
2023-10-28 → 2024-10-28,1368.333930422572,2933.2748292840115,1844.4875578415522,1859.8889048056076,30.426300939888662,31.410449732680807,0.9841487927921442
2023-10-29 → 2024-10-29,1368.333930422572,2898.962039392315,1840.244076840817,1857.562550660938,30.831143349110775,31.9626052449581,1.1314618958473268
2023-10-30 → 2024-10-30,1368.333930422572,2898.962039392315,1836.1240175332007,1854.9796243784508,30.56196893087868,31.79385581017699,1.2318868792983082
2023-10-31 → 2024-10-31,1368.333930422572,2887.133869769527,1832.0971973729474,1854.7127814290643,30.53484892485457,32.02389191664195,1.4890429917873824
2023-11-01 → 2024-11-01,1368.333930422572,2881.161712759552,1828.1518431758257,1853.410152830517,30.39459733102853,32.064206386969644,1.669609055941116
2023-11-02 → 2024-11-02,1368.333930422572,2881.161712759552,1824.3968232611574,1845.0773604267365,30.14638534295493,31.513397332491,1.3670119895360706
2023-11-03 → 2024-11-03,1368.333930422572,2881.161712759552,1820.5493193254767,1842.5306875212123,29.89206003371602,31.345058745954056,1.4529987122380348
2023-11-04 → 2024-11-04,1368.333930422572,2855.6974541619375,1816.7188544944956,1874.9659198701522,30.1462901916973,34.06241859245425,3.91612840075695
2023-11-05 → 2024-11-05,1368.333930422572,2855.6974541619375,1812.8723552819495,1838.763626724242,29.887678282022673,31.628427670390053,1.7407493883673801
2023-11-06 → 2024-11-06,1321.0731296676338,2855.6974541619375,1808.7101740121093,1837.362334262062,31.77566239249882,33.64270957744385,1.867047184945033
2023-11-07 → 2024-11-07,1316.2692961945663,2823.3851023641114,1804.5155468786832,1837.7003642193342,32.396067288620216,34.597943030670386,2.20187574205017
2023-11-08 → 2024-11-08,1307.062297812276,2809.7240621563824,1800.383877111512,1841.7523982057955,32.82984840667486,35.58286455947092,2.7530161527960573
2023-11-09 → 2024-11-09,1302.0960025420998,2809.7240621563824,1796.32021397881,1854.8489342983469,32.781574227475865,36.66374662048049,3.8821723930046232
2023-11-10 → 2024-11-10,1243.6374487309906,2809.7240621563824,1792.2793657070088,1857.3751944752182,35.03266755955548,39.1892594242819,4.156591864726423
2023-11-11 → 2024-11-11,1125.3657635148375,2809.7240621563824,1788.0538699622962,1876.5611198186257,39.34365431523237,44.59831123280814,5.2546569175757725
2023-11-12 → 2024-11-12,1125.3657635148375,2809.7240621563824,1783.7802052167397,1831.747292680266,39.089927732889215,41.93772368593628,2.8477959530470613
2023-11-13 → 2024-11-13,1106.569479848316,2809.7240621563824,1779.4416698475643,1813.1348863506255,39.507405668802605,41.485688606420695,1.97828293761809
2023-11-14 → 2024-11-14,1106.569479848316,2809.7240621563824,1775.1099283800852,1809.4987841493412,39.25306930306833,41.272196405592,2.019127102523669
2023-11-15 → 2024-11-15,1097.2241010698879,2775.077235554889,1770.4437159520564,1809.6279108472245,40.12387026286458,42.45924718530274,2.335376922438165
2023-11-16 → 2024-11-16,1097.2241010698879,2775.077235554889,1766.2515605738372,1803.630175563173,39.87401791929185,42.101782329721544,2.2277644104296925
2023-11-17 → 2024-11-17,1097.2241010698879,2775.077235554889,1761.7528188540084,1802.8000383879478,39.605893038313546,42.05230617724053,2.446413138926985
2023-11-18 → 2024-11-18,1097.2241010698879,2775.077235554889,1757.3097652360364,1801.2894288742266,39.34108716665209,41.96227389237164,2.6211867257195536
2023-11-19 → 2024-11-19,1083.9622106839906,2775.077235554889,1752.8139490935082,1901.5621849984968,39.55093110597716,48.346798549490906,8.795867443513743
2023-11-20 → 2024-11-20,1062.0216311675938,2775.077235554889,1748.430505213244,1787.4526094347875,40.06926992256954,42.347193891972765,2.2779239694032256
2023-11-21 → 2024-11-21,1014.758970257484,2775.077235554889,1743.9325029652614,1784.5264031569745,41.42282376332577,43.72887835538301,2.3060545920572366
2023-11-22 → 2024-11-22,1010.7304241467481,2686.060364902005,1739.1250184655119,1788.647611091781,43.477680222822,46.43367064724812,2.955990424426119
2023-11-23 → 2024-11-23,1010.7304241467481,2686.060364902005,1734.6287998417695,1787.1436376551596,43.20930212520885,46.34389887154981,3.1345967463409607
2023-11-24 → 2024-11-24,1010.7304241467481,2686.060364902005,1730.106977493129,1804.8438180189414,42.93939574804461,47.400417944789936,4.461022196745326
2023-11-25 → 2024-11-25,1010.7304241467481,2686.060364902005,1725.8021228759967,1782.3187545354558,42.682440117251566,46.055902877308306,3.3734627600567393
2023-11-26 → 2024-11-26,1010.7304241467481,2686.060364902005,1721.559438410779,1773.7767614954384,42.42919540634375,45.54603357740392,3.1168381710601665
2023-11-27 → 2024-11-27,1010.7304241467481,2686.060364902005,1717.1286158055811,1772.4788381220205,42.16472077973973,45.46856087535021,3.303840095610475
2023-11-28 → 2024-11-28,1010.7304241467481,2651.6258332629036,1712.6557482719866,1806.8750777926846,42.77696922214685,48.518915296055845,5.741946073908991
2023-11-29 → 2024-11-29,1010.7304241467481,2651.6258332629036,1708.2502803500222,1773.094700151215,42.50848971409964,46.46026015851329,3.951770444413654
2023-11-30 → 2024-11-30,1010.7304241467481,2651.6258332629036,1703.8754372714288,1775.8498081875364,42.241876555558974,46.62816287924827,4.386286323689298
2023-12-01 → 2024-12-01,1010.7304241467481,2583.742072407147,1699.4458324617792,1781.6682978550398,43.783236384592875,49.01030927271744,5.227072888124567
2023-12-02 → 2024-12-02,1010.7304241467481,2534.0654464057834,1695.2521032357113,1788.9689792557572,44.93572780030025,51.08781349718576,6.152085696885514
2023-12-03 → 2024-12-03,1010.7304241467481,2526.713689303726,1691.185299982417,1797.9444457327318,44.885381750253615,51.92761949812611,7.042237747872498
2023-12-04 → 2024-12-04,1010.7304241467481,2526.713689303726,1687.1241378609893,1813.4494615610529,44.61749210959804,52.95038908831125,8.332896978713208
2023-12-05 → 2024-12-05,1010.7304241467481,2526.713689303726,1683.433169898251,1836.965123900898,44.37402187825903,54.501571273518955,10.127549395259926
2023-12-06 → 2024-12-06,1000.469163430156,2526.713689303726,1679.9759427994948,1821.6067197431953,44.52148838865859,53.80117945668296,9.27969106802437
2023-12-07 → 2024-12-07,1000.2230474567828,2526.713689303726,1676.4726488190768,1812.0017966641426,44.30093331879722,53.17941210731344,8.878478788516219
2023-12-08 → 2024-12-08,992.0734958226994,2526.713689303726,1672.880488652922,1817.2155178873813,44.362645766884754,53.76778384730111,9.405138080416357
2023-12-09 → 2024-12-09,992.0734958226994,2526.713689303726,1669.5143101948704,1779.9364870372392,44.143299338168056,51.33861308737321,7.195313749205155
2023-12-10 → 2024-12-10,992.0734958226994,2526.713689303726,1666.0986224361907,1772.428219226923,43.920726791639616,50.84936043765046,6.928633646010844
2023-12-11 → 2024-12-11,987.0674238606069,2526.713689303726,1662.557613106513,1764.5389660934188,43.87307684934345,50.496764073860255,6.623687224516807
2023-12-12 → 2024-12-12,987.0674238606069,2526.713689303726,1658.6679407329227,1768.5479409565091,43.62044269168707,50.757146926277095,7.136704234590027
2023-12-13 → 2024-12-13,987.0674238606069,2526.713689303726,1654.787084435279,1813.8340764680365,43.368381138020595,53.69848069416656,10.330099556145967
2023-12-14 → 2024-12-14,986.5155977930698,2526.713689303726,1651.1294106763391,1766.1111801540285,43.15119052195444,50.61657891007489,7.465388388120452
2023-12-15 → 2024-12-15,956.467645851043,2526.713689303726,1647.4037350273707,1767.8704529210404,44.001772337352044,51.67360939728092,7.671837059928876
2023-12-16 → 2024-12-16,944.6824897842039,2526.713689303726,1643.486808039385,1755.490911893995,44.171336094219555,51.25110189710805,7.079765802888495
2023-12-17 → 2024-12-17,942.3657531713039,2526.713689303726,1639.59819215965,1754.4420109145897,44.00753288386714,51.256181752958796,7.248648869091653
2023-12-18 → 2024-12-18,942.3657531713039,2526.713689303726,1635.7331694153452,1761.7570592326833,43.763582508058924,51.717888941845004,7.95430643378608
2023-12-19 → 2024-12-19,942.3657531713039,2526.713689303726,1632.1313218525997,1761.0963435815333,43.53624307834136,51.67618625545385,8.139943177112492
2023-12-20 → 2024-12-20,942.3657531713039,2526.713689303726,1628.4767369171796,1779.5748459883646,43.3055750001955,52.842502188047504,9.536927187852001
2023-12-21 → 2024-12-21,942.3657531713039,2526.713689303726,1625.0343209996588,1782.5414039573307,43.08829848920865,53.02974375925237,9.941445270043722
2023-12-22 → 2024-12-22,942.3657531713039,2526.713689303726,1621.6869977227198,1766.0092421254108,42.87702398311056,51.98627587856216,9.1092518954516
2023-12-23 → 2024-12-23,942.3657531713039,2526.713689303726,1618.36985144376,1748.2681397839615,42.66765417214231,50.866502756961275,8.198848584818961
2023-12-24 → 2024-12-24,942.3657531713039,2526.713689303726,1614.9068505131895,1741.0703093495385,42.449078387644875,50.41219406186532,7.963115674220447
2023-12-25 → 2024-12-25,942.3657531713039,2526.713689303726,1611.3302883532326,1729.1305124415035,42.22333490804735,49.65858453988232,7.435249631834971
2023-12-26 → 2024-12-26,942.3657531713039,2526.713689303726,1607.9335206170701,1722.2498306257369,42.00893959381767,49.22429345653839,7.215353862720718
2023-12-27 → 2024-12-27,942.3657531713039,2526.713689303726,1604.4128482550088,1719.3129217849275,41.78672373568643,49.03892326266679,7.2521995269803625
2023-12-28 → 2024-12-28,942.3657531713039,2526.713689303726,1601.0043390299265,1707.573426399871,41.57158732862909,48.297956261837804,6.726368933208711
2023-12-29 → 2024-12-29,942.3657531713039,2526.713689303726,1597.5342425955646,1703.8315034381035,41.35256369403322,48.061775630271356,6.709211936238134
2023-12-30 → 2024-12-30,942.3657531713039,2526.713689303726,1593.9914057410379,1703.9552180278051,41.12894886967998,48.06958417957294,6.940635309892961
2023-12-31 → 2024-12-31,942.3657531713039,2526.713689303726,1590.4528920527641,1704.270997996823,40.905606912552074,48.08951540565128,7.183908493099203
2024-01-01 → 2025-01-01,942.3657531713039,2526.713689303726,1586.8833856752913,1711.270270736979,40.68030877594539,48.53129164561293,7.85098286966754
2024-01-02 → 2025-01-02,942.3657531713039,2526.713689303726,1583.51100140776,1699.014062397716,40.46745248405261,47.75771104126779,7.290258557215182
2024-01-03 → 2025-01-03,942.3657531713039,2526.713689303726,1580.2249562286959,1692.2973126677107,40.26004569516975,47.33376693298046,7.073721237810709
2024-01-04 → 2025-01-04,942.3657531713039,2526.713689303726,1576.6285818276467,1705.3539037700207,40.03305171745622,48.15786565552386,8.12481393806764
2024-01-05 → 2025-01-05,942.3657531713039,2526.713689303726,1573.2396397669452,1689.6614384540194,39.81915033989806,47.16739727682237,7.348246936924312
2024-01-06 → 2025-01-06,942.3657531713039,2526.713689303726,1569.7341219279426,1681.9783181399057,39.59789099660255,46.682458322512296,7.084567325909745
2024-01-07 → 2025-01-07,942.3657531713039,2526.713689303726,1566.33963115609,1678.9085263799873,39.383639398551495,46.48870089777565,7.105061499224156
2024-01-08 → 2025-01-08,942.3657531713039,2526.713689303726,1562.9919279198314,1694.5515017155858,39.17234091039044,47.47604559516484,8.303704684774402
2024-01-09 → 2025-01-09,942.3657531713039,2526.713689303726,1560.1428178529945,1688.9991824725669,38.992512351154154,47.12559736871196,8.133085017557804
2024-01-10 → 2025-01-10,942.3657531713039,2526.713689303726,1557.105643863788,1687.9735016481977,38.80081367689572,47.06085901162652,8.260045334730798
2024-01-11 → 2025-01-11,942.3657531713039,2526.713689303726,1554.1658247273442,1647.9169609938704,38.61525979258795,44.532592351204066,5.917332558616117
2024-01-12 → 2025-01-12,942.3657531713039,2526.713689303726,1551.178848482657,1793.0671530638665,38.426729471907336,53.69410219129163,15.26737271938429
2024-01-13 → 2025-01-13,942.3657531713039,2526.713689303726,1547.7022735508087,1649.5880096304709,38.207296931077,44.638064678240994,6.430767747163991
2024-01-14 → 2025-01-14,942.3657531713039,2526.713689303726,1544.1644962548512,1642.6735082007476,37.98400145315354,44.20163898713918,6.217637533985638
2024-01-15 → 2025-01-15,942.3657531713039,2526.713689303726,1540.3796705518835,1645.4793093339272,37.74511291000897,44.37873399696567,6.633621086956701
2024-01-16 → 2025-01-16,942.3657531713039,2526.713689303726,1536.6981488948807,1638.4261177605454,37.512744654713366,43.933554537799694,6.420809883086328
2024-01-17 → 2025-01-17,942.3657531713039,2526.713689303726,1532.999125316708,1618.9409147719718,37.279271722801546,42.70369823261591,5.424426509814367
2024-01-18 → 2025-01-18,942.3657531713039,2526.713689303726,1529.2262756896455,1635.9016137545677,37.04113907901673,43.77421428504307,6.733075206026342
2024-01-19 → 2025-01-19,942.3657531713039,2526.713689303726,1525.3216482104058,1709.1359732943351,36.79468895337252,48.39658023570294,11.60189128233042
2024-01-20 → 2025-01-20,942.3657531713039,2526.713689303726,1521.4287686443424,1664.2461785037267,36.54898032603866,45.56325090400389,9.014270577965227
2024-01-21 → 2025-01-21,942.3657531713039,2526.713689303726,1517.4604323794758,1580.0763244022667,36.29850906436909,40.25066443345068,3.952155369081588
2024-01-22 → 2025-01-22,942.3657531713039,2526.713689303726,1513.5257944382663,1572.961813124969,36.050164754923124,39.801614631002295,3.751449876079171
2024-01-23 → 2025-01-23,942.3657531713039,2516.5263834787474,1509.2563691284242,1569.5580311452902,36.01224710126329,39.842965571530755,3.8307184702674633
2024-01-24 → 2025-01-24,942.3657531713039,2505.1567934795335,1505.0014273846057,1566.1619860317655,36.00197721266261,39.9155240061672,3.913546793504594
2024-01-25 → 2025-01-25,942.3657531713039,2505.1567934795335,1500.8050977810199,1562.8908085300668,35.73346213320847,39.70620763453933,3.972745501330863
2024-01-26 → 2025-01-26,942.3657531713039,2388.8737129411197,1496.628776779449,1560.4457477438864,38.31731584085755,42.72911119486256,4.411795354005008
2024-01-27 → 2025-01-27,942.3657531713039,2381.915339734976,1492.7933785483008,1558.6726010341786,38.23610041047038,42.812477848300574,4.576377437830196
2024-01-28 → 2025-01-28,942.3657531713039,2381.915339734976,1489.01919975843,1557.8309122487594,37.973922655351835,42.75400894988435,4.780086294532516
2024-01-29 → 2025-01-29,942.3657531713039,2348.7250048023193,1485.1510103581916,1568.348851682912,38.59506428086538,44.51089561828733,5.915831337421949
2024-01-30 → 2025-01-30,942.3657531713039,2348.7250048023193,1481.4416444254823,1557.0785404942867,38.33130763913906,43.709513526509944,5.378205887370882
2024-01-31 → 2025-01-31,942.3657531713039,2348.7250048023193,1477.7620384118038,1553.418412329996,38.069667093921964,43.449257965205405,5.37959087128344
2024-02-01 → 2025-02-01,942.3657531713039,2348.7250048023193,1474.0724905472216,1566.7519208991189,37.807319627561334,44.39734491764372,6.590025290082387
2024-02-02 → 2025-02-02,942.3657531713039,2348.7250048023193,1470.5355752791293,1556.7989533661143,37.55582519155642,43.689633319667486,6.133808128111063
2024-02-03 → 2025-02-03,942.3657531713039,2348.7250048023193,1466.9040071672337,1541.3191426177086,37.29760040953975,42.588932291075174,5.291331881535427
2024-02-04 → 2025-02-04,942.3657531713039,2348.7250048023193,1463.3493939349796,1537.9611052230498,37.044847549405915,42.350157071246784,5.305309521840869
2024-02-05 → 2025-02-05,942.3657531713039,2346.3562367939194,1459.771485677169,1536.4426979226205,36.852509938018976,42.3134595056843,5.460949567665324
2024-02-06 → 2025-02-06,942.3657531713039,2320.0399387718735,1456.2005589028877,1535.2003224732844,37.29726600833329,43.03155096453709,5.734284956203801
2024-02-07 → 2025-02-07,942.3657531713039,2259.7321962169453,1452.7059416462723,1533.9136074703274,38.73942525020634,44.90381984616324,6.1643945959568995
2024-02-08 → 2025-02-08,942.3657531713039,2205.9427776628186,1449.3692357441862,1532.873330175252,40.124461963599664,46.733009983430065,6.608548019830401
2024-02-09 → 2025-02-09,942.3657531713039,2119.6784657802627,1446.1876925863414,1532.058826559464,42.79423249397804,50.08805791975042,7.293825425772376
2024-02-10 → 2025-02-10,942.3657531713039,2092.361121125474,1443.210245162769,1531.7562321439987,43.55187037687485,51.251552432008,7.699682055133145
2024-02-11 → 2025-02-11,942.3657531713039,2074.654422592821,1440.3530572378666,1531.8994554849883,43.9805958953014,52.065671787996905,8.085075892695507
2024-02-12 → 2025-02-12,942.3657531713039,2014.9877142579796,1437.487377353719,1533.0765356110828,46.15993725140648,55.071665868311,8.911728616904519
2024-02-13 → 2025-02-13,942.3657531713039,2014.9877142579796,1434.8592808032752,1534.2674660258172,45.91492114640511,55.1826957052843,9.26777455887919
2024-02-14 → 2025-02-14,942.3657531713039,1968.9247297129186,1432.1659701632225,1551.4387337149176,47.712818082991355,59.33151377191459,11.618695688923232
2024-02-15 → 2025-02-15,942.3657531713039,1968.9247297129186,1429.7025191800774,1552.4681073581373,47.47284638731302,59.4317879565199,11.958941569206878
2024-02-16 → 2025-02-16,942.3657531713039,1968.9247297129186,1427.2893384449035,1547.537132344228,47.237771658016534,58.951447798127695,11.713676140111161
2024-02-17 → 2025-02-17,942.3657531713039,1968.9247297129186,1424.9096873142043,1546.4957849065697,47.005963141888614,58.85000721249604,11.844044070607424
2024-02-18 → 2025-02-18,942.3657531713039,1968.9247297129186,1422.491583239768,1548.5587374879542,46.77040881625379,59.050965231326515,12.280556415072724
2024-02-19 → 2025-02-19,942.3657531713039,1968.9247297129186,1420.0857706420231,1547.658665918377,46.53605183796795,58.96328672574182,12.427234887773864
2024-02-20 → 2025-02-20,942.3657531713039,1968.9247297129186,1417.5953555347135,1546.5269546747113,46.29345349104203,58.85304354736367,12.559590056321639
2024-02-21 → 2025-02-21,942.3657531713039,1968.9247297129186,1415.2231043219888,1546.0388218308892,46.062365821757155,58.80549315279535,12.743127331038195
2024-02-22 → 2025-02-22,942.3657531713039,1968.9247297129186,1412.7777536713802,1544.1578525147545,45.824157330429486,58.62226263617452,12.798105305745032
2024-02-23 → 2025-02-23,942.3657531713039,1968.9247297129186,1410.3010886115342,1547.781008758037,45.58289841433781,58.97520448618771,13.392306071849895
2024-02-24 → 2025-02-24,942.3657531713039,1938.8022905793323,1407.9021076242543,1552.716815425152,46.7201208482301,61.253380354911336,14.533259506681233
2024-02-25 → 2025-02-25,942.3657531713039,1932.4986355847361,1405.6887772893515,1558.6283161233482,46.79402455443208,62.24038953740377,15.446364982971694
2024-02-26 → 2025-02-26,942.3657531713039,1857.3912301252,1403.6673852638544,1567.1825973296272,50.41407520457414,68.28409261765341,17.870017413079275
2024-02-27 → 2025-02-27,942.3657531713039,1857.3912301252,1401.892341224189,1575.1717234466778,50.22008672180813,69.15719684461398,18.937110122805848
2024-02-28 → 2025-02-28,942.3657531713039,1857.3912301252,1400.3505959179122,1582.2365082934016,50.05159465846042,69.92928298042763,19.877688321967213
2024-02-29 → 2025-02-28,942.3657531713039,1857.3912301252,1399.8023580055415,1583.5543145569286,49.99167961498034,70.07330151288576,20.08162189790542
2024-03-01 → 2025-03-01,942.3657531713039,1857.3912301252,1398.5348603465145,1587.48479529783,49.85315913757829,70.50285028938387,20.649691151805584
2024-03-02 → 2025-03-02,942.3657531713039,1857.3912301252,1397.0615132007847,1591.0701361702736,49.692142074902115,70.89467991191843,21.202537837016315
2024-03-03 → 2025-03-03,942.3657531713039,1857.3912301252,1395.823592805762,1596.781920549636,49.556853995367575,71.51890126129297,21.962047265925392
2024-03-04 → 2025-03-04,942.3657531713039,1857.3912301252,1394.6149790844238,1600.873946662088,49.42476874181139,71.96610477808184,22.54133603627045
2024-03-05 → 2025-03-05,942.3657531713039,1857.3912301252,1393.6174697249635,1602.530639791837,49.315754360836884,72.14715909530854,22.831404734471654
2024-03-06 → 2025-03-06,942.3657531713039,1857.3912301252,1392.3733916537592,1603.0226819888821,49.179793329965285,72.20093270155643,23.02113937159114
2024-03-07 → 2025-03-07,942.3657531713039,1857.3912301252,1391.3968326853017,1602.511725587118,49.0730685454589,72.14509202666449,23.072023481205584
2024-03-08 → 2025-03-08,942.3657531713039,1857.3912301252,1390.4938499630375,1603.2847097741671,48.974384656867066,72.22956882064649,23.255184163779425
2024-03-09 → 2025-03-09,942.3657531713039,1857.3912301252,1389.883924134565,1604.9065793850014,48.90772795234524,72.40681739477728,23.499089442432037
2024-03-10 → 2025-03-10,942.3657531713039,1857.3912301252,1389.35366913186,1604.925402122446,48.84977819946293,72.4088744672762,23.559096267813274
2024-03-11 → 2025-03-11,942.3657531713039,1857.3912301252,1388.6890459239942,1603.665767042392,48.777143805710494,72.27121326419721,23.49406945848672
2024-03-12 → 2025-03-12,942.3657531713039,1857.3912301252,1388.1717307707042,1607.3346265300802,48.72060820464591,72.67217035010283,23.95156214545692
2024-03-13 → 2025-03-13,942.3657531713039,1857.3912301252,1387.715366501989,1610.933682612199,48.67073371697213,73.06549886092199,24.39476514394986
2024-03-14 → 2025-03-14,942.3657531713039,1857.3912301252,1387.2253234386894,1615.1301976297423,48.617178589203355,73.52412161222652,24.906943023023167
2024-03-15 → 2025-03-15,942.3657531713039,1857.3912301252,1386.6433500852397,1621.6293068185976,48.553576714926905,74.23438699308682,25.68081027815991
2024-03-16 → 2025-03-16,942.3657531713039,1857.3912301252,1386.0199406805114,1624.0809096497746,48.485446436543434,74.50231426865714,26.01686783211371
2024-03-17 → 2025-03-17,942.3657531713039,1857.3912301252,1385.0964806916916,1615.4494423275378,48.384524657633634,73.55901077169105,25.174486114057416
2024-03-18 → 2025-03-18,942.3657531713039,1857.3912301252,1384.3998194633466,1626.3986443323095,48.30838893836775,74.75561155282135,26.4472226144536
2024-03-19 → 2025-03-19,942.3657531713039,1857.3912301252,1383.5169122036195,1627.554269566625,48.21189902830904,74.88190587614038,26.67000684783134
2024-03-20 → 2025-03-20,942.3657531713039,1857.3912301252,1382.3557253570843,1625.241950409256,48.08499689544157,74.62920043617093,26.544203540729363
2024-03-21 → 2025-03-21,942.3657531713039,1857.3912301252,1381.5787113353088,1627.0273106943198,48.00007969462633,74.82431634605872,26.824236651432393
2024-03-22 → 2025-03-22,942.3657531713039,1857.3912301252,1380.6640719464929,1626.728829841195,47.900121888876406,74.79169639605269,26.89157450717628
2024-03-23 → 2025-03-23,942.3657531713039,1857.3912301252,1379.5462970772908,1624.7340587466072,47.77796410230601,74.57369469611878,26.79573059381277
2024-03-24 → 2025-03-24,942.3657531713039,1857.3912301252,1378.4300380231916,1619.753190526872,47.65597197397586,74.02935267011134,26.373380696135477
2024-03-25 → 2025-03-25,942.3657531713039,1857.3912301252,1377.4949322706802,1579.5391844326239,47.55377746944421,69.63450169523794,22.08072422579373
2024-03-26 → 2025-03-26,942.3657531713039,1857.3912301252,1376.7404862671278,1617.53008457771,47.471326650034904,73.78639703607122,26.315070386036318
2024-03-27 → 2025-03-27,942.3657531713039,1857.3912301252,1375.9741396267598,1621.1564650027462,47.38757525079308,74.1827117307296,26.795136479936517
2024-03-28 → 2025-03-28,942.3657531713039,1857.3912301252,1375.2704278242245,1620.9539826080343,47.31066899842534,74.16058312340535,26.849914124980003
2024-03-29 → 2025-03-29,942.3657531713039,1857.3912301252,1374.724716501155,1624.4430572417698,47.25103007723528,74.54189213846693,27.290862061231657
2024-03-30 → 2025-03-30,942.3657531713039,1857.3912301252,1374.1401124573924,1626.017040938082,47.18714070382584,74.71390742503053,27.526766721204687
2024-03-31 → 2025-03-31,942.3657531713039,1857.3912301252,1373.531385322588,1627.0627539364125,47.12061500042894,74.82818981657789,27.70757481614895
2024-04-01 → 2025-04-01,942.3657531713039,1857.3912301252,1372.9012977621273,1619.5531194941134,47.05175488928119,74.00748759227496,26.955732702993764
2024-04-02 → 2025-04-02,942.3657531713039,1857.3912301252,1372.2960184905278,1617.5709532940648,46.985605991043464,73.79086343808777,26.805257447044305
2024-04-03 → 2025-04-03,942.3657531713039,1857.3912301252,1371.421374732877,1618.9306277782052,46.89001917082044,73.93945760495914,27.049438434138708
2024-04-04 → 2025-04-04,942.3657531713039,1857.3912301252,1370.5512030663022,1620.504605196456,46.79492109011217,74.11147220541491,27.316551115302744
2024-04-05 → 2025-04-05,942.3657531713039,1857.3912301252,1369.83884033581,1618.1610108187397,46.71706940746135,73.85534880374549,27.138279396284133
2024-04-06 → 2025-04-06,942.3657531713039,1857.3912301252,1369.320373306805,1617.1458259315764,46.66040792184559,73.744402724895,27.083994803049407
2024-04-07 → 2025-04-07,942.3657531713039,1857.3912301252,1368.8085621719872,1614.2101578670568,46.60447383610607,73.4235736181151,26.819099782009033
2024-04-08 → 2025-04-08,942.3657531713039,1857.3912301252,1368.449707107741,1610.1193891151158,46.56525579537557,72.97650751394946,26.411251718573887
2024-04-09 → 2025-04-09,942.3657531713039,1857.3912301252,1367.9427055049246,1610.3383832961845,46.509847326913665,73.00044063784429,26.490593310930628
2024-04-10 → 2025-04-10,942.3657531713039,1857.3912301252,1367.4214435997974,1612.7402747913807,46.452880398860195,73.26293513178909,26.810054732928897
2024-04-11 → 2025-04-11,942.3657531713039,1857.3912301252,1366.8279312432894,1601.5558232512462,46.38801746646581,72.0406247347751,25.652607268309282
2024-04-12 → 2025-04-12,942.3657531713039,1857.3912301252,1366.1315753207577,1600.7074389049,46.31191511302645,71.94790771566318,25.635992602636726
2024-04-13 → 2025-04-13,942.3657531713039,1857.3912301252,1365.3290118236112,1599.1217574956772,46.224205697566425,71.77461402612553,25.550408328559108
2024-04-14 → 2025-04-14,942.3657531713039,1857.3912301252,1364.3263867873166,1592.0642465446895,46.114632241794205,71.00332282946049,24.888690587666282
2024-04-15 → 2025-04-15,942.3657531713039,1857.3912301252,1363.4299262723814,1598.0919754979009,46.01666114289984,71.66207267905787,25.64541153615803
2024-04-16 → 2025-04-16,942.3657531713039,1857.3912301252,1362.3667549599552,1583.0276261405843,45.90047079200759,70.01574154000963,24.11527074800204
2024-04-17 → 2025-04-17,942.3657531713039,1857.3912301252,1361.29987627134,1581.2076460330713,45.78387527467109,69.81684214831492,24.03296687364383
2024-04-18 → 2025-04-18,942.3657531713039,1857.3912301252,1360.0803928058115,1588.348531504538,45.65060210400614,70.59724506072764,24.946642956721504
2024-04-19 → 2025-04-19,942.3657531713039,1857.3912301252,1358.9880301696357,1588.3742171867234,45.5312215333348,70.60005216094861,25.068830627613806
2024-04-20 → 2025-04-20,942.3657531713039,1857.3912301252,1357.9135692576679,1588.6463498928274,45.41379738078062,70.62979261222107,25.215995231440445
2024-04-21 → 2025-04-21,942.3657531713039,1857.3912301252,1356.8317028703598,1585.405515652965,45.295563909193625,70.2756129394702,24.980049030276568
2024-04-22 → 2025-04-22,942.3657531713039,1857.3912301252,1355.5485175766948,1588.120030856977,45.155328983939235,70.57227300767383,25.416944023734594
2024-04-23 → 2025-04-23,942.3657531713039,1857.3912301252,1354.3832493448565,1576.111880474401,45.027980810452576,69.25994338571061,24.231962575258038
2024-04-24 → 2025-04-24,942.3657531713039,1857.3912301252,1353.1788063609827,1583.1925569072496,44.89635136250722,70.03376625853598,25.13741489602876
2024-04-25 → 2025-04-25,942.3657531713039,1857.3912301252,1351.8052945383229,1574.105396536919,44.74624496030821,69.0406616292986,24.294416668990387
2024-04-26 → 2025-04-26,942.3657531713039,1857.3912301252,1350.4555939952052,1573.4358589656636,44.59874081128595,68.96749016160523,24.368749350319277
2024-04-27 → 2025-04-27,942.3657531713039,1857.3912301252,1349.0840092146718,1564.6840834587117,44.44884500891996,68.01103859524159,23.562193586321627
2024-04-28 → 2025-04-28,942.3657531713039,1857.3912301252,1347.6505183144282,1558.2323241841452,44.292183698787284,67.30594792431904,23.01376422553176
2024-04-29 → 2025-04-29,942.3657531713039,1857.3912301252,1346.2156157236946,1546.8017255508328,44.135368109836655,66.0567369546568,21.921368844820144
2024-04-30 → 2025-04-30,942.3657531713039,1857.3912301252,1344.8397073354395,1539.8413660561673,43.98499979519306,65.2960631078655,21.311063312672445
2024-05-01 → 2025-05-01,942.3657531713039,1857.3912301252,1343.1676899193262,1541.1484823280632,43.80227073920225,65.43891336775633,21.63664262855408
2024-05-02 → 2025-05-02,942.3657531713039,1857.3912301252,1341.2897529406655,1549.4730166250883,43.597037439588306,66.34867320578154,22.751635766193232
2024-05-03 → 2025-05-03,942.3657531713039,1857.3912301252,1339.519906933263,1567.228446132519,43.40361703196268,68.28910327626855,24.885486244305866
2024-05-04 → 2025-05-04,942.3657531713039,1857.3912301252,1338.076895532172,1575.2683463668043,43.245915258904446,69.16775643257738,25.92184117367293
2024-05-05 → 2025-05-05,942.3657531713039,1857.3912301252,1336.6803034924064,1561.4686053098462,43.09328649883813,67.6596300028197,24.566343503981564
2024-05-06 → 2025-05-06,942.3657531713039,1857.3912301252,1335.2418085415575,1556.6133925864333,42.936078313155946,67.12902043557837,24.192942122422423
2024-05-07 → 2025-05-07,942.3657531713039,1857.3912301252,1333.7333239839118,1549.1457214447046,42.77122120309302,66.31290423665148,23.541683033558456
2024-05-08 → 2025-05-08,942.3657531713039,1857.3912301252,1332.0053939136556,1547.5891867622677,42.58238164465706,66.14279589304356,23.560414248386493
2024-05-09 → 2025-05-09,942.3657531713039,1857.3912301252,1330.186310659983,1548.8481906030704,42.38358026704645,66.28038811014704,23.896807843100596
2024-05-10 → 2025-05-10,942.3657531713039,1857.3912301252,1328.4618307447658,1546.8710178640238,42.195117764236365,66.0643096742079,23.86919190997154
2024-05-11 → 2025-05-11,942.3657531713039,1857.3912301252,1326.6029030334432,1550.8618088013695,41.991961922334454,66.5004495454857,24.50848762315124
2024-05-12 → 2025-05-12,942.3657531713039,1857.3912301252,1324.7670253693136,1556.4165321168912,41.79132514113343,67.1075062291983,25.316181088064866
2024-05-13 → 2025-05-13,942.3657531713039,1857.3912301252,1322.942866400309,1560.014201769498,41.59196905598078,67.50068322188525,25.90871416590447
2024-05-14 → 2025-05-14,942.3657531713039,1857.3912301252,1321.2361721569002,1562.90276704383,41.405450288318676,67.8163646260739,26.41091433775523
2024-05-15 → 2025-05-15,942.3657531713039,1857.3912301252,1319.4318560835718,1573.5299017885436,41.208262765263584,68.97776777957857,27.769505014314987
2024-05-16 → 2025-05-16,942.3657531713039,1857.3912301252,1317.9478382275522,1572.1639385693907,41.04607953721185,68.82848633839944,27.78240680118759
2024-05-17 → 2025-05-17,942.3657531713039,1857.3912301252,1316.4095075147886,1582.2287988509183,40.87796064309268,69.92844044186697,29.05047979877429
2024-05-18 → 2025-05-18,942.3657531713039,1857.3912301252,1314.9060876032388,1572.5032043330548,40.713657030852865,68.86556353157154,28.151906500718674
2024-05-19 → 2025-05-19,942.3657531713039,1857.3912301252,1313.4137141314725,1571.642271952983,40.550560646177935,68.77147518083646,28.220914534658526
2024-05-20 → 2025-05-20,935.5120639280841,1857.3912301252,1311.8462109734069,1580.1531273069086,40.82250264942587,69.92685017908165,29.104347529655783
2024-05-21 → 2025-05-21,911.5366811731703,1857.3912301252,1310.4994507171264,1575.4584030082485,42.18013964049667,70.19279259910287,28.012652958606203
2024-05-22 → 2025-05-22,897.0459084351565,1857.3912301252,1309.059271839629,1568.2584753742765,42.9026261802785,69.89283456474809,26.990208384469582
2024-05-23 → 2025-05-23,897.0459084351565,1857.3912301252,1307.6503465139053,1562.3533671237892,42.755915898684776,69.27794030566061,26.52202440697583
2024-05-24 → 2025-05-24,897.0459084351565,1857.3912301252,1306.149829215401,1562.5211651112002,42.59966821729204,69.29541297758612,26.695744760294083
2024-05-25 → 2025-05-25,897.0459084351565,1857.3912301252,1304.6760954921422,1555.7896495501432,42.446209488439656,68.59446557783093,26.148256089391275
2024-05-26 → 2025-05-26,897.0459084351565,1857.3912301252,1303.2306066473566,1549.1297775001983,42.295691876478806,67.90097836031373,25.605286483834924
2024-05-27 → 2025-05-27,897.0459084351565,1857.3912301252,1301.7438475237755,1542.414328050422,42.14087682297652,67.2017039120394,25.060827089062883
2024-05-28 → 2025-05-28,897.0459084351565,1857.3912301252,1300.336243852706,1534.9151649165412,41.99430416423829,66.4208219767077,24.426517812469413
2024-05-29 → 2025-05-29,897.0459084351565,1857.3912301252,1298.9224935966552,1528.9236860090327,41.84709146645964,65.79693400930817,23.949842542848536
2024-05-30 → 2025-05-30,897.0459084351565,1857.3912301252,1297.5074033479068,1523.7986411195407,41.69973923629956,65.26326713201523,23.563527895715673
2024-05-31 → 2025-05-31,897.0459084351565,1857.3912301252,1296.1208334042235,1518.69637142235,41.555356802984505,64.73197181751195,23.176615014527442
2024-06-01 → 2025-06-01,897.0459084351565,1857.3912301252,1294.6494012997885,1515.7260204945703,41.40213773988275,64.42267152097358,23.020533781090833
