window,min_sats_per_dollar,max_sats_per_dollar,uniform_sats_per_dollar,dynamic_sats_per_dollar,uniform_percentile,dynamic_percentile,excess_percentile
2018-01-01 → 2019-01-01,5846.725992123569,31396.444360089477,14767.937007549512,14767.937007549512,34.917062047193866,34.917062047193866,0.0
2018-01-02 → 2019-01-02,5846.725992123569,31396.444360089477,14817.734901493854,14817.734901493852,35.11196789009653,35.11196789009652,-7.105427357601002e-15
2018-01-03 → 2019-01-03,5846.725992123569,31396.444360089477,14871.414334433759,14871.414334433759,35.32206583390482,35.32206583390482,0.0
2018-01-04 → 2019-01-04,5846.725992123569,31396.444360089477,14924.595887742842,14924.595887742842,35.53021510797182,35.53021510797182,0.0
2018-01-05 → 2019-01-05,5846.725992123569,31396.444360089477,14978.393221092227,14978.393221092225,35.74077450661018,35.74077450661017,-7.105427357601002e-15
2018-01-06 → 2019-01-06,5846.725992123569,31396.444360089477,15029.848123319223,15029.84812331922,35.942165776314,35.94216577631399,-7.105427357601002e-15
2018-01-07 → 2019-01-07,6160.786042591422,31396.444360089477,15082.162088862544,15082.162088862544,35.35226200176107,35.35226200176107,0.0
2018-01-08 → 2019-01-08,6694.598724167442,31396.444360089477,15133.761560768795,15133.761560768791,34.16409834708429,34.16409834708428,-1.4210854715202004e-14
2018-01-09 → 2019-01-09,6817.056260699874,31396.444360089477,15183.703666276037,15183.703666276038,34.039282718286785,34.03928271828679,7.105427357601002e-15
2018-01-10 → 2019-01-10,6817.056260699874,31396.444360089477,15240.013345709338,15240.013345709336,34.2683758072018,34.26837580720179,-7.105427357601002e-15
2018-01-11 → 2019-01-11,7026.801947562095,31396.444360089477,15296.777098955032,15296.777098955032,33.935562169519976,33.935562169519976,0.0
2018-01-12 → 2019-01-12,7026.801947562095,31396.444360089477,15351.595912800987,15351.595912800985,34.16050931038477,34.16050931038476,-7.105427357601002e-15
2018-01-13 → 2019-01-13,7026.801947562095,31396.444360089477,15409.65302451156,15409.653024511563,34.39874469655821,34.398744696558225,1.4210854715202004e-14
2018-01-14 → 2019-01-14,7309.372233038978,31396.444360089477,15464.964100450088,15464.964100450086,33.858792900994125,33.858792900994125,0.0
2018-01-15 → 2019-01-15,7357.43343237105,31396.444360089477,15521.285148390121,15521.28514839012,33.9608469773008,33.96084697730078,-1.4210854715202004e-14
2018-01-16 → 2019-01-16,7831.832029555435,31396.444360089477,15576.93143254672,15576.931432546717,32.86750188949855,32.867501889498534,-1.4210854715202004e-14
2018-01-17 → 2019-01-17,7831.832029555435,31396.444360089477,15628.088379484641,15628.088379484643,33.08459413875926,33.08459413875926,0.0
2018-01-18 → 2019-01-18,7831.832029555435,31396.444360089477,15679.302430922477,15679.302430922475,33.3019287196107,33.30192871961069,-7.105427357601002e-15
2018-01-19 → 2019-01-19,7831.832029555435,31396.444360089477,15729.105932213028,15729.105932213026,33.51327741736126,33.51327741736125,-7.105427357601002e-15
2018-01-20 → 2019-01-20,7831.832029555435,31396.444360089477,15782.441961476794,15782.441961476794,33.73961693237486,33.73961693237486,0.0
2018-01-21 → 2019-01-21,8608.846026879573,31396.444360089477,15838.320986993534,15838.320986993536,31.725480036998714,31.725480036998725,1.0658141036401503e-14
2018-01-22 → 2019-01-22,8608.846026879573,31396.444360089477,15890.777944238658,15890.77794423866,31.955679623976142,31.955679623976152,1.0658141036401503e-14
2018-01-23 → 2019-01-23,8608.846026879573,31396.444360089477,15942.255294832687,15942.255294832681,32.18158035226398,32.18158035226396,-2.1316282072803006e-14
2018-01-24 → 2019-01-24,8608.846026879573,31396.444360089477,15993.657012582125,15993.657012582124,32.407149177016024,32.407149177016024,0.0
2018-01-25 → 2019-01-25,8608.846026879573,31396.444360089477,16046.0375068684,16046.037506868399,32.637013217624194,32.63701321762419,-7.105427357601002e-15
2018-01-26 → 2019-01-26,8608.846026879573,31396.444360089477,16098.302295751626,16098.302295751624,32.86636950220929,32.86636950220928,-7.105427357601002e-15
2018-01-27 → 2019-01-27,8608.846026879573,31396.444360089477,16150.777758729811,16150.777758729811,33.096650298855195,33.096650298855195,0.0
2018-01-28 → 2019-01-28,8608.846026879573,31396.444360089477,16206.183417871507,16206.183417871507,33.33978982734578,33.33978982734578,0.0
2018-01-29 → 2019-01-29,8665.013949999768,31396.444360089477,16263.120821486695,16263.120821486693,33.42555542881448,33.42555542881448,0.0
2018-01-30 → 2019-01-30,8665.013949999768,31396.444360089477,16318.052228249458,16318.052228249457,33.667209410863855,33.66720941086385,-7.105427357601002e-15
2018-01-31 → 2019-01-31,8665.013949999768,31396.444360089477,16370.740107389045,16370.740107389043,33.89899367691779,33.898993676917776,-1.4210854715202004e-14
2018-02-01 → 2019-02-01,8665.013949999768,31396.444360089477,16422.86306342347,16422.86306342347,34.128292735947916,34.128292735947916,0.0
2018-02-02 → 2019-02-02,8665.013949999768,31396.444360089477,16471.561060409345,16471.56106040934,34.34252473150355,34.34252473150354,-1.4210854715202004e-14
2018-02-03 → 2019-02-03,8665.013949999768,31396.444360089477,16520.517091256683,16520.517091256683,34.557891868389085,34.557891868389085,0.0
2018-02-04 → 2019-02-04,8665.013949999768,31396.444360089477,16570.689764359973,16570.689764359973,34.77861125207125,34.77861125207125,0.0
2018-02-05 → 2019-02-05,8665.013949999768,31396.444360089477,16617.313149117315,16617.313149117315,34.983716623428116,34.983716623428116,0.0
2018-02-06 → 2019-02-06,8665.013949999768,31396.444360089477,16658.559183737878,16658.559183737874,35.1651659817679,35.165165981767885,-1.4210854715202004e-14
2018-02-07 → 2019-02-07,8665.013949999768,31396.444360089477,16704.596683327505,16704.59668332751,35.36769392989559,35.3676939298956,1.4210854715202004e-14
2018-02-08 → 2019-02-08,8665.013949999768,31396.444360089477,16744.395500324565,16744.395500324565,35.542776695384,35.542776695384,0.0
2018-02-09 → 2019-02-09,8665.013949999768,31396.444360089477,16786.600650381373,16786.60065038137,35.728445389766186,35.728445389766165,-2.1316282072803006e-14
2018-02-10 → 2019-02-10,8665.013949999768,31396.444360089477,16830.07205179181,16830.072051791813,35.919684571050354,35.91968457105037,1.4210854715202004e-14
2018-02-11 → 2019-02-11,8665.013949999768,31396.444360089477,16874.13606309631,16874.13606309631,36.11353075894772,36.11353075894772,0.0
2018-02-12 → 2019-02-12,8665.013949999768,31396.444360089477,16916.542539457067,16916.542539457063,36.30008512704386,36.30008512704384,-1.4210854715202004e-14
2018-02-13 → 2019-02-13,8665.013949999768,31396.444360089477,16962.272753047957,16962.272753047957,36.50126126407478,36.50126126407478,0.0
2018-02-14 → 2019-02-14,8665.013949999768,31396.444360089477,17006.926162285872,17006.926162285872,36.69770032854339,36.69770032854339,0.0
2018-02-15 → 2019-02-15,8665.013949999768,31396.444360089477,17054.70693806179,17054.706938061798,36.90789728893666,36.90789728893669,2.842170943040401e-14
2018-02-16 → 2019-02-16,8665.013949999768,31396.444360089477,17103.89180953251,17103.891809532513,37.124271140398676,37.12427114039869,1.4210854715202004e-14
2018-02-17 → 2019-02-17,8665.013949999768,31396.444360089477,17152.495859809755,17152.49585980975,37.338089846042784,37.33808984604276,-2.1316282072803006e-14
2018-02-18 → 2019-02-18,8665.013949999768,31396.444360089477,17198.520317007256,17198.520317007256,37.540560418141375,37.540560418141375,0.0
2018-02-19 → 2019-02-19,8665.013949999768,31396.444360089477,17242.519251116897,17242.519251116897,37.73412031875419,37.73412031875419,0.0
2018-02-20 → 2019-02-20,8665.013949999768,31396.444360089477,17287.485557395314,17287.48555739531,37.93193587838768,37.93193587838766,-1.4210854715202004e-14
2018-02-21 → 2019-02-21,8665.013949999768,31396.444360089477,17333.3869195321,17333.386919532095,38.133864931283576,38.13386493128356,-1.4210854715202004e-14
2018-02-22 → 2019-02-22,8665.013949999768,31396.444360089477,17376.463657123404,17376.4636571234,38.32336790938119,38.323367909381176,-1.4210854715202004e-14
2018-02-23 → 2019-02-23,8665.013949999768,31396.444360089477,17415.279672852856,17415.279672852856,38.4941271402311,38.4941271402311,0.0
2018-02-24 → 2019-02-24,8665.013949999768,31396.444360089477,17461.163616759623,17461.163616759623,38.69597956693276,38.69597956693276,0.0
2018-02-25 → 2019-02-25,8665.013949999768,31396.444360089477,17504.444070445148,17504.44407044514,38.88637873189827,38.88637873189823,-3.552713678800501e-14
2018-02-26 → 2019-02-26,8665.013949999768,31396.444360089477,17547.966307610375,17547.966307610375,39.077841549591916,39.077841549591916,0.0
2018-02-27 → 2019-02-27,8665.013949999768,31396.444360089477,17593.384269442515,17593.38426944252,39.27764403017835,39.277644030178365,1.4210854715202004e-14
2018-02-28 → 2019-02-28,8665.013949999768,31396.444360089477,17639.774070645817,17639.774070645817,39.48172182188085,39.48172182188085,0.0
2018-03-01 → 2019-03-01,8665.013949999768,31396.444360089477,17684.965984999737,17684.965984999737,39.68052987548166,39.68052987548166,0.0
2018-03-02 → 2019-03-02,8665.013949999768,31396.444360089477,17731.67284484927,17731.67284484927,39.88600247006506,39.88600247006506,0.0
2018-03-03 → 2019-03-03,8665.013949999768,31396.444360089477,17779.10197501802,17779.101975018028,40.0946524727842,40.09465247278423,3.552713678800501e-14
2018-03-04 → 2019-03-04,8665.013949999768,31396.444360089477,17829.06986228786,17829.069862287863,40.31447096360675,40.314470963606766,1.4210854715202004e-14
2018-03-05 → 2019-03-05,8665.013949999768,31396.444360089477,17876.383417755358,17876.383417755358,40.52261253065261,40.52261253065261,0.0
2018-03-06 → 2019-03-06,9365.89585383936,31396.444360089477,17923.63898234742,17923.638982347416,38.844893607983515,38.8448936079835,-1.4210854715202004e-14
2018-03-07 → 2019-03-07,10097.863393503589,31396.444360089477,17968.907372642614,17968.907372642614,36.95572015566413,36.95572015566413,0.0
2018-03-08 → 2019-03-08,10208.325616879292,31396.444360089477,18012.483881147895,18012.4838811479,36.83270968438137,36.832709684381385,1.4210854715202004e-14
2018-03-09 → 2019-03-09,10208.325616879292,31396.444360089477,18053.072727967847,18053.072727967847,37.02427386859172,37.02427386859172,0.0
2018-03-10 → 2019-03-10,10208.325616879292,31396.444360089477,18093.61182236313,18093.611822363135,37.215603239955925,37.21560323995594,1.4210854715202004e-14
2018-03-11 → 2019-03-11,10208.325616879292,31396.444360089477,18133.454521326967,18133.454521326967,37.40364588520777,37.40364588520777,0.0
2018-03-12 → 2019-03-12,10208.325616879292,31396.444360089477,18175.538350841245,18175.53835084124,37.60226582888618,37.60226582888617,-1.4210854715202004e-14
2018-03-13 → 2019-03-13,10208.325616879292,31396.444360089477,18216.60213306209,18216.602133062086,37.796071530650075,37.79607153065005,-2.1316282072803006e-14
2018-03-14 → 2019-03-14,10208.325616879292,31396.444360089477,18257.673563941524,18257.673563941527,37.989913331223306,37.98991333122332,1.4210854715202004e-14
2018-03-15 → 2019-03-15,10208.325616879292,31396.444360089477,18294.466307021317,18294.466307021314,38.16356132482625,38.16356132482623,-1.4210854715202004e-14
2018-03-16 → 2019-03-16,10208.325616879292,31396.444360089477,18329.903399760755,18329.90339976075,38.33081115558715,38.330811155587135,-1.4210854715202004e-14
2018-03-17 → 2019-03-17,10208.325616879292,31396.444360089477,18366.15878243581,18366.158782435807,38.5019230089539,38.50192300895389,-1.4210854715202004e-14
2018-03-18 → 2019-03-18,10208.325616879292,31396.444360089477,18400.324875595677,18400.32487559568,38.663174196819824,38.66317419681984,1.4210854715202004e-14
2018-03-19 → 2019-03-19,10208.325616879292,31396.444360089477,18435.33169326136,18435.331693261363,38.828393290076505,38.82839329007653,2.1316282072803006e-14
2018-03-20 → 2019-03-20,10208.325616879292,31396.444360089477,18471.113568632547,18471.11356863255,38.99727036597384,38.997270365973854,1.4210854715202004e-14
2018-03-21 → 2019-03-21,10208.325616879292,31396.444360089477,18509.11245894632,18509.112458946325,39.17661092364346,39.17661092364348,2.1316282072803006e-14
2018-03-22 → 2019-03-22,10208.325616879292,31396.444360089477,18546.924845993388,18546.924845993395,39.35507125561221,39.355071255612245,3.552713678800501e-14
2018-03-23 → 2019-03-23,10208.325616879292,31396.444360089477,18584.176871274878,18584.176871274878,39.530886889519905,39.530886889519905,0.0
2018-03-24 → 2019-03-24,10208.325616879292,31396.444360089477,18621.839295287617,18621.839295287624,39.70863945202529,39.70863945202532,2.842170943040401e-14
2018-03-25 → 2019-03-25,10208.325616879292,31396.444360089477,18660.01936091801,18660.01936091801,39.88883508946303,39.88883508946303,0.0
2018-03-26 → 2019-03-26,10208.325616879292,31396.444360089477,18697.388988920233,18697.388988920236,40.06520576425074,40.06520576425076,2.1316282072803006e-14
2018-03-27 → 2019-03-27,10208.325616879292,31396.444360089477,18731.799384016296,18731.799384016296,40.227609965931414,40.227609965931414,0.0
2018-03-28 → 2019-03-28,10208.325616879292,31396.444360089477,18765.05696476656,18765.05696476656,40.38457331484092,40.38457331484092,0.0
2018-03-29 → 2019-03-29,10208.325616879292,31396.444360089477,18797.430051143692,18797.43005114369,40.5373621809478,40.53736218094779,-1.4210854715202004e-14
2018-03-30 → 2019-03-30,10208.325616879292,31396.444360089477,18825.766261745037,18825.766261745037,40.67109850244367,40.67109850244367,0.0
2018-03-31 → 2019-03-31,10208.325616879292,31396.444360089477,18852.50781977411,18852.507819774113,40.797308659905816,40.79730865990584,2.1316282072803006e-14
2018-04-01 → 2019-04-01,10208.325616879292,31396.444360089477,18879.058965852688,18879.058965852688,40.92262014414076,40.92262014414076,0.0
2018-04-02 → 2019-04-02,10208.325616879292,31396.444360089477,18894.623393420894,18894.623393420894,40.996078424023175,40.996078424023175,0.0
2018-04-03 → 2019-04-03,10208.325616879292,31396.444360089477,18910.85893084349,18910.858930843493,41.072704091546385,41.072704091546406,2.1316282072803006e-14
2018-04-04 → 2019-04-04,10208.325616879292,31396.444360089477,18929.67231423389,18929.67231423389,41.161496228396324,41.161496228396324,0.0
2018-04-05 → 2019-04-05,10208.325616879292,31396.444360089477,18943.661099218723,18943.661099218727,41.22751806428639,41.227518064286414,2.1316282072803006e-14
2018-04-06 → 2019-04-06,10208.325616879292,31396.444360089477,18957.63606741106,18957.636067411062,41.29347469008081,41.29347469008082,1.4210854715202004e-14
2018-04-07 → 2019-04-07,10208.325616879292,31396.444360089477,18968.95752613704,18968.957526137045,41.3469077431196,41.34690774311962,2.1316282072803006e-14
2018-04-08 → 2019-04-08,10208.325616879292,31396.444360089477,18980.995489284043,18980.995489284047,41.403722429184455,41.40372242918447,1.4210854715202004e-14
2018-04-09 → 2019-04-09,10208.325616879292,31396.444360089477,18994.606947957254,18994.606947957254,41.46796342593445,41.46796342593445,0.0
2018-04-10 → 2019-04-10,10208.325616879292,31396.444360089477,19005.488310627738,19005.488310627734,41.519319390106446,41.51931939010643,-1.4210854715202004e-14
2018-04-11 → 2019-04-11,10208.325616879292,31396.444360089477,19019.503485890174,19019.50348589017,41.58546577824168,41.58546577824166,-1.4210854715202004e-14
2018-04-12 → 2019-04-12,10208.325616879292,31396.444360089477,19033.91514015078,19033.915140150777,41.653483399037874,41.65348339903786,-1.4210854715202004e-14
2018-04-13 → 2019-04-13,10208.325616879292,31396.444360089477,19053.18823572579,19053.188235725785,41.74444520555119,41.744445205551166,-2.1316282072803006e-14
2018-04-14 → 2019-04-14,10208.325616879292,31396.444360089477,19071.669388303722,19071.669388303722,41.83166933715964,41.83166933715964,0.0
2018-04-15 → 2019-04-15,10208.325616879292,31396.444360089477,19091.72372899705,19091.723728997047,41.92631832858912,41.926318328589105,-1.4210854715202004e-14
2018-04-16 → 2019-04-16,10208.325616879292,31396.444360089477,19111.45487306592,19111.454873065915,42.019441952767366,42.01944195276735,-1.4210854715202004e-14
2018-04-17 → 2019-04-17,10208.325616879292,31396.444360089477,19129.779422765165,19129.77942276517,42.10592697732915,42.10592697732917,2.1316282072803006e-14
2018-04-18 → 2019-04-18,10208.325616879292,31396.444360089477,19146.901995524146,19146.901995524146,42.186739120051676,42.186739120051676,0.0
2018-04-19 → 2019-04-19,10208.325616879292,31396.444360089477,19165.079919105745,19165.079919105745,42.27253212414943,42.27253212414943,0.0
2018-04-20 → 2019-04-20,10208.325616879292,31396.444360089477,19183.469944697084,19183.469944697084,42.35932617044593,42.35932617044593,0.0
2018-04-21 → 2019-04-21,10208.325616879292,31396.444360089477,19204.1537388526,19204.153738852605,42.45694594691686,42.456945946916875,1.4210854715202004e-14
2018-04-22 → 2019-04-22,10208.325616879292,31396.444360089477,19224.077423123308,19224.077423123308,42.55097828887309,42.55097828887309,0.0
2018-04-23 → 2019-04-23,10208.325616879292,31396.444360089477,19242.307788192662,19242.30778819266,42.637018797189555,42.63701879718953,-2.1316282072803006e-14
2018-04-24 → 2019-04-24,10208.325616879292,31396.444360089477,19262.013738159603,19262.013738159603,42.730023514624676,42.730023514624676,0.0
2018-04-25 → 2019-04-25,10208.325616879292,31396.444360089477,19286.991075404694,19286.991075404694,42.847907209481235,42.847907209481235,0.0
2018-04-26 → 2019-04-26,10208.325616879292,31396.444360089477,19309.18902395125,19309.189023951254,42.952673228662,42.95267322866202,2.1316282072803006e-14
2018-04-27 → 2019-04-27,10208.325616879292,31396.444360089477,19332.425796410454,19332.425796410454,43.062342108380975,43.062342108380975,0.0
2018-04-28 → 2019-04-28,10208.325616879292,31396.444360089477,19355.071385635027,19355.07138563503,43.169220824226514,43.16922082422654,2.842170943040401e-14
2018-04-29 → 2019-04-29,10208.325616879292,31396.444360089477,19378.889561953267,19378.889561953267,43.2816337128218,43.2816337128218,0.0
2018-04-30 → 2019-04-30,10208.325616879292,31396.444360089477,19401.69234789424,19401.69234789424,43.38925433840603,43.38925433840603,0.0
2018-05-01 → 2019-05-01,10208.325616879292,31396.444360089477,19423.491046150466,19423.491046150462,43.49213604546278,43.492136045462765,-1.4210854715202004e-14
2018-05-02 → 2019-05-02,10208.325616879292,31396.444360089477,19444.03582128675,19444.03582128675,43.58909970413053,43.58909970413053,0.0
2018-05-03 → 2019-05-03,10208.325616879292,31396.444360089477,19462.637063814753,19462.637063814756,43.676890615411715,43.67689061541173,1.4210854715202004e-14
2018-05-04 → 2019-05-04,10208.325616879292,31396.444360089477,19481.929975912954,19481.92997591295,43.76794594850674,43.76794594850673,-1.4210854715202004e-14
2018-05-05 → 2019-05-05,10208.325616879292,31396.444360089477,19501.449596530136,19501.449596530132,43.860071261063986,43.86007126106397,-1.4210854715202004e-14
2018-05-06 → 2019-05-06,10422.000538627015,31396.444360089477,19521.56203777369,19521.562037773685,43.38404191597868,43.38404191597866,-1.4210854715202004e-14
2018-05-07 → 2019-05-07,10707.198871164717,31396.444360089477,19539.986044262652,19539.986044262652,42.692650042874924,42.692650042874924,0.0
2018-05-08 → 2019-05-08,10760.738739443661,31396.444360089477,19556.79229742855,19556.79229742855,42.62540724163329,42.62540724163329,0.0
2018-05-09 → 2019-05-09,10760.738739443661,31396.444360089477,19571.559567514396,19571.559567514392,42.696968982032764,42.69696898203274,-2.1316282072803006e-14
2018-05-10 → 2019-05-10,11064.96956217875,31396.444360089477,19585.135537419337,19585.135537419337,41.90628599218058,41.90628599218058,0.0
2018-05-11 → 2019-05-11,11499.760738421191,31396.444360089477,19592.203168957036,19592.203168957032,40.67231798229354,40.67231798229353,-1.4210854715202004e-14
2018-05-12 → 2019-05-12,11499.760738421191,31396.444360089477,19599.107410735884,19599.107410735887,40.7070184475074,40.707018447507416,1.4210854715202004e-14
2018-05-13 → 2019-05-13,11499.760738421191,31396.444360089477,19601.94316092194,19601.94316092194,40.72127082363187,40.72127082363187,0.0
2018-05-14 → 2019-05-14,11532.59653702185,31396.444360089477,19604.866844811186,19604.866844811186,40.63799914141063,40.63799914141063,0.0
2018-05-15 → 2019-05-15,11748.881065347285,31396.444360089477,19606.615346219056,19606.615346219052,39.993429022185914,39.9934290221859,-1.4210854715202004e-14
2018-05-16 → 2019-05-16,11748.881065347285,31396.444360089477,19609.179823850696,19609.179823850696,40.006481417504205,40.006481417504205,0.0
2018-05-17 → 2019-05-17,11748.881065347285,31396.444360089477,19613.66141394943,19613.66141394943,40.02929132034815,40.02929132034815,0.0
2018-05-18 → 2019-05-18,11748.881065347285,31396.444360089477,19617.26386828382,19617.263868283815,40.047626694971186,40.047626694971164,-2.1316282072803006e-14
2018-05-19 → 2019-05-19,11748.881065347285,31396.444360089477,19617.317741542916,19617.317741542916,40.047900893141666,40.047900893141666,0.0
2018-05-20 → 2019-05-20,11748.881065347285,31396.444360089477,19618.350822525957,19618.35082252595,40.05315895475238,40.05315895475234,-3.552713678800501e-14
2018-05-21 → 2019-05-21,11906.71357595092,31396.444360089477,19620.472323883245,19620.472323883245,39.57858029629665,39.57858029629665,0.0
2018-05-22 → 2019-05-22,11908.140809060415,31396.444360089477,19623.572496361012,19623.572496361012,39.590063173524356,39.590063173524356,0.0
2018-05-23 → 2019-05-23,11908.140809060415,31396.444360089477,19624.047988335777,19624.04798833578,39.59250305739378,39.5925030573938,2.1316282072803006e-14
2018-05-24 → 2019-05-24,11908.140809060415,31396.444360089477,19621.927360077123,19621.92736007712,39.58162151373811,39.58162151373809,-2.1316282072803006e-14
2018-05-25 → 2019-05-25,11908.140809060415,31396.444360089477,19619.753224121163,19619.75322412116,39.57046540694684,39.57046540694682,-1.4210854715202004e-14
2018-05-26 → 2019-05-26,11452.753156563938,31396.444360089477,19614.248910132526,19614.248910132526,40.92269415064872,40.92269415064872,0.0
2018-05-27 → 2019-05-27,11342.00058454483,31396.444360089477,19607.944406899845,19607.944406899845,41.217517248894744,41.217517248894744,0.0
2018-05-28 → 2019-05-28,11342.00058454483,31396.444360089477,19602.047430599792,19602.047430599792,41.188112412909,41.188112412909,0.0
2018-05-29 → 2019-05-29,11342.00058454483,31396.444360089477,19595.19031282396,19595.19031282396,41.15391990249795,41.15391990249795,0.0
2018-05-30 → 2019-05-30,11342.00058454483,31396.444360089477,19591.56531918852,19591.56531918852,41.13584413995868,41.13584413995868,0.0
2018-05-31 → 2019-05-31,11342.00058454483,31396.444360089477,19586.44911836916,19586.449118369164,41.110332583135545,41.110332583135566,2.1316282072803006e-14
2018-06-01 → 2019-06-01,11342.00058454483,31396.444360089477,19581.853765870746,19581.853765870743,41.08741819792573,41.087418197925714,-1.4210854715202004e-14
2018-06-02 → 2019-06-02,11342.00058454483,31396.444360089477,19576.765755138797,19576.765755138797,41.062047208887606,41.062047208887606,0.0
2018-06-03 → 2019-06-03,11342.00058454483,31396.444360089477,19574.419935956583,19574.419935956583,41.050349955109496,41.050349955109496,0.0
2018-06-04 → 2019-06-04,11342.00058454483,31396.444360089477,19574.662079970527,19574.662079970527,41.05155738831809,41.05155738831809,0.0
2018-06-05 → 2019-06-05,11342.00058454483,31396.444360089477,19573.202523642572,19573.202523642572,41.04427941868557,41.04427941868557,0.0
2018-06-06 → 2019-06-06,11342.00058454483,31396.444360089477,19572.438270767554,19572.438270767554,41.040468528273585,41.040468528273585,0.0
2018-06-07 → 2019-06-07,11342.00058454483,31396.444360089477,19570.777395835135,19570.77739583513,41.03218669831607,41.03218669831604,-2.842170943040401e-14
2018-06-08 → 2019-06-08,11342.00058454483,31396.444360089477,19569.548068713866,19569.548068713862,41.026056749587354,41.02605674958733,-2.1316282072803006e-14
2018-06-09 → 2019-06-09,11342.00058454483,31396.444360089477,19569.494244960566,19569.494244960566,41.0257883614241,41.0257883614241,0.0
2018-06-10 → 2019-06-10,11342.00058454483,31396.444360089477,19567.516809608333,19567.51680960833,41.01592802635639,41.01592802635638,-1.4210854715202004e-14
2018-06-11 → 2019-06-11,11342.00058454483,31396.444360089477,19561.494751621703,19561.494751621703,40.98589947979569,40.98589947979569,0.0
2018-06-12 → 2019-06-12,11342.00058454483,31396.444360089477,19555.14261401577,19555.142614015767,40.95422501563689,40.954225015636865,-2.1316282072803006e-14
2018-06-13 → 2019-06-13,11342.00058454483,31396.444360089477,19546.46744965493,19546.46744965493,40.910966950452256,40.910966950452256,0.0
2018-06-14 → 2019-06-14,11342.00058454483,31396.444360089477,19534.555610177307,19534.55561017731,40.85156944428881,40.85156944428883,1.4210854715202004e-14
2018-06-15 → 2019-06-15,11298.688400687653,31396.444360089477,19524.214651614086,19524.214651614086,40.92758548537601,40.92758548537601,0.0
2018-06-16 → 2019-06-16,11087.068179535721,31396.444360089477,19511.813756406445,19511.813756406445,41.48204997521009,41.48204997521009,0.0
2018-06-17 → 2019-06-17,10705.982243800578,31396.444360089477,19499.000288746396,19499.0002887464,42.497929700774414,42.49792970077443,1.4210854715202004e-14
2018-06-18 → 2019-06-18,10705.982243800578,31396.444360089477,19486.844599230648,19486.84459923065,42.439179492840786,42.4391794928408,1.4210854715202004e-14
2018-06-19 → 2019-06-19,10705.982243800578,31396.444360089477,19475.51429833522,19475.514298335223,42.38441850764989,42.384418507649904,1.4210854715202004e-14
2018-06-20 → 2019-06-20,10474.802060111992,31396.444360089477,19463.551178291174,19463.551178291178,42.963879170178025,42.963879170178046,2.1316282072803006e-14
2018-06-21 → 2019-06-21,9917.204911992623,31396.444360089477,19450.18895166779,19450.18895166779,44.382316528064166,44.382316528064166,0.0
2018-06-22 → 2019-06-22,9358.655780810835,31396.444360089477,19435.102967663355,19435.102967663355,45.72349512567268,45.72349512567268,0.0
2018-06-23 → 2019-06-23,9264.03907764088,31396.444360089477,19415.324918147864,19415.324918147868,45.8661664241127,45.866166424112706,7.105427357601002e-15
2018-06-24 → 2019-06-24,9087.433635399864,31396.444360089477,19395.901614743274,19395.901614743278,46.20764276174255,46.20764276174256,1.4210854715202004e-14
2018-06-25 → 2019-06-25,8527.865434626821,31396.444360089477,19374.74972927386,19374.74972927386,47.43138753833867,47.43138753833867,0.0
2018-06-26 → 2019-06-26,7773.957759032041,31396.444360089477,19352.22894062029,19352.22894062029,49.013769706487885,49.013769706487885,0.0
2018-06-27 → 2019-06-27,7773.957759032041,31396.444360089477,19332.002740889344,19332.002740889344,48.92814705349402,48.92814705349402,0.0
2018-06-28 → 2019-06-28,7773.957759032041,31396.444360089477,19309.60654813912,19309.60654813912,48.83333826757551,48.83333826757551,0.0
2018-06-29 → 2019-06-29,7773.957759032041,31396.444360089477,19285.84517671631,19285.845176716313,48.73275033276535,48.73275033276537,2.1316282072803006e-14
2018-06-30 → 2019-06-30,7773.957759032041,31396.444360089477,19267.124020624233,19267.12402062423,48.653498912674635,48.65349891267463,-7.105427357601002e-15
2018-07-01 → 2019-07-01,7773.957759032041,31396.444360089477,19250.11909250863,19250.119092508627,48.58151272255509,48.58151272255507,-2.1316282072803006e-14
2018-07-02 → 2019-07-02,7773.957759032041,31396.444360089477,19232.547030004727,19232.547030004724,48.50712570817907,48.507125708179046,-2.1316282072803006e-14
2018-07-03 → 2019-07-03,7773.957759032041,31396.444360089477,19214.06192614416,19214.06192614416,48.42887355728256,48.42887355728256,0.0
2018-07-04 → 2019-07-04,7773.957759032041,31396.444360089477,19196.461693400506,19196.461693400506,48.354367291109604,48.354367291109604,0.0
2018-07-05 → 2019-07-05,7773.957759032041,31396.444360089477,19179.776240180392,19179.776240180392,48.28373351956005,48.28373351956005,0.0
2018-07-06 → 2019-07-06,7773.957759032041,31396.444360089477,19162.34590882093,19162.34590882093,48.20994648920279,48.20994648920279,0.0
2018-07-07 → 2019-07-07,7773.957759032041,31396.444360089477,19144.78814099409,19144.78814099409,48.135619987834154,48.135619987834154,0.0
2018-07-08 → 2019-07-08,7773.957759032041,31396.444360089477,19126.41550551167,19126.41550551167,48.057843944216486,48.057843944216486,0.0
2018-07-09 → 2019-07-09,7773.957759032041,31396.444360089477,19107.386184268253,19107.386184268253,47.97728798258217,47.97728798258217,0.0
2018-07-10 → 2019-07-10,7773.957759032041,31396.444360089477,19088.954174499893,19088.954174499893,47.89926059249558,47.89926059249558,0.0
2018-07-11 → 2019-07-11,7773.957759032041,31396.444360089477,19069.83823442062,19069.83823442062,47.81833795127618,47.81833795127618,0.0
2018-07-12 → 2019-07-12,7773.957759032041,31396.444360089477,19050.12802740085,19050.12802740085,47.73489962679899,47.73489962679899,0.0
2018-07-13 → 2019-07-13,7773.957759032041,31396.444360089477,19029.84894740581,19029.848947405815,47.649053118184064,47.64905311818408,1.4210854715202004e-14
2018-07-14 → 2019-07-14,7773.957759032041,31396.444360089477,19012.41459303903,19012.41459303903,47.57524905741257,47.57524905741257,0.0
2018-07-15 → 2019-07-15,7773.957759032041,31396.444360089477,18993.740382749078,18993.74038274908,47.49619637085452,47.496196370854534,1.4210854715202004e-14
2018-07-16 → 2019-07-16,7773.957759032041,31396.444360089477,18979.544795193902,18979.5447951939,47.43610283457735,47.43610283457734,-7.105427357601002e-15
2018-07-17 → 2019-07-17,7773.957759032041,31396.444360089477,18967.071315287863,18967.071315287863,47.38329941842267,47.38329941842267,0.0
2018-07-18 → 2019-07-18,7773.957759032041,31396.444360089477,18955.331696591056,18955.331696591056,47.33360262360565,47.33360262360565,0.0
2018-07-19 → 2019-07-19,7773.957759032041,31396.444360089477,18944.231359828496,18944.2313598285,47.28661207197565,47.28661207197567,2.1316282072803006e-14
2018-07-20 → 2019-07-20,7773.957759032041,31396.444360089477,18932.793273043637,18932.793273043633,47.23819173851106,47.23819173851104,-2.1316282072803006e-14
2018-07-21 → 2019-07-21,7773.957759032041,31396.444360089477,18921.305458267172,18921.305458267176,47.189560893797406,47.18956089379741,7.105427357601002e-15
2018-07-22 → 2019-07-22,7773.957759032041,31396.444360089477,18910.91482240033,18910.91482240033,47.1455746867468,47.1455746867468,0.0
2018-07-23 → 2019-07-23,7773.957759032041,31396.444360089477,18901.68175411809,18901.681754118094,47.10648875799522,47.106488757995244,2.1316282072803006e-14
2018-07-24 → 2019-07-24,7773.957759032041,31396.444360089477,18894.172957680752,18894.172957680756,47.07470211095781,47.07470211095783,2.1316282072803006e-14
2018-07-25 → 2019-07-25,7773.957759032041,31396.444360089477,18889.243286755704,18889.243286755707,47.05383355885192,47.053833558851935,1.4210854715202004e-14
2018-07-26 → 2019-07-26,7773.957759032041,31396.444360089477,18883.710327150682,18883.710327150682,47.03041113216813,47.03041113216813,0.0
2018-07-27 → 2019-07-27,7773.957759032041,31396.444360089477,18878.108667980523,18878.108667980523,47.00669788273439,47.00669788273439,0.0
2018-07-28 → 2019-07-28,7773.957759032041,31396.444360089477,18873.35228066474,18873.35228066474,46.986562884264046,46.986562884264046,0.0
2018-07-29 → 2019-07-29,7773.957759032041,31396.444360089477,18868.74089854342,18868.740898543416,46.96704172969975,46.96704172969974,-1.4210854715202004e-14
2018-07-30 → 2019-07-30,7773.957759032041,31396.444360089477,18864.033923424402,18864.033923424402,46.94711590563851,46.94711590563851,0.0
2018-07-31 → 2019-07-31,7773.957759032041,31396.444360089477,18857.761232890738,18857.761232890734,46.92056200960039,46.92056200960037,-2.1316282072803006e-14
2018-08-01 → 2019-08-01,7773.957759032041,31396.444360089477,18848.663800871345,18848.66380087134,46.88205026368205,46.88205026368203,-2.1316282072803006e-14
2018-08-02 → 2019-08-02,7773.957759032041,31396.444360089477,18838.64559806632,18838.645598066316,46.83964066060251,46.83964066060249,-2.1316282072803006e-14
2018-08-03 → 2019-08-03,7773.957759032041,31396.444360089477,18827.69606699015,18827.696066990145,46.793288507837694,46.79328850783768,-1.4210854715202004e-14
2018-08-04 → 2019-08-04,7773.957759032041,31396.444360089477,18815.699464564797,18815.699464564794,46.74250383547041,46.7425038354704,-7.105427357601002e-15
2018-08-05 → 2019-08-05,7773.957759032041,31396.444360089477,18799.85394197877,18799.85394197877,46.675425704138895,46.675425704138895,0.0
2018-08-06 → 2019-08-06,7773.957759032041,31396.444360089477,18784.915001413774,18784.915001413778,46.612185365315604,46.61218536531562,1.4210854715202004e-14
2018-08-07 → 2019-08-07,7773.957759032041,31396.444360089477,18768.319615610057,18768.319615610057,46.54193287207057,46.54193287207057,0.0
2018-08-08 → 2019-08-08,7773.957759032041,31396.444360089477,18750.56333982216,18750.56333982216,46.466766035963225,46.466766035963225,0.0
2018-08-09 → 2019-08-09,7773.957759032041,31396.444360089477,18730.009444305888,18730.009444305888,46.37975616327966,46.37975616327966,0.0
2018-08-10 → 2019-08-10,7773.957759032041,31396.444360089477,18712.51849033578,18712.51849033578,46.30571250197718,46.30571250197718,0.0
2018-08-11 → 2019-08-11,7773.957759032041,31396.444360089477,18691.685044632974,18691.685044632974,46.217519222181345,46.217519222181345,0.0
2018-08-12 → 2019-08-12,7773.957759032041,31396.444360089477,18672.40983107232,18672.40983107232,46.13592233576469,46.13592233576469,0.0
2018-08-13 → 2019-08-13,7773.957759032041,31396.444360089477,18654.284255561714,18654.284255561717,46.059192159908456,46.05919215990848,2.1316282072803006e-14
2018-08-14 → 2019-08-14,7773.957759032041,31396.444360089477,18637.934933368477,18637.934933368473,45.98998131657368,45.98998131657366,-2.1316282072803006e-14
2018-08-15 → 2019-08-15,7773.957759032041,31396.444360089477,18620.25909926957,18620.259099269573,45.91515501061605,45.91515501061607,2.1316282072803006e-14
2018-08-16 → 2019-08-16,7773.957759032041,31396.444360089477,18603.023297347067,18603.023297347063,45.84219147289208,45.84219147289206,-2.1316282072803006e-14
2018-08-17 → 2019-08-17,7773.957759032041,31396.444360089477,18586.35852706755,18586.358527067547,45.7716452574959,45.77164525749588,-2.1316282072803006e-14
2018-08-18 → 2019-08-18,7773.957759032041,31396.444360089477,18571.1742704471,18571.174270447096,45.707366433353094,45.70736643335308,-1.4210854715202004e-14
2018-08-19 → 2019-08-19,7773.957759032041,31396.444360089477,18553.58008241594,18553.58008241594,45.632885755987104,45.632885755987104,0.0
2018-08-20 → 2019-08-20,7773.957759032041,31396.444360089477,18536.85120357601,18536.851203576007,45.56206815273283,45.56206815273281,-1.4210854715202004e-14
2018-08-21 → 2019-08-21,7773.957759032041,31396.444360089477,18520.355690953707,18520.355690953707,45.492238448092145,45.492238448092145,0.0
2018-08-22 → 2019-08-22,7773.957759032041,31396.444360089477,18505.145570421326,18505.145570421326,45.42785013542526,45.42785013542526,0.0
2018-08-23 → 2019-08-23,7773.957759032041,31396.444360089477,18488.455489745513,18488.45548974551,45.3571967746776,45.35719677467759,-7.105427357601002e-15
2018-08-24 → 2019-08-24,7773.957759032041,31396.444360089477,18473.453221152613,18473.453221152613,45.29368835218905,45.29368835218905,0.0
2018-08-25 → 2019-08-25,7773.957759032041,31396.444360089477,18459.710633440143,18459.710633440143,45.235512479578524,45.235512479578524,0.0
2018-08-26 → 2019-08-26,7773.957759032041,31396.444360089477,18445.571877129736,18445.571877129736,45.17565952442954,45.17565952442954,0.0
2018-08-27 → 2019-08-27,7773.957759032041,31396.444360089477,18431.60080170196,18431.60080170196,45.1165164051478,45.1165164051478,0.0
2018-08-28 → 2019-08-28,7773.957759032041,31396.444360089477,18419.746449031627,18419.746449031627,45.06633391220989,45.06633391220989,0.0
2018-08-29 → 2019-08-29,7773.957759032041,31396.444360089477,18410.04014464692,18410.040144646915,45.02524465455201,45.02524465455199,-2.1316282072803006e-14
2018-08-30 → 2019-08-30,7773.957759032041,31396.444360089477,18399.72081449879,18399.72081449879,44.981560302762944,44.981560302762944,0.0
2018-08-31 → 2019-08-31,7773.957759032041,31396.444360089477,18388.9496743692,18388.9496743692,44.935963324292835,44.935963324292835,0.0
2018-09-01 → 2019-09-01,7773.957759032041,31396.444360089477,18378.04319794302,18378.04319794302,44.889793432823026,44.889793432823026,0.0
2018-09-02 → 2019-09-02,7773.957759032041,31396.444360089477,18366.383978548958,18366.383978548958,44.840436988723944,44.840436988723944,0.0
2018-09-03 → 2019-09-03,7773.957759032041,31396.444360089477,18354.61780976315,18354.61780976315,44.790627800620605,44.790627800620605,0.0
2018-09-04 → 2019-09-04,7773.957759032041,31396.444360089477,18342.80184032172,18342.80184032172,44.74060779366291,44.74060779366291,0.0
2018-09-05 → 2019-09-05,7773.957759032041,31396.444360089477,18331.497140567804,18331.497140567804,44.69275212146026,44.69275212146026,0.0
2018-09-06 → 2019-09-06,7773.957759032041,31396.444360089477,18317.710669036893,18317.71066903689,44.63439047747358,44.63439047747356,-2.1316282072803006e-14
2018-09-07 → 2019-09-07,7773.957759032041,31396.444360089477,18301.633905617266,18301.633905617262,44.56633344482018,44.56633344482016,-2.1316282072803006e-14
2018-09-08 → 2019-09-08,7773.957759032041,31396.444360089477,18285.2534965366,18285.2534965366,44.49699100277628,44.49699100277628,0.0
2018-09-09 → 2019-09-09,7773.957759032041,31396.444360089477,18267.541408420286,18267.541408420286,44.4220112243328,44.4220112243328,0.0
2018-09-10 → 2019-09-10,7773.957759032041,31396.444360089477,18250.909853433983,18250.90985343398,44.351605617729305,44.35160561772929,-1.4210854715202004e-14
2018-09-11 → 2019-09-11,7773.957759032041,31396.444360089477,18234.44865481617,18234.448654816173,44.28192117300587,44.28192117300589,2.1316282072803006e-14
2018-09-12 → 2019-09-12,7773.957759032041,31396.444360089477,18217.193782609145,18217.19378260915,44.208876905912284,44.2088769059123,1.4210854715202004e-14
2018-09-13 → 2019-09-13,7773.957759032041,31396.444360089477,18200.42397341322,18200.42397341322,44.137886034040335,44.137886034040335,0.0
2018-09-14 → 2019-09-14,7773.957759032041,31396.444360089477,18184.69484450403,18184.694844504033,44.07130062677636,44.07130062677638,1.4210854715202004e-14
2018-09-15 → 2019-09-15,7773.957759032041,31396.444360089477,18169.136771071913,18169.136771071913,44.00543934089709,44.00543934089709,0.0
2018-09-16 → 2019-09-16,7773.957759032041,31396.444360089477,18153.89367551212,18153.89367551212,43.94091143654383,43.94091143654383,0.0
2018-09-17 → 2019-09-17,7773.957759032041,31396.444360089477,18138.640618744823,18138.640618744823,43.8763413638631,43.8763413638631,0.0
2018-09-18 → 2019-09-18,7773.957759032041,31396.444360089477,18121.87344623085,18121.873446230846,43.80536165373714,43.80536165373713,-7.105427357601002e-15
2018-09-19 → 2019-09-19,7773.957759032041,31396.444360089477,18105.38879345339,18105.38879345339,43.735577921584564,43.735577921584564,0.0
2018-09-20 → 2019-09-20,7773.957759032041,31396.444360089477,18089.455575535947,18089.455575535947,43.66812855358819,43.66812855358819,0.0
2018-09-21 → 2019-09-21,7773.957759032041,31396.444360089477,18074.771694461073,18074.771694461073,43.605967946524,43.605967946524,0.0
2018-09-22 → 2019-09-22,7773.957759032041,31396.444360089477,18061.435428635246,18061.435428635246,43.549512137908025,43.549512137908025,0.0
2018-09-23 → 2019-09-23,7773.957759032041,31396.444360089477,18048.877545456067,18048.877545456067,43.49635142120932,43.49635142120932,0.0
2018-09-24 → 2019-09-24,7773.957759032041,31396.444360089477,18039.836734299297,18039.8367342993,43.45807936581797,43.45807936581799,1.4210854715202004e-14
2018-09-25 → 2019-09-25,7773.957759032041,31396.444360089477,18030.724905353127,18030.724905353127,43.41950667404317,43.41950667404317,0.0
2018-09-26 → 2019-09-26,7773.957759032041,31396.444360089477,18021.909040130166,18021.909040130166,43.382186872060224,43.382186872060224,0.0
2018-09-27 → 2019-09-27,7773.957759032041,31396.444360089477,18013.009378672166,18013.009378672166,43.34451233928009,43.34451233928009,0.0
2018-09-28 → 2019-09-28,7773.957759032041,31396.444360089477,18005.406682037545,18005.406682037545,43.312328188800855,43.312328188800855,0.0
2018-09-29 → 2019-09-29,7773.957759032041,31396.444360089477,17998.033464093452,17998.033464093452,43.28111548004325,43.28111548004325,0.0
2018-09-30 → 2019-09-30,7773.957759032041,31396.444360089477,17989.527074505335,17989.527074505335,43.24510576721421,43.24510576721421,0.0
2018-10-01 → 2019-10-01,7773.957759032041,31396.444360089477,17981.018553078728,17981.01855307873,43.209087029770096,43.20908702977011,1.4210854715202004e-14
2018-10-02 → 2019-10-02,7773.957759032041,31396.444360089477,17972.052470723534,17972.05247072353,43.171131320421566,43.171131320421544,-2.1316282072803006e-14
2018-10-03 → 2019-10-03,7773.957759032041,31396.444360089477,17963.174977135182,17963.174977135182,43.13355062987752,43.13355062987752,0.0
2018-10-04 → 2019-10-04,7773.957759032041,31396.444360089477,17954.369415806315,17954.369415806315,43.09627444690162,43.09627444690162,0.0
2018-10-05 → 2019-10-05,7773.957759032041,31396.444360089477,17946.184648559614,17946.184648559614,43.061626243327936,43.061626243327936,0.0
2018-10-06 → 2019-10-06,7773.957759032041,31396.444360089477,17939.478892428957,17939.478892428957,43.03323907036047,43.03323907036047,0.0
2018-10-07 → 2019-10-07,7773.957759032041,31396.444360089477,17930.982939752255,17930.982939752255,42.997273539634676,42.997273539634676,0.0
2018-10-08 → 2019-10-08,7773.957759032041,31396.444360089477,17922.722137360703,17922.722137360703,42.962303459934496,42.962303459934496,0.0
2018-10-09 → 2019-10-09,7773.957759032041,31396.444360089477,17913.13032294074,17913.130322940742,42.92169886744619,42.9216988674462,1.4210854715202004e-14
2018-10-10 → 2019-10-10,7773.957759032041,31396.444360089477,17903.524001423502,17903.524001423502,42.88103286272167,42.88103286272167,0.0
2018-10-11 → 2019-10-11,7773.957759032041,31396.444360089477,17894.63574370161,17894.635743701612,42.843406604859815,42.84340660485984,2.1316282072803006e-14
2018-10-12 → 2019-10-12,7773.957759032041,31396.444360089477,17883.100435018674,17883.100435018678,42.794574706348264,42.79457470634828,1.4210854715202004e-14
2018-10-13 → 2019-10-13,7773.957759032041,31396.444360089477,17871.92610149375,17871.92610149375,42.74727090758382,42.74727090758382,0.0
2018-10-14 → 2019-10-14,7773.957759032041,31396.444360089477,17860.57693127359,17860.57693127359,42.6992269805755,42.6992269805755,0.0
2018-10-15 → 2019-10-15,7773.957759032041,31396.444360089477,17849.866924654616,17849.866924654616,42.65388879582024,42.65388879582024,0.0
2018-10-16 → 2019-10-16,7773.957759032041,31396.444360089477,17841.595264228596,17841.595264228596,42.61887275129574,42.61887275129574,0.0
2018-10-17 → 2019-10-17,7773.957759032041,31396.444360089477,17833.159517863627,17833.159517863627,42.58316208921586,42.58316208921586,0.0
2018-10-18 → 2019-10-18,7773.957759032041,31396.444360089477,17825.078915467424,17825.078915467424,42.54895484197441,42.54895484197441,0.0
2018-10-19 → 2019-10-19,7773.957759032041,31396.444360089477,17816.738552233932,17816.738552233932,42.51364796097434,42.51364796097434,0.0
2018-10-20 → 2019-10-20,7773.957759032041,31396.444360089477,17807.19850951792,17807.19850951792,42.473262531289784,42.473262531289784,0.0
2018-10-21 → 2019-10-21,7773.957759032041,31396.444360089477,17797.834947041916,17797.83494704192,42.43362418739256,42.433624187392574,1.4210854715202004e-14
2018-10-22 → 2019-10-22,7773.957759032041,31396.444360089477,17789.274552053295,17789.27455205329,42.39738585595358,42.39738585595356,-2.1316282072803006e-14
2018-10-23 → 2019-10-23,7773.957759032041,31396.444360089477,17783.271668999114,17783.271668999114,42.37197412366832,42.37197412366832,0.0
2018-10-24 → 2019-10-24,7773.957759032041,31396.444360089477,17777.206494026264,17777.206494026268,42.346298693832,42.34629869383201,1.4210854715202004e-14
2018-10-25 → 2019-10-25,7773.957759032041,31396.444360089477,17766.169427430163,17766.169427430163,42.29957598092502,42.29957598092502,0.0
2018-10-26 → 2019-10-26,7773.957759032041,31396.444360089477,17753.03253544775,17753.032535447746,42.243964172548225,42.24396417254822,-7.105427357601002e-15
2018-10-27 → 2019-10-27,7773.957759032041,31396.444360089477,17738.95410168815,17738.954101688145,42.18436657811475,42.184366578114734,-1.4210854715202004e-14
2018-10-28 → 2019-10-28,7773.957759032041,31396.444360089477,17725.643961001635,17725.64396100163,42.128021363864875,42.12802136386486,-1.4210854715202004e-14
2018-10-29 → 2019-10-29,7773.957759032041,31396.444360089477,17711.967114766972,17711.967114766972,42.0701237916675,42.0701237916675,0.0
2018-10-30 → 2019-10-30,7773.957759032041,31396.444360089477,17698.096012740483,17698.096012740483,42.01140388524635,42.01140388524635,0.0
2018-10-31 → 2019-10-31,7773.957759032041,31396.444360089477,17684.378009666318,17684.378009666318,41.95333208566894,41.95333208566894,0.0
2018-11-01 → 2019-11-01,7773.957759032041,31396.444360089477,17670.58588000336,17670.58588000336,41.89494648936877,41.89494648936877,0.0
2018-11-02 → 2019-11-02,7773.957759032041,31396.444360089477,17656.889161201765,17656.889161201765,41.83696479153606,41.83696479153606,0.0
2018-11-03 → 2019-11-03,7773.957759032041,31396.444360089477,17643.516523311006,17643.516523311006,41.78035501070901,41.78035501070901,0.0
2018-11-04 → 2019-11-04,7773.957759032041,31396.444360089477,17629.379484571757,17629.379484571757,41.72050932647602,41.72050932647602,0.0
2018-11-05 → 2019-11-05,7773.957759032041,31396.444360089477,17616.10601231159,17616.106012311593,41.66431933901055,41.66431933901056,1.4210854715202004e-14
2018-11-06 → 2019-11-06,7773.957759032041,31396.444360089477,17602.640815897175,17602.640815897175,41.60731773438772,41.60731773438772,0.0
2018-11-07 → 2019-11-07,7773.957759032041,31396.444360089477,17589.88587547103,17589.88587547103,41.55332282419239,41.55332282419239,0.0
2018-11-08 → 2019-11-08,7773.957759032041,31396.444360089477,17578.935823908814,17578.93582390881,41.50696846807763,41.506968468077616,-1.4210854715202004e-14
2018-11-09 → 2019-11-09,7773.957759032041,31396.444360089477,17567.299748363628,17567.299748363628,41.45770999778321,41.45770999778321,0.0
2018-11-10 → 2019-11-10,7773.957759032041,31396.444360089477,17554.360028919287,17554.36002891928,41.40293287095964,41.40293287095961,-2.842170943040401e-14
2018-11-11 → 2019-11-11,7773.957759032041,31396.444360089477,17542.7111590023,17542.711159002305,41.35362023883198,41.353620238831994,1.4210854715202004e-14
2018-11-12 → 2019-11-12,7773.957759032041,31396.444360089477,17530.67188373338,17530.671883733376,41.30265492145348,41.30265492145347,-1.4210854715202004e-14
2018-11-13 → 2019-11-13,7773.957759032041,31396.444360089477,17518.61073608366,17518.61073608366,41.25159701271843,41.25159701271843,0.0
2018-11-14 → 2019-11-14,7773.957759032041,31396.444360089477,17506.623268135718,17506.623268135718,41.20085100891963,41.20085100891963,0.0
2018-11-15 → 2019-11-15,7773.957759032041,31396.444360089477,17489.881513510223,17489.88151351022,41.12997889918692,41.12997889918691,-1.4210854715202004e-14
2018-11-16 → 2019-11-16,7773.957759032041,31396.444360089477,17472.778871724357,17472.77887172436,41.057579062223525,41.057579062223546,2.1316282072803006e-14
2018-11-17 → 2019-11-17,7773.957759032041,31396.444360089477,17455.190263648492,17455.19026364849,40.98312200622893,40.98312200622892,-1.4210854715202004e-14
2018-11-18 → 2019-11-18,7773.957759032041,31396.444360089477,17438.910079614394,17438.910079614394,40.91420384232416,40.91420384232416,0.0
2018-11-19 → 2019-11-19,7773.957759032041,31396.444360089477,17423.389626329852,17423.38962632985,40.84850181210756,40.84850181210754,-1.4210854715202004e-14
2018-11-20 → 2019-11-20,7773.957759032041,31396.444360089477,17400.204584378927,17400.204584378927,40.750353626683726,40.750353626683726,0.0
2018-11-21 → 2019-11-21,7773.957759032041,31396.444360089477,17372.814654563845,17372.814654563845,40.634405080378464,40.634405080378464,0.0
2018-11-22 → 2019-11-22,7773.957759032041,31396.444360089477,17350.300007744478,17350.300007744474,40.5390948482272,40.539094848227194,-7.105427357601002e-15
2018-11-23 → 2019-11-23,7773.957759032041,31396.444360089477,17324.113958985195,17324.113958985195,40.42824263693582,40.42824263693582,0.0
2018-11-24 → 2019-11-24,7773.957759032041,31396.444360089477,17299.77407017571,17299.774070175714,40.32520569073899,40.32520569073901,2.1316282072803006e-14
2018-11-25 → 2019-11-25,7773.957759032041,31396.444360089477,17266.264125774473,17266.26412577447,40.18334956455227,40.18334956455226,-1.4210854715202004e-14
2018-11-26 → 2019-11-26,7773.957759032041,31396.444360089477,17235.169115531236,17235.169115531236,40.051716469491716,40.051716469491716,0.0
2018-11-27 → 2019-11-27,7773.957759032041,31396.444360089477,17197.63033892542,17197.63033892542,39.89280527085383,39.89280527085383,0.0
2018-11-28 → 2019-11-28,7773.957759032041,31396.444360089477,17162.024681767383,17162.024681767383,39.74207745900508,39.74207745900508,0.0
2018-11-29 → 2019-11-29,7773.957759032041,31396.444360089477,17132.367354143094,17132.36735414309,39.616530440500426,39.616530440500405,-2.1316282072803006e-14
2018-11-30 → 2019-11-30,7773.957759032041,31396.444360089477,17104.072071690007,17104.07207169001,39.496749305978284,39.4967493059783,1.4210854715202004e-14
2018-12-01 → 2019-12-01,7773.957759032041,31396.444360089477,17072.141573472385,17072.141573472385,39.3615793776093,39.3615793776093,0.0
2018-12-02 → 2019-12-02,7773.957759032041,31396.444360089477,17043.60817689185,17043.60817689185,39.24079024536249,39.24079024536249,0.0
2018-12-03 → 2019-12-03,7773.957759032041,31396.444360089477,17014.34272008953,17014.34272008953,39.11690211581644,39.11690211581644,0.0
2018-12-04 → 2019-12-04,7773.957759032041,31396.444360089477,16981.133017094526,16981.13301709453,38.9763169879429,38.976316987942916,1.4210854715202004e-14
2018-12-05 → 2019-12-05,7773.957759032041,31396.444360089477,16947.850516361774,16947.850516361777,38.83542368871139,38.8354236887114,1.4210854715202004e-14
2018-12-06 → 2019-12-06,7773.957759032041,31396.444360089477,16910.460175262793,16910.460175262793,38.67714085536518,38.67714085536518,0.0
2018-12-07 → 2019-12-07,7773.957759032041,31396.444360089477,16869.03358969284,16869.033589692845,38.50177157155703,38.50177157155704,1.4210854715202004e-14
2018-12-08 → 2019-12-08,7773.957759032041,31396.444360089477,16824.3200528895,16824.3200528895,38.31248778632953,38.31248778632953,0.0
2018-12-09 → 2019-12-09,7773.957759032041,31396.444360089477,16781.370361082987,16781.370361082987,38.130670806043504,38.130670806043504,0.0
2018-12-10 → 2019-12-10,7773.957759032041,31396.444360089477,16741.97740446016,16741.977404460165,37.96391039132467,37.96391039132468,1.4210854715202004e-14
2018-12-11 → 2019-12-11,7773.957759032041,31396.444360089477,16699.88271326707,16699.88271326707,37.785712846315974,37.785712846315974,0.0
2018-12-12 → 2019-12-12,7773.957759032041,31396.444360089477,16656.371188463443,16656.371188463447,37.60151748391209,37.601517483912104,1.4210854715202004e-14
2018-12-13 → 2019-12-13,7773.957759032041,31396.444360089477,16614.264020517243,16614.264020517243,37.42326712163094,37.42326712163094,0.0
2018-12-14 → 2019-12-14,7773.957759032041,31396.444360089477,16569.10124513893,16569.101245138932,37.23208159514072,37.232081595140734,1.4210854715202004e-14
2018-12-15 → 2019-12-15,7773.957759032041,31396.444360089477,16522.111821300277,16522.111821300277,37.033163400658395,37.033163400658395,0.0
2018-12-16 → 2019-12-16,7773.957759032041,31294.843993340724,16476.02815927129,16476.02815927129,36.99720458468948,36.99720458468948,0.0
2018-12-17 → 2019-12-17,7773.957759032041,29771.88544035732,16431.86456687325,16431.86456687325,39.35782921584552,39.35782921584552,0.0
2018-12-18 → 2019-12-18,7773.957759032041,29771.88544035732,16391.288680516274,16391.288680516274,39.173375993956704,39.173375993956704,0.0
2018-12-19 → 2019-12-19,7773.957759032041,29771.88544035732,16354.861307374927,16354.861307374926,39.0077814267363,39.0077814267363,0.0
2018-12-20 → 2019-12-20,7773.957759032041,29771.88544035732,16319.002684878462,16319.002684878462,38.844772333261986,38.844772333261986,0.0
2018-12-21 → 2019-12-21,7773.957759032041,29771.88544035732,16290.0992105239,16290.0992105239,38.71338052775523,38.71338052775523,0.0
2018-12-22 → 2019-12-22,7773.957759032041,29771.88544035732,16255.460356607045,16255.460356607044,38.555916359226934,38.555916359226934,0.0
2018-12-23 → 2019-12-23,7773.957759032041,29771.88544035732,16223.86722994373,16223.867229943728,38.412297709684154,38.412297709684154,0.0
2018-12-24 → 2019-12-24,7773.957759032041,29771.88544035732,16192.328859345866,16192.328859345867,38.26892797479482,38.268927974794835,1.4210854715202004e-14
2018-12-25 → 2019-12-25,7773.957759032041,29771.88544035732,16162.694269790507,16162.694269790509,38.13421260530793,38.13421260530793,0.0
2018-12-26 → 2019-12-26,7773.957759032041,29771.88544035732,16128.034956695277,16128.03495669528,37.97665543175356,37.97665543175357,1.4210854715202004e-14
2018-12-27 → 2019-12-27,7773.957759032041,29771.88544035732,16094.031476983653,16094.031476983653,37.82207959986512,37.82207959986512,0.0
2018-12-28 → 2019-12-28,7773.957759032041,29771.88544035732,16055.222064980351,16055.222064980355,37.645656563270414,37.64565656327043,1.4210854715202004e-14
2018-12-29 → 2019-12-29,7773.957759032041,29771.88544035732,16021.78687179634,16021.78687179634,37.49366409530538,37.49366409530538,0.0
2018-12-30 → 2019-12-30,7773.957759032041,29771.88544035732,15988.114441642676,15988.114441642672,37.34059317589214,37.340593175892124,-1.4210854715202004e-14
2018-12-31 → 2019-12-31,7773.957759032041,29771.88544035732,15954.811338362764,15954.811338362764,37.189201173143694,37.189201173143694,0.0
2019-01-01 → 2020-01-01,7773.957759032041,29771.88544035732,15918.813855981913,15918.813855981913,37.025560838916164,37.025560838916164,0.0
2019-01-02 → 2020-01-02,7773.957759032041,29771.88544035732,15886.396842787643,15886.396842787643,36.8781968978037,36.8781968978037,0.0
2019-01-03 → 2020-01-03,7773.957759032041,29771.88544035732,15853.656623965857,15853.656623965857,36.729363701804154,36.729363701804154,0.0
2019-01-04 → 2020-01-04,7773.957759032041,29771.88544035732,15818.666897676158,15818.666897676161,36.57030450860841,36.57030450860842,1.4210854715202004e-14
2019-01-05 → 2020-01-05,7773.957759032041,29771.88544035732,15784.478847337114,15784.478847337112,36.414889640288486,36.41488964028848,-7.105427357601002e-15
2019-01-06 → 2020-01-06,7773.957759032041,29771.88544035732,15747.73454549783,15747.73454549783,36.2478543523669,36.2478543523669,0.0
2019-01-07 → 2020-01-07,7773.957759032041,29771.88544035732,15713.78677018708,15713.786770187082,36.093531746153545,36.09353174615356,1.4210854715202004e-14
2019-01-08 → 2020-01-08,7773.957759032041,29771.88544035732,15679.39817196131,15679.398171961311,35.93720521065464,35.937205210654646,7.105427357601002e-15
2019-01-09 → 2020-01-09,7773.957759032041,29771.88544035732,15645.917887724701,15645.9178877247,35.785007764051386,35.78500776405137,-1.4210854715202004e-14
2019-01-10 → 2020-01-10,7773.957759032041,29771.88544035732,15611.292174998,15611.292174998,35.62760333383273,35.62760333383273,0.0
2019-01-11 → 2020-01-11,7773.957759032041,29771.88544035732,15569.997260588407,15569.997260588407,35.43988149472218,35.43988149472218,0.0
2019-01-12 → 2020-01-12,7773.957759032041,29771.88544035732,15528.07234944423,15528.072349444228,35.24929576432282,35.24929576432281,-7.105427357601002e-15
2019-01-13 → 2020-01-13,7773.957759032041,29771.88544035732,15486.174257509321,15486.174257509321,35.05883195090426,35.05883195090426,0.0
2019-01-14 → 2020-01-14,7773.957759032041,29771.88544035732,15439.245257338993,15439.245257338995,34.84549821851742,34.84549821851743,7.105427357601002e-15
2019-01-15 → 2020-01-15,7773.957759032041,29771.88544035732,15395.74311665681,15395.74311665681,34.64774258756718,34.64774258756718,0.0
2019-01-16 → 2020-01-16,7773.957759032041,29771.88544035732,15350.788857506359,15350.788857506355,34.443385796319916,34.443385796319895,-2.1316282072803006e-14
2019-01-17 → 2020-01-17,7773.957759032041,29771.88544035732,15305.696426265069,15305.696426265069,34.238400890948256,34.238400890948256,0.0
2019-01-18 → 2020-01-18,7773.957759032041,29771.88544035732,15261.23997045489,15261.239970454888,34.03630705531882,34.036307055318815,-7.105427357601002e-15
2019-01-19 → 2020-01-19,7773.957759032041,29771.88544035732,15216.993394294204,15216.993394294204,33.835167307967765,33.835167307967765,0.0
2019-01-20 → 2020-01-20,7773.957759032041,29771.88544035732,15174.531611178656,15174.531611178658,33.64214102053436,33.64214102053437,7.105427357601002e-15
2019-01-21 → 2020-01-21,7773.957759032041,29771.88544035732,15128.60692624879,15128.60692624879,33.43337278747551,33.43337278747551,0.0
2019-01-22 → 2020-01-22,7773.957759032041,29771.88544035732,15082.923715765384,15082.923715765384,33.22570226893758,33.22570226893758,0.0
2019-01-23 → 2020-01-23,7773.957759032041,29771.88544035732,15039.204086994365,15039.204086994365,33.02695796263579,33.02695796263579,0.0
2019-01-24 → 2020-01-24,7773.957759032041,29771.88544035732,14994.716952452482,14994.716952452483,32.82472466508909,32.8247246650891,7.105427357601002e-15
2019-01-25 → 2020-01-25,7773.957759032041,29771.88544035732,14950.873815980307,14950.873815980309,32.62541890725903,32.62541890725903,0.0
2019-01-26 → 2020-01-26,7773.957759032041,29771.88544035732,14906.021636544814,14906.021636544814,32.42152615842719,32.42152615842719,0.0
2019-01-27 → 2020-01-27,7773.957759032041,29771.88544035732,14859.902015467693,14859.902015467696,32.21187176849903,32.211871768499044,1.4210854715202004e-14
2019-01-28 → 2020-01-28,7773.957759032041,29771.88544035732,14812.055210602975,14812.055210602977,31.994365803583364,31.99436580358337,7.105427357601002e-15
2019-01-29 → 2020-01-29,7773.957759032041,29771.88544035732,14761.85645555458,14761.856455554584,31.766168148896963,31.766168148896977,1.4210854715202004e-14
2019-01-30 → 2020-01-30,7773.957759032041,29771.88544035732,14710.131058252071,14710.131058252075,31.53103055752093,31.531030557520946,1.7763568394002505e-14
2019-01-31 → 2020-01-31,7773.957759032041,29771.88544035732,14659.855925657219,14659.855925657219,31.30248569946354,31.30248569946354,0.0
2019-02-01 → 2020-02-01,7773.957759032041,29771.88544035732,14608.857172339078,14608.85717233908,31.070651346442023,31.070651346442034,1.0658141036401503e-14
2019-02-02 → 2020-02-02,7773.957759032041,29771.88544035732,14558.80303289863,14558.803032898633,30.843111097353287,30.843111097353304,1.7763568394002505e-14
2019-02-03 → 2020-02-03,7773.957759032041,29771.88544035732,14509.323527073486,14509.323527073488,30.618183065304393,30.6181830653044,7.105427357601002e-15
2019-02-04 → 2020-02-04,7773.957759032041,29771.88544035732,14459.092764394516,14459.09276439452,30.38983990768227,30.389839907682287,1.7763568394002505e-14
2019-02-05 → 2020-02-05,7773.957759032041,29771.88544035732,14407.378676282537,14407.378676282538,30.154753726560397,30.1547537265604,3.552713678800501e-15
2019-02-06 → 2020-02-06,7773.957759032041,29771.88544035732,14355.693163014312,14355.693163014314,29.91979744332785,29.919797443327855,3.552713678800501e-15
2019-02-07 → 2020-02-07,7773.957759032041,29771.88544035732,14302.43695250311,14302.436952503114,29.677700954591725,29.67770095459174,1.4210854715202004e-14
2019-02-08 → 2020-02-08,7773.957759032041,28074.774710040525,14248.659944524521,14248.659944524521,31.89380112690901,31.89380112690901,0.0
2019-02-09 → 2020-02-09,7773.957759032041,28074.774710040525,14199.942317104817,14199.942317104818,31.65382247217175,31.653822472171754,3.552713678800501e-15
2019-02-10 → 2020-02-10,7773.957759032041,28074.774710040525,14152.168143936973,14152.168143936973,31.41849118829714,31.41849118829714,0.0
2019-02-11 → 2020-02-11,7773.957759032041,28074.774710040525,14103.74661161962,14103.74661161962,31.179971071425932,31.179971071425932,0.0
2019-02-12 → 2020-02-12,7773.957759032041,28074.774710040525,14054.025378038741,14054.025378038743,30.935048742926202,30.935048742926213,1.0658141036401503e-14
2019-02-13 → 2020-02-13,7773.957759032041,28074.774710040525,14004.567682111336,14004.567682111337,30.691424577225085,30.691424577225096,1.0658141036401503e-14
2019-02-14 → 2020-02-14,7773.957759032041,28074.774710040525,13954.533437061877,13954.533437061875,30.444960382359405,30.444960382359394,-1.0658141036401503e-14
2019-02-15 → 2020-02-15,7773.957759032041,28050.436405718185,13905.392145156498,13905.3921451565,30.239147994893774,30.239147994893784,1.0658141036401503e-14
2019-02-16 → 2020-02-16,7773.957759032041,27896.057039244246,13856.205664400954,13856.205664400954,30.226706571068906,30.226706571068906,0.0
2019-02-17 → 2020-02-17,7773.957759032041,27603.28339949321,13808.20357673291,13808.20357673291,30.430917960155757,30.430917960155757,0.0
2019-02-18 → 2020-02-18,7773.957759032041,27040.460617832723,13759.583779187313,13759.583779187316,31.067527220806017,31.067527220806035,1.7763568394002505e-14
2019-02-19 → 2020-02-19,7773.957759032041,27040.460617832723,13717.26706730178,13717.267067301778,30.847888440506026,30.847888440506015,-1.0658141036401503e-14
2019-02-20 → 2020-02-20,7773.957759032041,27040.460617832723,13675.546828651972,13675.546828651972,30.631345568374197,30.631345568374197,0.0
2019-02-21 → 2020-02-21,7773.957759032041,27040.460617832723,13634.21491698913,13634.214916989133,30.416818251373535,30.416818251373538,3.552713678800501e-15
2019-02-22 → 2020-02-22,7773.957759032041,27040.460617832723,13592.257672956055,13592.257672956053,30.199045237035797,30.199045237035786,-1.0658141036401503e-14
2019-02-23 → 2020-02-23,7773.957759032041,27040.460617832723,13550.454062925217,13550.454062925219,29.982069637793913,29.982069637793924,1.0658141036401503e-14
2019-02-24 → 2020-02-24,7773.957759032041,27040.460617832723,13512.297856193794,13512.297856193793,29.78402535850223,29.784025358502227,-3.552713678800501e-15
2019-02-25 → 2020-02-25,7773.957759032041,27040.460617832723,13468.758996914541,13468.75899691454,29.55804319869701,29.558043198697,-1.0658141036401503e-14
2019-02-26 → 2020-02-26,7773.957759032041,27040.460617832723,13428.324262988574,13428.324262988572,29.348172553140294,29.348172553140284,-1.0658141036401503e-14
2019-02-27 → 2020-02-27,7773.957759032041,27040.460617832723,13387.473104896088,13387.47310489609,29.13614051810065,29.13614051810066,1.0658141036401503e-14
2019-02-28 → 2020-02-28,7773.957759032041,27040.460617832723,13346.783832675179,13346.783832675179,28.924948728292666,28.924948728292666,0.0
2019-03-01 → 2020-03-01,7773.957759032041,27040.460617832723,13302.22753951511,13302.227539515108,28.69368572489962,28.69368572489961,-1.0658141036401503e-14
2019-03-02 → 2020-03-02,7773.957759032041,27040.460617832723,13261.316785511852,13261.316785511852,28.481344365893875,28.481344365893875,0.0
2019-03-03 → 2020-03-03,7773.957759032041,27040.460617832723,13220.866864893327,13220.866864893325,28.271394896003194,28.271394896003184,-1.0658141036401503e-14
2019-03-04 → 2020-03-04,7773.957759032041,27040.460617832723,13179.945587085007,13179.945587085005,28.058998914707463,28.058998914707452,-1.0658141036401503e-14
2019-03-05 → 2020-03-05,7773.957759032041,26046.86550643562,13136.332184200495,13136.332184200495,29.346037857222807,29.346037857222807,0.0
2019-03-06 → 2020-03-06,7773.957759032041,26046.86550643562,13095.165007690583,13095.165007690584,29.12074707658193,29.12074707658194,7.105427357601002e-15
2019-03-07 → 2020-03-07,7773.957759032041,26046.86550643562,13055.049319088834,13055.049319088837,28.901210650544595,28.901210650544616,2.1316282072803006e-14
2019-03-08 → 2020-03-08,7773.957759032041,26046.86550643562,13017.98369403455,13017.983694034552,28.698365949708464,28.698365949708478,1.4210854715202004e-14
2019-03-09 → 2020-03-09,7773.957759032041,25963.445555142123,12981.518181286308,12981.518181286308,28.629505572817344,28.629505572817344,0.0
2019-03-10 → 2020-03-10,7773.957759032041,25963.445555142123,12946.284543468975,12946.284543468977,28.435802274449216,28.43580227444923,1.4210854715202004e-14
2019-03-11 → 2020-03-11,7773.957759032041,25963.445555142123,12910.808171498982,12910.808171498982,28.240764501161397,28.240764501161397,0.0
2019-03-12 → 2020-03-12,7773.957759032041,25960.826637480193,12895.006089675435,12895.006089675433,28.15794387076684,28.15794387076683,-1.0658141036401503e-14
2019-03-13 → 2020-03-13,7773.957759032041,25960.826637480193,12872.81331451236,12872.81331451236,28.03591750486845,28.03591750486845,0.0
2019-03-14 → 2020-03-14,7773.957759032041,25948.527232164128,12855.033662390088,12855.033662390088,27.957063361910862,27.957063361910862,0.0
2019-03-15 → 2020-03-15,7773.957759032041,25628.446628388738,12835.178148347144,12835.178148347142,28.347047212320785,28.347047212320774,-1.0658141036401503e-14
2019-03-16 → 2020-03-16,7773.957759032041,25586.972579571917,12819.70124690187,12819.70124690187,28.32616229596166,28.32616229596166,0.0
2019-03-17 → 2020-03-17,7773.957759032041,25586.972579571917,12801.710240809383,12801.710240809385,28.22516307559531,28.225163075595322,1.0658141036401503e-14
2019-03-18 → 2020-03-18,7773.957759032041,25586.972579571917,12783.555642333953,12783.555642333955,28.123245468394447,28.123245468394455,7.105427357601002e-15
2019-03-19 → 2020-03-19,7773.957759032041,25586.972579571917,12758.834466806227,12758.834466806227,27.984463932664628,27.984463932664628,0.0
2019-03-20 → 2020-03-20,7773.957759032041,25586.972579571917,12734.781576546087,12734.781576546085,27.84943406544414,27.84943406544413,-1.0658141036401503e-14
2019-03-21 → 2020-03-21,7773.957759032041,25586.972579571917,12711.300081060936,12711.300081060936,27.71761193582869,27.71761193582869,0.0
2019-03-22 → 2020-03-22,7773.957759032041,25586.972579571917,12689.506716151653,12689.506716151656,27.595266756594043,27.595266756594068,2.4868995751603507e-14
2019-03-23 → 2020-03-23,7773.957759032041,25586.972579571917,12663.11909260026,12663.11909260026,27.447129993574205,27.447129993574205,0.0
2019-03-24 → 2020-03-24,7773.957759032041,25586.972579571917,12634.905471285878,12634.905471285878,27.288742311317016,27.288742311317016,0.0
2019-03-25 → 2020-03-25,7773.957759032041,25586.972579571917,12607.011919987168,12607.01191998717,27.132151461425924,27.132151461425934,1.0658141036401503e-14
2019-03-26 → 2020-03-26,7773.957759032041,25524.76751053806,12577.63333472961,12577.633334729611,27.061726439212237,27.061726439212247,1.0658141036401503e-14
2019-03-27 → 2020-03-27,7773.957759032041,24931.82727159103,12550.06293900404,12550.06293900404,27.83623675699391,27.83623675699391,0.0
2019-03-28 → 2020-03-28,7773.957759032041,24931.82727159103,12526.12382253368,12526.123822533678,27.696714093921805,27.69671409392179,-1.4210854715202004e-14
2019-03-29 → 2020-03-29,7773.957759032041,24453.100059156557,12504.33467315386,12504.334673153862,28.361032174217403,28.361032174217414,1.0658141036401503e-14
2019-03-30 → 2020-03-30,7773.957759032041,24438.57841350643,12480.03580320374,12480.03580320374,28.239935020111805,28.239935020111805,0.0
2019-03-31 → 2020-03-31,7773.957759032041,24424.09322507313,12455.806263586064,12455.806263586066,28.11898145875703,28.11898145875704,1.0658141036401503e-14
2019-04-01 → 2020-04-01,7773.957759032041,24163.82411016625,12430.272468500625,12430.272468500625,28.409717380925187,28.409717380925187,0.0
2019-04-02 → 2020-04-02,7773.957759032041,20392.68371152051,12404.544323813134,12404.544323813136,36.69614969225891,36.69614969225892,7.105427357601002e-15
2019-04-03 → 2020-04-03,7773.957759032041,20361.333434818054,12389.33439624714,12389.33439624714,36.66671080687273,36.66671080687273,0.0
2019-04-04 → 2020-04-04,7773.957759032041,20361.333434818054,12374.121636793896,12374.121636793894,36.54585353014499,36.545853530144974,-1.4210854715202004e-14
2019-04-05 → 2020-04-05,7773.957759032041,20164.08152590028,12358.765901153398,12358.765901153398,37.0037315880681,37.0037315880681,0.0
2019-04-06 → 2020-04-06,7773.957759032041,20164.08152590028,12341.96503637191,12341.965036371914,36.86813274258753,36.868132742587555,2.842170943040401e-14
2019-04-07 → 2020-04-07,7773.957759032041,20164.08152590028,12325.858033666611,12325.858033666611,36.73813401934337,36.73813401934337,0.0
2019-04-08 → 2020-04-08,7773.957759032041,20164.08152590028,12310.308609723526,12310.308609723528,36.612635483286255,36.61263548328627,1.4210854715202004e-14
2019-04-09 → 2020-04-09,7773.957759032041,20164.08152590028,12296.064185648771,12296.064185648771,36.49766952860511,36.49766952860511,0.0
2019-04-10 → 2020-04-10,7773.957759032041,20164.08152590028,12283.340750382904,12283.340750382904,36.39497939002966,36.39497939002966,0.0
2019-04-11 → 2020-04-11,7773.957759032041,20164.08152590028,12271.629434238514,12271.629434238514,36.300458008607244,36.300458008607244,0.0
2019-04-12 → 2020-04-12,7773.957759032041,20164.08152590028,12256.72484724146,12256.724847241461,36.18016391568697,36.18016391568698,1.4210854715202004e-14
2019-04-13 → 2020-04-13,7773.957759032041,20164.08152590028,12242.816694679348,12242.816694679348,36.06791198968683,36.06791198968683,0.0
2019-04-14 → 2020-04-14,7773.957759032041,20164.08152590028,12228.754212727623,12228.754212727623,35.95441447976421,35.95441447976421,0.0
2019-04-15 → 2020-04-15,7773.957759032041,20164.08152590028,12217.041406094495,12217.041406094493,35.85988106869007,35.85988106869006,-1.4210854715202004e-14
2019-04-16 → 2020-04-16,7773.957759032041,20164.08152590028,12201.23683072044,12201.236830720438,35.73232321962066,35.732323219620646,-1.4210854715202004e-14
2019-04-17 → 2020-04-17,7773.957759032041,20164.08152590028,12187.375165436757,12187.375165436755,35.6204464898599,35.62044648985989,-1.4210854715202004e-14
2019-04-18 → 2020-04-18,7773.957759032041,20164.08152590028,12172.756649667848,12172.756649667848,35.5024612619157,35.5024612619157,0.0
2019-04-19 → 2020-04-19,7773.957759032041,20164.08152590028,12159.24375788231,12159.243757882312,35.39339946366577,35.39339946366578,7.105427357601002e-15
2019-04-20 → 2020-04-20,7773.957759032041,20164.08152590028,12147.493897560797,12147.493897560795,35.298566994332944,35.29856699433294,-7.105427357601002e-15
2019-04-21 → 2020-04-21,7773.957759032041,20164.08152590028,12135.877636981824,12135.87763698182,35.2048128010937,35.20481280109367,-3.552713678800501e-14
2019-04-22 → 2020-04-22,7773.957759032041,20164.08152590028,12122.674938324139,12122.674938324139,35.098254554331135,35.098254554331135,0.0
2019-04-23 → 2020-04-23,7773.957759032041,20164.08152590028,12108.449816564449,12108.449816564447,34.98344438756163,34.98344438756162,-1.4210854715202004e-14
2019-04-24 → 2020-04-24,7773.957759032041,20164.08152590028,12095.608336339665,12095.608336339665,34.879801514686356,34.879801514686356,0.0
2019-04-25 → 2020-04-25,7773.957759032041,20164.08152590028,12081.594649537745,12081.594649537747,34.76669782770469,34.766697827704704,1.4210854715202004e-14
2019-04-26 → 2020-04-26,7773.957759032041,20164.08152590028,12063.915946915371,12063.915946915371,34.62401400182034,34.62401400182034,0.0
2019-04-27 → 2020-04-27,7773.957759032041,20164.08152590028,12046.043361532285,12046.043361532285,34.47976535895466,34.47976535895466,0.0
2019-04-28 → 2020-04-28,7773.957759032041,20164.08152590028,12028.528087949753,12028.528087949751,34.338400559763805,34.33840055976379,-1.4210854715202004e-14
2019-04-29 → 2020-04-29,7773.957759032041,20164.08152590028,12006.704214485459,12006.704214485457,34.162261290496346,34.16226129049634,-7.105427357601002e-15
2019-04-30 → 2020-04-30,7773.957759032041,20164.08152590028,11985.27498526522,11985.27498526522,33.98930717297945,33.98930717297945,0.0
2019-05-01 → 2020-05-01,7773.957759032041,20164.08152590028,11964.307289583674,11964.307289583674,33.8200780669909,33.8200780669909,0.0
2019-05-02 → 2020-05-02,7773.957759032041,20164.08152590028,11943.394958656068,11943.394958656068,33.651295806852985,33.651295806852985,0.0
2019-05-03 → 2020-05-03,7773.957759032041,20164.08152590028,11923.498205437774,11923.498205437772,33.490710217938215,33.490710217938194,-2.1316282072803006e-14
2019-05-04 → 2020-05-04,7773.957759032041,20164.08152590028,11906.021469655881,11906.02146965588,33.34965645519352,33.3496564551935,-2.1316282072803006e-14
2019-05-05 → 2020-05-05,7773.957759032041,20164.08152590028,11889.159593559116,11889.159593559116,33.21356519077972,33.21356519077972,0.0
2019-05-06 → 2020-05-06,7773.957759032041,20164.08152590028,11870.996562839133,11870.996562839133,33.06697237974944,33.06697237974944,0.0
2019-05-07 → 2020-05-07,7773.957759032041,20164.08152590028,11850.388311111188,11850.388311111186,32.900644325924404,32.90064432592439,-1.4210854715202004e-14
2019-05-08 → 2020-05-08,7773.957759032041,20164.08152590028,11831.25342474467,11831.253424744667,32.74620772200858,32.74620772200856,-1.4210854715202004e-14
2019-05-09 → 2020-05-09,7773.957759032041,20164.08152590028,11813.768482400505,11813.768482400505,32.605087724556086,32.605087724556086,0.0
2019-05-10 → 2020-05-10,7773.957759032041,20164.08152590028,11800.729338495428,11800.729338495428,32.499849519107784,32.499849519107784,0.0
2019-05-11 → 2020-05-11,7773.957759032041,20164.08152590028,11789.583998450253,11789.583998450253,32.40989609931243,32.40989609931243,0.0
2019-05-12 → 2020-05-12,7773.957759032041,20164.08152590028,11783.288851452646,11783.288851452642,32.35908831792092,32.35908831792089,-2.842170943040401e-14
2019-05-13 → 2020-05-13,7773.957759032041,20164.08152590028,11773.26810690214,11773.268106902138,32.278211445832675,32.27821144583265,-2.1316282072803006e-14
2019-05-14 → 2020-05-14,7773.957759032041,20164.08152590028,11766.130363865828,11766.130363865832,32.22060311866326,32.22060311866329,2.842170943040401e-14
2019-05-15 → 2020-05-15,7773.957759032041,20164.08152590028,11761.094600165032,11761.09460016503,32.179959749835405,32.17995974983539,-1.4210854715202004e-14
2019-05-16 → 2020-05-16,7773.957759032041,20164.08152590028,11756.928041420997,11756.928041420997,32.14633168588357,32.14633168588357,0.0
2019-05-17 → 2020-05-17,7773.957759032041,20164.08152590028,11750.411917590023,11750.411917590023,32.09374041275683,32.09374041275683,0.0
2019-05-18 → 2020-05-18,7773.957759032041,20164.08152590028,11741.236228672067,11741.236228672065,32.01968393769165,32.01968393769163,-2.1316282072803006e-14
2019-05-19 → 2020-05-19,7773.957759032041,20164.08152590028,11731.731952173976,11731.731952173974,31.942975450537496,31.942975450537485,-1.0658141036401503e-14
2019-05-20 → 2020-05-20,7773.957759032041,20164.08152590028,11727.217278465288,11727.217278465287,31.906537770062027,31.90653777006201,-1.7763568394002505e-14
2019-05-21 → 2020-05-21,7773.957759032041,20164.08152590028,11723.12266365058,11723.122663650578,31.873490361563512,31.873490361563494,-1.7763568394002505e-14
2019-05-22 → 2020-05-22,7773.957759032041,20164.08152590028,11718.734427270376,11718.734427270374,31.838073149735983,31.838073149735973,-1.0658141036401503e-14
2019-05-23 → 2020-05-23,7773.957759032041,20164.08152590028,11712.869374509632,11712.869374509632,31.79073663501587,31.79073663501587,0.0
2019-05-24 → 2020-05-24,7773.957759032041,20164.08152590028,11709.30892589806,11709.308925898058,31.762000452241875,31.76200045224186,-1.4210854715202004e-14
2019-05-25 → 2020-05-25,7773.957759032041,20164.08152590028,11705.778063426487,11705.778063426487,31.733503057558742,31.733503057558742,0.0
2019-05-26 → 2020-05-26,7773.957759032041,20164.08152590028,11702.81878591837,11702.81878591837,31.709618893334092,31.709618893334092,0.0
2019-05-27 → 2020-05-27,7773.957759032041,20164.08152590028,11701.32966678344,11701.329666783438,31.69760029559488,31.697600295594864,-1.7763568394002505e-14
2019-05-28 → 2020-05-28,7773.957759032041,20164.08152590028,11698.902468983988,11698.902468983986,31.67801051711387,31.678010517113858,-1.0658141036401503e-14
2019-05-29 → 2020-05-29,7773.957759032041,20164.08152590028,11696.539256510247,11696.539256510245,31.658937160638928,31.65893716063891,-1.7763568394002505e-14
2019-05-30 → 2020-05-30,7773.957759032041,20164.08152590028,11693.173493817392,11693.17349381739,31.631772277089865,31.631772277089855,-1.0658141036401503e-14
2019-05-31 → 2020-05-31,7773.957759032041,20164.08152590028,11689.114892559192,11689.114892559188,31.599015532003484,31.59901553200345,-3.552713678800501e-14
2019-06-01 → 2020-06-01,7773.957759032041,20164.08152590028,11683.985061404368,11683.985061404368,31.55761294998456,31.55761294998456,0.0
2019-06-02 → 2020-06-02,7773.957759032041,20164.08152590028,11680.778846685369,11680.778846685365,31.53173576926121,31.531735769261182,-2.842170943040401e-14
2019-06-03 → 2020-06-03,7773.957759032041,20164.08152590028,11677.877068215565,11677.877068215563,31.50831567657768,31.50831567657767,-1.0658141036401503e-14
2019-06-04 → 2020-06-04,7773.957759032041,20164.08152590028,11672.305897682749,11672.305897682745,31.46335106897858,31.463351068978547,-3.197442310920451e-14
2019-06-05 → 2020-06-05,7773.957759032041,20164.08152590028,11664.947341135858,11664.947341135858,31.40396056824308,31.40396056824308,0.0
2019-06-06 → 2020-06-06,7773.957759032041,20164.08152590028,11658.189242811943,11658.189242811943,31.349416332438217,31.349416332438217,0.0
2019-06-07 → 2020-06-07,7773.957759032041,20164.08152590028,11651.104920641446,11651.104920641446,31.292239162106473,31.292239162106473,0.0
2019-06-08 → 2020-06-08,7773.957759032041,20164.08152590028,11645.03792845984,11645.03792845984,31.243272805548923,31.243272805548923,0.0
2019-06-09 → 2020-06-09,7773.957759032041,20164.08152590028,11638.582303185653,11638.582303185653,31.191169812910136,31.191169812910136,0.0
2019-06-10 → 2020-06-10,7773.957759032041,20164.08152590028,11630.445067540979,11630.445067540979,31.125494636472972,31.125494636472972,0.0
2019-06-11 → 2020-06-11,7773.957759032041,20164.08152590028,11625.726672478911,11625.726672478911,31.087412732281795,31.087412732281795,0.0
2019-06-12 → 2020-06-12,7773.957759032041,20164.08152590028,11620.148500954843,11620.148500954845,31.042391620071562,31.04239162007158,1.7763568394002505e-14
2019-06-13 → 2020-06-13,7773.957759032041,20164.08152590028,11615.50138930056,11615.501389300556,31.004885040301065,31.00488504030104,-2.4868995751603507e-14
2019-06-14 → 2020-06-14,7773.957759032041,20164.08152590028,11611.568642277176,11611.568642277178,30.973144057746076,30.973144057746087,1.0658141036401503e-14
2019-06-15 → 2020-06-15,7773.957759032041,20164.08152590028,11609.102099781074,11609.102099781074,30.95323673040607,30.95323673040607,0.0
2019-06-16 → 2020-06-16,7773.957759032041,20164.08152590028,11606.937009391002,11606.937009391,30.93576240625233,30.93576240625232,-1.0658141036401503e-14
2019-06-17 → 2020-06-17,7773.957759032041,20164.08152590028,11605.564817406907,11605.564817406907,30.924687521046064,30.924687521046064,0.0
2019-06-18 → 2020-06-18,7773.957759032041,20164.08152590028,11605.411290135815,11605.411290135813,30.92344841097759,30.92344841097757,-1.7763568394002505e-14
2019-06-19 → 2020-06-19,7773.957759032041,20164.08152590028,11604.636585769766,11604.636585769767,30.917195815114738,30.917195815114752,1.4210854715202004e-14
2019-06-20 → 2020-06-20,7773.957759032041,20164.08152590028,11604.410039118955,11604.410039118955,30.915367369692614,30.915367369692614,0.0
2019-06-21 → 2020-06-21,7773.957759032041,20164.08152590028,11605.215283525235,11605.215283525235,30.92186645252206,30.92186645252206,0.0
2019-06-22 → 2020-06-22,7773.957759032041,20164.08152590028,11606.32821336753,11606.328213367527,30.930848847397492,30.93084884739748,-1.0658141036401503e-14
2019-06-23 → 2020-06-23,7773.957759032041,20164.08152590028,11609.176450113424,11609.17645011342,30.953836807804404,30.953836807804368,-3.552713678800501e-14
2019-06-24 → 2020-06-24,7773.957759032041,20164.08152590028,11613.254962336632,11613.25496233663,30.986754253182262,30.986754253182248,-1.4210854715202004e-14
2019-06-25 → 2020-06-25,7773.957759032041,20164.08152590028,11617.959982797222,11617.959982797222,31.024728211708574,31.024728211708574,0.0
2019-06-26 → 2020-06-26,7773.957759032041,20164.08152590028,11624.471795457153,11624.471795457153,31.07728468961354,31.07728468961354,0.0
2019-06-27 → 2020-06-27,7949.689521114651,20164.08152590028,11633.557573096929,11633.557573096927,30.160060775345414,30.1600607753454,-1.4210854715202004e-14
2019-06-28 → 2020-06-28,7949.689521114651,20164.08152590028,11638.947806785984,11638.947806785985,30.20419095953259,30.2041909595326,1.0658141036401503e-14
2019-06-29 → 2020-06-29,7949.689521114651,20164.08152590028,11646.567480849975,11646.567480849975,30.26657371309909,30.26657371309909,0.0
2019-06-30 → 2020-06-30,7949.689521114651,20164.08152590028,11653.55389396721,11653.553893967211,30.323771919235725,30.323771919235742,1.7763568394002505e-14
2019-07-01 → 2020-07-01,7949.689521114651,20164.08152590028,11657.908324755284,11657.908324755284,30.35942191954985,30.35942191954985,0.0
2019-07-02 → 2020-07-02,7949.689521114651,20164.08152590028,11662.08994276576,11662.08994276576,30.393657090722005,30.393657090722005,0.0
2019-07-03 → 2020-07-03,7949.689521114651,20164.08152590028,11666.833685486312,11666.833685486312,30.432494412454375,30.432494412454375,0.0
2019-07-04 → 2020-07-04,7949.689521114651,20164.08152590028,11673.892695132461,11673.892695132457,30.490286970965542,30.490286970965514,-2.842170943040401e-14
2019-07-05 → 2020-07-05,7949.689521114651,20164.08152590028,11679.524160335464,11679.524160335466,30.53639213281721,30.536392132817227,1.7763568394002505e-14
2019-07-06 → 2020-07-06,7949.689521114651,20164.08152590028,11683.926389332364,11683.926389332362,30.572433460090597,30.572433460090586,-1.0658141036401503e-14
2019-07-07 → 2020-07-07,7949.689521114651,20164.08152590028,11689.066088426927,11689.066088426927,30.61451250170437,30.61451250170437,0.0
2019-07-08 → 2020-07-08,7949.689521114651,20164.08152590028,11694.16257100368,11694.162571003679,30.65623772695305,30.656237726953034,-1.7763568394002505e-14
2019-07-09 → 2020-07-09,7949.689521114651,20164.08152590028,11701.561321465515,11701.561321465515,30.716811765013524,30.716811765013524,0.0
2019-07-10 → 2020-07-10,8259.832572139929,20164.08152590028,11709.245554041227,11709.245554041227,28.976317576185153,28.976317576185153,0.0
2019-07-11 → 2020-07-11,8356.122186429126,20164.08152590028,11716.237359956967,11716.237359956966,28.456357927112673,28.456357927112663,-1.0658141036401503e-14
2019-07-12 → 2020-07-12,8356.122186429126,20164.08152590028,11721.446026298489,11721.44602629849,28.500469413202485,28.500469413202502,1.7763568394002505e-14
2019-07-13 → 2020-07-13,8356.122186429126,20164.08152590028,11727.880495086376,11727.880495086374,28.554962053318366,28.55496205331835,-1.7763568394002505e-14
2019-07-14 → 2020-07-14,8356.122186429126,20164.08152590028,11733.291097782037,11733.291097782036,28.600783710897886,28.600783710897872,-1.4210854715202004e-14
2019-07-15 → 2020-07-15,8356.122186429126,20164.08152590028,11736.421120811645,11736.421120811647,28.62729144978503,28.627291449785048,1.7763568394002505e-14
2019-07-16 → 2020-07-16,8356.122186429126,20164.08152590028,11741.319299888615,11741.319299888612,28.668773461504,28.66877346150397,-2.842170943040401e-14
2019-07-17 → 2020-07-17,8356.122186429126,20164.08152590028,11742.307993979506,11742.307993979506,28.6771465771497,28.6771465771497,0.0
2019-07-18 → 2020-07-18,8356.122186429126,20164.08152590028,11743.839504467907,11743.839504467907,28.69011673096181,28.69011673096181,0.0
2019-07-19 → 2020-07-19,8356.122186429126,20164.08152590028,11747.882984831911,11747.882984831911,28.724360415647336,28.724360415647336,0.0
2019-07-20 → 2020-07-20,8356.122186429126,20164.08152590028,11751.735239471649,11751.735239471647,28.756984635709316,28.756984635709298,-1.7763568394002505e-14
2019-07-21 → 2020-07-21,8356.122186429126,20164.08152590028,11755.673622051523,11755.673622051521,28.790338261570042,28.79033826157003,-1.0658141036401503e-14
2019-07-22 → 2020-07-22,8356.122186429126,20164.08152590028,11758.531013724709,11758.531013724709,28.81453712261824,28.81453712261824,0.0
2019-07-23 → 2020-07-23,8356.122186429126,20164.08152590028,11760.480484432828,11760.480484432828,28.83104692462613,28.83104692462613,0.0
2019-07-24 → 2020-07-24,8356.122186429126,20164.08152590028,11761.401829767921,11761.401829767921,28.838849672828466,28.838849672828466,0.0
2019-07-25 → 2020-07-25,8356.122186429126,20164.08152590028,11761.660890085344,11761.660890085343,28.841043619385832,28.841043619385815,-1.7763568394002505e-14
2019-07-26 → 2020-07-26,8356.122186429126,20164.08152590028,11761.559124243453,11761.559124243453,28.8401817783262,28.8401817783262,0.0
2019-07-27 → 2020-07-27,8356.122186429126,20164.08152590028,11758.525391283325,11758.525391283325,28.81448950692765,28.81448950692765,0.0
2019-07-28 → 2020-07-28,8356.122186429126,20164.08152590028,11754.577643712444,11754.577643712444,28.781056570233122,28.781056570233122,0.0
2019-07-29 → 2020-07-29,8356.122186429126,20164.08152590028,11750.498120145974,11750.49812014597,28.746507640573167,28.74650764057314,-2.842170943040401e-14
2019-07-30 → 2020-07-30,8356.122186429126,20164.08152590028,11746.29830217258,11746.298302172578,28.71093995395897,28.71093995395896,-1.0658141036401503e-14
2019-07-31 → 2020-07-31,8356.122186429126,20164.08152590028,11741.914778530681,11741.91477853068,28.67381648904963,28.673816489049614,-1.7763568394002505e-14
2019-08-01 → 2020-08-01,8356.122186429126,20164.08152590028,11737.922873952688,11737.922873952688,28.640009592673817,28.640009592673817,0.0
2019-08-02 → 2020-08-02,8356.122186429126,20164.08152590028,11736.284628175494,11736.284628175494,28.626135512232853,28.626135512232853,0.0
2019-08-03 → 2020-08-03,8356.122186429126,20164.08152590028,11734.657753187854,11734.657753187854,28.612357729460502,28.612357729460502,0.0
2019-08-04 → 2020-08-04,8356.122186429126,20164.08152590028,11733.77525964992,11733.77525964992,28.604884011838656,28.604884011838656,0.0
2019-08-05 → 2020-08-05,8356.122186429126,20164.08152590028,11732.220228776376,11732.220228776378,28.591714667087054,28.59171466708707,1.7763568394002505e-14
2019-08-06 → 2020-08-06,8356.122186429126,20164.08152590028,11732.260905844405,11732.260905844405,28.59205915563804,28.59205915563804,0.0
2019-08-07 → 2020-08-07,8356.122186429126,20164.08152590028,11731.900058560776,11731.90005856078,28.589003189122103,28.589003189122135,3.197442310920451e-14
2019-08-08 → 2020-08-08,8376.447880236941,20164.08152590028,11732.334889730779,11732.33488973078,28.469556404380324,28.46955640438034,1.7763568394002505e-14
2019-08-09 → 2020-08-09,8432.882742158143,20164.08152590028,11732.838477561168,11732.83847756117,28.129740159005063,28.129740159005078,1.4210854715202004e-14
2019-08-10 → 2020-08-10,8424.337559445135,20164.08152590028,11732.815193684566,11732.815193684568,28.181855104276487,28.181855104276504,1.7763568394002505e-14
2019-08-11 → 2020-08-11,8424.337559445135,20164.08152590028,11732.627064815613,11732.627064815613,28.180252608774964,28.180252608774964,0.0
2019-08-12 → 2020-08-12,8424.337559445135,20164.08152590028,11732.534548055233,11732.534548055231,28.179464544225652,28.179464544225635,-1.7763568394002505e-14
2019-08-13 → 2020-08-13,8424.337559445135,20164.08152590028,11731.744267486543,11731.744267486542,28.172732876389045,28.172732876389027,-1.7763568394002505e-14
2019-08-14 → 2020-08-14,8424.337559445135,20164.08152590028,11729.812034437196,11729.812034437196,28.15627397358104,28.15627397358104,0.0
2019-08-15 → 2020-08-15,8424.337559445135,20164.08152590028,11725.59163536025,11725.59163536025,28.12032430475516,28.12032430475516,0.0
2019-08-16 → 2020-08-16,8403.613626954813,20164.08152590028,11722.06131754612,11722.061317546122,28.216969929307524,28.216969929307538,1.4210854715202004e-14
2019-08-17 → 2020-08-17,8119.675958083712,20164.08152590028,11717.918436095817,11717.918436095817,29.874803349588642,29.874803349588642,0.0
2019-08-18 → 2020-08-18,8119.675958083712,20164.08152590028,11713.943940073144,11713.943940073144,29.841804659862575,29.841804659862575,0.0
2019-08-19 → 2020-08-19,8119.675958083712,20164.08152590028,11710.78551955732,11710.78551955732,29.815581526657358,29.815581526657358,0.0
2019-08-20 → 2020-08-20,8119.675958083712,20164.08152590028,11708.712203757033,11708.712203757032,29.798367594524205,29.798367594524187,-1.7763568394002505e-14
2019-08-21 → 2020-08-21,8119.675958083712,20164.08152590028,11707.058703545905,11707.058703545907,29.784639227426148,29.78463922742616,1.4210854715202004e-14
2019-08-22 → 2020-08-22,8119.675958083712,20164.08152590028,11703.396217942867,11703.396217942865,29.754231038475552,29.754231038475538,-1.4210854715202004e-14
2019-08-23 → 2020-08-23,8119.675958083712,20164.08152590028,11699.82810847205,11699.828108472047,29.72460641772754,29.72460641772753,-1.0658141036401503e-14
2019-08-24 → 2020-08-24,8119.675958083712,20164.08152590028,11696.81131050083,11696.811310500829,29.699559121252573,29.699559121252555,-1.7763568394002505e-14
2019-08-25 → 2020-08-25,8119.675958083712,20164.08152590028,11693.947468150593,11693.947468150594,29.675781755619102,29.67578175561912,1.7763568394002505e-14
2019-08-26 → 2020-08-26,8119.675958083712,20164.08152590028,11690.72185012679,11690.721850126793,29.64900070772396,29.649000707723978,1.7763568394002505e-14
2019-08-27 → 2020-08-27,8119.675958083712,20164.08152590028,11688.509407078096,11688.509407078094,29.630631656331285,29.630631656331268,-1.7763568394002505e-14
2019-08-28 → 2020-08-28,8119.675958083712,20164.08152590028,11685.34880252786,11685.348802527857,29.60439038994051,29.604390389940484,-2.4868995751603507e-14
2019-08-29 → 2020-08-29,8119.675958083712,20164.08152590028,11681.042685180228,11681.04268518023,29.568638377743756,29.568638377743767,1.0658141036401503e-14
2019-08-30 → 2020-08-30,8119.675958083712,20164.08152590028,11675.598012823391,11675.59801282339,29.523433387541626,29.52343338754161,-1.7763568394002505e-14
2019-08-31 → 2020-08-31,8119.675958083712,20164.08152590028,11670.480605865238,11670.480605865236,29.48094555425388,29.48094555425386,-1.7763568394002505e-14
2019-09-01 → 2020-09-01,8119.675958083712,20164.08152590028,11664.875010811576,11664.875010811576,29.434404485688077,29.434404485688077,0.0
2019-09-02 → 2020-09-02,8119.675958083712,20164.08152590028,11660.83672971784,11660.836729717841,29.40087621340432,29.400876213404338,1.7763568394002505e-14
2019-09-03 → 2020-09-03,8119.675958083712,20164.08152590028,11661.13315196534,11661.13315196534,29.403337291668674,29.403337291668674,0.0
2019-09-04 → 2020-09-04,8119.675958083712,20164.08152590028,11661.492902719867,11661.492902719867,29.406324161817654,29.406324161817654,0.0
2019-09-05 → 2020-09-05,8119.675958083712,20164.08152590028,11662.633853974521,11662.633853974523,29.41579703491405,29.415797034914064,1.4210854715202004e-14
2019-09-06 → 2020-09-06,8119.675958083712,20164.08152590028,11663.454908038162,11663.454908038158,29.422613926449444,29.422613926449415,-2.842170943040401e-14
2019-09-07 → 2020-09-07,8119.675958083712,20164.08152590028,11663.360709196593,11663.360709196593,29.421831830221954,29.421831830221954,0.0
2019-09-08 → 2020-09-08,8119.675958083712,20164.08152590028,11664.351819704909,11664.351819704907,29.430060634065665,29.430060634065647,-1.7763568394002505e-14
2019-09-09 → 2020-09-09,8119.675958083712,20164.08152590028,11664.823443755136,11664.823443755136,29.433976344538642,29.433976344538642,0.0
2019-09-10 → 2020-09-10,8119.675958083712,20164.08152590028,11664.817915969363,11664.817915969363,29.43393044949017,29.43393044949017,0.0
2019-09-11 → 2020-09-11,8119.675958083712,20164.08152590028,11664.034861774973,11664.034861774975,29.427429056042563,29.427429056042577,1.4210854715202004e-14
2019-09-12 → 2020-09-12,8119.675958083712,20164.08152590028,11663.275933794604,11663.275933794603,29.421127973136514,29.421127973136503,-1.0658141036401503e-14
2019-09-13 → 2020-09-13,8119.675958083712,20164.08152590028,11663.481041110907,11663.481041110908,29.42283089915596,29.422830899155976,1.4210854715202004e-14
2019-09-14 → 2020-09-14,8119.675958083712,20164.08152590028,11662.6970658304,11662.697065830402,29.416321858289706,29.416321858289724,1.7763568394002505e-14
2019-09-15 → 2020-09-15,8119.675958083712,20164.08152590028,11661.682561449945,11661.682561449943,29.407898824253344,29.407898824253326,-1.7763568394002505e-14
2019-09-16 → 2020-09-16,8119.675958083712,20164.08152590028,11660.08648579332,11660.08648579332,29.394647230825683,29.394647230825683,0.0
2019-09-17 → 2020-09-17,8119.675958083712,20164.08152590028,11658.438553896958,11658.438553896958,29.380965095272522,29.380965095272522,0.0
2019-09-18 → 2020-09-18,8119.675958083712,20164.08152590028,11656.665455116192,11656.665455116192,29.36624374791517,29.36624374791517,0.0
2019-09-19 → 2020-09-19,8119.675958083712,20164.08152590028,11654.4559137241,11654.455913724098,29.347898787845107,29.34789878784509,-1.7763568394002505e-14
2019-09-20 → 2020-09-20,8119.675958083712,20164.08152590028,11652.869715425137,11652.869715425139,29.33472920226422,29.33472920226424,1.7763568394002505e-14
2019-09-21 → 2020-09-21,8119.675958083712,20164.08152590028,11652.138743240874,11652.138743240874,29.32866022542558,29.32866022542558,0.0
2019-09-22 → 2020-09-22,8119.675958083712,20164.08152590028,11650.755191078973,11650.755191078973,29.317173131653202,29.317173131653202,0.0
2019-09-23 → 2020-09-23,8119.675958083712,20164.08152590028,11650.261492701973,11650.261492701971,29.31307414665788,29.313074146657865,-1.4210854715202004e-14
2019-09-24 → 2020-09-24,8119.675958083712,20164.08152590028,11647.522576967898,11647.5225769679,29.290333997975132,29.29033399797515,1.7763568394002505e-14
2019-09-25 → 2020-09-25,8119.675958083712,20164.08152590028,11641.393591467253,11641.393591467253,29.239447422742042,29.239447422742042,0.0
2019-09-26 → 2020-09-26,8119.675958083712,20164.08152590028,11634.414310751488,11634.414310751488,29.18150117810201,29.18150117810201,0.0
2019-09-27 → 2020-09-27,8119.675958083712,20164.08152590028,11626.06648028812,11626.066480288118,29.112192398881938,29.11219239888192,-1.7763568394002505e-14
2019-09-28 → 2020-09-28,8119.675958083712,20164.08152590028,11618.184000241345,11618.184000241343,29.046747242602596,29.046747242602578,-1.7763568394002505e-14
2019-09-29 → 2020-09-29,8119.675958083712,20164.08152590028,11610.096644378915,11610.096644378915,28.979601082363356,28.979601082363356,0.0
2019-09-30 → 2020-09-30,8119.675958083712,20164.08152590028,11601.603487969702,11601.6034879697,28.90908571851753,28.909085718517513,-1.7763568394002505e-14
2019-10-01 → 2020-10-01,8119.675958083712,20164.08152590028,11594.394308516865,11594.394308516865,28.849230714364392,28.849230714364392,0.0
2019-10-02 → 2020-10-02,8119.675958083712,20164.08152590028,11587.401219301373,11587.401219301373,28.791169823138862,28.791169823138862,0.0
2019-10-03 → 2020-10-03,8119.675958083712,20164.08152590028,11580.631320539671,11580.631320539671,28.734961995167748,28.734961995167748,0.0
2019-10-04 → 2020-10-04,8119.675958083712,20164.08152590028,11573.168329013202,11573.1683290132,28.67299968839845,28.67299968839843,-1.7763568394002505e-14
2019-10-05 → 2020-10-05,8119.675958083712,20164.08152590028,11565.093154952547,11565.093154952545,28.605954668906303,28.605954668906286,-1.7763568394002505e-14
2019-10-06 → 2020-10-06,8119.675958083712,20164.08152590028,11557.340140628,11557.340140628,28.541584416004305,28.541584416004305,0.0
2019-10-07 → 2020-10-07,8119.675958083712,20164.08152590028,11548.193435005656,11548.193435005656,28.46564288804061,28.46564288804061,0.0
2019-10-08 → 2020-10-08,8119.675958083712,20164.08152590028,11540.061667762955,11540.061667762957,28.3981279974392,28.398127997439214,1.4210854715202004e-14
2019-10-09 → 2020-10-09,8119.675958083712,20164.08152590028,11531.397459610012,11531.39745961001,28.32619245770535,28.326192457705336,-1.4210854715202004e-14
2019-10-10 → 2020-10-10,8119.675958083712,20164.08152590028,11523.814789220587,11523.814789220587,28.263236504032662,28.263236504032662,0.0
2019-10-11 → 2020-10-11,8119.675958083712,20164.08152590028,11515.997573443457,11515.997573443456,28.19833321151968,28.198333211519667,-1.4210854715202004e-14
2019-10-12 → 2020-10-12,8119.675958083712,20164.08152590028,11506.723100564264,11506.723100564262,28.121330881874,28.121330881873984,-1.7763568394002505e-14
2019-10-13 → 2020-10-13,8119.675958083712,20164.08152590028,11497.81653131061,11497.816531310607,28.047383112484248,28.047383112484237,-1.0658141036401503e-14
2019-10-14 → 2020-10-14,8119.675958083712,20164.08152590028,11488.818925797586,11488.818925797585,27.97267950455307,27.972679504553057,-1.4210854715202004e-14
2019-10-15 → 2020-10-15,8119.675958083712,20164.08152590028,11479.861002249263,11479.861002249261,27.89830536049187,27.898305360491854,-1.7763568394002505e-14
2019-10-16 → 2020-10-16,8119.675958083712,20164.08152590028,11470.502141251936,11470.502141251938,27.820602389227485,27.820602389227496,1.0658141036401503e-14
2019-10-17 → 2020-10-17,8119.675958083712,20164.08152590028,11460.438566286355,11460.438566286353,27.737048452846665,27.737048452846647,-1.7763568394002505e-14
2019-10-18 → 2020-10-18,8119.675958083712,20164.08152590028,11450.399747916175,11450.399747916174,27.65370006081805,27.653700060818036,-1.4210854715202004e-14
2019-10-19 → 2020-10-19,8119.675958083712,20164.08152590028,11439.363792538648,11439.363792538648,27.562072829275667,27.562072829275667,0.0
2019-10-20 → 2020-10-20,8119.675958083712,20164.08152590028,11427.923969761412,11427.923969761412,27.467092444292586,27.467092444292586,0.0
2019-10-21 → 2020-10-21,7783.015373161113,20164.08152590028,11415.957342004818,11415.957342004818,29.34272318737235,29.34272318737235,0.0
2019-10-22 → 2020-10-22,7693.7876564062535,20164.08152590028,11403.739287186074,11403.739287186072,29.750314383973286,29.75031438397327,-1.7763568394002505e-14
2019-10-23 → 2020-10-23,7693.7876564062535,20164.08152590028,11390.838553028612,11390.838553028612,29.646862658677374,29.646862658677374,0.0
2019-10-24 → 2020-10-24,7625.51584411094,20164.08152590028,11375.081495320612,11375.081495320612,29.904262946562028,29.904262946562028,0.0
2019-10-25 → 2020-10-25,7625.51584411094,20164.08152590028,11359.421546703938,11359.421546703936,29.779368688206638,29.77936868820662,-1.7763568394002505e-14
2019-10-26 → 2020-10-26,7625.51584411094,20164.08152590028,11348.77596241986,11348.775962419859,29.694465960460526,29.69446596046051,-1.7763568394002505e-14
2019-10-27 → 2020-10-27,7312.334103610285,20164.08152590028,11339.242203383734,11339.242203383732,31.33354529508729,31.333545295087273,-1.7763568394002505e-14
2019-10-28 → 2020-10-28,7312.334103610285,20164.08152590028,11331.23675178032,11331.23675178032,31.271254531501867,31.271254531501867,0.0
2019-10-29 → 2020-10-29,7312.334103610285,20164.08152590028,11322.218960572234,11322.218960572236,31.20108670986817,31.201086709868186,1.4210854715202004e-14
2019-10-30 → 2020-10-30,7312.334103610285,20164.08152590028,11313.358096736503,11313.358096736503,31.13213994687497,31.13213994687497,0.0
2019-10-31 → 2020-10-31,7242.580434070226,20164.08152590028,11303.42000707435,11303.420007074354,31.42699554908286,31.426995549082886,2.4868995751603507e-14
2019-11-01 → 2020-11-01,7242.580434070226,20164.08152590028,11293.493579439506,11293.493579439506,31.350174539168457,31.350174539168457,0.0
2019-11-02 → 2020-11-02,7242.580434070226,20164.08152590028,11284.082525543057,11284.082525543057,31.27734202667965,31.27734202667965,0.0
2019-11-03 → 2020-11-03,7144.431265907445,20164.08152590028,11274.25136406147,11274.251364061472,31.719900425008024,31.719900425008042,1.7763568394002505e-14
2019-11-04 → 2020-11-04,7077.567494964144,20164.08152590028,11263.949942351956,11263.949942351956,31.9900505015417,31.9900505015417,0.0
2019-11-05 → 2020-11-05,6407.600199675989,20164.08152590028,11252.478663338128,11252.478663338128,35.21887864178056,35.21887864178056,0.0
2019-11-06 → 2020-11-06,6402.469828495783,20164.08152590028,11240.721879920895,11240.721879920897,35.157597509727935,35.15759750972794,7.105427357601002e-15
2019-11-07 → 2020-11-07,6402.469828495783,20164.08152590028,11229.923653309972,11229.923653309972,35.07913121632888,35.07913121632888,0.0
2019-11-08 → 2020-11-08,6402.469828495783,20164.08152590028,11217.920196425735,11217.920196425735,34.99190700779741,34.99190700779741,0.0
2019-11-09 → 2020-11-09,6402.469828495783,20164.08152590028,11204.712168553911,11204.71216855391,34.89592967489305,34.895929674893026,-2.1316282072803006e-14
2019-11-10 → 2020-11-10,6402.469828495783,20164.08152590028,11191.573195005307,11191.573195005309,34.800454131493694,34.800454131493716,2.1316282072803006e-14
2019-11-11 → 2020-11-11,6356.777531253977,20164.08152590028,11178.762205303796,11178.762205303796,34.92343382835283,34.92343382835283,0.0
2019-11-12 → 2020-11-12,6138.805175373268,20164.08152590028,11164.217180460791,11164.217180460791,35.83110863194285,35.83110863194285,0.0
2019-11-13 → 2020-11-13,6123.675176321391,20164.08152590028,11149.900456490093,11149.900456490093,35.798289273297655,35.798289273297655,0.0
2019-11-14 → 2020-11-14,6123.675176321391,20164.08152590028,11135.741443793217,11135.741443793218,35.69744452319325,35.697444523193255,7.105427357601002e-15
2019-11-15 → 2020-11-15,6123.675176321391,20164.08152590028,11121.268368110348,11121.26836811035,35.594362921973755,35.59436292197377,1.4210854715202004e-14
2019-11-16 → 2020-11-16,5972.626042987401,20164.08152590028,11105.356929338519,11105.356929338519,36.16775525619022,36.16775525619022,0.0
2019-11-17 → 2020-11-17,5655.414725551787,20164.08152590028,11088.62600025691,11088.62600025691,37.448039502668976,37.448039502668976,0.0
2019-11-18 → 2020-11-18,5616.4976680534255,20164.08152590028,11071.892842252413,11071.892842252413,37.50035213755712,37.50035213755712,0.0
2019-11-19 → 2020-11-19,5612.091559467427,20164.08152590028,11053.88856721122,11053.88856721122,37.39555222547852,37.39555222547852,0.0
2019-11-20 → 2020-11-20,5357.970897160188,20164.08152590028,11034.918202407358,11034.918202407356,38.34192143767767,38.341921437677655,-1.4210854715202004e-14
2019-11-21 → 2020-11-21,5345.709910393248,20164.08152590028,11015.747065527083,11015.747065527083,38.26356432578794,38.26356432578794,0.0
2019-11-22 → 2020-11-22,5345.709910393248,20164.08152590028,10994.694733367052,10994.694733367052,38.12149519224023,38.12149519224023,0.0
2019-11-23 → 2020-11-23,5345.709910393248,20164.08152590028,10972.083715042812,10972.083715042812,37.96890745243366,37.96890745243366,0.0
2019-11-24 → 2020-11-24,5221.8636584287715,20164.08152590028,10949.112819125421,10949.11281912542,38.32931102660868,38.329311026608664,-1.4210854715202004e-14
2019-11-25 → 2020-11-25,5221.8636584287715,20164.08152590028,10924.403238913721,10924.403238913721,38.16394347253565,38.16394347253565,0.0
2019-11-26 → 2020-11-26,5221.8636584287715,20164.08152590028,10902.157434004199,10902.157434004197,38.01506460390431,38.0150646039043,-7.105427357601002e-15
2019-11-27 → 2020-11-27,5221.8636584287715,20164.08152590028,10880.063492693815,10880.063492693811,37.867202074349834,37.86720207434981,-2.1316282072803006e-14
2019-11-28 → 2020-11-28,5221.8636584287715,20164.08152590028,10859.217510513634,10859.217510513634,37.72769144503715,37.72769144503715,0.0
2019-11-29 → 2020-11-29,5221.8636584287715,20164.08152590028,10837.55479139021,10837.554791390208,37.58271484708122,37.58271484708121,-7.105427357601002e-15
2019-11-30 → 2020-11-30,5085.329901629869,20164.08152590028,10816.242358117042,10816.24235811704,38.00654456873491,38.0065445687349,-7.105427357601002e-15
2019-12-01 → 2020-12-01,5085.329901629869,20164.08152590028,10794.659656126089,10794.659656126089,37.863411353673435,37.863411353673435,0.0
2019-12-02 → 2020-12-02,5085.329901629869,20164.08152590028,10772.10675087388,10772.106750873882,37.71384389733369,37.713843897333696,7.105427357601002e-15
2019-12-03 → 2020-12-03,5085.329901629869,20164.08152590028,10748.868801311522,10748.868801311522,37.55973333074704,37.55973333074704,0.0
2019-12-04 → 2020-12-04,5085.329901629869,20164.08152590028,10726.121221914915,10726.121221914917,37.40887482492754,37.408874824927544,7.105427357601002e-15
2019-12-05 → 2020-12-05,5085.329901629869,20164.08152590028,10702.610647588735,10702.610647588732,37.25295625214372,37.25295625214369,-2.842170943040401e-14
2019-12-06 → 2020-12-06,5085.329901629869,20164.08152590028,10679.886447131212,10679.886447131212,37.10225279191199,37.10225279191199,0.0
2019-12-07 → 2020-12-07,5085.329901629869,20164.08152590028,10657.92562442483,10657.925624424828,36.95661193745933,36.956611937459314,-1.4210854715202004e-14
2019-12-08 → 2020-12-08,5085.329901629869,20164.08152590028,10636.509675235173,10636.509675235173,36.81458460175346,36.81458460175346,0.0
2019-12-09 → 2020-12-09,5085.329901629869,20164.08152590028,10614.988111875688,10614.988111875686,36.67185684884821,36.67185684884819,-1.4210854715202004e-14
2019-12-10 → 2020-12-10,5085.329901629869,20164.08152590028,10592.76049338751,10592.76049338751,36.5244466451255,36.5244466451255,0.0
2019-12-11 → 2020-12-11,5085.329901629869,20164.08152590028,10570.17003250639,10570.170032506388,36.37463012553538,36.374630125535376,-7.105427357601002e-15
2019-12-12 → 2020-12-12,5085.329901629869,20164.08152590028,10546.811449789215,10546.811449789213,36.219719538112635,36.21971953811262,-1.4210854715202004e-14
2019-12-13 → 2020-12-13,5085.329901629869,20164.08152590028,10523.153621738917,10523.153621738915,36.062824400903665,36.06282440090365,-1.4210854715202004e-14
2019-12-14 → 2020-12-14,5085.329901629869,20164.08152590028,10499.671606646985,10499.671606646985,35.90709522864158,35.90709522864158,0.0
2019-12-15 → 2020-12-15,5085.329901629869,20164.08152590028,10475.159175514988,10475.15917551499,35.74453249305979,35.74453249305981,1.4210854715202004e-14
2019-12-16 → 2020-12-16,4679.299457808105,20164.08152590028,10449.592817541467,10449.592817541465,37.26428524702058,37.26428524702057,-1.4210854715202004e-14
2019-12-17 → 2020-12-17,4388.030478306353,20164.08152590028,10421.958502611838,10421.958502611837,38.247391607076125,38.24739160707612,-7.105427357601002e-15
2019-12-18 → 2020-12-18,4338.627336619999,20164.08152590028,10392.55157661991,10392.551576619908,38.25434750618829,38.25434750618827,-2.1316282072803006e-14
2019-12-19 → 2020-12-19,4191.681658854675,20164.08152590028,10366.568306788744,10366.568306788744,38.65972990492273,38.65972990492273,0.0
2019-12-20 → 2020-12-20,4191.681658854675,20164.08152590028,10340.01964497684,10340.019644976841,38.493514044858514,38.49351404485853,1.4210854715202004e-14
2019-12-21 → 2020-12-21,4191.681658854675,20164.08152590028,10313.971392596799,10313.971392596799,38.33043114813125,38.33043114813125,0.0
2019-12-22 → 2020-12-22,4191.681658854675,20164.08152590028,10287.280078419064,10287.280078419064,38.16332217014477,38.16332217014477,0.0
2019-12-23 → 2020-12-23,4191.681658854675,20164.08152590028,10262.540172420282,10262.540172420282,38.00843056835219,38.00843056835219,0.0
2019-12-24 → 2020-12-24,4191.681658854675,20164.08152590028,10236.818405195741,10236.818405195743,37.84739172986424,37.847391729864256,1.4210854715202004e-14
2019-12-25 → 2020-12-25,4053.6435971072774,20164.08152590028,10210.205721875314,10210.205721875314,38.214740977120584,38.214740977120584,0.0
2019-12-26 → 2020-12-26,3776.7105818552927,20164.08152590028,10182.605655538575,10182.605655538573,39.09043796931393,39.090437969313925,-7.105427357601002e-15
2019-12-27 → 2020-12-27,3776.7105818552927,20164.08152590028,10155.042222511767,10155.042222511765,38.92223873149279,38.92223873149278,-7.105427357601002e-15
2019-12-28 → 2020-12-28,3698.313887885281,20164.08152590028,10127.469254662983,10127.469254662983,39.045585411605856,39.045585411605856,0.0
2019-12-29 → 2020-12-29,3672.257825996902,20164.08152590028,10100.18337642427,10100.183376424273,38.97643867284991,38.97643867284993,2.1316282072803006e-14
2019-12-30 → 2020-12-30,3466.851770511931,20164.08152590028,10072.766324239383,10072.76632423938,39.562937388435124,39.562937388435095,-2.842170943040401e-14
2019-12-31 → 2020-12-31,3445.582199456053,20164.08152590028,10044.464335383418,10044.464335383418,39.47054102810343,39.47054102810343,0.0
2020-01-01 → 2021-01-01,3403.5956029317167,20164.08152590028,10015.721897391408,10015.721897391406,39.45068373822286,39.45068373822285,-7.105427357601002e-15
2020-01-02 → 2021-01-02,3122.7866217482774,20164.08152590028,9986.23147292991,9986.23147292991,40.275371618088705,40.275371618088705,0.0
2020-01-03 → 2021-01-03,3005.0031524953233,20164.08152590028,9955.195882571908,9955.195882571908,40.50446404422725,40.50446404422725,0.0
2020-01-04 → 2021-01-04,3005.0031524953233,20164.08152590028,9926.515991428085,9926.515991428085,40.337322834660455,40.337322834660455,0.0
2020-01-05 → 2021-01-05,2940.0372777058974,20164.08152590028,9897.42043201268,9897.42043201268,40.39343521215194,40.39343521215194,0.0
2020-01-06 → 2021-01-06,2729.013511226157,20164.08152590028,9867.761830517253,9867.761830517251,40.944768975279075,40.94476897527906,-1.4210854715202004e-14
2020-01-07 → 2021-01-07,2550.002284036006,20164.08152590028,9839.622934417941,9839.622934417941,41.38519277837881,41.38519277837881,0.0
2020-01-08 → 2021-01-08,2452.4588062512476,20164.08152590028,9812.815135733537,9812.815135733537,41.55664585897492,41.55664585897492,0.0
2020-01-09 → 2021-01-09,2452.4588062512476,20164.08152590028,9785.756919513973,9785.756919513973,41.40387489807619,41.40387489807619,0.0
2020-01-10 → 2021-01-10,2452.4588062512476,20164.08152590028,9758.009123049405,9758.009123049407,41.24721056017911,41.24721056017911,0.0
2020-01-11 → 2021-01-11,2452.4588062512476,20164.08152590028,9732.218690837195,9732.218690837195,41.10159752053594,41.10159752053594,0.0
2020-01-12 → 2021-01-12,2452.4588062512476,20164.08152590028,9706.3769221402,9706.376922140198,40.955694634583395,40.95569463458338,-1.4210854715202004e-14
2020-01-13 → 2021-01-13,2452.4588062512476,20164.08152590028,9680.309186035485,9680.309186035483,40.80851593437432,40.80851593437431,-7.105427357601002e-15
2020-01-14 → 2021-01-14,2452.4588062512476,20164.08152590028,9653.73905619016,9653.73905619016,40.65850071405321,40.65850071405321,0.0
2020-01-15 → 2021-01-15,2452.4588062512476,20164.08152590028,9630.30367970192,9630.30367970192,40.52618434271225,40.52618434271225,0.0
2020-01-16 → 2021-01-16,2452.4588062512476,20164.08152590028,9606.912112916625,9606.912112916625,40.39411532139472,40.39411532139472,0.0
2020-01-17 → 2021-01-17,2452.4588062512476,20164.08152590028,9583.213951466681,9583.213951466681,40.260315263517164,40.260315263517164,0.0
2020-01-18 → 2021-01-18,2452.4588062512476,20164.08152590028,9560.087310283061,9560.087310283063,40.12974201481103,40.129742014811036,7.105427357601002e-15
2020-01-19 → 2021-01-19,2452.4588062512476,20164.08152590028,9537.084911057753,9537.084911057751,39.99987023745101,39.999870237451,-1.4210854715202004e-14
2020-01-20 → 2021-01-20,2452.4588062512476,20164.08152590028,9513.391968022279,9513.391968022279,39.86609964279404,39.86609964279404,0.0
2020-01-21 → 2021-01-21,2452.4588062512476,20164.08152590028,9490.62448036361,9490.624480363607,39.73755417850176,39.737554178501746,-1.4210854715202004e-14
2020-01-22 → 2021-01-22,2452.4588062512476,20164.08152590028,9467.676070589803,9467.676070589801,39.6079872261279,39.60798722612789,-7.105427357601002e-15
2020-01-23 → 2021-01-23,2452.4588062512476,20164.08152590028,9444.673238138519,9444.673238138519,39.47811300276967,39.47811300276967,0.0
2020-01-24 → 2021-01-24,2452.4588062512476,20164.08152590028,9420.56272984159,9420.56272984159,39.34198483044709,39.34198483044709,0.0
2020-01-25 → 2021-01-25,2452.4588062512476,20164.08152590028,9396.619515124241,9396.619515124243,39.20680119935728,39.20680119935729,7.105427357601002e-15
2020-01-26 → 2021-01-26,2452.4588062512476,20164.08152590028,9372.31466032664,9372.31466032664,39.06957574473737,39.06957574473737,0.0
2020-01-27 → 2021-01-27,2452.4588062512476,20164.08152590028,9349.509715380098,9349.509715380096,38.94081879622106,38.94081879622105,-7.105427357601002e-15
2020-01-28 → 2021-01-28,2452.4588062512476,20164.08152590028,9327.031751066337,9327.031751066335,38.813907983645855,38.81390798364585,-7.105427357601002e-15
2020-01-29 → 2021-01-29,2452.4588062512476,20164.08152590028,9305.699775377481,9305.699775377481,38.69346743437202,38.69346743437202,0.0
2020-01-30 → 2021-01-30,2452.4588062512476,20164.08152590028,9284.370955399618,9284.370955399618,38.573044702274174,38.573044702274174,0.0
2020-01-31 → 2021-01-31,2452.4588062512476,20164.08152590028,9263.933457668096,9263.933457668098,38.457654384543154,38.45765438454317,1.4210854715202004e-14
2020-02-01 → 2021-02-01,2452.4588062512476,20164.08152590028,9242.93063814407,9242.930638144067,38.33907225428625,38.339072254286236,-1.4210854715202004e-14
2020-02-02 → 2021-02-02,2452.4588062512476,20164.08152590028,9221.54223219656,9221.54223219656,38.21831309920453,38.21831309920453,0.0
2020-02-03 → 2021-02-03,2452.4588062512476,20164.08152590028,9199.617884240497,9199.617884240497,38.09452801015259,38.09452801015259,0.0
2020-02-04 → 2021-02-04,2452.4588062512476,20164.08152590028,9177.593955115479,9177.59395511548,37.970180684819226,37.97018068481924,1.4210854715202004e-14
2020-02-05 → 2021-02-05,2452.4588062512476,20164.08152590028,9155.014516756213,9155.014516756211,37.84269694876259,37.84269694876258,-7.105427357601002e-15
2020-02-06 → 2021-02-06,2452.4588062512476,20164.08152590028,9133.64014324811,9133.64014324811,37.72201702097489,37.72201702097489,0.0
2020-02-07 → 2021-02-07,2452.4588062512476,20164.08152590028,9112.648877688585,9112.648877688585,37.603500124517744,37.603500124517744,0.0
2020-02-08 → 2021-02-08,2168.1657981399535,20164.08152590028,9090.753441932347,9090.753441932347,38.46754868446998,38.46754868446998,0.0
2020-02-09 → 2021-02-09,2148.3125374280903,20164.08152590028,9069.115327537893,9069.115327537893,38.415250520464824,38.415250520464824,0.0
2020-02-10 → 2021-02-10,2148.3125374280903,20164.08152590028,9048.31752176531,9048.31752176531,38.299808288796044,38.299808288796044,0.0
2020-02-11 → 2021-02-11,2087.9947416534974,20164.08152590028,9026.406640028434,9026.406640028434,38.38447989982946,38.38447989982946,0.0
2020-02-12 → 2021-02-12,2087.9947416534974,20164.08152590028,9005.61414650392,9005.61414650392,38.2694522737028,38.2694522737028,0.0
2020-02-13 → 2021-02-13,2087.9947416534974,20164.08152590028,8985.085190987098,8985.085190987098,38.155882584854474,38.155882584854474,0.0
2020-02-14 → 2021-02-14,2047.9285940596615,20164.08152590028,8964.04433980803,8964.04433980803,38.17651447174929,38.17651447174929,0.0
2020-02-15 → 2021-02-15,2047.9285940596615,20164.08152590028,8943.410974594082,8943.41097459408,38.062619621713644,38.06261962171364,-7.105427357601002e-15
2020-02-16 → 2021-02-16,2034.9861883731633,20164.08152590028,8921.465264282637,8921.465264282637,37.98578444041002,37.98578444041002,0.0
2020-02-17 → 2021-02-17,1914.7939987402185,20164.08152590028,8899.303437442177,8899.303437442177,38.27277874989392,38.27277874989392,0.0
2020-02-18 → 2021-02-18,1914.7939987402185,20164.08152590028,8876.439167271337,8876.439167271335,38.14749018650858,38.14749018650856,-1.4210854715202004e-14
2020-02-19 → 2021-02-19,1791.4564024091771,20164.08152590028,8854.594532134017,8854.594532134017,38.44381563467467,38.44381563467467,0.0
2020-02-20 → 2021-02-20,1790.131416857254,20164.08152590028,8831.195032920607,8831.195032920607,38.320903095290234,38.320903095290234,0.0
2020-02-21 → 2021-02-21,1739.1087757620262,20164.08152590028,8807.591881830127,8807.591881830129,38.36360141164964,38.363601411649654,1.4210854715202004e-14
2020-02-22 → 2021-02-22,1739.1087757620262,20164.08152590028,8784.556802381436,8784.556802381434,38.23858044276642,38.23858044276641,-7.105427357601002e-15
2020-02-23 → 2021-02-23,1739.1087757620262,20164.08152590028,8762.005402069688,8762.005402069688,38.11618460198246,38.11618460198246,0.0
2020-02-24 → 2021-02-24,1739.1087757620262,20164.08152590028,8740.18040397762,8740.18040397762,37.99773124854722,37.99773124854722,0.0
2020-02-25 → 2021-02-25,1739.1087757620262,20164.08152590028,8717.66654521274,8717.66654521274,37.87553916137189,37.87553916137189,0.0
2020-02-26 → 2021-02-26,1739.1087757620262,20164.08152590028,8694.400302494387,8694.400302494387,37.74926357315872,37.74926357315872,0.0
2020-02-27 → 2021-02-27,1739.1087757620262,20164.08152590028,8669.377661458228,8669.377661458228,37.61345527984132,37.61345527984132,0.0
2020-02-28 → 2021-02-28,1739.1087757620262,20164.08152590028,8644.347227763004,8644.347227763003,37.477604692518,37.477604692518,0.0
2020-02-29 → 2021-02-28,1739.1087757620262,20164.08152590028,8636.742175467276,8636.742175467276,37.43632890666551,37.43632890666551,0.0
2020-03-01 → 2021-03-01,1739.1087757620262,20164.08152590028,8610.41036374004,8610.41036374004,37.29341519881734,37.29341519881734,0.0
2020-03-02 → 2021-03-02,1739.1087757620262,20164.08152590028,8584.079821620706,8584.079821620708,37.15050838165998,37.15050838165999,7.105427357601002e-15
2020-03-03 → 2021-03-03,1739.1087757620262,20164.08152590028,8558.791960709572,8558.791960709572,37.01326062963307,37.01326062963307,0.0
2020-03-04 → 2021-03-04,1739.1087757620262,20164.08152590028,8533.269987167123,8533.269987167125,36.874742250862305,36.87474225086231,7.105427357601002e-15
2020-03-05 → 2021-03-05,1739.1087757620262,20164.08152590028,8507.665855930181,8507.665855930181,36.73577796806981,36.73577796806981,0.0
2020-03-06 → 2021-03-06,1739.1087757620262,20164.08152590028,8483.096738282904,8483.096738282904,36.60243113504889,36.60243113504889,0.0
2020-03-07 → 2021-03-07,1739.1087757620262,20164.08152590028,8458.574937714639,8458.574937714639,36.46934111152046,36.46934111152046,0.0
2020-03-08 → 2021-03-08,1739.1087757620262,20164.08152590028,8433.115149729972,8433.115149729972,36.331160239668286,36.331160239668286,0.0
2020-03-09 → 2021-03-09,1739.1087757620262,20164.08152590028,8404.415161303552,8404.415161303554,36.175393450671514,36.17539345067153,1.4210854715202004e-14
2020-03-10 → 2021-03-10,1739.1087757620262,20164.08152590028,8374.682919023257,8374.682919023257,36.014024190138564,36.014024190138564,0.0
2020-03-11 → 2021-03-11,1728.6904989897505,20164.08152590028,8344.864203702657,8344.864203702657,35.888437055960125,35.888437055960125,0.0
2020-03-12 → 2021-03-12,1728.6904989897505,20164.08152590028,8315.21568716507,8315.21568716507,35.7276131466961,35.7276131466961,0.0
2020-03-13 → 2021-03-13,1631.6196365641067,19948.423797973133,8264.580545390927,8264.580545390927,36.212435588526695,36.212435588526695,0.0
2020-03-14 → 2021-03-14,1631.6196365641067,19948.423797973133,8220.591528818213,8220.591528818211,35.972278975041725,35.97227897504172,-7.105427357601002e-15
2020-03-15 → 2021-03-15,1631.6196365641067,19948.423797973133,8172.357009710501,8172.3570097105,35.70894417775576,35.70894417775576,0.0
2020-03-16 → 2021-03-16,1631.6196365641067,19948.423797973133,8126.204944011018,8126.204944011017,35.456978467510744,35.456978467510744,0.0
2020-03-17 → 2021-03-17,1631.6196365641067,18544.31628634285,8076.356980381706,8076.356980381705,38.10591224612257,38.10591224612256,-1.4210854715202004e-14
2020-03-18 → 2021-03-18,1631.6196365641067,18544.31628634285,8030.6491083573455,8030.649108357346,37.835654504433826,37.835654504433826,0.0
2020-03-19 → 2021-03-19,1631.6196365641067,17151.008342050874,7984.678721500357,7984.678721500356,40.93627143116901,40.936271431169004,-7.105427357601002e-15
2020-03-20 → 2021-03-20,1631.6196365641067,17151.008342050874,7945.326269071738,7945.326269071738,40.682701827524085,40.682701827524085,0.0
2020-03-21 → 2021-03-21,1631.6196365641067,17151.008342050874,7905.8293942691935,7905.8293942691935,40.42820163069235,40.42820163069235,0.0
2020-03-22 → 2021-03-22,1631.6196365641067,17151.008342050874,7866.606139102695,7866.606139102694,40.175464516422956,40.175464516422956,0.0
2020-03-23 → 2021-03-23,1631.6196365641067,16935.209449198446,7824.752901135402,7824.752901135401,40.468500138826045,40.46850013882603,-1.4210854715202004e-14
2020-03-24 → 2021-03-24,1631.6196365641067,16935.209449198446,7787.825182285157,7787.825182285157,40.22719911532528,40.22719911532528,0.0
2020-03-25 → 2021-03-25,1631.6196365641067,16935.209449198446,7752.797724184143,7752.797724184143,39.99831518332066,39.99831518332066,0.0
2020-03-26 → 2021-03-26,1631.6196365641067,16935.209449198446,7716.941086841055,7716.941086841056,39.76401305040878,39.76401305040879,1.4210854715202004e-14
2020-03-27 → 2021-03-27,1631.6196365641067,16935.209449198446,7681.367453378007,7681.367453378008,39.53156018216947,39.53156018216947,0.0
2020-03-28 → 2021-03-28,1631.6196365641067,16935.209449198446,7644.177507224844,7644.177507224846,39.288545656764065,39.28854565676408,1.4210854715202004e-14
2020-03-29 → 2021-03-29,1631.6196365641067,16935.209449198446,7605.079970993519,7605.079970993519,39.03306614698887,39.03306614698887,0.0
2020-03-30 → 2021-03-30,1631.6196365641067,15546.337373819915,7563.464715842036,7563.464715842036,42.63000652464387,42.63000652464387,0.0
2020-03-31 → 2021-03-31,1631.6196365641067,15546.337373819915,7525.665511647128,7525.665511647128,42.35835743402882,42.35835743402882,0.0
2020-04-01 → 2021-04-01,1631.6196365641067,15093.25569882659,7487.834348254267,7487.834348254268,43.50299387536637,43.50299387536639,2.1316282072803006e-14
2020-04-02 → 2021-04-02,1631.6196365641067,15093.25569882659,7451.333854865668,7451.333854865668,43.231849318941165,43.231849318941165,0.0
2020-04-03 → 2021-04-03,1631.6196365641067,15093.25569882659,7415.880691523599,7415.880691523599,42.96848487216744,42.96848487216744,0.0
2020-04-04 → 2021-04-04,1631.6196365641067,15093.25569882659,7380.108855005532,7380.108855005533,42.702753156106965,42.702753156106965,0.0
2020-04-05 → 2021-04-05,1631.6196365641067,15093.25569882659,7344.930373101917,7344.930373101918,42.44142918522476,42.44142918522476,0.0
2020-04-06 → 2021-04-06,1631.6196365641067,15093.25569882659,7309.3999471217685,7309.3999471217685,42.17749079158662,42.17749079158662,0.0
2020-04-07 → 2021-04-07,1631.6196365641067,15093.25569882659,7276.818493218168,7276.818493218169,41.93545888883048,41.93545888883048,0.0
2020-04-08 → 2021-04-08,1631.6196365641067,15093.25569882659,7243.518945270613,7243.518945270613,41.68809261185241,41.68809261185241,0.0
2020-04-09 → 2021-04-09,1631.6196365641067,15093.25569882659,7211.164079187274,7211.164079187274,41.447743920700084,41.447743920700084,0.0
2020-04-10 → 2021-04-10,1631.6196365641067,15093.25569882659,7178.314303979816,7178.314303979815,41.20371878842401,41.203718788424005,-7.105427357601002e-15
2020-04-11 → 2021-04-11,1631.6196365641067,15093.25569882659,7143.043526641651,7143.04352664165,40.94170919928468,40.94170919928468,0.0
2020-04-12 → 2021-04-12,1631.6196365641067,15093.25569882659,7107.909973871846,7107.909973871845,40.68071898526237,40.68071898526237,0.0
2020-04-13 → 2021-04-13,1576.1524772499083,15093.25569882659,7073.065074705563,7073.065074705562,40.66635067697942,40.666350676979405,-1.4210854715202004e-14
2020-04-14 → 2021-04-14,1576.1524772499083,15093.25569882659,7037.603137424557,7037.603137424556,40.404002030973665,40.40400203097365,-1.4210854715202004e-14
2020-04-15 → 2021-04-15,1576.1524772499083,15093.25569882659,7002.185605582361,7002.185605582361,40.14198189794944,40.14198189794944,0.0
2020-04-16 → 2021-04-16,1576.1524772499083,14591.56726247625,6965.384738458025,6965.384738458024,41.40653486760466,41.40653486760464,-2.1316282072803006e-14
2020-04-17 → 2021-04-17,1576.1524772499083,14591.56726247625,6931.585042749739,6931.585042749739,41.146845136112944,41.146845136112944,0.0
2020-04-18 → 2021-04-18,1576.1524772499083,14591.56726247625,6897.8469744417,6897.846974441698,40.887628900097674,40.88762890009766,-1.4210854715202004e-14
2020-04-19 → 2021-04-19,1576.1524772499083,14591.56726247625,6865.123929657574,6865.123929657574,40.63621129010134,40.63621129010134,0.0
2020-04-20 → 2021-04-20,1576.1524772499083,14591.56726247625,6831.750099977272,6831.750099977272,40.37979357133464,40.37979357133464,0.0
2020-04-21 → 2021-04-21,1576.1524772499083,14555.143086672459,6796.93971815436,6796.939718154359,40.22490960979847,40.22490960979845,-2.1316282072803006e-14
2020-04-22 → 2021-04-22,1576.1524772499083,14037.733866748942,6762.437820462988,6762.437820462988,41.61819580605871,41.61819580605871,0.0
2020-04-23 → 2021-04-23,1576.1524772499083,13353.621641529659,6729.445431235339,6729.445431235339,43.75552066495756,43.75552066495756,0.0
2020-04-24 → 2021-04-24,1576.1524772499083,13321.888380937227,6698.3941819687725,6698.394181968772,43.60937234346337,43.609372343463356,-1.4210854715202004e-14
2020-04-25 → 2021-04-25,1576.1524772499083,13266.57907527781,6667.577625200296,6667.577625200296,43.552090295911675,43.552090295911675,0.0
2020-04-26 → 2021-04-26,1576.1524772499083,13013.939128446851,6636.395159482515,6636.395159482514,44.241450173430735,44.24145017343072,-1.4210854715202004e-14
2020-04-27 → 2021-04-27,1576.1524772499083,12870.179008914301,6605.803218341579,6605.80321834158,44.53372521297287,44.53372521297287,0.0
2020-04-28 → 2021-04-28,1576.1524772499083,12870.179008914301,6575.66010856128,6575.66010856128,44.26683094195457,44.26683094195457,0.0
2020-04-29 → 2021-04-29,1576.1524772499083,11639.203928071736,6545.596281107741,6545.596281107741,49.38307061375492,49.38307061375492,0.0
2020-04-30 → 2021-04-30,1576.1524772499083,11639.203928071736,6519.144714935463,6519.144714935462,49.12021231176226,49.12021231176226,0.0
2020-05-01 → 2021-05-01,1576.1524772499083,11639.203928071736,6492.288786559247,6492.288786559247,48.85333572360746,48.85333572360746,0.0
2020-05-02 → 2021-05-02,1576.1524772499083,11639.203928071736,6466.264928861281,6466.26492886128,48.59472770768758,48.59472770768758,0.0
2020-05-03 → 2021-05-03,1576.1524772499083,11639.203928071736,6440.602928463779,6440.60292846378,48.33971559209906,48.33971559209908,2.1316282072803006e-14
2020-05-04 → 2021-05-04,1576.1524772499083,11639.203928071736,6414.978228491875,6414.978228491875,48.08507414365639,48.08507414365639,0.0
2020-05-05 → 2021-05-05,1576.1524772499083,11639.203928071736,6388.981338366767,6388.981338366766,47.826734113774265,47.82673411377425,-1.4210854715202004e-14
2020-05-06 → 2021-05-06,1576.1524772499083,11639.203928071736,6363.408890184263,6363.408890184263,47.57261190931693,47.57261190931693,0.0
2020-05-07 → 2021-05-07,1576.1524772499083,11639.203928071736,6338.689639768668,6338.689639768667,47.32696822423395,47.32696822423394,-1.4210854715202004e-14
2020-05-08 → 2021-05-08,1576.1524772499083,11639.203928071736,6316.001877453306,6316.0018774533055,47.10151213443618,47.101512134436156,-2.1316282072803006e-14
2020-05-09 → 2021-05-09,1576.1524772499083,11639.203928071736,6292.9770764985615,6292.9770764985615,46.872706775870064,46.872706775870064,0.0
2020-05-10 → 2021-05-10,1576.1524772499083,11639.203928071736,6269.3363699073325,6269.3363699073325,46.637780951364824,46.637780951364824,0.0
2020-05-11 → 2021-05-11,1576.1524772499083,11639.203928071736,6242.811728581145,6242.811728581144,46.37419647645865,46.374196476458636,-1.4210854715202004e-14
2020-05-12 → 2021-05-12,1576.1524772499083,11355.596269636537,6216.370864699754,6216.370864699754,47.448694281184906,47.448694281184906,0.0
2020-05-13 → 2021-05-13,1576.1524772499083,11355.596269636537,6190.917790003152,6190.917790003151,47.18842309156553,47.18842309156553,0.0
2020-05-14 → 2021-05-14,1576.1524772499083,11355.596269636537,6167.0760955861515,6167.076095586152,46.94462912001511,46.94462912001512,1.4210854715202004e-14
2020-05-15 → 2021-05-15,1576.1524772499083,11355.596269636537,6145.007053365835,6145.007053365835,46.71896145742783,46.71896145742783,0.0
2020-05-16 → 2021-05-16,1576.1524772499083,11355.596269636537,6121.649529588492,6121.649529588494,46.4801183874822,46.480118387482214,1.4210854715202004e-14
2020-05-17 → 2021-05-17,1576.1524772499083,11355.596269636537,6098.851255076724,6098.8512550767255,46.24699393791467,46.24699393791468,1.4210854715202004e-14
2020-05-18 → 2021-05-18,1576.1524772499083,11355.596269636537,6077.0182728398495,6077.01827283985,46.02374011386926,46.02374011386926,0.0
2020-05-19 → 2021-05-19,1576.1524772499083,11355.596269636537,6056.186987842252,6056.186987842253,45.81072917541676,45.81072917541676,0.0
2020-05-20 → 2021-05-20,1576.1524772499083,11355.596269636537,6034.872845304789,6034.872845304789,45.59278076250133,45.59278076250133,0.0
2020-05-21 → 2021-05-21,1576.1524772499083,11355.596269636537,6013.509683212957,6013.509683212957,45.37433109864146,45.37433109864146,0.0
2020-05-22 → 2021-05-22,1576.1524772499083,11355.596269636537,5990.639986648738,5990.639986648739,45.14047632070387,45.14047632070387,0.0
2020-05-23 → 2021-05-23,1576.1524772499083,11355.596269636537,5968.675032527176,5968.675032527175,44.915873014136864,44.91587301413684,-2.1316282072803006e-14
2020-05-24 → 2021-05-24,1576.1524772499083,11355.596269636537,5945.996704403834,5945.996704403834,44.68397508001307,44.68397508001307,0.0
2020-05-25 → 2021-05-25,1576.1524772499083,11318.443294354383,5922.109907040063,5922.109907040064,44.609194196502386,44.60919419650241,2.1316282072803006e-14
2020-05-26 → 2021-05-26,1576.1524772499083,11318.443294354383,5898.413167473644,5898.413167473643,44.365958390763396,44.365958390763396,0.0
2020-05-27 → 2021-05-27,1576.1524772499083,11108.438152828967,5874.583186706417,5874.583186706418,45.093389515892696,45.09338951589272,2.1316282072803006e-14
2020-05-28 → 2021-05-28,1576.1524772499083,11108.438152828967,5852.460239496739,5852.460239496739,44.861305124356306,44.861305124356306,0.0
2020-05-29 → 2021-05-29,1576.1524772499083,11108.438152828967,5831.783015915834,5831.783015915835,44.64438733270978,44.64438733270978,0.0
2020-05-30 → 2021-05-30,1576.1524772499083,11108.438152828967,5810.480113700058,5810.480113700059,44.42090575713811,44.42090575713812,1.4210854715202004e-14
2020-05-31 → 2021-05-31,1576.1524772499083,11108.438152828967,5789.611001337231,5789.611001337231,44.20197492487936,44.20197492487936,0.0
2020-06-01 → 2021-06-01,1576.1524772499083,11108.438152828967,5768.101835908678,5768.101835908679,43.97632951138051,43.97632951138051,0.0
2020-06-02 → 2021-06-02,1576.1524772499083,11108.438152828967,5748.571872966346,5748.571872966345,43.77144724487052,43.77144724487052,0.0
2020-06-03 → 2021-06-03,1576.1524772499083,11108.438152828967,5726.825870681726,5726.825870681725,43.54331725564527,43.54331725564525,-2.1316282072803006e-14
2020-06-04 → 2021-06-04,1576.1524772499083,11108.438152828967,5705.897392647184,5705.897392647183,43.32376363810987,43.32376363810985,-1.4210854715202004e-14
2020-06-05 → 2021-06-05,1576.1524772499083,11108.438152828967,5685.771454174632,5685.771454174632,43.11262919294617,43.11262919294617,0.0
2020-06-06 → 2021-06-06,1576.1524772499083,11108.438152828967,5665.083191516461,5665.083191516462,42.895595594056324,42.89559559405633,7.105427357601002e-15
2020-06-07 → 2021-06-07,1576.1524772499083,11108.438152828967,5644.926043729577,5644.926043729577,42.68413374248252,42.68413374248252,0.0
2020-06-08 → 2021-06-08,1576.1524772499083,11108.438152828967,5625.058128776277,5625.058128776276,42.47570613519627,42.475706135196255,-1.4210854715202004e-14
2020-06-09 → 2021-06-09,1576.1524772499083,11108.438152828967,5604.4013684345655,5604.401368434565,42.25900301650321,42.25900301650319,-1.4210854715202004e-14
2020-06-10 → 2021-06-10,1576.1524772499083,11108.438152828967,5583.882022986188,5583.882022986187,42.043741471195695,42.04374147119569,-7.105427357601002e-15
2020-06-11 → 2021-06-11,1576.1524772499083,11108.438152828967,5563.5990001846685,5563.5990001846685,41.830959107218895,41.830959107218895,0.0
2020-06-12 → 2021-06-12,1576.1524772499083,11108.438152828967,5541.808614613924,5541.808614613923,41.60236350788043,41.60236350788042,-1.4210854715202004e-14
2020-06-13 → 2021-06-13,1576.1524772499083,11108.438152828967,5519.934024154866,5519.934024154865,41.37288454340606,41.372884543406045,-1.4210854715202004e-14
2020-06-14 → 2021-06-14,1576.1524772499083,11108.438152828967,5497.809738926552,5497.809738926551,41.1407861151666,41.14078611516659,-7.105427357601002e-15
2020-06-15 → 2021-06-15,1576.1524772499083,11108.438152828967,5475.35327413323,5475.353274133229,40.90520290293814,40.905202902938136,-7.105427357601002e-15
2020-06-16 → 2021-06-16,1576.1524772499083,11108.438152828967,5453.55450015907,5453.554500159071,40.676519303683385,40.67651930368339,7.105427357601002e-15
2020-06-17 → 2021-06-17,1576.1524772499083,11108.438152828967,5432.041353356377,5432.041353356377,40.450832122928745,40.450832122928745,0.0
2020-06-18 → 2021-06-18,1576.1524772499083,11108.438152828967,5410.7750260658195,5410.77502606582,40.22773424258468,40.22773424258469,7.105427357601002e-15
2020-06-19 → 2021-06-19,1576.1524772499083,11108.438152828967,5389.361990480833,5389.361990480832,40.003097294912784,40.00309729491277,-1.4210854715202004e-14
2020-06-20 → 2021-06-20,1576.1524772499083,11108.438152828967,5367.613586574808,5367.613586574807,39.774942111085856,39.77494211108585,-7.105427357601002e-15
2020-06-21 → 2021-06-21,1576.1524772499083,11108.438152828967,5347.029472397678,5347.029472397678,39.55900109884925,39.55900109884925,0.0
2020-06-22 → 2021-06-22,1576.1524772499083,11108.438152828967,5326.03660823468,5326.036608234681,39.33877202811568,39.338772028115685,7.105427357601002e-15
2020-06-23 → 2021-06-23,1576.1524772499083,11108.438152828967,5305.953577702513,5305.953577702514,39.1280877157097,39.12808771570971,1.4210854715202004e-14
2020-06-24 → 2021-06-24,1576.1524772499083,11108.438152828967,5285.410673497473,5285.410673497473,38.91257902341705,38.91257902341705,0.0
2020-06-25 → 2021-06-25,1576.1524772499083,11108.438152828967,5264.63297834986,5264.63297834986,38.69460721838771,38.69460721838771,0.0
2020-06-26 → 2021-06-26,1576.1524772499083,11108.438152828967,5243.653570104985,5243.653570104985,38.47451930916125,38.47451930916125,0.0
2020-06-27 → 2021-06-27,1576.1524772499083,11108.438152828967,5221.741834537209,5221.741834537209,38.244650667856135,38.244650667856135,0.0
2020-06-28 → 2021-06-28,1576.1524772499083,11029.382532855976,5199.338971629953,5199.338971629953,38.327497300580134,38.327497300580134,0.0
2020-06-29 → 2021-06-29,1576.1524772499083,11029.382532855976,5176.9444832748995,5176.9444832748995,38.09059956061904,38.09059956061904,0.0
2020-06-30 → 2021-06-30,1576.1524772499083,11029.382532855976,5154.9871067307995,5154.987106730799,37.85832576198152,37.858325761981504,-1.4210854715202004e-14
2020-07-01 → 2021-07-01,1576.1524772499083,11029.382532855976,5133.261560933807,5133.261560933808,37.62850436052193,37.628504360521944,1.4210854715202004e-14
2020-07-02 → 2021-07-02,1576.1524772499083,11029.382532855976,5111.783777885025,5111.783777885026,37.40130389123848,37.401303891238484,7.105427357601002e-15
2020-07-03 → 2021-07-03,1576.1524772499083,11029.382532855976,5089.639964742044,5089.639964742044,37.16705789264618,37.16705789264618,0.0
2020-07-04 → 2021-07-04,1576.1524772499083,11013.684039957561,5067.232923992674,5067.232923992674,36.991457178673166,36.991457178673166,0.0
2020-07-05 → 2021-07-05,1576.1524772499083,11013.684039957561,5045.351477098767,5045.351477098768,36.759601563160615,36.75960156316062,7.105427357601002e-15
2020-07-06 → 2021-07-06,1576.1524772499083,10949.793506880562,5023.266248542662,5023.266248542662,36.774544282165444,36.774544282165444,0.0
2020-07-07 → 2021-07-07,1576.1524772499083,10949.793506880562,5002.062022727082,5002.062022727083,36.5483330826054,36.54833308260541,7.105427357601002e-15
2020-07-08 → 2021-07-08,1576.1524772499083,10949.793506880562,4980.856191597073,4980.856191597073,36.32210475720895,36.32210475720895,0.0
2020-07-09 → 2021-07-09,1576.1524772499083,10949.793506880562,4959.952472175595,4959.952472175595,36.09909942389823,36.09909942389823,0.0
2020-07-10 → 2021-07-10,1576.1524772499083,10949.793506880562,4938.484571174543,4938.484571174543,35.87007528127114,35.87007528127114,0.0
2020-07-11 → 2021-07-11,1576.1524772499083,10949.793506880562,4917.03425895425,4917.03425895425,35.641238779505315,35.641238779505315,0.0
2020-07-12 → 2021-07-12,1576.1524772499083,10949.793506880562,4895.701226203329,4895.701226203328,35.41365344011066,35.41365344011066,0.0
2020-07-13 → 2021-07-13,1576.1524772499083,10949.793506880562,4874.658144541455,4874.658144541454,35.18916136072171,35.189161360721705,-7.105427357601002e-15
2020-07-14 → 2021-07-14,1576.1524772499083,10949.793506880562,4853.408067295073,4853.408067295073,34.96246100832707,34.96246100832707,0.0
2020-07-15 → 2021-07-15,1576.1524772499083,10949.793506880562,4832.520333126277,4832.520333126277,34.739626209098375,34.739626209098375,0.0
2020-07-16 → 2021-07-16,1576.1524772499083,10949.793506880562,4811.497483461398,4811.497483461398,34.515349968964735,34.515349968964735,0.0
2020-07-17 → 2021-07-17,1576.1524772499083,10921.24083746441,4790.240610348386,4790.240610348385,34.3933412848405,34.39334128484049,-1.4210854715202004e-14
2020-07-18 → 2021-07-18,1576.1524772499083,10908.467459428333,4769.018115389024,4769.018115389024,34.213007643188355,34.213007643188355,0.0
2020-07-19 → 2021-07-19,1576.1524772499083,10908.467459428333,4748.08880093769,4748.08880093769,33.98874051877922,33.98874051877922,0.0
2020-07-20 → 2021-07-20,1576.1524772499083,10908.467459428333,4727.630097351305,4727.630097351306,33.76951620385357,33.76951620385357,0.0
2020-07-21 → 2021-07-21,1576.1524772499083,10651.2444034891,4706.331984773298,4706.331984773298,34.49198678057433,34.49198678057433,0.0
2020-07-22 → 2021-07-22,1576.1524772499083,10491.795099730549,4685.68735011537,4685.68735011537,34.87729381418701,34.87729381418701,0.0
2020-07-23 → 2021-07-23,1576.1524772499083,10473.287081753417,4665.191917540769,4665.191917540769,34.719486414505475,34.719486414505475,0.0
2020-07-24 → 2021-07-24,1576.1524772499083,10473.287081753417,4644.754973258077,4644.754973258077,34.48978387328117,34.48978387328117,0.0
2020-07-25 → 2021-07-25,1576.1524772499083,10306.672153889524,4623.919176538683,4623.919176538682,34.909338872962294,34.90933887296228,-1.4210854715202004e-14
2020-07-26 → 2021-07-26,1576.1524772499083,10066.533186518165,4603.055588779411,4603.055588779411,35.65097037669087,35.65097037669087,0.0
2020-07-27 → 2021-07-27,1576.1524772499083,9892.53203295156,4582.534486972031,4582.534486972031,36.15012986824259,36.15012986824259,0.0
2020-07-28 → 2021-07-28,1576.1524772499083,9892.53203295156,4564.6415139562905,4564.641513956291,35.93497647251436,35.93497647251437,1.4210854715202004e-14
2020-07-29 → 2021-07-29,1576.1524772499083,9892.53203295156,4546.4931838017455,4546.493183801746,35.716752544265404,35.71675254426541,7.105427357601002e-15
2020-07-30 → 2021-07-30,1576.1524772499083,9892.53203295156,4528.4514056158505,4528.451405615851,35.49980984624333,35.49980984624334,7.105427357601002e-15
2020-07-31 → 2021-07-31,1576.1524772499083,9892.53203295156,4510.452364198587,4510.452364198587,35.283381034923345,35.283381034923345,0.0
2020-08-01 → 2021-08-01,1576.1524772499083,9892.53203295156,4493.190606730852,4493.190606730853,35.07581766732908,35.0758176673291,1.4210854715202004e-14
2020-08-02 → 2021-08-02,1576.1524772499083,9892.53203295156,4476.982806562738,4476.982806562738,34.88092757050802,34.88092757050802,0.0
2020-08-03 → 2021-08-03,1576.1524772499083,9892.53203295156,4459.490630325031,4459.490630325032,34.67059354089156,34.67059354089157,1.4210854715202004e-14
2020-08-04 → 2021-08-04,1576.1524772499083,9892.53203295156,4442.043423359804,4442.043423359804,34.460800242637575,34.460800242637575,0.0
2020-08-05 → 2021-08-05,1576.1524772499083,9892.53203295156,4424.327692802933,4424.327692802934,34.24777809233509,34.2477780923351,1.4210854715202004e-14
2020-08-06 → 2021-08-06,1576.1524772499083,9892.53203295156,4407.403099940478,4407.403099940479,34.04426894813241,34.04426894813242,7.105427357601002e-15
2020-08-07 → 2021-08-07,1576.1524772499083,9892.53203295156,4390.330089831865,4390.330089831865,33.83897516621372,33.83897516621372,0.0
2020-08-08 → 2021-08-08,1576.1524772499083,9892.53203295156,4372.987748372205,4372.987748372205,33.63044281937332,33.63044281937332,0.0
2020-08-09 → 2021-08-09,1576.1524772499083,9892.53203295156,4355.626343747387,4355.626343747388,33.421681248204834,33.42168124820484,7.105427357601002e-15
2020-08-10 → 2021-08-10,1576.1524772499083,9892.53203295156,4338.241314066349,4338.24131406635,33.21263559841701,33.21263559841702,1.4210854715202004e-14
2020-08-11 → 2021-08-11,1576.1524772499083,9892.53203295156,4321.205741291608,4321.205741291608,33.007791980342105,33.007791980342105,0.0
2020-08-12 → 2021-08-12,1576.1524772499083,9892.53203295156,4303.3761431569665,4303.3761431569665,32.793400633540024,32.793400633540024,0.0
2020-08-13 → 2021-08-13,1576.1524772499083,9892.53203295156,4285.498387630539,4285.49838763054,32.57843021995217,32.578430219952175,7.105427357601002e-15
2020-08-14 → 2021-08-14,1576.1524772499083,9892.53203295156,4268.089544144989,4268.089544144988,32.36909822194813,32.369098221948114,-1.4210854715202004e-14
2020-08-15 → 2021-08-15,1576.1524772499083,9892.53203295156,4250.688730934941,4250.688730934942,32.15986278369642,32.15986278369643,1.4210854715202004e-14
2020-08-16 → 2021-08-16,1576.1524772499083,9892.53203295156,4233.606332481568,4233.606332481569,31.954456111971556,31.95445611197157,1.4210854715202004e-14
2020-08-17 → 2021-08-17,1576.1524772499083,9892.53203295156,4216.756107200464,4216.756107200463,31.75184119801478,31.75184119801477,-1.0658141036401503e-14
2020-08-18 → 2021-08-18,1576.1524772499083,9892.53203295156,4200.649009370113,4200.649009370113,31.558161992749216,31.558161992749216,0.0
2020-08-19 → 2021-08-19,1576.1524772499083,9892.53203295156,4183.72375883005,4183.7237588300495,31.35464494032634,31.35464494032633,-1.0658141036401503e-14
2020-08-20 → 2021-08-20,1576.1524772499083,9892.53203295156,4165.993322842174,4165.993322842174,31.14144596510977,31.14144596510977,0.0
2020-08-21 → 2021-08-21,1576.1524772499083,9892.53203295156,4148.538500215528,4148.538500215528,30.931561092615233,30.931561092615233,0.0
2020-08-22 → 2021-08-22,1576.1524772499083,9892.53203295156,4130.3657668468295,4130.3657668468295,30.71304372881551,30.71304372881551,0.0
2020-08-23 → 2021-08-23,1576.1524772499083,9892.53203295156,4112.487443837242,4112.487443837242,30.498066491547277,30.498066491547277,0.0
2020-08-24 → 2021-08-24,1576.1524772499083,9892.53203295156,4094.7670902711343,4094.767090271134,30.28498875204032,30.284988752040316,-3.552713678800501e-15
2020-08-25 → 2021-08-25,1576.1524772499083,9892.53203295156,4077.132006686143,4077.132006686143,30.07293633828414,30.07293633828414,0.0
2020-08-26 → 2021-08-26,1576.1524772499083,9892.53203295156,4058.867150759888,4058.867150759889,29.853311250180347,29.853311250180358,1.0658141036401503e-14
2020-08-27 → 2021-08-27,1576.1524772499083,9892.53203295156,4040.6211420133113,4040.6211420133113,29.633912789295202,29.633912789295202,0.0
2020-08-28 → 2021-08-28,1576.1524772499083,9892.53203295156,4022.066220488803,4022.066220488803,29.41079981807701,29.41079981807701,0.0
2020-08-29 → 2021-08-29,1576.1524772499083,9892.53203295156,4003.946958951043,4003.9469589510427,29.192925424341126,29.19292542434112,-7.105427357601002e-15
2020-08-30 → 2021-08-30,1576.1524772499083,9892.53203295156,3985.9670095742918,3985.9670095742913,28.976726184559865,28.97672618455986,-7.105427357601002e-15
2020-08-31 → 2021-08-31,1576.1524772499083,9892.53203295156,3968.398768666491,3968.398768666491,28.765477518116345,28.765477518116345,0.0
2020-09-01 → 2021-09-01,1576.1524772499083,9892.53203295156,3950.614661348135,3950.6146613481346,28.551633173961044,28.55163317396104,-3.552713678800501e-15
2020-09-02 → 2021-09-02,1576.1524772499083,9892.53203295156,3933.323880751633,3933.323880751633,28.343720818822714,28.343720818822714,0.0
2020-09-03 → 2021-09-03,1576.1524772499083,9892.53203295156,3914.8671145925064,3914.8671145925064,28.12178811318432,28.12178811318432,0.0
2020-09-04 → 2021-09-04,1576.1524772499083,9892.53203295156,3893.714253413394,3893.7142534133936,27.867436312170017,27.867436312170014,-3.552713678800501e-15
2020-09-05 → 2021-09-05,1576.1524772499083,9892.53203295156,3872.9031885245536,3872.9031885245536,27.617194428073084,27.617194428073084,0.0
2020-09-06 → 2021-09-06,1576.1524772499083,9892.53203295156,3851.118173506191,3851.118173506191,27.35524131647626,27.35524131647626,0.0
2020-09-07 → 2021-09-07,1576.1524772499083,9892.53203295156,3830.3020903519764,3830.3020903519755,27.104939090431955,27.104939090431944,-1.0658141036401503e-14
2020-09-08 → 2021-09-08,1576.1524772499083,9892.53203295156,3809.864633421023,3809.864633421022,26.859189641479237,26.859189641479226,-1.0658141036401503e-14
2020-09-09 → 2021-09-09,1576.1524772499083,9781.757822849786,3788.718123262697,3788.718123262697,26.96407580946165,26.96407580946165,0.0
2020-09-10 → 2021-09-10,1576.1524772499083,9772.019213192432,3768.095490769475,3768.095490769475,26.74449309805052,26.74449309805052,0.0
2020-09-11 → 2021-09-11,1576.1524772499083,9772.019213192432,3747.716145630805,3747.716145630805,26.495839163143337,26.495839163143337,0.0
2020-09-12 → 2021-09-12,1576.1524772499083,9772.019213192432,3727.3281980948996,3727.3281980948987,26.24708026804692,26.247080268046908,-1.0658141036401503e-14
2020-09-13 → 2021-09-13,1576.1524772499083,9772.019213192432,3707.222524060775,3707.2225240607745,26.001765468747507,26.0017654687475,-7.105427357601002e-15
2020-09-14 → 2021-09-14,1576.1524772499083,9772.019213192432,3686.564279945208,3686.564279945207,25.749708611539578,25.749708611539567,-1.0658141036401503e-14
2020-09-15 → 2021-09-15,1576.1524772499083,9772.019213192432,3666.6124546084675,3666.6124546084675,25.506270962056544,25.506270962056544,0.0
2020-09-16 → 2021-09-16,1576.1524772499083,9772.019213192432,3646.98184429588,3646.98184429588,25.26675254448029,25.26675254448029,0.0
2020-09-17 → 2021-09-17,1576.1524772499083,9772.019213192432,3627.8585082356312,3627.8585082356317,25.03342351807746,25.033423518077463,3.552713678800501e-15
2020-09-18 → 2021-09-18,1576.1524772499083,9772.019213192432,3608.5433433008025,3608.543343300803,24.79775393538252,24.797753935382527,7.105427357601002e-15
2020-09-19 → 2021-09-19,1576.1524772499083,9772.019213192432,3589.3094652437294,3589.3094652437294,24.56307615599985,24.56307615599985,0.0
2020-09-20 → 2021-09-20,1576.1524772499083,9772.019213192432,3571.0118742940153,3571.0118742940153,24.339822270361726,24.339822270361726,0.0
2020-09-21 → 2021-09-21,1576.1524772499083,9772.019213192432,3552.736011247934,3552.736011247934,24.116833492787617,24.116833492787617,0.0
2020-09-22 → 2021-09-22,1576.1524772499083,9772.019213192432,3532.873455115554,3532.873455115554,23.8744850411556,23.8744850411556,0.0
2020-09-23 → 2021-09-23,1576.1524772499083,9772.019213192432,3512.9916084660103,3512.991608466011,23.631901220675054,23.63190122067506,7.105427357601002e-15
2020-09-24 → 2021-09-24,1576.1524772499083,9473.54969553333,3492.6753484434817,3492.6753484434817,24.26777858857844,24.26777858857844,0.0
2020-09-25 → 2021-09-25,1576.1524772499083,9473.54969553333,3473.626634858563,3473.626634858563,24.026576163799575,24.026576163799575,0.0
2020-09-26 → 2021-09-26,1576.1524772499083,9473.54969553333,3454.387258371187,3454.3872583711873,23.782959489145867,23.78295948914587,3.552713678800501e-15
2020-09-27 → 2021-09-27,1576.1524772499083,9473.54969553333,3435.381499178394,3435.381499178394,23.542300970048053,23.542300970048053,0.0
2020-09-28 → 2021-09-28,1576.1524772499083,9473.54969553333,3416.6139802530197,3416.6139802530197,23.30465914443587,23.30465914443587,0.0
2020-09-29 → 2021-09-29,1576.1524772499083,9473.54969553333,3397.735211262173,3397.735211262173,23.06560862603039,23.06560862603039,0.0
2020-09-30 → 2021-09-30,1576.1524772499083,9473.54969553333,3378.7733191954685,3378.773319195469,22.825505570015867,22.82550557001587,3.552713678800501e-15
2020-10-01 → 2021-10-01,1576.1524772499083,9473.54969553333,3359.0927829020325,3359.092782902033,22.576302753575618,22.576302753575625,7.105427357601002e-15
2020-10-02 → 2021-10-02,1576.1524772499083,9473.54969553333,3339.0498993974406,3339.049899397441,22.322511751925227,22.32251175192523,3.552713678800501e-15
2020-10-03 → 2021-10-03,1576.1524772499083,9473.54969553333,3318.869387246325,3318.869387246325,22.066978041345298,22.066978041345298,0.0
2020-10-04 → 2021-10-04,1576.1524772499083,9437.190896860331,3298.5287344661474,3298.528734466148,21.910289268139675,21.91028926813968,7.105427357601002e-15
2020-10-05 → 2021-10-05,1576.1524772499083,9437.190896860331,3278.210811327936,3278.2108113279364,21.65182566506752,21.651825665067527,7.105427357601002e-15
2020-10-06 → 2021-10-06,1576.1524772499083,9437.190896860331,3257.7781059319327,3257.778105931933,21.39190192083252,21.391901920832527,7.105427357601002e-15
2020-10-07 → 2021-10-07,1576.1524772499083,9374.53619995802,3237.071458427934,3237.0714584279344,21.29824640895262,21.298246408952622,3.552713678800501e-15
2020-10-08 → 2021-10-08,1576.1524772499083,9172.183505682702,3216.5239120796136,3216.523912079614,21.595112351300457,21.595112351300465,7.105427357601002e-15
2020-10-09 → 2021-10-09,1576.1524772499083,9030.07619321888,3196.430024950192,3196.430024950192,21.7372434900168,21.7372434900168,0.0
2020-10-10 → 2021-10-10,1576.1524772499083,8847.322761646454,3176.752523865961,3176.7525238659614,22.012963305932136,22.01296330593214,3.552713678800501e-15
2020-10-11 → 2021-10-11,1576.1524772499083,8819.129825518316,3157.3487188097665,3157.348718809767,21.830749504385487,21.83074950438549,3.552713678800501e-15
2020-10-12 → 2021-10-12,1576.1524772499083,8819.129825518316,3138.1978780642207,3138.1978780642207,21.56634386255196,21.56634386255196,0.0
2020-10-13 → 2021-10-13,1576.1524772499083,8819.129825518316,3119.30308514093,3119.3030851409303,21.305473339081278,21.305473339081285,7.105427357601002e-15
2020-10-14 → 2021-10-14,1576.1524772499083,8819.129825518316,3100.1706811749837,3100.1706811749837,21.041322244220815,21.041322244220815,0.0
2020-10-15 → 2021-10-15,1576.1524772499083,8819.129825518316,3080.6861390959234,3080.686139095923,20.772309362609107,20.7723093626091,-7.105427357601002e-15
2020-10-16 → 2021-10-16,1576.1524772499083,8819.129825518316,3061.416934835127,3061.416934835127,20.50626953762742,20.50626953762742,0.0
2020-10-17 → 2021-10-17,1576.1524772499083,8800.646010252805,3041.766349759093,3041.7663497590925,20.2867351990001,20.286735199000095,-3.552713678800501e-15
2020-10-18 → 2021-10-18,1576.1524772499083,8703.506092897267,3022.1293395798057,3022.129339579805,20.28771042249688,20.287710422496875,-3.552713678800501e-15
2020-10-19 → 2021-10-19,1555.430138450808,8513.672811735767,3002.599077409187,3002.5990774091865,20.79790842182824,20.797908421828236,-3.552713678800501e-15
2020-10-20 → 2021-10-20,1513.7341883084346,8382.61103570958,2983.473562044631,2983.4735620446313,21.397084361648954,21.39708436164896,7.105427357601002e-15
2020-10-21 → 2021-10-21,1513.7341883084346,7783.015373161113,2964.9506768539036,2964.950676853904,23.148052316616123,23.14805231661613,7.105427357601002e-15
2020-10-22 → 2021-10-22,1513.7341883084346,7719.963155662358,2948.1830510347586,2948.183051034758,23.113050940785914,23.11305094078591,-3.552713678800501e-15
2020-10-23 → 2021-10-23,1513.7341883084346,7719.963155662358,2931.6225679809395,2931.6225679809395,22.846214458585038,22.846214458585038,0.0
2020-10-24 → 2021-10-24,1513.7341883084346,7667.74669788406,2915.0187568966508,2915.0187568966503,22.770258695571734,22.770258695571727,-7.105427357601002e-15
2020-10-25 → 2021-10-25,1513.7341883084346,7667.74669788406,2898.5187244843273,2898.5187244843273,22.502140416860904,22.502140416860904,0.0
2020-10-26 → 2021-10-26,1513.7341883084346,7644.876426807446,2882.092624661438,2882.092624661438,22.3181649213866,22.3181649213866,0.0
2020-10-27 → 2021-10-27,1513.7341883084346,7524.26829540335,2865.8704295034413,2865.8704295034418,22.4961079515201,22.496107951520106,7.105427357601002e-15
2020-10-28 → 2021-10-28,1513.7341883084346,7524.26829540335,2850.4026595427626,2850.402659542763,22.238763601000226,22.238763601000237,1.0658141036401503e-14
2020-10-29 → 2021-10-29,1513.7341883084346,7421.030605183311,2834.2350444945505,2834.2350444945505,22.353726019468944,22.353726019468944,0.0
2020-10-30 → 2021-10-30,1513.7341883084346,7355.33990404444,2818.384193081926,2818.3841930819262,22.333756646037408,22.333756646037415,7.105427357601002e-15
2020-10-31 → 2021-10-31,1513.7341883084346,7355.33990404444,2802.7465724958784,2802.7465724958784,22.06606277303391,22.06606277303391,0.0
2020-11-01 → 2021-11-01,1513.7341883084346,7355.33990404444,2787.430431924672,2787.430431924672,21.803872181670513,21.803872181670513,0.0
2020-11-02 → 2021-11-02,1513.7341883084346,7355.33990404444,2771.875828649152,2771.875828649152,21.53759944721294,21.53759944721294,0.0
2020-11-03 → 2021-11-03,1513.7341883084346,7144.431265907445,2756.1191934299336,2756.1191934299336,22.064497308231424,22.064497308231424,0.0
2020-11-04 → 2021-11-04,1513.7341883084346,7077.567494964144,2741.049235278579,2741.049235278579,22.058803334420077,22.058803334420077,0.0
2020-11-05 → 2021-11-05,1513.7341883084346,6726.597826108091,2726.190273018733,2726.190273018733,23.258925783488838,23.258925783488838,0.0
2020-11-06 → 2021-11-06,1513.7341883084346,6726.597826108091,2713.129085258483,2713.1290852584834,23.008368917478755,23.008368917478762,7.105427357601002e-15
2020-11-07 → 2021-11-07,1513.7341883084346,6726.597826108091,2699.9698728044937,2699.9698728044937,22.755931612988974,22.755931612988974,0.0
2020-11-08 → 2021-11-08,1480.565603419731,6527.72377190631,2685.636451431028,2685.6364514310285,23.87622515053149,23.876225150531504,1.4210854715202004e-14
2020-11-09 → 2021-11-09,1480.565603419731,6527.72377190631,2672.0812558217453,2672.081255821746,23.607654300227683,23.60765430022769,7.105427357601002e-15
2020-11-10 → 2021-11-10,1480.565603419731,6527.72377190631,2658.4658589328633,2658.4658589328637,23.337890674156007,23.337890674156018,1.0658141036401503e-14
2020-11-11 → 2021-11-11,1480.565603419731,6356.777531253977,2644.8363934492972,2644.8363934492972,23.876542021968135,23.876542021968135,0.0
2020-11-12 → 2021-11-12,1480.565603419731,6255.178118314777,2631.7320134330134,2631.7320134330134,24.110153576275856,24.110153576275856,0.0
2020-11-13 → 2021-11-13,1480.565603419731,6255.178118314777,2619.202076589662,2619.2020765896623,23.84772522624195,23.847725226241955,7.105427357601002e-15
2020-11-14 → 2021-11-14,1480.565603419731,6255.178118314777,2606.6720875260276,2606.6720875260276,23.5852957825008,23.5852957825008,0.0
2020-11-15 → 2021-11-15,1480.565603419731,6255.178118314777,2593.989400301495,2593.9894003014947,23.319668211991843,23.319668211991832,-1.0658141036401503e-14
2020-11-16 → 2021-11-16,1480.565603419731,5972.626042987401,2581.4281384644314,2581.428138464431,24.506850472177774,24.506850472177764,-1.0658141036401503e-14
2020-11-17 → 2021-11-17,1480.565603419731,5847.405058718655,2569.6515408566206,2569.65154085662,24.939912460380075,24.939912460380064,-1.0658141036401503e-14
2020-11-18 → 2021-11-18,1480.565603419731,5847.405058718655,2559.010365513953,2559.010365513953,24.696231064450686,24.696231064450686,0.0
2020-11-19 → 2021-11-19,1480.565603419731,5847.405058718655,2548.3743601137658,2548.3743601137658,24.452668059465903,24.452668059465903,0.0
2020-11-20 → 2021-11-20,1480.565603419731,5847.405058718655,2537.6136042302205,2537.6136042302205,24.206248286224923,24.206248286224923,0.0
2020-11-21 → 2021-11-21,1480.565603419731,5847.405058718655,2527.602696225145,2527.6026962251453,23.976999922332638,23.97699992233265,1.0658141036401503e-14
2020-11-22 → 2021-11-22,1480.565603419731,5847.405058718655,2517.8427413780532,2517.842741378053,23.753498349925426,23.753498349925415,-1.0658141036401503e-14
2020-11-23 → 2021-11-23,1480.565603419731,5847.405058718655,2507.8000393051357,2507.800039305135,23.523521906419326,23.52352190641932,-7.105427357601002e-15
2020-11-24 → 2021-11-24,1480.565603419731,5847.405058718655,2497.710800292096,2497.7108002920954,23.29247977362928,23.29247977362927,-1.0658141036401503e-14
2020-11-25 → 2021-11-25,1480.565603419731,5847.405058718655,2488.073649972597,2488.073649972597,23.071790407369104,23.071790407369104,0.0
2020-11-26 → 2021-11-26,1480.565603419731,5847.405058718655,2478.5789080111895,2478.578908011189,22.854362172175193,22.854362172175183,-1.0658141036401503e-14
2020-11-27 → 2021-11-27,1480.565603419731,5847.405058718655,2467.61451723757,2467.61451723757,22.60327918902786,22.60327918902786,0.0
2020-11-28 → 2021-11-28,1480.565603419731,5635.270427856573,2456.4105922989065,2456.4105922989065,23.487709238440264,23.487709238440264,0.0
2020-11-29 → 2021-11-29,1480.565603419731,5536.558998548417,2445.730886625382,2445.730886625382,23.796026994640336,23.796026994640336,0.0
2020-11-30 → 2021-11-30,1480.565603419731,5536.558998548417,2435.496299139606,2435.496299139606,23.543694545133196,23.543694545133196,0.0
2020-12-01 → 2021-12-01,1480.565603419731,5536.558998548417,2426.3802190446563,2426.3802190446563,23.318938752732297,23.318938752732297,0.0
2020-12-02 → 2021-12-02,1480.565603419731,5536.558998548417,2416.6916777933275,2416.6916777933275,23.080069003512165,23.080069003512165,0.0
2020-12-03 → 2021-12-03,1480.565603419731,5536.558998548417,2407.562934897022,2407.5629348970224,22.8550010113584,22.85500101135841,1.0658141036401503e-14
2020-12-04 → 2021-12-04,1480.565603419731,5536.558998548417,2399.0879630958125,2399.0879630958125,22.646051662195553,22.646051662195553,0.0
2020-12-05 → 2021-12-05,1480.565603419731,5536.558998548417,2390.041790377588,2390.041790377588,22.423019427254314,22.423019427254314,0.0
2020-12-06 → 2021-12-06,1480.565603419731,5536.558998548417,2381.1544021406717,2381.1544021406717,22.203902003454015,22.203902003454015,0.0
2020-12-07 → 2021-12-07,1480.565603419731,5536.558998548417,2372.441312360683,2372.441312360683,21.989081885885444,21.989081885885444,0.0
2020-12-08 → 2021-12-08,1480.565603419731,5536.558998548417,2363.6079781875987,2363.6079781875987,21.7712971581368,21.7712971581368,0.0
2020-12-09 → 2021-12-09,1480.565603419731,5536.558998548417,2354.4106109183786,2354.4106109183786,21.544537240818727,21.544537240818727,0.0
2020-12-10 → 2021-12-10,1480.565603419731,5536.558998548417,2345.4608321136557,2345.4608321136557,21.32388158552423,21.32388158552423,0.0
2020-12-11 → 2021-12-11,1480.565603419731,5536.558998548417,2336.065974868953,2336.065974868953,21.092252578041474,21.092252578041474,0.0
2020-12-12 → 2021-12-12,1480.565603419731,5315.393167413713,2326.3883600933123,2326.3883600933127,22.056343930955137,22.056343930955148,1.0658141036401503e-14
2020-12-13 → 2021-12-13,1480.565603419731,5220.274028941746,2317.7053794037056,2317.705379403705,22.385161641769457,22.385161641769447,-1.0658141036401503e-14
2020-12-14 → 2021-12-14,1480.565603419731,5184.906387212008,2309.100005280154,2309.1000052801546,22.366581538219616,22.36658153821963,1.4210854715202004e-14
2020-12-15 → 2021-12-15,1480.565603419731,5145.994841858927,2300.5289366194525,2300.528936619452,22.370185859838784,22.37018585983877,-1.4210854715202004e-14
2020-12-16 → 2021-12-16,1480.565603419731,4679.299457808105,2292.201198904239,2292.2011989042385,25.3736519645427,25.37365196454268,-1.7763568394002505e-14
2020-12-17 → 2021-12-17,1480.565603419731,4388.030478306353,2285.3130031031465,2285.313003103146,27.67866283216223,27.678662832162214,-1.7763568394002505e-14
2020-12-18 → 2021-12-18,1480.565603419731,4359.688544816367,2279.1489160451883,2279.1489160451883,27.73703412046976,27.73703412046976,0.0
2020-12-19 → 2021-12-19,1480.565603419731,4359.688544816367,2273.1233451648404,2273.1233451648404,27.5277491749153,27.5277491749153,0.0
2020-12-20 → 2021-12-20,1480.565603419731,4359.688544816367,2267.489541111717,2267.489541111717,27.332071388040706,27.332071388040706,0.0
2020-12-21 → 2021-12-21,1480.565603419731,4359.688544816367,2261.4437723808906,2261.4437723808906,27.122084914594264,27.122084914594264,0.0
2020-12-22 → 2021-12-22,1480.565603419731,4290.506615779991,2255.1433154097545,2255.143315409755,27.565621790024807,27.565621790024824,1.7763568394002505e-14
2020-12-23 → 2021-12-23,1480.565603419731,4290.506615779991,2249.030137053176,2249.030137053176,27.348066391897657,27.348066391897657,0.0
2020-12-24 → 2021-12-24,1480.565603419731,4218.05077774402,2242.687579506906,2242.6875795069063,27.840222962131456,27.840222962131474,1.7763568394002505e-14
2020-12-25 → 2021-12-25,1480.565603419731,4053.6435971072774,2236.5635544713764,2236.563554471376,29.381074064070816,29.381074064070802,-1.4210854715202004e-14
2020-12-26 → 2021-12-26,1480.565603419731,3783.456644027727,2230.8666308703246,2230.866630870325,32.58083053953362,32.580830539533636,1.4210854715202004e-14
2020-12-27 → 2021-12-27,1480.565603419731,3783.456644027727,2225.926559095985,2225.9265590959844,32.366314451397926,32.366314451397905,-2.1316282072803006e-14
2020-12-28 → 2021-12-28,1480.565603419731,3698.313887885281,2221.3204520213103,2221.3204520213103,33.40121391549592,33.40121391549592,0.0
2020-12-29 → 2021-12-29,1480.565603419731,3672.257825996902,2217.095307744019,2217.095307744019,33.605526211076125,33.605526211076125,0.0
2020-12-30 → 2021-12-30,1480.565603419731,3466.851770511931,2212.86244819403,2212.86244819403,36.867640569955554,36.867640569955554,0.0
2020-12-31 → 2021-12-31,1480.565603419731,3445.582199456053,2209.284326220529,2209.284326220529,37.08460907000543,37.08460907000543,0.0
2021-01-01 → 2022-01-01,1480.565603419731,3403.5956029317167,2205.6149945777806,2205.6149945777806,37.703488314901385,37.703488314901385,0.0
2021-01-02 → 2022-01-02,1480.565603419731,3359.4634959148934,2202.085548509029,2202.0855485090296,38.401232337917264,38.401232337917286,2.1316282072803006e-14
2021-01-03 → 2022-01-03,1480.565603419731,3359.4634959148934,2199.43502074361,2199.43502074361,38.260164120426246,38.260164120426246,0.0
2021-01-04 → 2022-01-04,1480.565603419731,3359.4634959148934,2197.176450187084,2197.1764501870834,38.139956919941994,38.13995691994197,-2.1316282072803006e-14
2021-01-05 → 2022-01-05,1480.565603419731,3359.4634959148934,2194.861626733868,2194.861626733868,38.016755788977825,38.016755788977825,0.0
2021-01-06 → 2022-01-06,1480.565603419731,3359.4634959148934,2193.161436189248,2193.1614361892484,37.92626707474748,37.9262670747475,2.1316282072803006e-14
2021-01-07 → 2022-01-07,1480.565603419731,3359.4634959148934,2192.2867994490125,2192.286799449012,37.87971655469373,37.8797165546937,-2.842170943040401e-14
2021-01-08 → 2022-01-08,1480.565603419731,3359.4634959148934,2191.856069729895,2191.856069729895,37.85679196039629,37.85679196039629,0.0
2021-01-09 → 2022-01-09,1480.565603419731,3359.4634959148934,2191.6783247358944,2191.6783247358944,37.84733189368854,37.84733189368854,0.0
2021-01-10 → 2022-01-10,1480.565603419731,3359.4634959148934,2191.444252744762,2191.444252744762,37.83487395267602,37.83487395267602,0.0
2021-01-11 → 2022-01-11,1480.565603419731,3359.4634959148934,2190.704415560357,2190.7044155603567,37.79549782758908,37.79549782758906,-2.1316282072803006e-14
2021-01-12 → 2022-01-12,1480.565603419731,3359.4634959148934,2189.172809793113,2189.1728097931127,37.7139816486971,37.71398164869708,-2.1316282072803006e-14
2021-01-13 → 2022-01-13,1480.565603419731,3359.4634959148934,2187.4779377084924,2187.4779377084924,37.623775997214366,37.623775997214366,0.0
2021-01-14 → 2022-01-14,1480.565603419731,3359.4634959148934,2186.4911338177303,2186.4911338177303,37.57125563968437,37.57125563968437,0.0
2021-01-15 → 2022-01-15,1480.565603419731,3359.4634959148934,2185.8172098634454,2185.817209863445,37.5353875940084,37.53538759400838,-2.1316282072803006e-14
2021-01-16 → 2022-01-16,1480.565603419731,3359.4634959148934,2184.7036983737207,2184.7036983737207,37.47612351722315,37.47612351722315,0.0
2021-01-17 → 2022-01-17,1480.565603419731,3359.4634959148934,2183.624103576971,2183.624103576971,37.418664578072594,37.418664578072594,0.0
2021-01-18 → 2022-01-18,1480.565603419731,3359.4634959148934,2182.4884830733126,2182.4884830733126,37.358223800093434,37.358223800093434,0.0
2021-01-19 → 2022-01-19,1480.565603419731,3359.4634959148934,2181.560562654257,2181.560562654257,37.30883737932187,37.30883737932187,0.0
2021-01-20 → 2022-01-20,1480.565603419731,3359.4634959148934,2180.727254730353,2180.7272547303533,37.26448649004616,37.26448649004618,2.1316282072803006e-14
2021-01-21 → 2022-01-21,1480.565603419731,3359.4634959148934,2180.5213297664727,2180.5213297664727,37.25352660953841,37.25352660953841,0.0
2021-01-22 → 2022-01-22,1480.565603419731,3359.4634959148934,2179.5213776585174,2179.521377658517,37.200306468521205,37.20030646852118,-2.842170943040401e-14
2021-01-23 → 2022-01-23,1480.565603419731,3359.4634959148934,2178.771297291007,2178.7712972910067,37.16038517367563,37.16038517367561,-2.1316282072803006e-14
2021-01-24 → 2022-01-24,1480.565603419731,3359.4634959148934,2177.6956915773544,2177.6956915773544,37.10313854425798,37.10313854425798,0.0
2021-01-25 → 2022-01-25,1480.565603419731,3359.4634959148934,2176.6086229003763,2176.6086229003768,37.045281825097234,37.04528182509726,2.842170943040401e-14
2021-01-26 → 2022-01-26,1480.565603419731,3359.4634959148934,2175.6002676798616,2175.6002676798616,36.99161444782557,36.99161444782557,0.0
2021-01-27 → 2022-01-27,1480.565603419731,3359.4634959148934,2174.609654928918,2174.6096549289177,36.93889137251104,36.938891372511016,-2.1316282072803006e-14
2021-01-28 → 2022-01-28,1480.565603419731,3359.4634959148934,2172.8439759419166,2172.843975941916,36.844917187215806,36.84491718721578,-2.842170943040401e-14
2021-01-29 → 2022-01-29,1480.565603419731,3359.4634959148934,2171.8642207633434,2171.864220763344,36.792771981109254,36.792771981109276,2.1316282072803006e-14
2021-01-30 → 2022-01-30,1480.565603419731,3359.4634959148934,2171.060527000998,2171.0605270009983,36.74999723717263,36.74999723717265,2.1316282072803006e-14
2021-01-31 → 2022-01-31,1480.565603419731,3359.4634959148934,2170.2100028756768,2170.2100028756763,36.70473005534661,36.70473005534658,-2.842170943040401e-14
2021-02-01 → 2022-02-01,1480.565603419731,3359.4634959148934,2169.013939107548,2169.013939107548,36.641072324242316,36.641072324242316,0.0
2021-02-02 → 2022-02-02,1480.565603419731,3359.4634959148934,2168.2710313105536,2168.2710313105536,36.60153277289353,36.60153277289353,0.0
2021-02-03 → 2022-02-03,1480.565603419731,3359.4634959148934,2167.9683136260546,2167.968313626054,36.585421323425834,36.585421323425805,-2.842170943040401e-14
2021-02-04 → 2022-02-04,1480.565603419731,3359.4634959148934,2167.3485733714924,2167.3485733714924,36.55243708000113,36.55243708000113,0.0
2021-02-05 → 2022-02-05,1480.565603419731,3359.4634959148934,2166.572187003397,2166.5721870033967,36.511115709042315,36.51111570904229,-2.1316282072803006e-14
2021-02-06 → 2022-02-06,1480.565603419731,3359.4634959148934,2165.8409816987037,2165.840981698703,36.472198995813024,36.472198995813,-2.1316282072803006e-14
2021-02-07 → 2022-02-07,1480.565603419731,3359.4634959148934,2165.1214347660302,2165.12143476603,36.43390277250321,36.43390277250318,-2.842170943040401e-14
2021-02-08 → 2022-02-08,1480.565603419731,3359.4634959148934,2164.3023268820866,2164.302326882086,36.390307647551744,36.39030764755172,-2.1316282072803006e-14
2021-02-09 → 2022-02-09,1480.565603419731,3359.4634959148934,2164.531368243054,2164.5313682430537,36.40249784489469,36.40249784489467,-2.1316282072803006e-14
2021-02-10 → 2022-02-10,1480.565603419731,3359.4634959148934,2164.9262075731644,2164.926207573164,36.42351225614542,36.42351225614539,-2.842170943040401e-14
2021-02-11 → 2022-02-11,1480.565603419731,3359.4634959148934,2165.3155414737307,2165.3155414737303,36.44423365362643,36.444233653626405,-2.842170943040401e-14
2021-02-12 → 2022-02-12,1480.565603419731,3359.4634959148934,2166.089215748432,2166.089215748432,36.48541067967938,36.48541067967938,0.0
2021-02-13 → 2022-02-13,1480.565603419731,3359.4634959148934,2166.8153610871,2166.8153610870995,36.5240580879057,36.52405808790567,-2.842170943040401e-14
2021-02-14 → 2022-02-14,1480.565603419731,3359.4634959148934,2167.4345411780023,2167.4345411780023,36.5570125179136,36.5570125179136,0.0
2021-02-15 → 2022-02-15,1480.565603419731,3359.4634959148934,2167.9773313834744,2167.977331383474,36.585901272733125,36.5859012727331,-2.1316282072803006e-14
2021-02-16 → 2022-02-16,1480.565603419731,3359.4634959148934,2168.4985848265756,2168.498584826576,36.61364378312622,36.61364378312624,2.1316282072803006e-14
2021-02-17 → 2022-02-17,1480.565603419731,3359.4634959148934,2169.6665083606745,2169.666508360674,36.67580381527932,36.675803815279295,-2.842170943040401e-14
2021-02-18 → 2022-02-18,1480.565603419731,3359.4634959148934,2171.257888887787,2171.2578888877874,36.760501367683254,36.76050136768328,2.842170943040401e-14
2021-02-19 → 2022-02-19,1480.565603419731,3359.4634959148934,2172.7822483788614,2172.7822483788614,36.84163188026529,36.84163188026529,0.0
2021-02-20 → 2022-02-20,1480.565603419731,3359.4634959148934,2174.974784298636,2174.974784298636,36.95832453975107,36.95832453975107,0.0
2021-02-21 → 2022-02-21,1480.565603419731,3359.4634959148934,2177.4486342163996,2177.448634216399,37.08998948693338,37.089989486933355,-2.842170943040401e-14
2021-02-22 → 2022-02-22,1480.565603419731,3359.4634959148934,2179.8489470963304,2179.8489470963304,37.21774059515051,37.21774059515051,0.0
2021-02-23 → 2022-02-23,1480.565603419731,3359.4634959148934,2182.10817337707,2182.10817337707,37.33798269504129,37.33798269504129,0.0
2021-02-24 → 2022-02-24,1480.565603419731,3359.4634959148934,2183.6185127840804,2183.618512784081,37.418367021035955,37.418367021035984,2.842170943040401e-14
2021-02-25 → 2022-02-25,1480.565603419731,3359.4634959148934,2185.0543978324417,2185.0543978324413,37.49478868578403,37.49478868578401,-2.1316282072803006e-14
2021-02-26 → 2022-02-26,1480.565603419731,3359.4634959148934,2186.3061473793937,2186.306147379393,37.56141016382985,37.56141016382982,-2.842170943040401e-14
2021-02-27 → 2022-02-27,1480.565603419731,3359.4634959148934,2187.650369887953,2187.6503698879524,37.632953301641024,37.632953301641,-2.1316282072803006e-14
2021-02-28 → 2022-02-28,1480.565603419731,3359.4634959148934,2188.0169408121596,2188.0169408121596,37.65246319228868,37.65246319228868,0.0
2021-03-01 → 2022-03-01,1480.565603419731,3359.4634959148934,2188.1562039748283,2188.156203974828,37.65987515241832,37.6598751524183,-2.1316282072803006e-14
2021-03-02 → 2022-03-02,1480.565603419731,3359.4634959148934,2188.863291348622,2188.863291348622,37.69750824448886,37.69750824448886,0.0
2021-03-03 → 2022-03-03,1480.565603419731,3359.4634959148934,2189.636924087285,2189.636924087285,37.73868305988212,37.73868305988212,0.0
2021-03-04 → 2022-03-04,1480.565603419731,3359.4634959148934,2191.233558908894,2191.2335589088934,37.823660259972996,37.823660259972975,-2.1316282072803006e-14
2021-03-05 → 2022-03-05,1480.565603419731,3359.4634959148934,2192.534369691581,2192.5343696915807,37.892892908957435,37.892892908957414,-2.1316282072803006e-14
2021-03-06 → 2022-03-06,1480.565603419731,3359.4634959148934,2194.0509413911022,2194.0509413911027,37.97360893432416,37.97360893432418,2.1316282072803006e-14
2021-03-07 → 2022-03-07,1480.565603419731,3359.4634959148934,2195.6340334166325,2195.6340334166325,38.05786535037814,38.05786535037814,0.0
2021-03-08 → 2022-03-08,1480.565603419731,3359.4634959148934,2197.3411750109085,2197.341175010908,38.14872401816923,38.14872401816921,-2.1316282072803006e-14
2021-03-09 → 2022-03-09,1480.565603419731,3359.4634959148934,2198.6027673835492,2198.6027673835497,38.21586935787502,38.21586935787504,2.1316282072803006e-14
2021-03-10 → 2022-03-10,1480.565603419731,3359.4634959148934,2200.5315559988535,2200.5315559988535,38.318524676346996,38.318524676346996,0.0
2021-03-11 → 2022-03-11,1480.565603419731,3359.4634959148934,2202.6999007640306,2202.6999007640306,38.43392981751184,38.43392981751184,0.0
2021-03-12 → 2022-03-12,1480.565603419731,3359.4634959148934,2204.9912371384403,2204.9912371384407,38.55588090296261,38.555880902962635,2.1316282072803006e-14
2021-03-13 → 2022-03-13,1480.565603419731,3359.4634959148934,2207.452369421106,2207.4523694211057,38.6868689833951,38.68686898339507,-2.842170943040401e-14
2021-03-14 → 2022-03-14,1480.565603419731,3359.4634959148934,2209.885454628774,2209.885454628774,38.816364323050664,38.816364323050664,0.0
2021-03-15 → 2022-03-15,1480.565603419731,3359.4634959148934,2212.2667758761195,2212.26677587612,38.943104645494856,38.94310464549488,2.1316282072803006e-14
2021-03-16 → 2022-03-16,1480.565603419731,3359.4634959148934,2214.045805971905,2214.045805971905,39.03778941271352,39.03778941271352,0.0
2021-03-17 → 2022-03-17,1480.565603419731,3359.4634959148934,2215.8794843832065,2215.8794843832065,39.135382710285775,39.135382710285775,0.0
2021-03-18 → 2022-03-18,1480.565603419731,3359.4634959148934,2217.7559368885973,2217.7559368885973,39.23525256020608,39.23525256020608,0.0
2021-03-19 → 2022-03-19,1480.565603419731,3359.4634959148934,2219.498819632812,2219.498819632812,39.32801346813919,39.32801346813919,0.0
2021-03-20 → 2022-03-20,1480.565603419731,3359.4634959148934,2221.418115247808,2221.4181152478086,39.43016354359899,39.430163543599015,2.842170943040401e-14
2021-03-21 → 2022-03-21,1480.565603419731,3359.4634959148934,2223.380948706335,2223.3809487063354,39.53463082020656,39.53463082020659,2.842170943040401e-14
2021-03-22 → 2022-03-22,1480.565603419731,3359.4634959148934,2225.0714417741046,2225.0714417741046,39.6246034086331,39.6246034086331,0.0
2021-03-23 → 2022-03-23,1480.565603419731,3359.4634959148934,2226.4474108081617,2226.4474108081613,39.697836181928196,39.69783618192817,-2.842170943040401e-14
2021-03-24 → 2022-03-24,1480.565603419731,3359.4634959148934,2227.6531952331748,2227.6531952331743,39.76201127254004,39.76201127254002,-2.1316282072803006e-14
2021-03-25 → 2022-03-25,1480.565603419731,3359.4634959148934,2228.6194129177347,2228.6194129177347,39.81343597679988,39.81343597679988,0.0
2021-03-26 → 2022-03-26,1480.565603419731,3359.4634959148934,2229.4560598401076,2229.4560598401076,39.85796457655587,39.85796457655587,0.0
2021-03-27 → 2022-03-27,1480.565603419731,3359.4634959148934,2230.312809270084,2230.312809270084,39.903563085841476,39.903563085841476,0.0
2021-03-28 → 2022-03-28,1480.565603419731,3359.4634959148934,2231.22128184137,2231.22128184137,39.95191443984079,39.95191443984079,0.0
2021-03-29 → 2022-03-29,1480.565603419731,3359.4634959148934,2232.0736338519137,2232.0736338519137,39.997278906635295,39.997278906635295,0.0
2021-03-30 → 2022-03-30,1480.565603419731,3359.4634959148934,2233.1258579003256,2233.1258579003256,40.05328110093308,40.05328110093308,0.0
2021-03-31 → 2022-03-31,1480.565603419731,3359.4634959148934,2234.46677389421,2234.46677389421,40.12464825713886,40.12464825713886,0.0
2021-04-01 → 2022-04-01,1480.565603419731,3359.4634959148934,2235.7269935359536,2235.7269935359536,40.19172053641372,40.19172053641372,0.0
2021-04-02 → 2022-04-02,1480.565603419731,3359.4634959148934,2237.029249212001,2237.0292492120016,40.26103008650949,40.26103008650952,2.842170943040401e-14
2021-04-03 → 2022-04-03,1480.565603419731,3359.4634959148934,2238.284115445212,2238.2841154452126,40.32781744298178,40.327817442981804,2.1316282072803006e-14
2021-04-04 → 2022-04-04,1480.565603419731,3359.4634959148934,2239.3696020707293,2239.3696020707293,40.38558996110812,40.38558996110812,0.0
2021-04-05 → 2022-04-05,1480.565603419731,3359.4634959148934,2240.6547638757925,2240.654763875793,40.45398972940827,40.4539897294083,2.842170943040401e-14
2021-04-06 → 2022-04-06,1480.565603419731,3359.4634959148934,2242.3139097903895,2242.3139097903895,40.542293938020364,40.542293938020364,0.0
2021-04-07 → 2022-04-07,1480.565603419731,3359.4634959148934,2243.8810269106843,2243.8810269106853,40.625700126645846,40.625700126645896,4.973799150320701e-14
2021-04-08 → 2022-04-08,1480.565603419731,3359.4634959148934,2245.4962831149273,2245.4962831149273,40.7116684068113,40.7116684068113,0.0
2021-04-09 → 2022-04-09,1480.565603419731,3359.4634959148934,2247.184083504059,2247.1840835040584,40.80149768363752,40.8014976836375,-2.1316282072803006e-14
2021-04-10 → 2022-04-10,1480.565603419731,3359.4634959148934,2248.9421527783097,2248.9421527783097,40.89506685955033,40.89506685955033,0.0
2021-04-11 → 2022-04-11,1480.565603419731,3359.4634959148934,2251.271182601332,2251.271182601332,41.01902409173017,41.01902409173017,0.0
2021-04-12 → 2022-04-12,1480.565603419731,3359.4634959148934,2253.5265371105493,2253.5265371105493,41.1390601255256,41.1390601255256,0.0
2021-04-13 → 2022-04-13,1480.565603419731,3359.4634959148934,2255.6049177001914,2255.6049177001914,41.24967713126838,41.24967713126838,0.0
2021-04-14 → 2022-04-14,1480.565603419731,3359.4634959148934,2258.1433805871006,2258.1433805871006,41.38478095447498,41.38478095447498,0.0
2021-04-15 → 2022-04-15,1480.565603419731,3359.4634959148934,2260.5392114389642,2260.5392114389642,41.51229351710189,41.51229351710189,0.0
2021-04-16 → 2022-04-16,1480.565603419731,3359.4634959148934,2262.9745276327126,2262.974527632712,41.64190759583792,41.64190759583789,-2.842170943040401e-14
2021-04-17 → 2022-04-17,1480.565603419731,3359.4634959148934,2265.4183797043643,2265.4183797043643,41.771975976957144,41.771975976957144,0.0
2021-04-18 → 2022-04-18,1480.565603419731,3359.4634959148934,2267.579434122831,2267.579434122831,41.88699310625931,41.88699310625931,0.0
2021-04-19 → 2022-04-19,1480.565603419731,3359.4634959148934,2269.3194911938417,2269.3194911938417,41.979603624263554,41.979603624263554,0.0
2021-04-20 → 2022-04-20,1480.565603419731,3359.4634959148934,2271.0231484337705,2271.0231484337705,42.070276845343514,42.070276845343514,0.0
2021-04-21 → 2022-04-21,1480.565603419731,3359.4634959148934,2272.938490531537,2272.9384905315364,42.172216503981524,42.1722165039815,-2.1316282072803006e-14
2021-04-22 → 2022-04-22,1480.565603419731,3359.4634959148934,2274.756843334882,2274.7568433348815,42.26899413147305,42.26899413147302,-2.842170943040401e-14
2021-04-23 → 2022-04-23,1480.565603419731,3359.4634959148934,2276.393245861859,2276.393245861859,42.356087875817195,42.356087875817195,0.0
2021-04-24 → 2022-04-24,1480.565603419731,3359.4634959148934,2277.9461966296926,2277.946196629692,42.43874009305775,42.43874009305773,-2.1316282072803006e-14
2021-04-25 → 2022-04-25,1480.565603419731,3359.4634959148934,2279.2627892497667,2279.262789249767,42.508812693880444,42.508812693880465,2.1316282072803006e-14
2021-04-26 → 2022-04-26,1480.565603419731,3359.4634959148934,2280.8571017422564,2280.8571017422564,42.59366629336863,42.59366629336863,0.0
2021-04-27 → 2022-04-27,1480.565603419731,3359.4634959148934,2282.7587902185787,2282.7587902185787,42.69487926954568,42.69487926954568,0.0
2021-04-28 → 2022-04-28,1480.565603419731,3359.4634959148934,2284.6674291596564,2284.6674291596564,42.7964621681535,42.7964621681535,0.0
2021-04-29 → 2022-04-29,1480.565603419731,3359.4634959148934,2286.7570407328794,2286.7570407328794,42.90767691705334,42.90767691705334,0.0
2021-04-30 → 2022-04-30,1480.565603419731,3359.4634959148934,2288.901058219958,2288.901058219958,43.02178729503835,43.02178729503835,0.0
2021-05-01 → 2022-05-01,1480.565603419731,3359.4634959148934,2291.273457022042,2291.273457022042,43.148052740944685,43.148052740944685,0.0
2021-05-02 → 2022-05-02,1480.565603419731,3359.4634959148934,2293.6361641979406,2293.6361641979406,43.27380237243537,43.27380237243537,0.0
2021-05-03 → 2022-05-03,1480.565603419731,3359.4634959148934,2296.053021341346,2296.0530213413454,43.402434010858016,43.402434010857995,-2.1316282072803006e-14
2021-05-04 → 2022-05-04,1480.565603419731,3359.4634959148934,2298.1722815893636,2298.1722815893636,43.51522674198421,43.51522674198421,0.0
2021-05-05 → 2022-05-05,1480.565603419731,3359.4634959148934,2300.571768874931,2300.571768874931,43.642933909848495,43.642933909848495,0.0
2021-05-06 → 2022-05-06,1480.565603419731,3359.4634959148934,2303.387457997773,2303.3874579977723,43.7927924590591,43.79279245905908,-2.1316282072803006e-14
2021-05-07 → 2022-05-07,1480.565603419731,3359.4634959148934,2306.2485380548546,2306.248538054854,43.94506683588978,43.945066835889754,-2.842170943040401e-14
2021-05-08 → 2022-05-08,1480.565603419731,3359.4634959148934,2309.5057478589156,2309.505747858915,44.11842430342813,44.11842430342811,-2.1316282072803006e-14
2021-05-09 → 2022-05-09,1480.565603419731,3359.4634959148934,2313.8245685496254,2313.824568549625,44.348283558045445,44.348283558045416,-2.842170943040401e-14
2021-05-10 → 2022-05-10,1480.565603419731,3359.4634959148934,2317.953432907043,2317.953432907043,44.56803282562988,44.56803282562988,0.0
2021-05-11 → 2022-05-11,1480.565603419731,3472.6373926933848,2322.554040326462,2322.5540403264617,42.266972578018176,42.266972578018155,-2.1316282072803006e-14
2021-05-12 → 2022-05-12,1480.565603419731,3472.6373926933848,2327.139345586297,2327.139345586297,42.49715028971133,42.49715028971133,0.0
2021-05-13 → 2022-05-13,1480.565603419731,3472.6373926933848,2331.1086371235506,2331.10863712355,42.69640473217802,42.696404732177996,-2.1316282072803006e-14
2021-05-14 → 2022-05-14,1480.565603419731,3472.6373926933848,2334.6659984590647,2334.665998459064,42.874980692877266,42.87498069287724,-2.842170943040401e-14
2021-05-15 → 2022-05-15,1480.565603419731,3472.6373926933848,2337.9632944249124,2337.9632944249124,43.04050163361856,43.04050163361856,0.0
2021-05-16 → 2022-05-16,1480.565603419731,3472.6373926933848,2341.2970468639155,2341.297046863916,43.20785265264075,43.207852652640774,2.1316282072803006e-14
2021-05-17 → 2022-05-17,1480.565603419731,3472.6373926933848,2344.3366532203736,2344.3366532203736,43.36043783420022,43.36043783420022,0.0
2021-05-18 → 2022-05-18,1480.565603419731,3475.6954462236067,2347.5509781501282,2347.5509781501282,43.45508528467354,43.45508528467354,0.0
2021-05-19 → 2022-05-19,1480.565603419731,3475.6954462236067,2350.195564479425,2350.1955644794243,43.58763737589884,43.587637375898815,-2.1316282072803006e-14
2021-05-20 → 2022-05-20,1480.565603419731,3475.6954462236067,2352.286400469736,2352.286400469736,43.692434364318025,43.692434364318025,0.0
2021-05-21 → 2022-05-21,1480.565603419731,3475.6954462236067,2354.876627011364,2354.876627011364,43.82226183148617,43.82226183148617,0.0
2021-05-22 → 2022-05-22,1480.565603419731,3475.6954462236067,2356.5346421938825,2356.534642193882,43.90536495324533,43.90536495324531,-2.1316282072803006e-14
2021-05-23 → 2022-05-23,1480.565603419731,3475.6954462236067,2358.669361519723,2358.669361519723,44.01236146445188,44.01236146445188,0.0
2021-05-24 → 2022-05-24,1480.565603419731,3475.6954462236067,2360.0292120773206,2360.02921207732,44.08051996363438,44.08051996363436,-2.1316282072803006e-14
2021-05-25 → 2022-05-25,1480.565603419731,3475.6954462236067,2362.1940797204957,2362.194079720495,44.18902757034396,44.18902757034394,-2.1316282072803006e-14
2021-05-26 → 2022-05-26,1480.565603419731,3475.6954462236067,2364.3693828577757,2364.3693828577752,44.29805822542268,44.29805822542265,-2.842170943040401e-14
2021-05-27 → 2022-05-27,1480.565603419731,3495.0320012240645,2366.9477352660238,2366.9477352660233,44.00083976642175,44.00083976642172,-2.842170943040401e-14
2021-05-28 → 2022-05-28,1480.565603419731,3495.0320012240645,2369.259760762971,2369.2597607629705,44.115610878983716,44.115610878983695,-2.1316282072803006e-14
2021-05-29 → 2022-05-29,1480.565603419731,3495.0320012240645,2370.868060180066,2370.868060180066,44.19544836939052,44.19544836939052,0.0
2021-05-30 → 2022-05-30,1480.565603419731,3495.0320012240645,2371.5993307370372,2371.5993307370372,44.23174932520532,44.23174932520532,0.0
2021-05-31 → 2022-05-31,1480.565603419731,3495.0320012240645,2372.5192013898536,2372.5192013898536,44.27741256653906,44.27741256653906,0.0
2021-06-01 → 2022-06-01,1480.565603419731,3495.0320012240645,2374.3573306479634,2374.3573306479634,44.36865902565663,44.36865902565663,0.0
2021-06-02 → 2022-06-02,1480.565603419731,3495.0320012240645,2375.8616028892507,2375.861602889251,44.443332509559205,44.44333250955923,2.1316282072803006e-14
2021-06-03 → 2022-06-03,1480.565603419731,3495.0320012240645,2377.8136630420436,2377.8136630420436,44.540234605068,44.540234605068,0.0
2021-06-04 → 2022-06-04,1480.565603419731,3495.0320012240645,2380.007497817629,2380.0074978176294,44.64913861945,44.64913861945002,2.1316282072803006e-14
2021-06-05 → 2022-06-05,1480.565603419731,3495.0320012240645,2381.7331361942156,2381.733136194215,44.73480092577924,44.73480092577922,-2.1316282072803006e-14
2021-06-06 → 2022-06-06,1480.565603419731,3495.0320012240645,2382.736848874934,2382.7368488749344,44.784626163957064,44.784626163957086,2.1316282072803006e-14
2021-06-07 → 2022-06-07,1480.565603419731,3495.0320012240645,2383.8521232831226,2383.8521232831226,44.83998943084523,44.83998943084523,0.0
2021-06-08 → 2022-06-08,1480.565603419731,3495.0320012240645,2384.78920726331,2384.7892072633103,44.88650715788245,44.88650715788247,2.1316282072803006e-14
2021-06-09 → 2022-06-09,1480.565603419731,3495.0320012240645,2385.7151199700993,2385.7151199700993,44.932470332438186,44.932470332438186,0.0
2021-06-10 → 2022-06-10,1480.565603419731,3495.0320012240645,2387.803086859591,2387.8030868595915,45.03611896573222,45.03611896573224,2.1316282072803006e-14
2021-06-11 → 2022-06-11,1480.565603419731,3525.994877822249,2390.0176286016895,2390.0176286016895,44.46264833320208,44.46264833320208,0.0
2021-06-12 → 2022-06-12,1480.565603419731,3727.131632396633,2392.8534309044817,2392.8534309044817,40.608102130886905,40.608102130886905,0.0
2021-06-13 → 2022-06-13,1480.565603419731,4481.038187568874,2397.4367553375055,2397.436755337506,30.55755805806757,30.557558058067585,1.4210854715202004e-14
2021-06-14 → 2022-06-14,1480.565603419731,4530.449222223425,2402.7958642792883,2402.7958642792883,30.238211555800248,30.238211555800248,0.0
2021-06-15 → 2022-06-15,1480.565603419731,4530.449222223425,2408.174267139372,2408.174267139372,30.414559362218956,30.414559362218956,0.0
2021-06-16 → 2022-06-16,1480.565603419731,4923.640009381437,2414.8394448527256,2414.839444852726,27.134872247178084,27.134872247178095,1.0658141036401503e-14
2021-06-17 → 2022-06-17,1480.565603419731,4923.640009381437,2421.0500766249024,2421.0500766249024,27.31525265840077,27.31525265840077,0.0
2021-06-18 → 2022-06-18,1480.565603419731,5259.319351816173,2428.2332210349323,2428.2332210349323,25.078840292711718,25.078840292711718,0.0
2021-06-19 → 2022-06-19,1480.565603419731,5259.319351816173,2433.9159667431763,2433.9159667431763,25.22922706270581,25.22922706270581,0.0
2021-06-20 → 2022-06-20,1480.565603419731,5259.319351816173,2439.5132262655557,2439.5132262655557,25.3773515475245,25.3773515475245,0.0
2021-06-21 → 2022-06-21,1480.565603419731,5259.319351816173,2445.0449694515823,2445.044969451583,25.52374222430184,25.523742224301856,1.4210854715202004e-14
2021-06-22 → 2022-06-22,1480.565603419731,5259.319351816173,2450.0890727210203,2450.0890727210203,25.657228119527975,25.657228119527975,0.0
2021-06-23 → 2022-06-23,1480.565603419731,5259.319351816173,2454.6055996345067,2454.6055996345062,25.776752365197673,25.776752365197662,-1.0658141036401503e-14
2021-06-24 → 2022-06-24,1480.565603419731,5259.319351816173,2459.304447028843,2459.304447028843,25.901101494757388,25.901101494757388,0.0
2021-06-25 → 2022-06-25,1480.565603419731,5259.319351816173,2464.148068849873,2464.148068849873,26.02928189876191,26.02928189876191,0.0
2021-06-26 → 2022-06-26,1480.565603419731,5259.319351816173,2468.4940500143134,2468.4940500143134,26.144292864117467,26.144292864117467,0.0
2021-06-27 → 2022-06-27,1480.565603419731,5259.319351816173,2473.093285350499,2473.0932853504996,26.26600588492856,26.26600588492858,1.7763568394002505e-14
2021-06-28 → 2022-06-28,1480.565603419731,5259.319351816173,2478.658980526091,2478.658980526092,26.413295058719093,26.413295058719115,2.1316282072803006e-14
2021-06-29 → 2022-06-29,1480.565603419731,5259.319351816173,2484.3170521841093,2484.3170521841093,26.56302886078067,26.56302886078067,0.0
2021-06-30 → 2022-06-30,1480.565603419731,5259.319351816173,2490.8460947635926,2490.846094763593,26.73581182083077,26.73581182083078,1.0658141036401503e-14
2021-07-01 → 2022-07-01,1480.565603419731,5259.319351816173,2497.1803135943724,2497.1803135943724,26.90343901361801,26.90343901361801,0.0
2021-07-02 → 2022-07-02,1480.565603419731,5259.319351816173,2503.2324740655713,2503.2324740655713,27.063601884082043,27.063601884082043,0.0
2021-07-03 → 2022-07-03,1480.565603419731,5259.319351816173,2509.318775648977,2509.318775648977,27.224668256453842,27.224668256453842,0.0
2021-07-04 → 2022-07-04,1480.565603419731,5259.319351816173,2514.9277947050523,2514.9277947050523,27.373103942649475,27.373103942649475,0.0
2021-07-05 → 2022-07-05,1480.565603419731,5259.319351816173,2520.730312401819,2520.730312401819,27.526660328778874,27.526660328778874,0.0
2021-07-06 → 2022-07-06,1480.565603419731,5259.319351816173,2525.9619614005087,2525.9619614005087,27.66510938757001,27.66510938757001,0.0
2021-07-07 → 2022-07-07,1480.565603419731,5259.319351816173,2530.574378088053,2530.5743780880534,27.78717123638727,27.78717123638728,1.0658141036401503e-14
2021-07-08 → 2022-07-08,1480.565603419731,5259.319351816173,2535.047473650882,2535.0474736508822,27.9055461255879,27.90554612558791,1.0658141036401503e-14
2021-07-09 → 2022-07-09,1480.565603419731,5259.319351816173,2539.3804362057313,2539.3804362057313,28.020212569694987,28.020212569694987,0.0
2021-07-10 → 2022-07-10,1480.565603419731,5259.319351816173,2544.4403172930483,2544.440317293049,28.154116005171943,28.154116005171954,1.0658141036401503e-14
2021-07-11 → 2022-07-11,1480.565603419731,5259.319351816173,2549.992111502895,2549.9921115028956,28.301037307260035,28.301037307260046,1.0658141036401503e-14
2021-07-12 → 2022-07-12,1480.565603419731,5259.319351816173,2556.1447578022326,2556.1447578022326,28.463859409704483,28.463859409704483,0.0
2021-07-13 → 2022-07-13,1480.565603419731,5259.319351816173,2561.45481985734,2561.45481985734,28.604383572131344,28.604383572131344,0.0
2021-07-14 → 2022-07-14,1480.565603419731,5259.319351816173,2566.378190443007,2566.3781904430066,28.734674427621886,28.734674427621876,-1.0658141036401503e-14
2021-07-15 → 2022-07-15,1480.565603419731,5259.319351816173,2571.163521501242,2571.163521501242,28.861312239367777,28.861312239367777,0.0
2021-07-16 → 2022-07-16,1480.565603419731,5259.319351816173,2575.4366059713334,2575.436605971333,28.974394084722338,28.974394084722327,-1.0658141036401503e-14
2021-07-17 → 2022-07-17,1480.565603419731,5259.319351816173,2579.868798612158,2579.868798612158,29.091686529161343,29.091686529161343,0.0
2021-07-18 → 2022-07-18,1480.565603419731,5259.319351816173,2583.4572678212066,2583.4572678212066,29.186650886406674,29.186650886406674,0.0
2021-07-19 → 2022-07-19,1480.565603419731,5259.319351816173,2586.530935261561,2586.5309352615604,29.26799165759767,29.26799165759766,-1.0658141036401503e-14
2021-07-20 → 2022-07-20,1480.565603419731,5259.319351816173,2589.419956750223,2589.4199567502224,29.344446004216255,29.344446004216245,-1.0658141036401503e-14
2021-07-21 → 2022-07-21,1480.565603419731,5259.319351816173,2592.0422010539096,2592.0422010539096,29.413840425718305,29.413840425718305,0.0
2021-07-22 → 2022-07-22,1480.565603419731,5259.319351816173,2595.568834376187,2595.5688343761867,29.50716837342525,29.50716837342524,-1.0658141036401503e-14
2021-07-23 → 2022-07-23,1480.565603419731,5259.319351816173,2599.26339237867,2599.2633923786693,29.60494023813198,29.604940238131967,-1.4210854715202004e-14
2021-07-24 → 2022-07-24,1480.565603419731,5259.319351816173,2603.1538022003547,2603.1538022003547,29.707895076703718,29.707895076703718,0.0
2021-07-25 → 2022-07-25,1480.565603419731,5259.319351816173,2607.859171863208,2607.859171863208,29.832416809956374,29.832416809956374,0.0
2021-07-26 → 2022-07-26,1480.565603419731,5259.319351816173,2612.97851611324,2612.97851611324,29.96789386379204,29.96789386379204,0.0
2021-07-27 → 2022-07-27,1480.565603419731,5259.319351816173,2617.613804215415,2617.6138042154153,30.090560976041463,30.090560976041473,1.0658141036401503e-14
2021-07-28 → 2022-07-28,1480.565603419731,5259.319351816173,2622.092150876846,2622.092150876846,30.20907482901036,30.20907482901036,0.0
2021-07-29 → 2022-07-29,1480.565603419731,5259.319351816173,2626.658899824396,2626.658899824396,30.329928138106986,30.329928138106986,0.0
2021-07-30 → 2022-07-30,1480.565603419731,5259.319351816173,2631.40878603419,2631.40878603419,30.45562794619344,30.45562794619344,0.0
2021-07-31 → 2022-07-31,1480.565603419731,5259.319351816173,2636.56886106647,2636.56886106647,30.592182889327002,30.592182889327002,0.0
2021-08-01 → 2022-08-01,1480.565603419731,5259.319351816173,2641.741905710449,2641.741905710449,30.729081057041004,30.729081057041004,0.0
2021-08-02 → 2022-08-02,1480.565603419731,5259.319351816173,2646.769098162676,2646.7690981626756,30.862119428603595,30.862119428603584,-1.0658141036401503e-14
2021-08-03 → 2022-08-03,1480.565603419731,5259.319351816173,2651.7959625997205,2651.7959625997205,30.995149119653924,30.995149119653924,0.0
2021-08-04 → 2022-08-04,1480.565603419731,5259.319351816173,2656.7345161346625,2656.734516134662,31.125841772940415,31.125841772940397,-1.7763568394002505e-14
2021-08-05 → 2022-08-05,1480.565603419731,5259.319351816173,2661.617179189321,2661.6171791893216,31.255055354448093,31.255055354448103,1.0658141036401503e-14
2021-08-06 → 2022-08-06,1480.565603419731,5259.319351816173,2666.824911133864,2666.8249111338637,31.3928714782628,31.39287147826279,-1.0658141036401503e-14
2021-08-07 → 2022-08-07,1480.565603419731,5259.319351816173,2672.24020287363,2672.24020287363,31.536180412909943,31.536180412909943,0.0
2021-08-08 → 2022-08-08,1480.565603419731,5259.319351816173,2677.576493950902,2677.5764939509017,31.67739869366022,31.67739869366021,-1.0658141036401503e-14
2021-08-09 → 2022-08-09,1480.565603419731,5259.319351816173,2683.146806227432,2683.1468062274316,31.82481005326241,31.824810053262397,-1.4210854715202004e-14
2021-08-10 → 2022-08-10,1480.565603419731,5259.319351816173,2688.662206220768,2688.662206220767,31.97076822785043,31.97076822785041,-2.1316282072803006e-14
2021-08-11 → 2022-08-11,1480.565603419731,5259.319351816173,2694.0713215267606,2694.07132152676,32.11391371088933,32.11391371088932,-7.105427357601002e-15
2021-08-12 → 2022-08-12,1480.565603419731,5259.319351816173,2699.288979484416,2699.288979484416,32.25199251424796,32.25199251424796,0.0
2021-08-13 → 2022-08-13,1480.565603419731,5259.319351816173,2704.3217669069413,2704.3217669069413,32.385178949713925,32.385178949713925,0.0
2021-08-14 → 2022-08-14,1480.565603419731,5259.319351816173,2709.8331186765695,2709.833118676569,32.531029993115915,32.5310299931159,-1.4210854715202004e-14
2021-08-15 → 2022-08-15,1480.565603419731,5259.319351816173,2715.379813815787,2715.3798138157867,32.67781635466624,32.67781635466623,-1.4210854715202004e-14
2021-08-16 → 2022-08-16,1480.565603419731,5259.319351816173,2721.022622752905,2721.0226227529056,32.82714624787541,32.82714624787542,7.105427357601002e-15
2021-08-17 → 2022-08-17,1480.565603419731,5259.319351816173,2726.7890846845276,2726.7890846845276,32.97974846319758,32.97974846319758,0.0
2021-08-18 → 2022-08-18,1480.565603419731,5259.319351816173,2732.4447785037128,2732.444778503713,33.12941933872328,33.129419338723295,1.4210854715202004e-14
2021-08-19 → 2022-08-19,1480.565603419731,5259.319351816173,2739.4356591464475,2739.4356591464475,33.31442426649084,33.31442426649084,0.0
2021-08-20 → 2022-08-20,1480.565603419731,5259.319351816173,2746.498810466685,2746.4988104666854,33.50134174750517,33.50134174750519,1.4210854715202004e-14
2021-08-21 → 2022-08-21,1480.565603419731,5259.319351816173,2753.626340912335,2753.626340912335,33.689962941693196,33.689962941693196,0.0
2021-08-22 → 2022-08-22,1480.565603419731,5259.319351816173,2760.885088793162,2760.885088793162,33.88205664147206,33.88205664147206,0.0
2021-08-23 → 2022-08-23,1480.565603419731,5259.319351816173,2768.037854714267,2768.0378547142664,34.07134566101032,34.071345661010305,-1.4210854715202004e-14
2021-08-24 → 2022-08-24,1480.565603419731,5259.319351816173,2775.280888973412,2775.2808889734124,34.26302351941056,34.26302351941057,7.105427357601002e-15
2021-08-25 → 2022-08-25,1480.565603419731,5259.319351816173,2782.236302634547,2782.2363026345465,34.44708985779227,34.44708985779226,-1.4210854715202004e-14
2021-08-26 → 2022-08-26,1480.565603419731,5259.319351816173,2790.155666075568,2790.155666075568,34.65666592356215,34.65666592356215,0.0
2021-08-27 → 2022-08-27,1480.565603419731,5259.319351816173,2797.9970564133155,2797.9970564133155,34.86417852850696,34.86417852850696,0.0
2021-08-28 → 2022-08-28,1480.565603419731,5259.319351816173,2806.314459818093,2806.3144598180934,35.084288224946086,35.0842882249461,1.4210854715202004e-14
2021-08-29 → 2022-08-29,1480.565603419731,5259.319351816173,2814.2002137111604,2814.2002137111613,35.29297485599247,35.29297485599249,2.1316282072803006e-14
2021-08-30 → 2022-08-30,1480.565603419731,5259.319351816173,2822.3997996965504,2822.399799696551,35.50996666152808,35.5099666615281,1.4210854715202004e-14
2021-08-31 → 2022-08-31,1480.565603419731,5259.319351816173,2830.2464073142864,2830.246407314287,35.71761733527378,35.71761733527379,1.4210854715202004e-14
2021-09-01 → 2022-09-01,1480.565603419731,5259.319351816173,2838.049664254949,2838.0496642549488,35.924120787476085,35.92412078747608,-7.105427357601002e-15
2021-09-02 → 2022-09-02,1480.565603419731,5259.319351816173,2846.134219133463,2846.134219133464,36.13806843838995,36.13806843838997,2.1316282072803006e-14
2021-09-03 → 2022-09-03,1480.565603419731,5259.319351816173,2854.396483938374,2854.3964839383743,36.356718960626736,36.35671896062675,1.4210854715202004e-14
2021-09-04 → 2022-09-04,1480.565603419731,5259.319351816173,2862.6039865563102,2862.6039865563107,36.5739202699584,36.573920269958414,1.4210854715202004e-14
2021-09-05 → 2022-09-05,1480.565603419731,5259.319351816173,2870.9314319646837,2870.9314319646837,36.79429571548478,36.79429571548478,0.0
2021-09-06 → 2022-09-06,1480.565603419731,5306.123380555857,2880.1491047717477,2880.1491047717477,36.585083349591116,36.585083349591116,0.0
2021-09-07 → 2022-09-07,1480.565603419731,5306.123380555857,2889.1206272503023,2889.120627250302,36.81959875887794,36.81959875887792,-1.4210854715202004e-14
2021-09-08 → 2022-09-08,1480.565603419731,5306.123380555857,2897.4319569221825,2897.4319569221825,37.03685674205502,37.03685674205502,0.0
2021-09-09 → 2022-09-09,1480.565603419731,5306.123380555857,2904.305880757431,2904.3058807574307,37.21654096683217,37.216540966832156,-1.4210854715202004e-14
2021-09-10 → 2022-09-10,1480.565603419731,5306.123380555857,2911.005765061605,2911.0057650616054,37.39167580191991,37.391675801919924,1.4210854715202004e-14
2021-09-11 → 2022-09-11,1480.565603419731,5306.123380555857,2917.474267277882,2917.4742672778816,37.560762314086496,37.56076231408649,-7.105427357601002e-15
2021-09-12 → 2022-09-12,1480.565603419731,5306.123380555857,2923.63236847772,2923.63236847772,37.721734950198346,37.721734950198346,0.0
2021-09-13 → 2022-09-13,1480.565603419731,5306.123380555857,2931.265336493489,2931.2653364934886,37.92126057392277,37.92126057392276,-1.4210854715202004e-14
2021-09-14 → 2022-09-14,1480.565603419731,5306.123380555857,2938.687514085157,2938.687514085157,38.11527614038546,38.11527614038546,0.0
2021-09-15 → 2022-09-15,1480.565603419731,5306.123380555857,2946.7484775632415,2946.748477563242,38.325989556511644,38.32598955651166,1.4210854715202004e-14
2021-09-16 → 2022-09-16,1480.565603419731,5306.123380555857,2954.9160984977952,2954.9160984977952,38.53949099631131,38.53949099631131,0.0
2021-09-17 → 2022-09-17,1480.565603419731,5306.123380555857,2962.7790446396602,2962.7790446396602,38.74502824342489,38.74502824342489,0.0
2021-09-18 → 2022-09-18,1480.565603419731,5306.123380555857,2971.0561580804847,2971.056158080485,38.96139181504034,38.96139181504035,7.105427357601002e-15
2021-09-19 → 2022-09-19,1480.565603419731,5306.123380555857,2979.3580357106707,2979.358035710671,39.17840272204594,39.178402722045945,7.105427357601002e-15
2021-09-20 → 2022-09-20,1480.565603419731,5306.123380555857,2988.048673960986,2988.0486739609864,39.40557582350203,39.40557582350205,1.4210854715202004e-14
2021-09-21 → 2022-09-21,1480.565603419731,5403.430744100575,2996.436675398569,2996.4366753985696,38.641936890946674,38.64193689094669,1.4210854715202004e-14
2021-09-22 → 2022-09-22,1480.565603419731,5403.430744100575,3003.7679785189416,3003.7679785189416,38.82882333382602,38.82882333382602,0.0
2021-09-23 → 2022-09-23,1480.565603419731,5403.430744100575,3011.635154915644,3011.6351549156443,39.02937002902384,39.029370029023845,7.105427357601002e-15
2021-09-24 → 2022-09-24,1480.565603419731,5403.430744100575,3019.98211614319,3019.9821161431905,39.242147193881905,39.24214719388191,7.105427357601002e-15
2021-09-25 → 2022-09-25,1480.565603419731,5403.430744100575,3028.1373564426826,3028.137356442682,39.45003709085851,39.450037090858494,-1.4210854715202004e-14
2021-09-26 → 2022-09-26,1480.565603419731,5403.430744100575,3035.9735273931715,3035.973527393171,39.64979340848529,39.64979340848528,-7.105427357601002e-15
2021-09-27 → 2022-09-27,1480.565603419731,5403.430744100575,3043.938700389596,3043.938700389596,39.852838191081155,39.852838191081155,0.0
2021-09-28 → 2022-09-28,1480.565603419731,5403.430744100575,3051.5533567820407,3051.5533567820403,40.04694775435621,40.0469477543562,-1.4210854715202004e-14
2021-09-29 → 2022-09-29,1480.565603419731,5403.430744100575,3058.907718488234,3058.907718488234,40.23442199684105,40.23442199684105,0.0
2021-09-30 → 2022-09-30,1480.565603419731,5403.430744100575,3066.374902221197,3066.374902221197,40.424772250168054,40.424772250168054,0.0
2021-10-01 → 2022-10-01,1480.565603419731,5403.430744100575,3074.28227199106,3074.28227199106,40.62634353764012,40.62634353764012,0.0
2021-10-02 → 2022-10-02,1480.565603419731,5403.430744100575,3082.968002455081,3082.968002455081,40.84775646295199,40.84775646295199,0.0
2021-10-03 → 2022-10-03,1480.565603419731,5403.430744100575,3091.167378646218,3091.167378646218,41.056771453197456,41.056771453197456,0.0
2021-10-04 → 2022-10-04,1480.565603419731,5403.430744100575,3098.932001279099,3098.9320012790995,41.25470389171951,41.254703891719515,7.105427357601002e-15
2021-10-05 → 2022-10-05,1480.565603419731,5403.430744100575,3106.944713525871,3106.944713525871,41.458960524548374,41.458960524548374,0.0
2021-10-06 → 2022-10-06,1480.565603419731,5403.430744100575,3115.340430305376,3115.340430305376,41.67298054507979,41.67298054507979,0.0
2021-10-07 → 2022-10-07,1480.565603419731,5403.430744100575,3124.393769788309,3124.3937697883084,41.90376440224195,41.90376440224193,-1.4210854715202004e-14
2021-10-08 → 2022-10-08,1480.565603419731,5403.430744100575,3133.3877219933515,3133.3877219933515,42.13303438432147,42.13303438432147,0.0
2021-10-09 → 2022-10-09,1480.565603419731,5403.430744100575,3142.3849315840935,3142.3849315840935,42.36238740228375,42.36238740228375,0.0
2021-10-10 → 2022-10-10,1480.565603419731,5403.430744100575,3151.6825015367713,3151.6825015367713,42.599397078101056,42.599397078101056,0.0
2021-10-11 → 2022-10-11,1480.565603419731,5403.430744100575,3161.0382066999264,3161.0382066999264,42.83788871183413,42.83788871183413,0.0
2021-10-12 → 2022-10-12,1480.565603419731,5403.430744100575,3170.531425275338,3170.531425275338,43.079885778645455,43.079885778645455,0.0
2021-10-13 → 2022-10-13,1480.565603419731,5403.430744100575,3179.762008573836,3179.762008573836,43.31518785933069,43.31518785933069,0.0
2021-10-14 → 2022-10-14,1480.565603419731,5403.430744100575,3189.2447364648883,3189.244736464888,43.556917502104156,43.55691750210415,-7.105427357601002e-15
2021-10-15 → 2022-10-15,1480.565603419731,5403.430744100575,3198.8109331031487,3198.8109331031483,43.80077489447427,43.80077489447426,-1.4210854715202004e-14
2021-10-16 → 2022-10-16,1480.565603419731,5403.430744100575,3208.549166217011,3208.54916621701,44.04901776708478,44.049017767084756,-2.1316282072803006e-14
2021-10-17 → 2022-10-17,1480.565603419731,5403.430744100575,3218.0357260869114,3218.0357260869114,44.29084509302374,44.29084509302374,0.0
2021-10-18 → 2022-10-18,1480.565603419731,5403.430744100575,3227.716706526925,3227.716706526924,44.53762850496467,44.53762850496465,-2.1316282072803006e-14
2021-10-19 → 2022-10-19,1480.565603419731,5403.430744100575,3237.5891180108506,3237.58911801085,44.78929179518454,44.789291795184525,-1.4210854715202004e-14
2021-10-20 → 2022-10-20,1480.565603419731,5403.430744100575,3247.694305258508,3247.6943052585075,45.04688890559409,45.04688890559408,-7.105427357601002e-15
2021-10-21 → 2022-10-21,1480.565603419731,5403.430744100575,3257.807483677009,3257.8074836770093,45.30468972351223,45.30468972351224,7.105427357601002e-15
2021-10-22 → 2022-10-22,1480.565603419731,5403.430744100575,3267.6518272127882,3267.651827212788,45.55563751760517,45.555637517605156,-1.4210854715202004e-14
2021-10-23 → 2022-10-23,1480.565603419731,5403.430744100575,3277.1190290297523,3277.1190290297527,45.79697137633988,45.7969713763399,1.4210854715202004e-14
2021-10-24 → 2022-10-24,1480.565603419731,5403.430744100575,3286.7845743695716,3286.7845743695716,46.043361323309654,46.043361323309654,0.0
2021-10-25 → 2022-10-25,1480.565603419731,5403.430744100575,3295.892234501555,3295.892234501555,46.27552989921953,46.27552989921953,0.0
2021-10-26 → 2022-10-26,1480.565603419731,5403.430744100575,3304.6951708856504,3304.6951708856504,46.4999305877063,46.4999305877063,0.0
2021-10-27 → 2022-10-27,1480.565603419731,5403.430744100575,3313.643612759149,3313.643612759149,46.728040439883,46.728040439883,0.0
2021-10-28 → 2022-10-28,1480.565603419731,5403.430744100575,3322.2385005368483,3322.2385005368487,46.94713764229684,46.94713764229685,1.4210854715202004e-14
2021-10-29 → 2022-10-29,1480.565603419731,5403.430744100575,3330.8605244568944,3330.8605244568944,47.166926587642784,47.166926587642784,0.0
2021-10-30 → 2022-10-30,1480.565603419731,5403.430744100575,3339.722586751025,3339.722586751025,47.392834488534646,47.392834488534646,0.0
2021-10-31 → 2022-10-31,1480.565603419731,5403.430744100575,3348.6313465641097,3348.631346564109,47.6199327826029,47.619932782602895,-7.105427357601002e-15
2021-11-01 → 2022-11-01,1480.565603419731,5403.430744100575,3357.5222661562716,3357.522266156272,47.84657630139129,47.846576301391295,7.105427357601002e-15
2021-11-02 → 2022-11-02,1480.565603419731,5403.430744100575,3366.610595958399,3366.610595958399,48.0782521168018,48.0782521168018,0.0
2021-11-03 → 2022-11-03,1480.565603419731,5403.430744100575,3375.8026169224668,3375.8026169224668,48.31257118295437,48.31257118295437,0.0
2021-11-04 → 2022-11-04,1480.565603419731,5403.430744100575,3384.3766658510713,3384.3766658510713,48.53113717034175,48.53113717034175,0.0
2021-11-05 → 2022-11-05,1480.565603419731,5403.430744100575,3392.7637014569477,3392.7637014569473,48.74493589410876,48.74493589410875,-7.105427357601002e-15
2021-11-06 → 2022-11-06,1480.565603419731,5403.430744100575,3401.3287585406847,3401.3287585406842,48.96327266523341,48.9632726652334,-1.4210854715202004e-14
2021-11-07 → 2022-11-07,1480.565603419731,5403.430744100575,3410.166415292971,3410.1664152929707,49.188558430493046,49.18855843049303,-1.4210854715202004e-14
2021-11-08 → 2022-11-08,1480.565603419731,5403.430744100575,3420.5846853286394,3420.5846853286384,49.454136513400584,49.454136513400556,-2.842170943040401e-14
2021-11-09 → 2022-11-09,1490.411015872955,6345.865691303295,3433.877854967665,3433.8778549676645,40.02646444068516,40.02646444068515,-7.105427357601002e-15
2021-11-10 → 2022-11-10,1537.6991790313373,6345.865691303295,3445.381505636824,3445.3815056368235,39.67587898082314,39.675878980823136,-7.105427357601002e-15
2021-11-11 → 2022-11-11,1537.6991790313373,6345.865691303295,3457.313224702318,3457.3132247023177,39.924034260700424,39.92403426070042,-7.105427357601002e-15
2021-11-12 → 2022-11-12,1537.6991790313373,6345.865691303295,3469.39860169938,3469.398601699379,40.17538531034099,40.17538531034097,-2.1316282072803006e-14
2021-11-13 → 2022-11-13,1537.6991790313373,6345.865691303295,3481.8758952423354,3481.875895242335,40.434887420159974,40.43488742015997,-7.105427357601002e-15
2021-11-14 → 2022-11-14,1537.6991790313373,6345.865691303295,3494.063243381358,3494.063243381357,40.6883592603701,40.68835926037008,-2.1316282072803006e-14
2021-11-15 → 2022-11-15,1568.5412572574792,6345.865691303295,3506.0715750618674,3506.0715750618674,40.55680840925293,40.55680840925293,0.0
2021-11-16 → 2022-11-16,1657.7562859494606,6345.865691303295,3518.1863333664196,3518.1863333664196,39.68401516595032,39.68401516595032,0.0
2021-11-17 → 2022-11-17,1662.391318528652,6345.865691303295,3530.0420186970946,3530.042018697094,39.877461719983444,39.87746171998343,-1.4210854715202004e-14
2021-11-18 → 2022-11-18,1673.6549060898267,6345.865691303295,3541.8984694850437,3541.8984694850433,39.98628592074232,39.98628592074231,-7.105427357601002e-15
2021-11-19 → 2022-11-19,1673.6549060898267,6345.865691303295,3553.4523289030903,3553.452328903091,40.23357483704319,40.23357483704319,0.0
2021-11-20 → 2022-11-20,1673.6549060898267,6345.865691303295,3565.5597649716665,3565.5597649716665,40.492712034082615,40.492712034082615,0.0
2021-11-21 → 2022-11-21,1693.9785673025804,6345.865691303295,3578.3036912142825,3578.303691214283,40.50668199126778,40.5066819912678,1.4210854715202004e-14
2021-11-22 → 2022-11-22,1694.6666414922995,6345.865691303295,3590.569288168941,3590.5692881689406,40.76158913804566,40.76158913804565,-7.105427357601002e-15
2021-11-23 → 2022-11-23,1694.6666414922995,6345.865691303295,3602.208516612608,3602.208516612608,41.0118305987748,41.0118305987748,0.0
2021-11-24 → 2022-11-24,1694.6666414922995,6345.865691303295,3613.9441537115663,3613.9441537115663,41.26414482943399,41.26414482943399,0.0
2021-11-25 → 2022-11-25,1694.6666414922995,6345.865691303295,3625.6992415514155,3625.699241551416,41.51687724776227,41.51687724776228,1.4210854715202004e-14
2021-11-26 → 2022-11-26,1726.4981513466696,6345.865691303295,3637.679741154,3637.6797411539997,41.373230713425244,41.37323071342523,-1.4210854715202004e-14
2021-11-27 → 2022-11-27,1726.4981513466696,6345.865691303295,3649.224726104771,3649.224726104771,41.623156376428,41.623156376428,0.0
2021-11-28 → 2022-11-28,1726.4981513466696,6345.865691303295,3661.076502687334,3661.076502687334,41.879723460126094,41.879723460126094,0.0
2021-11-29 → 2022-11-29,1726.4981513466696,6345.865691303295,3672.9203090469596,3672.92030904696,42.13611800455623,42.136118004556245,1.4210854715202004e-14
2021-11-30 → 2022-11-30,1748.8445868784124,6345.865691303295,3684.1095837903677,3684.1095837903677,42.098240424634064,42.098240424634064,0.0
2021-12-01 → 2022-12-01,1748.8445868784124,6345.865691303295,3695.4330052024616,3695.4330052024625,42.34456127361156,42.344561273611575,1.4210854715202004e-14
2021-12-02 → 2022-12-02,1767.3185893956177,6345.865691303295,3706.6560471534012,3706.6560471534012,42.357049400010496,42.357049400010496,0.0
2021-12-03 → 2022-12-03,1863.1822055281168,6345.865691303295,3717.994882284035,3717.9948822840356,41.377284000571606,41.37728400057161,7.105427357601002e-15
2021-12-04 → 2022-12-04,1968.5695591224273,6345.865691303295,3728.861970313216,3728.861970313215,40.21414951228742,40.214149512287406,-1.4210854715202004e-14
2021-12-05 → 2022-12-05,1968.5695591224273,6345.865691303295,3739.4127119516675,3739.4127119516675,40.45518281960436,40.45518281960436,0.0
2021-12-06 → 2022-12-06,1968.5695591224273,6345.865691303295,3749.8792976162094,3749.879297616209,40.69429357081888,40.69429357081887,-7.105427357601002e-15
2021-12-07 → 2022-12-07,1968.5695591224273,6345.865691303295,3760.689472431253,3760.6894724312533,40.94125366875627,40.941253668756275,7.105427357601002e-15
2021-12-08 → 2022-12-08,1968.5695591224273,6345.865691303295,3771.1431825748173,3771.1431825748164,41.18007027672371,41.18007027672369,-2.1316282072803006e-14
2021-12-09 → 2022-12-09,1968.5695591224273,6345.865691303295,3781.6771839320027,3781.6771839320027,41.42072114975334,41.42072114975334,0.0
2021-12-10 → 2022-12-10,1968.5695591224273,6345.865691303295,3791.9330537694473,3791.9330537694477,41.65501806565185,41.65501806565186,7.105427357601002e-15
2021-12-11 → 2022-12-11,1968.5695591224273,6345.865691303295,3802.1566425428373,3802.1566425428373,41.888577515702046,41.888577515702046,0.0
2021-12-12 → 2022-12-12,1968.5695591224273,6345.865691303295,3812.5062716150346,3812.506271615035,42.12501637566652,42.125016375666526,7.105427357601002e-15
2021-12-13 → 2022-12-13,1968.5695591224273,6345.865691303295,3822.428002323871,3822.428002323872,42.35167983203846,42.35167983203848,2.1316282072803006e-14
2021-12-14 → 2022-12-14,1968.5695591224273,6345.865691303295,3831.9293353442863,3831.929335344287,42.5687392388847,42.56873923888472,1.4210854715202004e-14
2021-12-15 → 2022-12-15,1968.5695591224273,6345.865691303295,3842.0248475136664,3842.0248475136664,42.79937275931665,42.79937275931665,0.0
2021-12-16 → 2022-12-16,1968.5695591224273,6345.865691303295,3852.882728873098,3852.8827288730977,43.047422720561144,43.04742272056114,-7.105427357601002e-15
2021-12-17 → 2022-12-17,1968.5695591224273,6345.865691303295,3863.438541580339,3863.438541580339,43.28857187722059,43.28857187722059,0.0
2021-12-18 → 2022-12-18,1968.5695591224273,6345.865691303295,3873.828256152845,3873.8282561528454,43.52592649657392,43.52592649657394,1.4210854715202004e-14
2021-12-19 → 2022-12-19,1968.5695591224273,6345.865691303295,3884.63871362116,3884.6387136211606,43.77289305176856,43.77289305176858,1.4210854715202004e-14
2021-12-20 → 2022-12-20,1968.5695591224273,6345.865691303295,3894.9754766741285,3894.975476674129,44.00903798555485,44.00903798555486,1.4210854715202004e-14
2021-12-21 → 2022-12-21,1968.5695591224273,6345.865691303295,3905.4194186056643,3905.4194186056648,44.24763143722367,44.247631437223674,7.105427357601002e-15
2021-12-22 → 2022-12-22,1968.5695591224273,6345.865691303295,3916.1023198080657,3916.102319808065,44.49168395000349,44.49168395000348,-1.4210854715202004e-14
2021-12-23 → 2022-12-23,1968.5695591224273,6345.865691303295,3926.7732779261883,3926.773277926188,44.7354636211953,44.735463621195294,-7.105427357601002e-15
2021-12-24 → 2022-12-24,1968.5695591224273,6345.865691303295,3937.6126284716024,3937.612628471603,44.98309024315779,44.983090243157804,1.4210854715202004e-14
2021-12-25 → 2022-12-25,1968.5695591224273,6345.865691303295,3948.471816270529,3948.4718162705285,45.231170050212484,45.23117005021247,-1.4210854715202004e-14
2021-12-26 → 2022-12-26,1968.5695591224273,6345.865691303295,3959.2574301531954,3959.257430153196,45.477569049891144,45.47756904989115,7.105427357601002e-15
2021-12-27 → 2022-12-27,1968.6443124468356,6345.865691303295,3970.240612660911,3970.2406126609117,45.7275546967421,45.727554696742104,7.105427357601002e-15
2021-12-28 → 2022-12-28,2097.6214546969254,6345.865691303295,3981.38449190888,3981.3844919088797,44.34215483610621,44.342154836106204,-7.105427357601002e-15
2021-12-29 → 2022-12-29,2102.606818210314,6345.865691303295,3992.0822874784203,3992.0822874784208,44.52887570092647,44.52887570092648,7.105427357601002e-15
2021-12-30 → 2022-12-30,2102.606818210314,6345.865691303295,4002.668288794525,4002.6682887945244,44.77835379389015,44.77835379389013,-1.4210854715202004e-14
2021-12-31 → 2022-12-31,2102.606818210314,6345.865691303295,4013.4024211417827,4013.402421141782,45.03132286007945,45.03132286007943,-2.1316282072803006e-14
2022-01-01 → 2023-01-01,2102.606818210314,6345.865691303295,4023.9608581768357,4023.9608581768357,45.280151351360175,45.280151351360175,0.0
2022-01-02 → 2023-01-02,2106.87282305432,6345.865691303295,4034.5878110022654,4034.587811002266,45.47577804121755,45.475778041217566,1.4210854715202004e-14
2022-01-03 → 2023-01-03,2106.87282305432,6345.865691303295,4045.2079040386666,4045.207904038666,45.726311443053355,45.72631144305334,-1.4210854715202004e-14
2022-01-04 → 2023-01-04,2106.87282305432,6345.865691303295,4055.5428772421287,4055.5428772421283,45.9701187228644,45.97011872286439,-7.105427357601002e-15
2022-01-05 → 2023-01-05,2106.87282305432,6345.865691303295,4065.8304200369994,4065.830420037,46.21280709518809,46.212807095188104,1.4210854715202004e-14
2022-01-06 → 2023-01-06,2106.87282305432,6345.865691303295,4075.665811475388,4075.6658114753873,46.44482898680433,46.44482898680431,-2.1316282072803006e-14
2022-01-07 → 2023-01-07,2106.87282305432,6345.865691303295,4085.4595391371877,4085.4595391371877,46.67586800871816,46.67586800871816,0.0
2022-01-08 → 2023-01-08,2106.87282305432,6345.865691303295,4094.894045717656,4094.894045717656,46.89843282242981,46.89843282242981,0.0
2022-01-09 → 2023-01-09,2106.87282305432,6345.865691303295,4104.259020264851,4104.25902026485,47.11935734007504,47.11935734007502,-2.1316282072803006e-14
2022-01-10 → 2023-01-10,2106.87282305432,6345.865691303295,4113.408042857487,4113.408042857487,47.3351874411626,47.3351874411626,0.0
2022-01-11 → 2023-01-11,2106.87282305432,6345.865691303295,4122.19488228365,4122.194882283649,47.54247345695137,47.54247345695134,-2.842170943040401e-14
2022-01-12 → 2023-01-12,2106.87282305432,6345.865691303295,4130.285901518227,4130.285901518226,47.73334472015117,47.73334472015115,-2.1316282072803006e-14
2022-01-13 → 2023-01-13,2106.87282305432,6345.865691303295,4137.822222563742,4137.822222563742,47.91113037065236,47.91113037065236,0.0
2022-01-14 → 2023-01-14,2106.87282305432,6345.865691303295,4144.41645986296,4144.41645986296,48.06669178592651,48.06669178592651,0.0
2022-01-15 → 2023-01-15,2106.87282305432,6345.865691303295,4151.165488914406,4151.165488914406,48.225904817446256,48.225904817446256,0.0
2022-01-16 → 2023-01-16,2106.87282305432,6345.865691303295,4157.741680881427,4157.741680881427,48.38104053414629,48.38104053414629,0.0
2022-01-17 → 2023-01-17,2106.87282305432,6345.865691303295,4164.313620259941,4164.313620259941,48.53607593011827,48.53607593011827,0.0
2022-01-18 → 2023-01-18,2106.87282305432,6345.865691303295,4171.033912461978,4171.033912461978,48.69461104472942,48.69461104472942,0.0
2022-01-19 → 2023-01-19,2106.87282305432,6345.865691303295,4177.56100798128,4177.5610079812795,48.84858855123084,48.84858855123081,-2.842170943040401e-14
2022-01-20 → 2023-01-20,2106.87282305432,6345.865691303295,4183.079793863628,4183.079793863628,48.978779520026386,48.978779520026386,0.0
2022-01-21 → 2023-01-21,2106.87282305432,6345.865691303295,4188.357760525914,4188.357760525914,49.10328944081016,49.10328944081016,0.0
2022-01-22 → 2023-01-22,2106.87282305432,6345.865691303295,4192.898265134622,4192.898265134622,49.21040225627907,49.21040225627907,0.0
2022-01-23 → 2023-01-23,2106.87282305432,6345.865691303295,4197.007136608679,4197.007136608679,49.30733262634014,49.30733262634014,0.0
2022-01-24 → 2023-01-24,2106.87282305432,6345.865691303295,4201.557906121988,4201.557906121989,49.41468759613487,49.41468759613489,2.1316282072803006e-14
2022-01-25 → 2023-01-25,2106.87282305432,6345.865691303295,4205.928161321912,4205.928161321912,49.517784141369894,49.517784141369894,0.0
2022-01-26 → 2023-01-26,2106.87282305432,6345.865691303295,4210.409072770555,4210.409072770556,49.623491123851664,49.623491123851686,2.1316282072803006e-14
2022-01-27 → 2023-01-27,2106.87282305432,6345.865691303295,4214.832719623369,4214.832719623369,49.727847205362146,49.727847205362146,0.0
2022-01-28 → 2023-01-28,2106.87282305432,6345.865691303295,4219.327419588731,4219.327419588731,49.83387946597359,49.83387946597359,0.0
2022-01-29 → 2023-01-29,2106.87282305432,6345.865691303295,4223.5853834570335,4223.5853834570335,49.93432700152374,49.93432700152374,0.0
2022-01-30 → 2023-01-30,2106.87282305432,6345.865691303295,4228.395755919008,4228.395755919008,50.047806137051545,50.047806137051545,0.0
2022-01-31 → 2023-01-31,2106.87282305432,6345.865691303295,4233.0150405459735,4233.015040545974,50.15677741326117,50.15677741326119,2.1316282072803006e-14
2022-02-01 → 2023-02-01,2106.87282305432,6345.865691303295,4237.42664845367,4237.42664845367,50.26084948992684,50.26084948992684,0.0
2022-02-02 → 2023-02-02,2106.87282305432,6345.865691303295,4242.006389299985,4242.006389299986,50.368887908217616,50.368887908217644,2.842170943040401e-14
2022-02-03 → 2023-02-03,2106.87282305432,6345.865691303295,4246.2638539110085,4246.263853911009,50.46932366603436,50.469323666034384,2.1316282072803006e-14
2022-02-04 → 2023-02-04,2106.87282305432,6345.865691303295,4250.589384673789,4250.58938467379,50.571365139026206,50.57136513902623,2.1316282072803006e-14
2022-02-05 → 2023-02-05,2106.87282305432,6345.865691303295,4255.839786251045,4255.839786251045,50.695224785419626,50.695224785419626,0.0
2022-02-06 → 2023-02-06,2106.87282305432,6345.865691303295,4261.2698365249835,4261.2698365249835,50.823322436034026,50.823322436034026,0.0
2022-02-07 → 2023-02-07,2106.87282305432,6345.865691303295,4266.5628723713435,4266.5628723713435,50.9481878465424,50.9481878465424,0.0
2022-02-08 → 2023-02-08,2106.87282305432,6345.865691303295,4272.249160767864,4272.249160767865,51.08233028492941,51.082330284929434,2.1316282072803006e-14
2022-02-09 → 2023-02-09,2106.87282305432,6345.865691303295,4278.585823830896,4278.5858238308965,51.23181539283074,51.23181539283076,2.1316282072803006e-14
2022-02-10 → 2023-02-10,2106.87282305432,6345.865691303295,4285.070060746654,4285.070060746654,51.38478184305355,51.38478184305355,0.0
2022-02-11 → 2023-02-11,2106.87282305432,6345.865691303295,4291.301547966463,4291.301547966463,51.5317857992641,51.5317857992641,0.0
2022-02-12 → 2023-02-12,2106.87282305432,6345.865691303295,4297.400344151166,4297.400344151166,51.67565950639826,51.67565950639826,0.0
2022-02-13 → 2023-02-13,2106.87282305432,6345.865691303295,4303.455717626281,4303.455717626281,51.81850884970505,51.81850884970505,0.0
2022-02-14 → 2023-02-14,2106.87282305432,6345.865691303295,4309.275513561258,4309.275513561257,51.95580079889819,51.95580079889817,-2.1316282072803006e-14
2022-02-15 → 2023-02-15,2106.87282305432,6345.865691303295,4314.110399814675,4314.110399814675,52.06985822724705,52.06985822724705,0.0
2022-02-16 → 2023-02-16,2106.87282305432,6345.865691303295,4319.480005396383,4319.480005396383,52.19652995679696,52.19652995679696,0.0
2022-02-17 → 2023-02-17,2106.87282305432,6345.865691303295,4324.382985110698,4324.3829851106975,52.31219374455749,52.31219374455747,-2.1316282072803006e-14
2022-02-18 → 2023-02-18,2106.87282305432,6345.865691303295,4328.7451914960575,4328.745191496058,52.415100414158964,52.415100414158985,2.1316282072803006e-14
2022-02-19 → 2023-02-19,2106.87282305432,6345.865691303295,4333.13500928743,4333.135009287431,52.518658450886356,52.51865845088637,1.4210854715202004e-14
2022-02-20 → 2023-02-20,2106.87282305432,6345.865691303295,4337.338800064203,4337.338800064203,52.617828015625655,52.617828015625655,0.0
2022-02-21 → 2023-02-21,2106.87282305432,6345.865691303295,4341.449102533159,4341.449102533158,52.714792143585,52.71479214358498,-2.1316282072803006e-14
2022-02-22 → 2023-02-22,2106.87282305432,6345.865691303295,4345.391375485631,4345.391375485631,52.807792369700046,52.807792369700046,0.0
2022-02-23 → 2023-02-23,2106.87282305432,6345.865691303295,4349.666570040438,4349.666570040438,52.908646385917656,52.908646385917656,0.0
2022-02-24 → 2023-02-24,2106.87282305432,6345.865691303295,4354.132335597819,4354.132335597818,53.013996069113176,53.013996069113155,-2.1316282072803006e-14
2022-02-25 → 2023-02-25,2106.87282305432,6345.865691303295,4358.7928605793995,4358.792860579399,53.123940226285235,53.123940226285214,-2.1316282072803006e-14
2022-02-26 → 2023-02-26,2106.87282305432,6345.865691303295,4363.450562514114,4363.450562514114,53.2338177863444,53.2338177863444,0.0
2022-02-27 → 2023-02-27,2106.87282305432,6345.865691303295,4368.079449186669,4368.079449186669,53.343015579698275,53.343015579698275,0.0
2022-02-28 → 2023-02-28,2106.87282305432,6345.865691303295,4372.629750106958,4372.629750106958,53.45035949514507,53.45035949514507,0.0
2022-03-01 → 2023-03-01,2106.87282305432,6345.865691303295,4377.874144186502,4377.874144186502,53.57407742160882,53.57407742160882,0.0
2022-03-02 → 2023-03-02,2106.87282305432,6345.865691303295,4383.352755909508,4383.352755909507,53.703320661531265,53.70332066153124,-2.842170943040401e-14
2022-03-03 → 2023-03-03,2106.87282305432,6345.865691303295,4389.365679080595,4389.365679080595,53.84516858055291,53.84516858055291,0.0
2022-03-04 → 2023-03-04,2106.87282305432,6345.865691303295,4395.169175859681,4395.169175859681,53.98207602436001,53.98207602436001,0.0
2022-03-05 → 2023-03-05,2106.87282305432,6345.865691303295,4400.369213623618,4400.369213623619,54.10474756275505,54.10474756275507,2.1316282072803006e-14
2022-03-06 → 2023-03-06,2106.87282305432,6345.865691303295,4405.621256499286,4405.621256499286,54.22864592821367,54.22864592821367,0.0
2022-03-07 → 2023-03-07,2106.87282305432,6345.865691303295,4410.827385199093,4410.827385199093,54.35146115488704,54.35146115488704,0.0
2022-03-08 → 2023-03-08,2106.87282305432,6345.865691303295,4416.255102478335,4416.255102478335,54.47950376896872,54.47950376896872,0.0
2022-03-09 → 2023-03-09,2106.87282305432,6345.865691303295,4422.626059973709,4422.62605997371,54.62979789998964,54.629797899989654,1.4210854715202004e-14
2022-03-10 → 2023-03-10,2106.87282305432,6345.865691303295,4429.618024202881,4429.618024202881,54.794741896039824,54.794741896039824,0.0
2022-03-11 → 2023-03-11,2106.87282305432,6345.865691303295,4435.970668375129,4435.970668375129,54.94460400644417,54.94460400644417,0.0
2022-03-12 → 2023-03-12,2106.87282305432,6345.865691303295,4441.315551521093,4441.315551521093,55.07069252114771,55.07069252114771,0.0
2022-03-13 → 2023-03-13,2106.87282305432,6345.865691303295,4445.612567529417,4445.612567529417,55.17206131656395,55.17206131656395,0.0
2022-03-14 → 2023-03-14,2106.87282305432,6345.865691303295,4449.416887656957,4449.4168876569565,55.26180716530163,55.26180716530161,-2.1316282072803006e-14
2022-03-15 → 2023-03-15,2106.87282305432,6345.865691303295,4453.719035572576,4453.719035572576,55.363297025023805,55.363297025023805,0.0
2022-03-16 → 2023-03-16,2106.87282305432,6345.865691303295,4457.686897994451,4457.686897994452,55.45690091975067,55.456900919750694,2.1316282072803006e-14
2022-03-17 → 2023-03-17,2106.87282305432,6345.865691303295,4460.992686350074,4460.992686350075,55.534886150166706,55.53488615016672,1.4210854715202004e-14
2022-03-18 → 2023-03-18,2106.87282305432,6345.865691303295,4464.447980232933,4464.447980232934,55.61639829208937,55.6163982920894,2.842170943040401e-14
2022-03-19 → 2023-03-19,2106.87282305432,6345.865691303295,4467.609483155025,4467.609483155025,55.69097975566702,55.69097975566702,0.0
2022-03-20 → 2023-03-20,2106.87282305432,6345.865691303295,4470.950009449156,4470.950009449157,55.769784471738895,55.769784471738916,2.1316282072803006e-14
2022-03-21 → 2023-03-21,2106.87282305432,6345.865691303295,4474.03172167666,4474.03172167666,55.842483632206616,55.842483632206616,0.0
2022-03-22 → 2023-03-22,2106.87282305432,6345.865691303295,4477.371171357324,4477.371171357324,55.92126295041867,55.92126295041867,0.0
2022-03-23 → 2023-03-23,2106.87282305432,6345.865691303295,4480.5493181900265,4480.549318190027,55.996237052321696,55.99623705232172,2.1316282072803006e-14
2022-03-24 → 2023-03-24,2106.87282305432,6345.865691303295,4484.104147419778,4484.104147419779,56.080097283754924,56.080097283754945,2.1316282072803006e-14
2022-03-25 → 2023-03-25,2106.87282305432,6345.865691303295,4487.830334275885,4487.8303342758845,56.16799992883878,56.16799992883876,-2.1316282072803006e-14
2022-03-26 → 2023-03-26,2106.87282305432,6345.865691303295,4491.41010881883,4491.410108818831,56.25244863291088,56.2524486329109,2.1316282072803006e-14
2022-03-27 → 2023-03-27,2106.87282305432,6345.865691303295,4495.334639897285,4495.334639897284,56.34503031918477,56.345030319184765,-7.105427357601002e-15
2022-03-28 → 2023-03-28,2106.87282305432,6345.865691303295,4499.507763625909,4499.507763625909,56.44347643264446,56.44347643264446,0.0
2022-03-29 → 2023-03-29,2106.87282305432,6345.865691303295,4503.3462117098115,4503.3462117098115,56.534027377248606,56.534027377248606,0.0
2022-03-30 → 2023-03-30,2122.0925964966577,6345.865691303295,4507.34022285905,4507.34022285905,56.47196411415156,56.47196411415156,0.0
2022-03-31 → 2023-03-31,2143.025331598731,6345.865691303295,4511.124028262863,4511.124028262862,56.345197390047815,56.345197390047794,-2.1316282072803006e-14
2022-04-01 → 2023-04-01,2143.025331598731,6345.865691303295,4514.715940847727,4514.715940847727,56.43066132104321,56.43066132104321,0.0
2022-04-02 → 2023-04-02,2143.025331598731,6345.865691303295,4518.510306904451,4518.510306904451,56.5209423151324,56.5209423151324,0.0
2022-04-03 → 2023-04-03,2143.025331598731,6345.865691303295,4522.373095934549,4522.373095934549,56.612851326645995,56.612851326645995,0.0
2022-04-04 → 2023-04-04,2143.025331598731,6345.865691303295,4526.208235484443,4526.208235484443,56.704102462108196,56.704102462108196,0.0
2022-04-05 → 2023-04-05,2188.5173498415406,6345.865691303295,4530.0451007193105,4530.04510071931,56.32262583160092,56.322625831600895,-2.1316282072803006e-14
2022-04-06 → 2023-04-06,2295.207412048999,6345.865691303295,4533.80647414454,4533.8064741445405,55.265068237443494,55.265068237443515,2.1316282072803006e-14
2022-04-07 → 2023-04-07,2295.207412048999,6345.865691303295,4537.277244546181,4537.277244546181,55.35075234512091,55.35075234512091,0.0
2022-04-08 → 2023-04-08,2342.963199885462,6345.865691303295,4540.7767318513825,4540.7767318513825,54.90549761524299,54.90549761524299,0.0
2022-04-09 → 2023-04-09,2342.963199885462,6345.865691303295,4543.940491661475,4543.940491661475,54.98453425969975,54.98453425969975,0.0
2022-04-10 → 2023-04-10,2366.0539369653015,6345.865691303295,4546.742268865677,4546.742268865677,54.793755747955316,54.793755747955316,0.0
2022-04-11 → 2023-04-11,2410.23886043595,6345.865691303295,4549.310707613378,4549.310707613378,54.35149060374746,54.35149060374746,0.0
2022-04-12 → 2023-04-12,2410.23886043595,6345.865691303295,4551.535299641902,4551.535299641903,54.408015069204296,54.40801506920432,2.1316282072803006e-14
2022-04-13 → 2023-04-13,2410.23886043595,6345.865691303295,4553.717382744711,4553.717382744711,54.463459429063185,54.463459429063185,0.0
2022-04-14 → 2023-04-14,2410.23886043595,6345.865691303295,4556.048350395351,4556.048350395351,54.52268678345455,54.52268678345455,0.0
2022-04-15 → 2023-04-15,2410.23886043595,6345.865691303295,4558.208255685757,4558.208255685757,54.57756762920612,54.57756762920612,0.0
2022-04-16 → 2023-04-16,2410.23886043595,6345.865691303295,4560.479981326955,4560.479981326955,54.635289708529825,54.635289708529825,0.0
2022-04-17 → 2023-04-17,2410.23886043595,6345.865691303295,4562.995046620385,4562.995046620386,54.69919478392226,54.69919478392228,2.1316282072803006e-14
2022-04-18 → 2023-04-18,2410.23886043595,6345.865691303295,4565.111095867857,4565.111095867858,54.75296129529157,54.75296129529159,2.1316282072803006e-14
2022-04-19 → 2023-04-19,2410.23886043595,6345.865691303295,4567.905543921611,4567.905543921612,54.82396518295278,54.823965182952804,2.1316282072803006e-14
2022-04-20 → 2023-04-20,2415.7130781810774,6345.865691303295,4570.991402448715,4570.991402448715,54.8395580637625,54.8395580637625,0.0
2022-04-21 → 2023-04-21,2470.737308913646,6345.865691303295,4574.402226147252,4574.402226147252,54.286328339304035,54.286328339304035,0.0
2022-04-22 → 2023-04-22,2470.737308913646,6345.865691303295,4577.467339610474,4577.467339610474,54.36542542102012,54.36542542102012,0.0
2022-04-23 → 2023-04-23,2470.737308913646,6345.865691303295,4580.489440076054,4580.489440076055,54.44341252666839,54.44341252666841,2.1316282072803006e-14
2022-04-24 → 2023-04-24,2470.737308913646,6345.865691303295,4583.514911959226,4583.514911959226,54.52148663375917,54.52148663375917,0.0
2022-04-25 → 2023-04-25,2470.737308913646,6345.865691303295,4586.253527104469,4586.253527104469,54.59215823157483,54.59215823157483,0.0
2022-04-26 → 2023-04-26,2515.850523298859,6345.865691303295,4589.128787362799,4589.128787362799,54.13237736977909,54.13237736977909,0.0
2022-04-27 → 2023-04-27,2515.850523298859,6345.865691303295,4591.225089627885,4591.225089627885,54.187110893619895,54.187110893619895,0.0
2022-04-28 → 2023-04-28,2515.850523298859,6345.865691303295,4593.567292288354,4593.567292288355,54.248264767892664,54.248264767892685,2.1316282072803006e-14
2022-04-29 → 2023-04-29,2522.586471357364,6345.865691303295,4596.043482417324,4596.043482417324,54.23242436081568,54.23242436081568,0.0
2022-04-30 → 2023-04-30,2522.586471357364,6345.865691303295,4598.2722167006405,4598.2722167006405,54.290718148820716,54.290718148820716,0.0
2022-05-01 → 2023-05-01,2522.586471357364,6345.865691303295,4600.745707312164,4600.745707312164,54.355413675075226,54.355413675075226,0.0
2022-05-02 → 2023-05-02,2522.586471357364,6345.865691303295,4603.164582122345,4603.164582122345,54.418680694589824,54.418680694589824,0.0
2022-05-03 → 2023-05-03,2522.586471357364,6345.865691303295,4605.486918214737,4605.486918214737,54.47942269010709,54.47942269010709,0.0
2022-05-04 → 2023-05-04,2522.586471357364,6345.865691303295,4607.709024563029,4607.709024563028,54.5375431207756,54.53754312077557,-3.552713678800501e-14
2022-05-05 → 2023-05-05,2739.5740703434462,6345.865691303295,4610.061943264466,4610.061943264466,51.867349330533955,51.867349330533955,0.0
2022-05-06 → 2023-05-06,2774.4638688532464,6345.865691303295,4612.031063054832,4612.031063054832,51.45226680040669,51.45226680040669,0.0
2022-05-07 → 2023-05-07,2816.210364150029,6345.865691303295,4613.9501270698,4613.950127069799,50.9324451339469,50.93244513394688,-2.1316282072803006e-14
2022-05-08 → 2023-05-08,2936.089549834832,6345.865691303295,4616.109540630838,4616.109540630838,49.2706829156381,49.2706829156381,0.0
2022-05-09 → 2023-05-09,3141.551112307738,6345.865691303295,4617.971665377613,4617.971665377614,46.076017715235764,46.07601771523579,2.842170943040401e-14
2022-05-10 → 2023-05-10,3141.551112307738,6345.865691303295,4618.88407267678,4618.88407267678,46.10449205121851,46.10449205121851,0.0
2022-05-11 → 2023-05-11,3141.551112307738,6345.865691303295,4620.192316105906,4620.192316105906,46.14531961033836,46.14531961033836,0.0
2022-05-12 → 2023-05-12,3141.551112307738,6345.865691303295,4620.909312909426,4620.909312909425,46.16769559078112,46.16769559078109,-2.842170943040401e-14
2022-05-13 → 2023-05-13,3141.551112307738,6345.865691303295,4621.676962774354,4621.676962774354,46.191652348022124,46.191652348022124,0.0
2022-05-14 → 2023-05-14,3141.551112307738,6345.865691303295,4622.497568515714,4622.497568515715,46.21726174813343,46.21726174813346,2.842170943040401e-14
2022-05-15 → 2023-05-15,3141.551112307738,6345.865691303295,4623.439177178707,4623.439177178707,46.24664739800579,46.24664739800579,0.0
2022-05-16 → 2023-05-16,3141.551112307738,6345.865691303295,4624.786894927539,4624.786894927538,46.28870686862289,46.28870686862287,-2.1316282072803006e-14
2022-05-17 → 2023-05-17,3141.551112307738,6345.865691303295,4625.617091820868,4625.617091820868,46.314615588658405,46.314615588658405,0.0
2022-05-18 → 2023-05-18,3141.551112307738,6345.865691303295,4626.819243194372,4626.819243194372,46.352132235163204,46.352132235163204,0.0
2022-05-19 → 2023-05-19,3141.551112307738,6345.865691303295,4627.483800011295,4627.483800011296,46.372871672585475,46.372871672585504,2.842170943040401e-14
2022-05-20 → 2023-05-20,3141.551112307738,6345.865691303295,4628.535702756624,4628.535702756624,46.40569937159557,46.40569937159557,0.0
2022-05-21 → 2023-05-21,3141.551112307738,6345.865691303295,4629.39012465191,4629.390124651909,46.43236410360679,46.43236410360676,-2.842170943040401e-14
2022-05-22 → 2023-05-22,3141.551112307738,6345.865691303295,4630.275764078303,4630.275764078302,46.46000306989925,46.46000306989922,-2.842170943040401e-14
2022-05-23 → 2023-05-23,3141.551112307738,6345.865691303295,4631.303038469349,4631.303038469348,46.49206216914563,46.492062169145605,-2.842170943040401e-14
2022-05-24 → 2023-05-24,3141.551112307738,6345.865691303295,4632.282511047486,4632.282511047486,46.52262947313498,46.52262947313498,0.0
2022-05-25 → 2023-05-25,3141.551112307738,6345.865691303295,4633.381815942869,4633.381815942868,46.55693649475481,46.55693649475478,-2.842170943040401e-14
2022-05-26 → 2023-05-26,3141.551112307738,6345.865691303295,4634.369480995653,4634.369480995653,46.58775946885536,46.58775946885536,0.0
2022-05-27 → 2023-05-27,3141.551112307738,6345.865691303295,4635.228977469807,4635.228977469807,46.61458256792898,46.61458256792898,0.0
2022-05-28 → 2023-05-28,3141.551112307738,6345.865691303295,4635.403843109669,4635.403843109669,46.620039761208545,46.620039761208545,0.0
2022-05-29 → 2023-05-29,3141.551112307738,6345.865691303295,4635.8376563450165,4635.8376563450165,46.63357817089502,46.63357817089502,0.0
2022-05-30 → 2023-05-30,3141.551112307738,6345.865691303295,4636.41305438237,4636.41305438237,46.65153514806341,46.65153514806341,0.0
2022-05-31 → 2023-05-31,3141.551112307738,6345.865691303295,4637.842239654142,4637.842239654143,46.696137050796054,46.69613705079608,2.842170943040401e-14
2022-06-01 → 2023-06-01,3191.4543555470495,6345.865691303295,4639.444051346679,4639.444051346678,45.903642286160036,45.90364228616001,-2.842170943040401e-14
2022-06-02 → 2023-06-02,3191.4543555470495,6345.865691303295,4640.308075002766,4640.308075002767,45.93103324961153,45.93103324961156,2.842170943040401e-14
2022-06-03 → 2023-06-03,3191.4543555470495,6345.865691303295,4641.440897585212,4641.440897585211,45.96694557878704,45.96694557878701,-2.842170943040401e-14
2022-06-04 → 2023-06-04,3191.4543555470495,6345.865691303295,4642.290299713005,4642.290299713004,45.99387301587061,45.993873015870584,-2.842170943040401e-14
2022-06-05 → 2023-06-05,3191.4543555470495,6345.865691303295,4643.715261026282,4643.715261026282,46.03904662075608,46.03904662075608,0.0
2022-06-06 → 2023-06-06,3191.4543555470495,6345.865691303295,4644.621958757764,4644.621958757765,46.06779042221294,46.06779042221297,3.552713678800501e-14
2022-06-07 → 2023-06-07,3207.6951396211684,6345.865691303295,4646.275274427903,4646.275274427903,45.841362383431495,45.841362383431495,0.0
2022-06-08 → 2023-06-08,3283.1051038089477,6345.865691303295,4647.812987915546,4647.812987915547,44.55809865383796,44.55809865383799,2.842170943040401e-14
2022-06-09 → 2023-06-09,3283.1051038089477,6345.865691303295,4649.096115791152,4649.0961157911515,44.59999314212561,44.599993142125584,-2.842170943040401e-14
2022-06-10 → 2023-06-10,3283.1051038089477,6345.865691303295,4650.572377698922,4650.572377698922,44.6481935112239,44.6481935112239,0.0
2022-06-11 → 2023-06-11,3283.1051038089477,6345.865691303295,4651.720085592628,4651.7200855926285,44.685666498776115,44.68566649877614,2.842170943040401e-14
2022-06-12 → 2023-06-12,3283.1051038089477,6345.865691303295,4652.632661305222,4652.632661305222,44.715462354068265,44.715462354068265,0.0
2022-06-13 → 2023-06-13,3283.1051038089477,6345.865691303295,4653.006234009146,4653.006234009146,44.727659608579415,44.727659608579415,0.0
2022-06-14 → 2023-06-14,3283.1051038089477,6345.865691303295,4651.64942761931,4651.64942761931,44.683359495949766,44.683359495949766,0.0
2022-06-15 → 2023-06-15,3283.1051038089477,6345.865691303295,4649.961025915717,4649.961025915718,44.62823270247833,44.62823270247836,2.842170943040401e-14
2022-06-16 → 2023-06-16,3283.1051038089477,6345.865691303295,4648.205138532321,4648.20513853232,44.570902482461605,44.57090248246157,-3.552713678800501e-14
2022-06-17 → 2023-06-17,3283.1051038089477,6345.865691303295,4645.057400780305,4645.057400780305,44.46812795398986,44.46812795398986,0.0
2022-06-18 → 2023-06-18,3283.1051038089477,6345.865691303295,4642.074033133345,4642.074033133345,44.37072015596799,44.37072015596799,0.0
2022-06-19 → 2023-06-19,3283.1051038089477,6345.865691303295,4637.907586805058,4637.907586805058,44.234684504167454,44.234684504167454,0.0
2022-06-20 → 2023-06-20,3283.1051038089477,6345.865691303295,4634.227284531101,4634.227284531102,44.114521593328654,44.11452159332868,2.842170943040401e-14
2022-06-21 → 2023-06-21,3283.1051038089477,6345.865691303295,4630.023046644104,4630.023046644104,43.97725203644057,43.97725203644057,0.0
2022-06-22 → 2023-06-22,3283.1051038089477,6345.865691303295,4625.9383659518,4625.938365951801,43.843886055796084,43.84388605579611,2.842170943040401e-14
2022-06-23 → 2023-06-23,3263.8829347280866,6345.865691303295,4621.197040524612,4621.197040524612,44.0402887686761,44.0402887686761,0.0
2022-06-24 → 2023-06-24,3263.8829347280866,6345.865691303295,4617.190047363499,4617.190047363499,43.91027528457842,43.91027528457842,0.0
2022-06-25 → 2023-06-25,3263.8829347280866,6345.865691303295,4613.329810270348,4613.329810270349,43.78502354250053,43.78502354250056,2.842170943040401e-14
2022-06-26 → 2023-06-26,3263.8829347280866,6345.865691303295,4609.633418704166,4609.633418704167,43.66508803804982,43.665088038049845,2.842170943040401e-14
2022-06-27 → 2023-06-27,3260.826008926422,6345.865691303295,4605.57325548889,4605.57325548889,43.58930143570814,43.58930143570814,0.0
2022-06-28 → 2023-06-28,3260.826008926422,6345.865691303295,4601.4824906363865,4601.4824906363865,43.456701363304795,43.456701363304795,0.0
2022-06-29 → 2023-06-29,3260.826008926422,6345.865691303295,4596.968443445066,4596.968443445066,43.3103808081072,43.3103808081072,0.0
2022-06-30 → 2023-06-30,3260.826008926422,6345.865691303295,4592.325030014414,4592.325030014414,43.15986691173244,43.15986691173244,0.0
2022-07-01 → 2023-07-01,3260.826008926422,6345.865691303295,4587.1266805559635,4587.126680555963,42.991365044863585,42.99136504486356,-2.842170943040401e-14
2022-07-02 → 2023-07-02,3260.826008926422,6345.865691303295,4581.931213022309,4581.931213022308,42.82295659412846,42.82295659412843,-3.552713678800501e-14
2022-07-03 → 2023-07-03,3211.782606989067,6345.865691303295,4576.499709976017,4576.499709976017,43.54438176247535,43.54438176247535,0.0
2022-07-04 → 2023-07-04,3211.782606989067,6345.865691303295,4571.196701769325,4571.196701769326,43.375177307327604,43.37517730732763,2.842170943040401e-14
2022-07-05 → 2023-07-05,3211.782606989067,6345.865691303295,4566.647150680106,4566.647150680106,43.23001360340448,43.23001360340448,0.0
2022-07-06 → 2023-07-06,3211.782606989067,6345.865691303295,4562.230374734565,4562.230374734565,43.08908639034983,43.08908639034983,0.0
2022-07-07 → 2023-07-07,3211.782606989067,6345.865691303295,4557.950223676966,4557.950223676967,42.952518502950134,42.95251850295016,2.842170943040401e-14
2022-07-08 → 2023-07-08,3211.782606989067,6345.865691303295,4554.359137651791,4554.359137651791,42.83793679185421,42.83793679185421,0.0
2022-07-09 → 2023-07-09,3211.782606989067,6345.865691303295,4550.892031331975,4550.892031331977,42.72731093330029,42.72731093330035,6.394884621840902e-14
2022-07-10 → 2023-07-10,3211.782606989067,6345.865691303295,4547.22327060608,4547.22327060608,42.61025083542808,42.61025083542808,0.0
2022-07-11 → 2023-07-11,3211.782606989067,6345.865691303295,4543.0313716612345,4543.0313716612345,42.47649883102763,42.47649883102763,0.0
2022-07-12 → 2023-07-12,3211.782606989067,6345.865691303295,4538.342447400987,4538.342447400988,42.32688811126991,42.32688811126994,2.842170943040401e-14
2022-07-13 → 2023-07-13,3181.1942586217287,6345.865691303295,4532.906209994675,4532.906209994675,42.71255263386319,42.71255263386319,0.0
2022-07-14 → 2023-07-14,3181.1942586217287,6345.865691303295,4528.364543213879,4528.364543213879,42.569041154791655,42.569041154791655,0.0
2022-07-15 → 2023-07-15,3181.1942586217287,6345.865691303295,4524.090851629285,4524.090851629286,42.43399738561992,42.43399738561994,2.1316282072803006e-14
2022-07-16 → 2023-07-16,3181.1942586217287,6345.865691303295,4520.007351127778,4520.007351127777,42.30496343728213,42.304963437282105,-2.842170943040401e-14
2022-07-17 → 2023-07-17,3181.1942586217287,6345.865691303295,4516.18133942594,4516.18133942594,42.18406584069985,42.18406584069985,0.0
2022-07-18 → 2023-07-18,3181.1942586217287,6345.865691303295,4512.2207637452075,4512.220763745208,42.05891617619341,42.058916176193435,2.842170943040401e-14
2022-07-19 → 2023-07-19,3181.1942586217287,6345.865691303295,4509.10564665209,4509.105646652091,41.9604820366822,41.96048203668223,2.842170943040401e-14
2022-07-20 → 2023-07-20,3181.1942586217287,6345.865691303295,4506.581885747992,4506.581885747992,41.880734076813894,41.880734076813894,0.0
2022-07-21 → 2023-07-21,3181.1942586217287,6345.865691303295,4503.977842636498,4503.977842636499,41.79844929095582,41.79844929095585,2.842170943040401e-14
2022-07-22 → 2023-07-22,3181.1942586217287,6345.865691303295,4501.368149738956,4501.368149738957,41.715985978316425,41.71598597831645,2.842170943040401e-14
2022-07-23 → 2023-07-23,3181.1942586217287,6345.865691303295,4498.422375752266,4498.422375752267,41.62290288740628,41.62290288740631,2.842170943040401e-14
2022-07-24 → 2023-07-24,3181.1942586217287,6345.865691303295,4495.6346192039255,4495.6346192039255,41.5348129669314,41.5348129669314,0.0
2022-07-25 → 2023-07-25,3181.1942586217287,6345.865691303295,4492.923716872678,4492.923716872678,41.44915155187098,41.44915155187098,0.0
2022-07-26 → 2023-07-26,3181.1942586217287,6345.865691303295,4489.52709551252,4489.527095512521,41.3418221992854,41.34182219928543,2.842170943040401e-14
2022-07-27 → 2023-07-27,3181.1942586217287,6345.865691303295,4485.984456901094,4485.984456901095,41.22987886845993,41.22987886845996,3.552713678800501e-14
2022-07-28 → 2023-07-28,3181.1942586217287,6345.865691303295,4483.372313883742,4483.372313883742,41.147338134835074,41.147338134835074,0.0
2022-07-29 → 2023-07-29,3181.1942586217287,6345.865691303295,4481.2167568019995,4481.2167568019995,41.07922499489005,41.07922499489005,0.0
2022-07-30 → 2023-07-30,3181.1942586217287,6345.865691303295,4479.145902754659,4479.145902754659,41.01378837401513,41.01378837401513,0.0
2022-07-31 → 2023-07-31,3181.1942586217287,6345.865691303295,4476.930738520556,4476.930738520556,40.94379171618749,40.94379171618749,0.0
2022-08-01 → 2023-08-01,3181.1942586217287,6345.865691303295,4474.494548397604,4474.494548397604,40.86681089290856,40.86681089290856,0.0
2022-08-02 → 2023-08-02,3181.1942586217287,6345.865691303295,4472.159237640314,4472.159237640313,40.79301774227771,40.793017742277684,-2.842170943040401e-14
2022-08-03 → 2023-08-03,3181.1942586217287,6345.865691303295,4469.655582454696,4469.655582454696,40.71390510013221,40.71390510013221,0.0
2022-08-04 → 2023-08-04,3181.1942586217287,6345.865691303295,4467.080147726147,4467.080147726147,40.63252430647532,40.63252430647532,0.0
2022-08-05 → 2023-08-05,3181.1942586217287,6345.865691303295,4464.4100256971,4464.4100256971,40.54815150235187,40.54815150235187,0.0
2022-08-06 → 2023-08-06,3181.1942586217287,6345.865691303295,4462.063870303093,4462.063870303092,40.47401567359638,40.47401567359635,-2.842170943040401e-14
2022-08-07 → 2023-08-07,3181.1942586217287,6345.865691303295,4459.551062696198,4459.551062696197,40.39461382539991,40.39461382539987,-3.552713678800501e-14
2022-08-08 → 2023-08-08,3181.1942586217287,6345.865691303295,4456.925493220289,4456.925493220289,40.31164883103132,40.31164883103132,0.0
2022-08-09 → 2023-08-09,3181.1942586217287,6345.865691303295,4454.683115748373,4454.683115748372,40.240792265993974,40.240792265993946,-2.842170943040401e-14
2022-08-10 → 2023-08-10,3181.1942586217287,6345.865691303295,4452.183065594372,4452.183065594372,40.161793538726975,40.161793538726975,0.0
2022-08-11 → 2023-08-11,3181.1942586217287,6345.865691303295,4450.055518921476,4450.055518921476,40.09456549568512,40.09456549568512,0.0
2022-08-12 → 2023-08-12,3181.1942586217287,6345.865691303295,4447.928363921767,4447.928363921767,40.02734982906832,40.02734982906832,0.0
2022-08-13 → 2023-08-13,3181.1942586217287,6345.865691303295,4446.05843600911,4446.05843600911,39.968262244387425,39.968262244387425,0.0
2022-08-14 → 2023-08-14,3181.1942586217287,6345.865691303295,4444.163250236038,4444.163250236038,39.90837654018761,39.90837654018761,0.0
2022-08-15 → 2023-08-15,3181.1942586217287,6345.865691303295,4442.29341265708,4442.29341265708,39.849291809948376,39.849291809948376,0.0
2022-08-16 → 2023-08-16,3181.1942586217287,6345.865691303295,4440.450788359068,4440.450788359067,39.79106698828179,39.79106698828176,-2.842170943040401e-14
2022-08-17 → 2023-08-17,3181.1942586217287,6345.865691303295,4439.252133475569,4439.252133475569,39.753190864045955,39.753190864045955,0.0
2022-08-18 → 2023-08-18,3181.1942586217287,6345.865691303295,4438.037581055771,4438.037581055771,39.71481239583419,39.71481239583419,0.0
2022-08-19 → 2023-08-19,3181.1942586217287,6345.865691303295,4436.742188084696,4436.742188084696,39.673879458604205,39.673879458604205,0.0
2022-08-20 → 2023-08-20,3181.1942586217287,6345.865691303295,4434.111270111151,4434.111270111151,39.590745457823715,39.590745457823715,0.0
2022-08-21 → 2023-08-21,3181.1942586217287,6345.865691303295,4431.64760562585,4431.647605625849,39.512896476098206,39.51289647609818,-2.842170943040401e-14
2022-08-22 → 2023-08-22,3181.1942586217287,6345.865691303295,4429.488777966241,4429.488777966241,39.44467998963094,39.44467998963094,0.0
2022-08-23 → 2023-08-23,3181.1942586217287,6345.865691303295,4426.990985792078,4426.990985792079,39.365752611945915,39.36575261194594,2.842170943040401e-14
2022-08-24 → 2023-08-24,3181.1942586217287,6345.865691303295,4424.760876926389,4424.76087692639,39.295283720842114,39.295283720842136,2.1316282072803006e-14
2022-08-25 → 2023-08-25,3181.1942586217287,6345.865691303295,4422.500399665624,4422.500399665623,39.223855223165515,39.22385522316549,-2.842170943040401e-14
2022-08-26 → 2023-08-26,3181.1942586217287,6345.865691303295,4420.350135295784,4420.350135295783,39.15590932686695,39.15590932686692,-2.842170943040401e-14
2022-08-27 → 2023-08-27,3181.1942586217287,6345.865691303295,4417.32886190864,4417.32886190864,39.06044054119955,39.06044054119955,0.0
2022-08-28 → 2023-08-28,3181.1942586217287,6345.865691303295,4414.1646823785595,4414.1646823785595,38.9604560847595,38.9604560847595,0.0
2022-08-29 → 2023-08-29,3181.1942586217287,6345.865691303295,4410.150374184997,4410.150374184997,38.833608534264805,38.833608534264805,0.0
2022-08-30 → 2023-08-30,3181.1942586217287,6345.865691303295,4406.680354406599,4406.680354406599,38.72395987555844,38.72395987555844,0.0
2022-08-31 → 2023-08-31,3181.1942586217287,6345.865691303295,4403.425774232272,4403.425774232272,38.621118862089645,38.621118862089645,0.0
2022-09-01 → 2023-09-01,3181.1942586217287,6345.865691303295,4400.370338208145,4400.370338208145,38.52457057614206,38.52457057614206,0.0
2022-09-02 → 2023-09-02,3181.1942586217287,6345.865691303295,4397.3429153035495,4397.342915303549,38.42890747275221,38.428907472752186,-2.1316282072803006e-14
2022-09-03 → 2023-09-03,3181.1942586217287,6345.865691303295,4394.170465976751,4394.170465976751,38.328661700188384,38.328661700188384,0.0
2022-09-04 → 2023-09-04,3181.1942586217287,6345.865691303295,4390.964216757165,4390.964216757165,38.2273478896463,38.2273478896463,0.0
2022-09-05 → 2023-09-05,3181.1942586217287,6345.865691303295,4387.874272376912,4387.874272376912,38.12970917908877,38.12970917908877,0.0
2022-09-06 → 2023-09-06,3181.1942586217287,6345.865691303295,4384.682211542646,4384.682211542646,38.02884370530524,38.02884370530524,0.0
2022-09-07 → 2023-09-07,3181.1942586217287,6345.865691303295,4380.608786061003,4380.608786061002,37.900128116079266,37.90012811607923,-3.552713678800501e-14
2022-09-08 → 2023-09-08,3181.1942586217287,6345.865691303295,4376.99417285461,4376.994172854609,37.785910470321,37.785910470320964,-3.552713678800501e-14
2022-09-09 → 2023-09-09,3181.1942586217287,6345.865691303295,4373.402883365871,4373.40288336587,37.67242982738121,37.67242982738118,-2.842170943040401e-14
2022-09-10 → 2023-09-10,3181.1942586217287,6345.865691303295,4371.190659249048,4371.190659249047,37.60252607389901,37.60252607389897,-3.552713678800501e-14
2022-09-11 → 2023-09-11,3181.1942586217287,6345.865691303295,4369.478754358883,4369.478754358884,37.548431836105905,37.548431836105934,2.842170943040401e-14
2022-09-12 → 2023-09-12,3181.1942586217287,6345.865691303295,4367.4724004629825,4367.4724004629825,37.48503334629174,37.48503334629174,0.0
2022-09-13 → 2023-09-13,3181.1942586217287,6345.865691303295,4365.673643071892,4365.673643071892,37.428194668743274,37.428194668743274,0.0
2022-09-14 → 2023-09-14,3181.1942586217287,6345.865691303295,4362.412829190697,4362.412829190697,37.3251566772627,37.3251566772627,0.0
2022-09-15 → 2023-09-15,3181.1942586217287,6345.865691303295,4359.161478343937,4359.161478343936,37.22241770685385,37.22241770685382,-2.842170943040401e-14
2022-09-16 → 2023-09-16,3181.1942586217287,6345.865691303295,4355.5787738248655,4355.578773824866,37.109208339142775,37.1092083391428,2.842170943040401e-14
2022-09-17 → 2023-09-17,3181.1942586217287,6345.865691303295,4352.048138046917,4352.048138046917,36.99764428413575,36.99764428413575,0.0
2022-09-18 → 2023-09-18,3181.1942586217287,6345.865691303295,4348.677287306078,4348.677287306078,36.8911292536644,36.8911292536644,0.0
2022-09-19 → 2023-09-19,3181.1942586217287,6345.865691303295,4344.652666613783,4344.652666613783,36.7639558399971,36.7639558399971,0.0
2022-09-20 → 2023-09-20,3181.1942586217287,6345.865691303295,4340.752368421776,4340.752368421776,36.640710875236174,36.640710875236174,0.0
2022-09-21 → 2023-09-21,3181.1942586217287,6345.865691303295,4336.55791074041,4336.55791074041,36.50817080684078,36.50817080684078,0.0
2022-09-22 → 2023-09-22,3181.1942586217287,6345.865691303295,4332.073304359064,4332.0733043590635,36.36646237117087,36.36646237117084,-2.842170943040401e-14
2022-09-23 → 2023-09-23,3181.1942586217287,6345.865691303295,4328.281081184968,4328.281081184967,36.246632453444356,36.24663245344433,-2.842170943040401e-14
2022-09-24 → 2023-09-24,3181.1942586217287,6345.865691303295,4324.538099628173,4324.538099628172,36.12835851454059,36.12835851454056,-2.842170943040401e-14
2022-09-25 → 2023-09-25,3181.1942586217287,6345.865691303295,4320.493889841012,4320.493889841011,36.00056610786619,36.00056610786616,-2.842170943040401e-14
2022-09-26 → 2023-09-26,3181.1942586217287,6345.865691303295,4316.3859766725645,4316.385976672564,35.87076074715718,35.87076074715715,-2.842170943040401e-14
2022-09-27 → 2023-09-27,3181.1942586217287,6345.865691303295,4312.530909946925,4312.530909946925,35.74894504503315,35.74894504503315,0.0
2022-09-28 → 2023-09-28,3181.1942586217287,6345.865691303295,4308.337928411032,4308.337928411032,35.61645162114744,35.61645162114744,0.0
2022-09-29 → 2023-09-29,3181.1942586217287,6345.865691303295,4304.446765706896,4304.446765706896,35.49349532736124,35.49349532736124,0.0
2022-09-30 → 2023-09-30,3181.1942586217287,6345.865691303295,4300.592355269205,4300.592355269206,35.37170036318622,35.37170036318625,2.842170943040401e-14
2022-10-01 → 2023-10-01,3181.1942586217287,6345.865691303295,4296.309552405405,4296.309552405406,35.23636868800594,35.236368688005975,3.552713678800501e-14
2022-10-02 → 2023-10-02,3181.1942586217287,6345.865691303295,4292.073233107482,4292.073233107483,35.102505840375876,35.102505840375905,2.842170943040401e-14
2022-10-03 → 2023-10-03,3181.1942586217287,6345.865691303295,4287.662041097227,4287.662041097226,34.96311721491857,34.96311721491854,-2.842170943040401e-14
2022-10-04 → 2023-10-04,3181.1942586217287,6345.865691303295,4283.574951360094,4283.574951360095,34.83396985083754,34.833969850837576,3.552713678800501e-14
2022-10-05 → 2023-10-05,3181.1942586217287,6345.865691303295,4280.104190422498,4280.1041904224985,34.7242977723477,34.724297772347725,2.842170943040401e-14
2022-10-06 → 2023-10-06,3181.1942586217287,6345.865691303295,4276.326384732044,4276.326384732045,34.60492343062488,34.604923430624915,3.552713678800501e-14
2022-10-07 → 2023-10-07,3181.1942586217287,6345.865691303295,4272.398826879992,4272.398826879992,34.480817091764806,34.480817091764806,0.0
2022-10-08 → 2023-10-08,3181.1942586217287,6345.865691303295,4268.195649994304,4268.195649994305,34.34800150647902,34.34800150647905,2.842170943040401e-14
2022-10-09 → 2023-10-09,3181.1942586217287,6345.865691303295,4264.026197256475,4264.026197256475,34.2162515657183,34.2162515657183,0.0
2022-10-10 → 2023-10-10,3181.1942586217287,6345.865691303295,4259.927527971696,4259.927527971695,34.086738301167294,34.086738301167266,-2.842170943040401e-14
2022-10-11 → 2023-10-11,3181.1942586217287,6345.865691303295,4255.847455671989,4255.84745567199,33.95781268008791,33.95781268008794,2.842170943040401e-14
2022-10-12 → 2023-10-12,3181.1942586217287,6345.865691303295,4251.714202709583,4251.714202709583,33.827206610853615,33.827206610853615,0.0
2022-10-13 → 2023-10-13,3181.1942586217287,6345.865691303295,4247.630581639303,4247.630581639303,33.69816885268042,33.69816885268042,0.0
2022-10-14 → 2023-10-14,3181.1942586217287,6345.865691303295,4243.709430423524,4243.709430423524,33.57426495620367,33.57426495620367,0.0
2022-10-15 → 2023-10-15,3181.1942586217287,6345.865691303295,4239.5332654040085,4239.5332654040085,33.44230291501391,33.44230291501391,0.0
2022-10-16 → 2023-10-16,3181.1942586217287,6345.865691303295,4234.790267712684,4234.790267712684,33.29242960929428,33.29242960929428,0.0
2022-10-17 → 2023-10-17,3181.1942586217287,6345.865691303295,4230.21479872818,4230.214798728179,33.14785001922204,33.14785001922201,-2.842170943040401e-14
2022-10-18 → 2023-10-18,3181.1942586217287,6345.865691303295,4225.889153711435,4225.889153711436,33.011164580978004,33.01116458097803,2.842170943040401e-14
2022-10-19 → 2023-10-19,3181.1942586217287,6345.865691303295,4221.285976124475,4221.285976124475,32.86570943073958,32.86570943073958,0.0
2022-10-20 → 2023-10-20,3181.1942586217287,6345.865691303295,4216.203012729355,4216.203012729355,32.70509359736651,32.70509359736651,0.0
2022-10-21 → 2023-10-21,3181.1942586217287,6345.865691303295,4210.979058886604,4210.979058886604,32.54002262700281,32.54002262700281,0.0
2022-10-22 → 2023-10-22,3181.1942586217287,6345.865691303295,4205.8422743218325,4205.8422743218325,32.377706106187276,32.377706106187276,0.0
2022-10-23 → 2023-10-23,3034.5174188335154,6345.865691303295,4199.908538335042,4199.908538335043,35.19385530028577,35.1938553002858,2.842170943040401e-14
2022-10-24 → 2023-10-24,2951.5105202628943,6345.865691303295,4194.008129405807,4194.008129405807,36.60482025403595,36.60482025403595,0.0
2022-10-25 → 2023-10-25,2899.5038696278198,6345.865691303295,4187.803931090358,4187.803931090359,37.381451168589756,37.38145116858978,2.1316282072803006e-14
2022-10-26 → 2023-10-26,2899.5038696278198,6345.865691303295,4182.200619351289,4182.200619351289,37.21886488110747,37.21886488110747,0.0
2022-10-27 → 2023-10-27,2899.5038696278198,6345.865691303295,4177.123406869282,4177.123406869282,37.07154394544499,37.07154394544499,0.0
2022-10-28 → 2023-10-28,2899.5038696278198,6345.865691303295,4171.665349330694,4171.665349330695,36.91317236924367,36.913172369243696,2.842170943040401e-14
2022-10-29 → 2023-10-29,2892.318597915702,6345.865691303295,4166.30752603096,4166.30752603096,36.88928784421465,36.88928784421465,0.0
2022-10-30 → 2023-10-30,2892.318597915702,6345.865691303295,4161.09487845351,4161.09487845351,36.73835179393088,36.73835179393088,0.0
2022-10-31 → 2023-10-31,2887.133869769527,6345.865691303295,4155.730665017335,4155.730665017335,36.67809071954157,36.67809071954157,0.0
2022-11-01 → 2023-11-01,2822.3091552635588,6345.865691303295,4150.107943912178,4150.107943912178,37.683481875985,37.683481875985,0.0
2022-11-02 → 2023-11-02,2822.3091552635588,6345.865691303295,4144.602112538619,4144.602112538619,37.52722409163433,37.52722409163433,0.0
2022-11-03 → 2023-11-03,2822.3091552635588,6345.865691303295,4138.913478713952,4138.913478713953,37.36577829769057,37.365778297690596,2.842170943040401e-14
2022-11-04 → 2023-11-04,2822.3091552635588,6345.865691303295,4133.172411394552,4133.172411394552,37.20284441935829,37.20284441935829,0.0
2022-11-05 → 2023-11-05,2822.3091552635588,6345.865691303295,4128.041483345424,4128.041483345425,37.057226547283655,37.05722654728368,2.842170943040401e-14
2022-11-06 → 2023-11-06,2822.3091552635588,6345.865691303295,4123.006553946244,4123.006553946243,36.914333156822,36.91433315682198,-2.1316282072803006e-14
2022-11-07 → 2023-11-07,2822.3091552635588,6345.865691303295,4117.677009962242,4117.677009962243,36.76307848190788,36.76307848190791,2.842170943040401e-14
2022-11-08 → 2023-11-08,2793.4603722437123,6345.865691303295,4112.02584198815,4112.02584198815,37.117540126122144,37.117540126122144,0.0
2022-11-09 → 2023-11-09,2726.6287644820013,6345.865691303295,4104.723502810806,4104.723502810806,38.07694180273407,38.07694180273407,0.0
2022-11-10 → 2023-11-10,2676.1227018244203,6337.931910887333,4094.696882620973,4094.6968826209727,38.73970760916781,38.739707609167795,-1.4210854715202004e-14
2022-11-11 → 2023-11-11,2676.1227018244203,6337.931910887333,4086.5095118025642,4086.5095118025642,38.516119476882125,38.516119476882125,0.0
2022-11-12 → 2023-11-12,2676.1227018244203,6337.931910887333,4077.732315613001,4077.732315613,38.27642385953975,38.276423859539726,-2.1316282072803006e-14
2022-11-13 → 2023-11-13,2676.1227018244203,6337.931910887333,4068.917820371564,4068.917820371564,38.03570964593132,38.03570964593132,0.0
2022-11-14 → 2023-11-14,2676.1227018244203,6337.931910887333,4059.8535039238604,4059.85350392386,37.78817308872158,37.788173088721564,-1.4210854715202004e-14
2022-11-15 → 2023-11-15,2642.667476515675,6337.931910887333,4050.6438038334963,4050.643803833497,38.10218056985232,38.10218056985234,1.4210854715202004e-14
2022-11-16 → 2023-11-16,2642.667476515675,6337.931910887333,4041.9899984232316,4041.989998423231,37.8679942060898,37.86799420608979,-7.105427357601002e-15
2022-11-17 → 2023-11-17,2642.667476515675,6337.931910887333,4033.060928887791,4033.0609288877904,37.62635873739678,37.62635873739676,-2.1316282072803006e-14
2022-11-18 → 2023-11-18,2642.667476515675,6337.931910887333,4024.145599975264,4024.145599975264,37.385095112807406,37.385095112807406,0.0
2022-11-19 → 2023-11-19,2642.667476515675,6337.931910887333,4015.0442153531512,4015.0442153531512,37.13879651134723,37.13879651134723,0.0
2022-11-20 → 2023-11-20,2642.667476515675,6337.931910887333,4005.9624358398346,4005.9624358398346,36.89302845673003,36.89302845673003,0.0
2022-11-21 → 2023-11-21,2642.667476515675,6337.931910887333,3996.7275613668053,3996.7275613668053,36.64311739794,36.64311739794,0.0
2022-11-22 → 2023-11-22,2642.667476515675,6183.187052707353,3986.7156704938793,3986.715670493879,37.96189132850143,37.961891328501416,-1.4210854715202004e-14
2022-11-23 → 2023-11-23,2642.667476515675,6168.0492102574,3977.1444574665557,3977.1444574665557,37.85340373720353,37.85340373720353,0.0
2022-11-24 → 2023-11-24,2642.667476515675,6168.0492102574,3967.9031319954793,3967.9031319954793,37.591266863269375,37.591266863269375,0.0
2022-11-25 → 2023-11-25,2642.667476515675,6168.0492102574,3958.655625227616,3958.655625227616,37.328954652385804,37.328954652385804,0.0
2022-11-26 → 2023-11-26,2642.667476515675,6168.0492102574,3949.4083669455376,3949.4083669455376,37.06664948998106,37.06664948998106,0.0
2022-11-27 → 2023-11-27,2642.667476515675,6168.0492102574,3940.1365933631996,3940.1365933631987,36.80364893337191,36.80364893337189,-2.1316282072803006e-14
2022-11-28 → 2023-11-28,2642.667476515675,6168.0492102574,3930.7358630948756,3930.7358630948756,36.53699042719232,36.53699042719232,0.0
2022-11-29 → 2023-11-29,2642.22760279978,6088.602048497233,3921.102470724773,3921.1024707247725,37.10783282767126,37.107832827671245,-1.4210854715202004e-14
2022-11-30 → 2023-11-30,2642.22760279978,6088.602048497233,3911.7309520757894,3911.7309520757894,36.835908845044145,36.835908845044145,0.0
2022-12-01 → 2023-12-01,2583.742072407147,6088.602048497233,3902.8838738380114,3902.883873838011,37.63750365007329,37.637503650073285,-7.105427357601002e-15
2022-12-02 → 2023-12-02,2534.0654464057834,6088.602048497233,3893.6988686443424,3893.6988686443424,38.25065189759379,38.25065189759379,0.0
2022-12-03 → 2023-12-03,2501.3618282727634,6088.602048497233,3884.5318847299995,3884.5318847299995,38.55805498218586,38.55805498218586,0.0
2022-12-04 → 2023-12-04,2386.048327903929,6088.602048497233,3874.8835680105894,3874.8835680105904,40.21103682644439,40.21103682644441,2.1316282072803006e-14
2022-12-05 → 2023-12-05,2269.2715086736393,6088.602048497233,3865.1260135965617,3865.1260135965617,41.78361857616626,41.78361857616626,0.0
2022-12-06 → 2023-12-06,2269.2715086736393,6088.602048497233,3855.263104965217,3855.2631049652164,41.525381994427505,41.52538199442749,-1.4210854715202004e-14
2022-12-07 → 2023-12-07,2269.2715086736393,6088.602048497233,3845.5700516415786,3845.570051641579,41.27159266609967,41.271592666099686,1.4210854715202004e-14
2022-12-08 → 2023-12-08,2262.184863561168,6088.602048497233,3835.5341253463926,3835.534125346393,41.11807954394584,41.11807954394585,1.4210854715202004e-14
2022-12-09 → 2023-12-09,2262.184863561168,6088.602048497233,3825.924552954418,3825.924552954418,40.86694194113018,40.86694194113018,0.0
2022-12-10 → 2023-12-10,2262.184863561168,6088.602048497233,3816.2278343459766,3816.2278343459766,40.61352684968079,40.61352684968079,0.0
2022-12-11 → 2023-12-11,2262.184863561168,6088.602048497233,3806.902473215816,3806.902473215816,40.36981685467885,40.36981685467885,0.0
2022-12-12 → 2023-12-12,2262.184863561168,6088.602048497233,3797.5080957344576,3797.5080957344576,40.12430317890031,40.12430317890031,0.0
2022-12-13 → 2023-12-13,2262.184863561168,6088.602048497233,3787.981908144418,3787.981908144418,39.87534476350476,39.87534476350476,0.0
2022-12-14 → 2023-12-14,2262.184863561168,6088.602048497233,3778.959736502134,3778.9597365021345,39.639558355326315,39.63955835532633,1.4210854715202004e-14
2022-12-15 → 2023-12-15,2262.184863561168,6088.602048497233,3770.127180693078,3770.127180693079,39.40872738781373,39.40872738781375,2.1316282072803006e-14
2022-12-16 → 2023-12-16,2262.184863561168,6088.602048497233,3760.848009183021,3760.8480091830215,39.166224517332495,39.1662245173325,7.105427357601002e-15
2022-12-17 → 2023-12-17,2262.184863561168,6088.602048497233,3750.9898336936885,3750.989833693689,38.90858989431902,38.90858989431904,2.1316282072803006e-14
2022-12-18 → 2023-12-18,2262.184863561168,6088.602048497233,3741.109998093853,3741.109998093853,38.65038920363818,38.65038920363818,0.0
2022-12-19 → 2023-12-19,2262.184863561168,6088.602048497233,3731.2870047445385,3731.287004744539,38.39367403447195,38.39367403447196,7.105427357601002e-15
2022-12-20 → 2023-12-20,2262.184863561168,6051.723669797238,3720.9173456113544,3720.917345611354,38.493667874562846,38.49366787456284,-7.105427357601002e-15
2022-12-21 → 2023-12-21,2262.184863561168,6051.723669797238,3710.9799849466235,3710.979984946623,38.231436474573535,38.23143647457353,-7.105427357601002e-15
2022-12-22 → 2023-12-22,2262.184863561168,6051.723669797238,3700.925461636135,3700.9254616361345,37.96611333567487,37.96611333567486,-7.105427357601002e-15
2022-12-23 → 2023-12-23,2262.184863561168,6051.723669797238,3690.918319874807,3690.918319874807,37.702040521725586,37.702040521725586,0.0
2022-12-24 → 2023-12-24,2262.184863561168,6051.723669797238,3680.975728579573,3680.975728579573,37.439671093581126,37.439671093581126,0.0
2022-12-25 → 2023-12-25,2262.184863561168,6051.723669797238,3671.011916717329,3671.011916717329,37.17674168787487,37.17674168787487,0.0
2022-12-26 → 2023-12-26,2262.184863561168,6051.723669797238,3661.2027349036616,3661.2027349036616,36.917892727217044,36.917892727217044,0.0
2022-12-27 → 2023-12-27,2262.184863561168,6051.723669797238,3651.3065453625404,3651.3065453625404,36.65674776876363,36.65674776876363,0.0
2022-12-28 → 2023-12-28,2262.184863561168,6051.723669797238,3641.3478437786384,3641.3478437786384,36.39395321530731,36.39395321530731,0.0
2022-12-29 → 2023-12-29,2262.184863561168,6051.723669797238,3631.330705641695,3631.330705641695,36.12961661264582,36.12961661264582,0.0
2022-12-30 → 2023-12-30,2262.184863561168,6051.723669797238,3621.3755182435893,3621.375518243589,35.866914793054384,35.86691479305436,-2.1316282072803006e-14
2022-12-31 → 2023-12-31,2262.184863561168,6051.723669797238,3611.381850351851,3611.3818503518505,35.6031975334424,35.60319753344239,-7.105427357601002e-15
2023-01-01 → 2024-01-01,2262.184863561168,6021.647083039849,3601.049749316081,3601.04974931608,35.61320230372128,35.61320230372126,-2.1316282072803006e-14
2023-01-02 → 2024-01-02,2225.1316811079096,5998.772393091455,3590.6767564146276,3590.676756414627,36.18640934655764,36.186409346557625,-1.4210854715202004e-14
2023-01-03 → 2024-01-03,2225.1316811079096,5998.772393091455,3580.6926479229514,3580.692647922952,35.92183438424152,35.92183438424153,7.105427357601002e-15
2023-01-04 → 2024-01-04,2225.1316811079096,5943.606991729443,3570.477010086185,3570.477010086185,36.180025859937864,36.180025859937864,0.0
2023-01-05 → 2024-01-05,2225.1316811079096,5943.606991729443,3560.4494163878403,3560.44941638784,35.910356362074005,35.91035636207399,-1.4210854715202004e-14
2023-01-06 → 2024-01-06,2225.1316811079096,5902.271862594121,3550.4312873521903,3550.4312873521903,36.04158505887112,36.04158505887112,0.0
2023-01-07 → 2024-01-07,2225.1316811079096,5902.271862594121,3540.551052109584,3540.551052109584,35.772891597241575,35.772891597241575,0.0
2023-01-08 → 2024-01-08,2128.5053474108918,5861.925872751207,3530.2402146364057,3530.240214636405,37.54559278043666,37.54559278043665,-7.105427357601002e-15
2023-01-09 → 2024-01-09,2128.5053474108918,5819.935891112184,3520.1528495530765,3520.1528495530765,37.699409095391495,37.699409095391495,0.0
2023-01-10 → 2024-01-10,2128.5053474108918,5735.946407352113,3510.0872415404433,3510.0872415404438,38.298114125031965,38.29811412503197,7.105427357601002e-15
2023-01-11 → 2024-01-11,2128.5053474108918,5607.3579589897745,3500.3061346538157,3500.306134653816,39.43256413557371,39.43256413557372,7.105427357601002e-15
2023-01-12 → 2024-01-12,2128.5053474108918,5299.500057546061,3491.3666250771603,3491.3666250771603,42.978983008400355,42.978983008400355,0.0
2023-01-13 → 2024-01-13,2128.5053474108918,5033.035651812386,3483.263860347024,3483.263860347025,46.64294639595069,46.642946395950716,2.842170943040401e-14
2023-01-14 → 2024-01-14,2128.5053474108918,4940.612187726725,3476.0351015726874,3476.0351015726874,47.91886762063606,47.91886762063606,0.0
2023-01-15 → 2024-01-15,2128.5053474108918,4940.612187726725,3469.4556260460845,3469.455626046085,47.68489800638542,47.68489800638543,1.4210854715202004e-14
2023-01-16 → 2024-01-16,2128.5053474108918,4940.612187726725,3462.6964950656647,3462.6964950656647,47.444539749596686,47.444539749596686,0.0
2023-01-17 → 2024-01-17,2128.5053474108918,4940.612187726725,3456.196942193646,3456.196942193646,47.21341222702757,47.21341222702757,0.0
2023-01-18 → 2024-01-18,2128.5053474108918,4940.612187726725,3449.91751152905,3449.9175115290504,46.99011236606315,46.99011236606317,2.1316282072803006e-14
2023-01-19 → 2024-01-19,2128.5053474108918,4940.612187726725,3443.2912484082367,3443.2912484082367,46.754478960325656,46.754478960325656,0.0
2023-01-20 → 2024-01-20,2128.5053474108918,4940.612187726725,3436.881991316451,3436.8819913164516,46.52656240324827,46.526562403248285,1.4210854715202004e-14
2023-01-21 → 2024-01-21,2128.5053474108918,4940.612187726725,3431.4026540452583,3431.402654045258,46.33171428465483,46.331714284654815,-1.4210854715202004e-14
2023-01-22 → 2024-01-22,2128.5053474108918,4940.612187726725,3426.3244000188884,3426.3244000188884,46.15112889744388,46.15112889744388,0.0
2023-01-23 → 2024-01-23,2128.5053474108918,4940.612187726725,3421.1724782111455,3421.172478211146,45.9679238451364,45.96792384513642,2.1316282072803006e-14
2023-01-24 → 2024-01-24,2128.5053474108918,4940.612187726725,3416.069652121678,3416.069652121678,45.786464662422894,45.786464662422894,0.0
2023-01-25 → 2024-01-25,2128.5053474108918,4940.612187726725,3410.8307325996248,3410.8307325996243,45.60016592558455,45.600165925584534,-1.4210854715202004e-14
2023-01-26 → 2024-01-26,2128.5053474108918,4940.612187726725,3405.5344789898745,3405.5344789898745,45.41182835839754,45.41182835839754,0.0
2023-01-27 → 2024-01-27,2128.5053474108918,4940.612187726725,3400.1456433902954,3400.145643390296,45.22019852690175,45.22019852690176,1.4210854715202004e-14
2023-01-28 → 2024-01-28,2128.5053474108918,4940.612187726725,3394.8106021172257,3394.8106021172257,45.03048164998285,45.03048164998285,0.0
2023-01-29 → 2024-01-29,2128.5053474108918,4940.612187726725,3389.257789846124,3389.257789846124,44.83302072170326,44.83302072170326,0.0
2023-01-30 → 2024-01-30,2128.5053474108918,4940.612187726725,3384.127151287912,3384.127151287912,44.65057251295612,44.65057251295612,0.0
2023-01-31 → 2024-01-31,2128.5053474108918,4940.612187726725,3378.558635141627,3378.558635141626,44.45255314660588,44.452553146605844,-3.552713678800501e-14
2023-02-01 → 2024-02-01,2128.5053474108918,4940.612187726725,3373.0971623695395,3373.0971623695395,44.25834029900746,44.25834029900746,0.0
2023-02-02 → 2024-02-02,2128.5053474108918,4940.612187726725,3367.9131079134836,3367.913107913484,44.07399259280602,44.073992592806036,1.4210854715202004e-14
2023-02-03 → 2024-02-03,2128.5053474108918,4940.612187726725,3362.645977605576,3362.6459776055754,43.886690665567855,43.88669066556784,-1.4210854715202004e-14
2023-02-04 → 2024-02-04,2128.5053474108918,4940.612187726725,3357.4098332593985,3357.409833259398,43.70049061544497,43.700490615444956,-1.4210854715202004e-14
2023-02-05 → 2024-02-05,2128.5053474108918,4940.612187726725,3352.1221665547055,3352.122166554706,43.51245840312336,43.512458403123375,1.4210854715202004e-14
2023-02-06 → 2024-02-06,2128.5053474108918,4940.612187726725,3346.559633249738,3346.559633249738,43.31465178976074,43.31465178976074,0.0
2023-02-07 → 2024-02-07,2128.5053474108918,4940.612187726725,3340.721363912337,3340.7213639123374,43.1070398578917,43.10703985789171,1.4210854715202004e-14
2023-02-08 → 2024-02-08,2128.5053474108918,4940.612187726725,3335.0051756191824,3335.005175619182,42.903769192239736,42.903769192239714,-2.1316282072803006e-14
2023-02-09 → 2024-02-09,2119.6784657802627,4940.612187726725,3328.885013423053,3328.8850134230524,42.86547174913524,42.865471749135224,-1.4210854715202004e-14
2023-02-10 → 2024-02-10,2092.361121125474,4940.612187726725,3322.0790882474957,3322.079088247496,43.17449334230969,43.1744933423097,1.4210854715202004e-14
2023-02-11 → 2024-02-11,2074.654422592821,4940.612187726725,3315.1103144091667,3315.110314409166,43.2824205194939,43.28242051949388,-1.4210854715202004e-14
2023-02-12 → 2024-02-12,2000.4079345267212,4940.612187726725,3308.0798769223575,3308.079876922358,44.475547607701635,44.47554760770166,2.1316282072803006e-14
2023-02-13 → 2024-02-13,2000.4079345267212,4940.612187726725,3301.036055567274,3301.036055567274,44.23597849112013,44.23597849112013,0.0
2023-02-14 → 2024-02-14,1928.852615572766,4940.612187726725,3293.7721932653258,3293.7721932653253,45.31967260309536,45.31967260309535,-1.4210854715202004e-14
2023-02-15 → 2024-02-15,1925.330029735177,4940.612187726725,3286.7376825433935,3286.737682543393,45.150257305108646,45.150257305108624,-2.1316282072803006e-14
2023-02-16 → 2024-02-16,1917.276703934811,4940.612187726725,3280.734489731628,3280.734489731628,45.09779986727597,45.09779986727597,0.0
2023-02-17 → 2024-02-17,1917.276703934811,4940.612187726725,3274.514033967923,3274.514033967923,44.89205175241895,44.89205175241895,0.0
2023-02-18 → 2024-02-18,1917.276703934811,4940.612187726725,3268.6500664143887,3268.6500664143887,44.69809485994139,44.69809485994139,0.0
2023-02-19 → 2024-02-19,1917.276703934811,4940.612187726725,3262.8339711355293,3262.8339711355293,44.50572139328381,44.50572139328381,0.0
2023-02-20 → 2024-02-20,1911.7515169723924,4940.612187726725,3256.8444600253288,3256.8444600253283,44.40920495421611,44.409204954216094,-1.4210854715202004e-14
2023-02-21 → 2024-02-21,1911.7515169723924,4940.612187726725,3251.1066742359044,3251.1066742359044,44.219767855150224,44.219767855150224,0.0
2023-02-22 → 2024-02-22,1911.7515169723924,4940.612187726725,3245.2359478906924,3245.2359478906924,44.02594162861238,44.02594162861238,0.0
2023-02-23 → 2024-02-23,1911.7515169723924,4940.612187726725,3239.3083313397347,3239.308331339734,43.83023713126812,43.830237131268106,-1.4210854715202004e-14
2023-02-24 → 2024-02-24,1911.7515169723924,4940.612187726725,3233.178434601219,3233.178434601219,43.627854208946744,43.627854208946744,0.0
2023-02-25 → 2024-02-25,1911.7515169723924,4940.612187726725,3226.669302043363,3226.669302043363,43.41295054498141,43.41295054498141,0.0
2023-02-26 → 2024-02-26,1833.1192094185187,4940.612187726725,3219.8804919593495,3219.8804919593495,44.626368980431835,44.626368980431835,0.0
2023-02-27 → 2024-02-27,1752.8518130268437,4940.612187726725,3213.063939352399,3213.0639393523984,45.806834726811296,45.80683472681129,-7.105427357601002e-15
2023-02-28 → 2024-02-28,1601.0056718456406,4940.612187726725,3205.8137890699845,3205.8137890699845,48.053808423024634,48.053808423024634,0.0
2023-03-01 → 2024-03-01,1599.3755572837013,4940.612187726725,3194.10249277572,3194.1024927757203,47.72864396858265,47.728643968582666,1.4210854715202004e-14
2023-03-02 → 2024-03-02,1599.3755572837013,4940.612187726725,3186.9532784841276,3186.9532784841276,47.51467485827022,47.51467485827022,0.0
2023-03-03 → 2024-03-03,1587.5172303164088,4940.612187726725,3179.6692551633023,3179.6692551633023,47.48305804248844,47.48305804248844,0.0
2023-03-04 → 2024-03-04,1468.6047803456822,4940.612187726725,3171.4794761846297,3171.4794761846297,49.04582554227431,49.04582554227431,0.0
2023-03-05 → 2024-03-05,1468.6047803456822,4940.612187726725,3163.5402057236124,3163.540205723612,48.81716040624553,48.81716040624551,-1.4210854715202004e-14
2023-03-06 → 2024-03-06,1468.6047803456822,4940.612187726725,3155.5086919703567,3155.508691970357,48.58583849903468,48.585838499034686,7.105427357601002e-15
2023-03-07 → 2024-03-07,1468.6047803456822,4940.612187726725,3147.4149967521007,3147.4149967521007,48.352725654832504,48.352725654832504,0.0
2023-03-08 → 2024-03-08,1463.1923369313529,4940.612187726725,3139.114010333572,3139.114010333572,48.19440117416061,48.19440117416061,0.0
2023-03-09 → 2024-03-09,1459.8006234184531,4940.612187726725,3130.535807929097,3130.5358079290963,47.998438112597526,47.998438112597505,-2.1316282072803006e-14
2023-03-10 → 2024-03-10,1451.7527818164933,4940.612187726725,3121.101756144357,3121.1017561443573,47.84798640781961,47.84798640781962,7.105427357601002e-15
2023-03-11 → 2024-03-11,1385.0782398168576,4857.8509431341545,3111.413652744058,3111.413652744058,49.710578848945474,49.710578848945474,0.0
2023-03-12 → 2024-03-12,1385.0782398168576,4531.863068719684,3101.9914935802717,3101.9914935802717,54.56087235434022,54.56087235434022,0.0
2023-03-13 → 2024-03-13,1368.333930422572,4140.027471070253,3093.3715231761926,3093.3715231761926,62.237674095474446,62.237674095474446,0.0
2023-03-14 → 2024-03-14,1368.333930422572,4096.714959686975,3085.9014163438633,3085.9014163438633,62.95189225767207,62.95189225767207,0.0
2023-03-15 → 2024-03-15,1368.333930422572,4096.714959686975,3078.8254034336164,3078.8254034336173,62.692543844296154,62.69254384429619,3.552713678800501e-14
2023-03-16 → 2024-03-16,1368.333930422572,3993.093729267595,3071.8269019366303,3071.82690193663,64.90090911418443,64.90090911418442,-1.4210854715202004e-14
2023-03-17 → 2024-03-17,1368.333930422572,3984.447048889108,3064.936860583392,3064.9368605833924,64.85204780270752,64.85204780270752,0.0
2023-03-18 → 2024-03-18,1368.333930422572,3984.447048889108,3059.031291084963,3059.0312910849625,64.6263094943468,64.62630949434678,-1.4210854715202004e-14
2023-03-19 → 2024-03-19,1368.333930422572,3984.447048889108,3053.331129450953,3053.331129450953,64.40842282905798,64.40842282905798,0.0
2023-03-20 → 2024-03-20,1368.333930422572,3984.447048889108,3047.6796843895095,3047.67968438951,64.1923983375499,64.19239833754992,1.4210854715202004e-14
2023-03-21 → 2024-03-21,1368.333930422572,3984.447048889108,3042.0532222702764,3042.053222270276,63.97732881018439,63.977328810184375,-1.4210854715202004e-14
2023-03-22 → 2024-03-22,1368.333930422572,3984.447048889108,3036.6734261574575,3036.6734261574575,63.77168800379708,63.77168800379708,0.0
2023-03-23 → 2024-03-23,1368.333930422572,3984.447048889108,3030.9412570125874,3030.9412570125874,63.55257786270998,63.55257786270998,0.0
2023-03-24 → 2024-03-24,1368.333930422572,3984.447048889108,3025.392171555851,3025.392171555851,63.34046603094067,63.34046603094067,0.0
2023-03-25 → 2024-03-25,1368.333930422572,3984.447048889108,3019.3611109060703,3019.3611109060703,63.10993086764025,63.10993086764025,0.0
2023-03-26 → 2024-03-26,1368.333930422572,3984.447048889108,3013.337400335634,3013.337400335634,62.879676658526876,62.879676658526876,0.0
2023-03-27 → 2024-03-27,1368.333930422572,3984.447048889108,3007.556830041857,3007.556830041857,62.658716400617045,62.658716400617045,0.0
2023-03-28 → 2024-03-28,1368.333930422572,3984.447048889108,3001.369716813563,3001.369716813563,62.42221618261726,62.42221618261726,0.0
2023-03-29 → 2024-03-29,1368.333930422572,3984.447048889108,2995.280097695561,2995.2800976955614,62.18944264255063,62.18944264255065,2.1316282072803006e-14
2023-03-30 → 2024-03-30,1368.333930422572,3984.447048889108,2989.5935230430455,2989.593523043045,61.97207533483082,61.9720753348308,-2.1316282072803006e-14
2023-03-31 → 2024-03-31,1368.333930422572,3984.447048889108,2983.6950820941,2983.6950820940997,61.74660951275648,61.74660951275646,-2.1316282072803006e-14
2023-04-01 → 2024-04-01,1368.333930422572,3984.447048889108,2978.04350510764,2978.04350510764,61.53057997846123,61.53057997846123,0.0
2023-04-02 → 2024-04-02,1368.333930422572,3984.447048889108,2972.638845322299,2972.638845322299,61.32398876697306,61.32398876697306,0.0
2023-04-03 → 2024-04-03,1368.333930422572,3984.447048889108,2967.0837598459166,2967.0837598459166,61.11164758657186,61.11164758657186,0.0
2023-04-04 → 2024-04-04,1368.333930422572,3984.447048889108,2961.2816773446884,2961.281677344688,60.88986503212983,60.889865032129805,-2.842170943040401e-14
2023-04-05 → 2024-04-05,1368.333930422572,3984.447048889108,2955.6023738185254,2955.602373818526,60.672775660646835,60.67277566064686,2.842170943040401e-14
2023-04-06 → 2024-04-06,1368.333930422572,3984.447048889108,2949.8778641296117,2949.877864129611,60.45395829955852,60.45395829955851,-1.4210854715202004e-14
2023-04-07 → 2024-04-07,1368.333930422572,3984.447048889108,2944.090109639767,2944.090109639767,60.232723428291294,60.232723428291294,0.0
2023-04-08 → 2024-04-08,1368.333930422572,3984.447048889108,2938.1362779398564,2938.136277939856,60.00514031432409,60.005140314324066,-2.1316282072803006e-14
2023-04-09 → 2024-04-09,1368.333930422572,3984.447048889108,2932.337072516284,2932.337072516283,59.78346773515932,59.78346773515929,-2.842170943040401e-14
2023-04-10 → 2024-04-10,1368.333930422572,3984.447048889108,2926.589054402007,2926.589054402007,59.563751772814165,59.563751772814165,0.0
2023-04-11 → 2024-04-11,1368.333930422572,3984.447048889108,2921.3007937202315,2921.300793720232,59.36160987595018,59.36160987595021,2.842170943040401e-14
2023-04-12 → 2024-04-12,1368.333930422572,3984.447048889108,2916.353252422671,2916.353252422671,59.172491857213274,59.172491857213274,0.0
2023-04-13 → 2024-04-13,1368.333930422572,3984.447048889108,2911.465294387007,2911.465294387007,58.985651387618844,58.985651387618844,0.0
2023-04-14 → 2024-04-14,1368.333930422572,3984.447048889108,2906.6441033870115,2906.644103387012,58.801363064382215,58.80136306438224,2.1316282072803006e-14
2023-04-15 → 2024-04-15,1368.333930422572,3984.447048889108,2901.9965503590483,2901.9965503590483,58.623711991301434,58.623711991301434,0.0
2023-04-16 → 2024-04-16,1368.333930422572,3984.447048889108,2897.288146822739,2897.288146822739,58.44373492903016,58.44373492903016,0.0
2023-04-17 → 2024-04-17,1368.333930422572,3984.447048889108,2892.7425199549402,2892.74251995494,58.269979947423586,58.269979947423565,-2.1316282072803006e-14
2023-04-18 → 2024-04-18,1368.333930422572,3984.447048889108,2887.786697888336,2887.7866978883367,58.080545399214564,58.08054539921458,1.4210854715202004e-14
2023-04-19 → 2024-04-19,1368.333930422572,3984.447048889108,2883.087118870089,2883.087118870089,57.90090565102959,57.90090565102959,0.0
2023-04-20 → 2024-04-20,1368.333930422572,3984.447048889108,2877.822888626328,2877.822888626328,57.69968230917172,57.69968230917172,0.0
2023-04-21 → 2024-04-21,1368.333930422572,3984.447048889108,2872.372075719198,2872.372075719198,57.49132691090342,57.49132691090342,0.0
2023-04-22 → 2024-04-22,1368.333930422572,3984.447048889108,2866.4584462858948,2866.458446285895,57.26528051437872,57.265280514378745,2.1316282072803006e-14
2023-04-23 → 2024-04-23,1368.333930422572,3984.447048889108,2860.771242491069,2860.7712424910687,57.04788915791631,57.04788915791629,-2.1316282072803006e-14
2023-04-24 → 2024-04-24,1368.333930422572,3984.447048889108,2855.1453635417643,2855.145363541764,56.83284192201534,56.83284192201532,-2.1316282072803006e-14
2023-04-25 → 2024-04-25,1368.333930422572,3984.447048889108,2849.46777021869,2849.46777021869,56.615817922441416,56.615817922441416,0.0
2023-04-26 → 2024-04-26,1368.333930422572,3984.447048889108,2844.1127817908114,2844.112781790812,56.41112538104941,56.41112538104943,2.1316282072803006e-14
2023-04-27 → 2024-04-27,1368.333930422572,3984.447048889108,2838.8089007453477,2838.8089007453477,56.208386401300224,56.208386401300224,0.0
2023-04-28 → 2024-04-28,1368.333930422572,3984.447048889108,2833.8880504019153,2833.8880504019153,56.020288634858204,56.020288634858204,0.0
2023-04-29 → 2024-04-29,1368.333930422572,3984.447048889108,2828.868102247055,2828.8681022470546,55.8284028895735,55.82840288957349,-1.4210854715202004e-14
2023-04-30 → 2024-04-30,1368.333930422572,3984.447048889108,2824.0371494431747,2824.0371494431747,55.64374142483103,55.64374142483103,0.0
2023-05-01 → 2024-05-01,1368.333930422572,3984.447048889108,2819.443637674983,2819.4436376749836,55.46815605981883,55.46815605981885,2.1316282072803006e-14
2023-05-02 → 2024-05-02,1368.333930422572,3984.447048889108,2814.3570338492395,2814.3570338492395,55.27372242505593,55.27372242505593,0.0
2023-05-03 → 2024-05-03,1368.333930422572,3984.447048889108,2809.18605034124,2809.18605034124,55.07606340673983,55.07606340673983,0.0
2023-05-04 → 2024-05-04,1368.333930422572,3984.447048889108,2804.0701897896543,2804.0701897896543,54.880511443964444,54.880511443964444,0.0
2023-05-05 → 2024-05-05,1368.333930422572,3984.447048889108,2798.8804092630035,2798.880409263003,54.6821339162491,54.68213391624908,-2.1316282072803006e-14
2023-05-06 → 2024-05-06,1368.333930422572,3984.447048889108,2793.9698383805257,2793.9698383805253,54.494429078571585,54.49442907857156,-2.842170943040401e-14
2023-05-07 → 2024-05-07,1368.333930422572,3984.447048889108,2788.908174201194,2788.9081742011936,54.300948752984645,54.300948752984624,-2.1316282072803006e-14
2023-05-08 → 2024-05-08,1368.333930422572,3984.447048889108,2783.895572753712,2783.8955727537113,54.109343832994774,54.10934383299476,-1.4210854715202004e-14
2023-05-09 → 2024-05-09,1368.333930422572,3984.447048889108,2778.393621519521,2778.393621519521,53.8990336902355,53.8990336902355,0.0
2023-05-10 → 2024-05-10,1368.333930422572,3984.447048889108,2773.0107862792524,2773.010786279252,53.69327671427479,53.693276714274774,-1.4210854715202004e-14
2023-05-11 → 2024-05-11,1368.333930422572,3984.447048889108,2767.63312907082,2767.63312907082,53.48771766675222,53.48771766675222,0.0
2023-05-12 → 2024-05-12,1368.333930422572,3984.447048889108,2761.9716779095597,2761.9716779095597,53.271310695612584,53.271310695612584,0.0
2023-05-13 → 2024-05-13,1368.333930422572,3984.447048889108,2756.1272557737857,2756.127255773786,53.04790972359347,53.04790972359348,7.105427357601002e-15
2023-05-14 → 2024-05-14,1368.333930422572,3984.447048889108,2750.4023514497044,2750.402351449704,52.82907727771524,52.82907727771523,-1.4210854715202004e-14
2023-05-15 → 2024-05-15,1368.333930422572,3984.447048889108,2744.3908139145046,2744.390813914505,52.599288378574535,52.59928837857456,2.842170943040401e-14
2023-05-16 → 2024-05-16,1368.333930422572,3984.447048889108,2738.5595151864663,2738.5595151864663,52.37638904418122,52.37638904418122,0.0
2023-05-17 → 2024-05-17,1368.333930422572,3984.447048889108,2732.5467879566513,2732.5467879566504,52.146554669384024,52.14655466938398,-4.263256414560601e-14
2023-05-18 → 2024-05-18,1368.333930422572,3984.447048889108,2726.6708764794885,2726.6708764794885,51.92195002841166,51.92195002841166,0.0
2023-05-19 → 2024-05-19,1368.333930422572,3984.447048889108,2720.6324155242537,2720.6324155242532,51.69113199104886,51.691131991048856,-7.105427357601002e-15
2023-05-20 → 2024-05-20,1368.333930422572,3984.447048889108,2714.3259514745373,2714.3259514745373,51.4500696300523,51.4500696300523,0.0
2023-05-21 → 2024-05-21,1368.333930422572,3984.447048889108,2708.152194911042,2708.152194911042,51.21407996584718,51.21407996584718,0.0
2023-05-22 → 2024-05-22,1368.333930422572,3984.447048889108,2701.9210475112354,2701.921047511235,50.97589655719324,50.97589655719321,-2.842170943040401e-14
2023-05-23 → 2024-05-23,1368.333930422572,3984.447048889108,2695.7974543913992,2695.7974543913992,50.74182437290536,50.74182437290536,0.0
2023-05-24 → 2024-05-24,1368.333930422572,3984.447048889108,2689.76118886257,2689.7611888625697,50.51109025494156,50.51109025494155,-7.105427357601002e-15
2023-05-25 → 2024-05-25,1368.333930422572,3984.447048889108,2683.349904978657,2683.349904978657,50.26602119280287,50.26602119280287,0.0
2023-05-26 → 2024-05-26,1368.333930422572,3984.447048889108,2677.0427699806983,2677.042769980698,50.024933185046706,50.024933185046685,-2.1316282072803006e-14
2023-05-27 → 2024-05-27,1368.333930422572,3984.447048889108,2670.77450099301,2670.7745009930104,49.78533081680651,49.78533081680652,1.4210854715202004e-14
2023-05-28 → 2024-05-28,1368.333930422572,3984.447048889108,2664.6149543872157,2664.614954387216,49.54988432321586,49.549884323215885,2.1316282072803006e-14
2023-05-29 → 2024-05-29,1368.333930422572,3984.447048889108,2658.9490185913423,2658.949018591342,49.33330592850201,49.33330592850199,-1.4210854715202004e-14
2023-05-30 → 2024-05-30,1368.333930422572,3984.447048889108,2653.1203138511573,2653.1203138511573,49.110505748378245,49.110505748378245,0.0
2023-05-31 → 2024-05-31,1368.333930422572,3984.447048889108,2647.331998254062,2647.3319982540625,48.88924942898452,48.88924942898454,2.1316282072803006e-14
2023-06-01 → 2024-06-01,1368.333930422572,3984.447048889108,2641.3448314815764,2641.344831481576,48.660392093641356,48.660392093641335,-2.1316282072803006e-14
2023-06-02 → 2024-06-02,1368.333930422572,3984.447048889108,2635.2058471163855,2635.2058471163855,48.425731584435646,48.425731584435646,0.0
2023-06-03 → 2024-06-03,1368.333930422572,3984.447048889108,2629.1670577140007,2629.1670577140003,48.19490099229655,48.19490099229654,-1.4210854715202004e-14
2023-06-04 → 2024-06-04,1368.333930422572,3984.447048889108,2622.9668109406825,2622.9668109406825,47.95789874917671,47.95789874917671,0.0
2023-06-05 → 2024-06-05,1368.333930422572,3984.447048889108,2616.7668012402137,2616.7668012402137,47.7209055680828,47.7209055680828,0.0
2023-06-06 → 2024-06-06,1368.333930422572,3984.447048889108,2610.0489895212495,2610.0489895212495,47.46411958770815,47.46411958770815,0.0
2023-06-07 → 2024-06-07,1368.333930422572,3984.447048889108,2603.966147835765,2603.966147835765,47.23160511260585,47.23160511260585,0.0
2023-06-08 → 2024-06-08,1368.333930422572,3984.447048889108,2597.5525867525553,2597.5525867525553,46.98644900532832,46.98644900532832,0.0
2023-06-09 → 2024-06-09,1368.333930422572,3984.447048889108,2591.1912112843465,2591.1912112843465,46.74328767475338,46.74328767475338,0.0
2023-06-10 → 2024-06-10,1368.333930422572,3984.447048889108,2584.8200653897015,2584.820065389702,46.49975287307861,46.499752873078634,2.1316282072803006e-14
2023-06-11 → 2024-06-11,1368.333930422572,3984.447048889108,2578.329283291991,2578.3292832919906,46.25164501979454,46.251645019794516,-2.1316282072803006e-14
2023-06-12 → 2024-06-12,1368.333930422572,3984.447048889108,2571.8061008577156,2571.806100857716,46.00229867508834,46.00229867508836,2.1316282072803006e-14
2023-06-13 → 2024-06-13,1368.333930422572,3984.447048889108,2565.3684400353773,2565.368440035377,45.756221363794104,45.75622136379408,-2.1316282072803006e-14
2023-06-14 → 2024-06-14,1368.333930422572,3984.447048889108,2558.9698060429046,2558.9698060429046,45.51163583928807,45.51163583928807,0.0
2023-06-15 → 2024-06-15,1368.333930422572,3978.509780532298,2552.228702689681,2552.2287026896806,45.35689701585971,45.356897015859694,-1.4210854715202004e-14
2023-06-16 → 2024-06-16,1368.333930422572,3978.509780532298,2545.6578524406373,2545.657852440637,45.10515726243399,45.10515726243398,-1.4210854715202004e-14
2023-06-17 → 2024-06-17,1368.333930422572,3978.509780532298,2539.4083632115735,2539.4083632115735,44.86572936224861,44.86572936224861,0.0
2023-06-18 → 2024-06-18,1368.333930422572,3978.509780532298,2533.3163858744933,2533.316385874493,44.632335993873674,44.63233599387365,-2.1316282072803006e-14
2023-06-19 → 2024-06-19,1368.333930422572,3978.509780532298,2527.1769902423202,2527.1769902423202,44.39712595498243,44.39712595498243,0.0
2023-06-20 → 2024-06-20,1368.333930422572,3978.509780532298,2521.200114585455,2521.200114585455,44.16814231556158,44.16814231556158,0.0
2023-06-21 → 2024-06-21,1368.333930422572,3978.509780532298,2515.82548185251,2515.8254818525097,43.962231563122465,43.96223156312245,-1.4210854715202004e-14
2023-06-22 → 2024-06-22,1368.333930422572,3978.509780532298,2511.0132490202955,2511.013249020295,43.77786724789779,43.777867247897774,-1.4210854715202004e-14
2023-06-23 → 2024-06-23,1368.333930422572,3978.509780532298,2506.217711677758,2506.2177116777575,43.594142563511646,43.59414256351163,-1.4210854715202004e-14
2023-06-24 → 2024-06-24,1368.333930422572,3978.509780532298,2501.846107964574,2501.846107964574,43.42665945263235,43.42665945263235,0.0
2023-06-25 → 2024-06-25,1368.333930422572,3978.509780532298,2497.340049208609,2497.3400492086093,43.254025154610794,43.25402515461081,1.4210854715202004e-14
2023-06-26 → 2024-06-26,1368.333930422572,3978.509780532298,2492.878724760451,2492.8787247604505,43.08310469927172,43.08310469927171,-1.4210854715202004e-14
2023-06-27 → 2024-06-27,1368.333930422572,3978.509780532298,2488.2984185839864,2488.2984185839864,42.90762586414757,42.90762586414757,0.0
2023-06-28 → 2024-06-28,1368.333930422572,3978.509780532298,2483.931818111715,2483.931818111715,42.7403344354077,42.7403344354077,0.0
2023-06-29 → 2024-06-29,1368.333930422572,3978.509780532298,2479.355553667462,2479.355553667462,42.56501044549107,42.56501044549107,0.0
2023-06-30 → 2024-06-30,1368.333930422572,3978.509780532298,2474.751683606397,2474.7516836063965,42.3886288403639,42.388628840363886,-1.4210854715202004e-14
2023-07-01 → 2024-07-01,1368.333930422572,3978.509780532298,2470.1497881219793,2470.149788121979,42.21232288441752,42.2123228844175,-1.4210854715202004e-14
2023-07-02 → 2024-07-02,1368.333930422572,3978.509780532298,2465.632699640465,2465.632699640465,42.03926602001796,42.03926602001796,0.0
2023-07-03 → 2024-07-03,1368.333930422572,3978.509780532298,2461.2514618814935,2461.251461881493,41.87141381347841,41.8714138134784,-1.4210854715202004e-14
2023-07-04 → 2024-07-04,1368.333930422572,3978.509780532298,2457.2455332165796,2457.2455332165796,41.7179402969433,41.7179402969433,0.0
2023-07-05 → 2024-07-05,1368.333930422572,3978.509780532298,2453.202636881632,2453.2026368816314,41.563050490006425,41.56305049000641,-1.4210854715202004e-14
2023-07-06 → 2024-07-06,1368.333930422572,3978.509780532298,2448.945263037313,2448.9452630373125,41.39994370759788,41.39994370759786,-1.4210854715202004e-14
2023-07-07 → 2024-07-07,1368.333930422572,3978.509780532298,2444.71241481277,2444.71241481277,41.237776540800866,41.237776540800866,0.0
2023-07-08 → 2024-07-08,1368.333930422572,3978.509780532298,2440.534871549959,2440.534871549959,41.077728195298185,41.077728195298185,0.0
2023-07-09 → 2024-07-09,1368.333930422572,3978.509780532298,2436.2307643456493,2436.2307643456493,40.91283098332955,40.91283098332955,0.0
2023-07-10 → 2024-07-10,1368.333930422572,3978.509780532298,2431.917809482829,2431.917809482829,40.747594803451506,40.747594803451506,0.0
2023-07-11 → 2024-07-11,1368.333930422572,3978.509780532298,2427.70776516331,2427.7077651633094,40.586301290627766,40.586301290627745,-2.1316282072803006e-14
2023-07-12 → 2024-07-12,1368.333930422572,3978.509780532298,2423.51729199562,2423.5172919956194,40.42575757984621,40.42575757984619,-2.1316282072803006e-14
2023-07-13 → 2024-07-13,1368.333930422572,3978.509780532298,2419.142588066959,2419.1425880669585,40.258155694767204,40.25815569476719,-1.4210854715202004e-14
2023-07-14 → 2024-07-14,1368.333930422572,3978.509780532298,2414.9402612921067,2414.9402612921067,40.097157853388985,40.097157853388985,0.0
2023-07-15 → 2024-07-15,1368.333930422572,3978.509780532298,2410.1598718537657,2410.1598718537653,39.914013509373234,39.91401350937322,-1.4210854715202004e-14
2023-07-16 → 2024-07-16,1368.333930422572,3978.509780532298,2405.348786462295,2405.348786462295,39.7296931544336,39.7296931544336,0.0
2023-07-17 → 2024-07-17,1368.333930422572,3978.509780532298,2400.5852693135,2400.5852693134993,39.54719521474135,39.54719521474133,-2.1316282072803006e-14
2023-07-18 → 2024-07-18,1368.333930422572,3978.509780532298,2395.804467273508,2395.8044672735077,39.36403506329827,39.36403506329825,-1.4210854715202004e-14
2023-07-19 → 2024-07-19,1368.333930422572,3978.509780532298,2390.7535502634096,2390.753550263409,39.170526376522005,39.170526376521984,-2.1316282072803006e-14
2023-07-20 → 2024-07-20,1368.333930422572,3978.509780532298,2385.7001214511815,2385.700121451181,38.976921458599875,38.97692145859986,-1.4210854715202004e-14
2023-07-21 → 2024-07-21,1368.333930422572,3978.509780532298,2380.561950595066,2380.5619505950654,38.78006993781442,38.7800699378144,-1.4210854715202004e-14
2023-07-22 → 2024-07-22,1368.333930422572,3978.509780532298,2375.4895504357773,2375.4895504357773,38.585738197327466,38.585738197327466,0.0
2023-07-23 → 2024-07-23,1368.333930422572,3978.509780532298,2370.456895511326,2370.456895511326,38.39292916018003,38.39292916018003,0.0
2023-07-24 → 2024-07-24,1368.333930422572,3978.509780532298,2365.5636797971556,2365.563679797155,38.20546226158143,38.20546226158142,-1.4210854715202004e-14
2023-07-25 → 2024-07-25,1368.333930422572,3978.509780532298,2360.3712047150907,2360.3712047150902,38.00653025928562,38.006530259285604,-1.4210854715202004e-14
2023-07-26 → 2024-07-26,1368.333930422572,3978.509780532298,2355.058730658131,2355.058730658131,37.80300090486545,37.80300090486545,0.0
2023-07-27 → 2024-07-27,1368.333930422572,3978.509780532298,2349.781092892515,2349.781092892515,37.60080618432989,37.60080618432989,0.0
2023-07-28 → 2024-07-28,1368.333930422572,3978.509780532298,2344.4471604352334,2344.4471604352334,37.39645472436762,37.39645472436762,0.0
2023-07-29 → 2024-07-29,1368.333930422572,3978.509780532298,2339.22762944943,2339.2276294494295,37.19648616724593,37.19648616724591,-2.1316282072803006e-14
2023-07-30 → 2024-07-30,1368.333930422572,3978.509780532298,2334.0639284987424,2334.063928498742,36.99865654781739,36.998656547817376,-1.4210854715202004e-14
2023-07-31 → 2024-07-31,1368.333930422572,3978.509780532298,2328.964514697312,2328.964514697312,36.80328987161372,36.80328987161372,0.0
2023-08-01 → 2024-08-01,1368.333930422572,3978.509780532298,2323.8198939241593,2323.8198939241593,36.60619124421907,36.60619124421907,0.0
2023-08-02 → 2024-08-02,1368.333930422572,3978.509780532298,2319.013243744236,2319.013243744236,36.422040809307916,36.422040809307916,0.0
2023-08-03 → 2024-08-03,1368.333930422572,3978.509780532298,2314.1533738232415,2314.153373823241,36.235851441231794,36.23585144123178,-1.4210854715202004e-14
2023-08-04 → 2024-08-04,1368.333930422572,3978.509780532298,2309.492681700079,2309.492681700079,36.05729289227555,36.05729289227555,0.0
2023-08-05 → 2024-08-05,1368.333930422572,3978.509780532298,2305.1293591780304,2305.1293591780304,35.89012704703699,35.89012704703699,0.0
2023-08-06 → 2024-08-06,1368.333930422572,3978.509780532298,2300.6122687568704,2300.6122687568704,35.71707010832652,35.71707010832652,0.0
2023-08-07 → 2024-08-07,1368.333930422572,3978.509780532298,2296.1744766163524,2296.174476616353,35.54705121322673,35.54705121322675,2.1316282072803006e-14
2023-08-08 → 2024-08-08,1368.333930422572,3978.509780532298,2291.232887384246,2291.2328873842466,35.357731048001135,35.357731048001156,2.1316282072803006e-14
2023-08-09 → 2024-08-09,1368.333930422572,3978.509780532298,2286.5703937795297,2286.5703937795292,35.17910348141322,35.17910348141321,-1.4210854715202004e-14
2023-08-10 → 2024-08-10,1368.333930422572,3978.509780532298,2281.8359994711695,2281.8359994711695,34.99772128418842,34.99772128418842,0.0
2023-08-11 → 2024-08-11,1368.333930422572,3978.509780532298,2277.2086474765088,2277.2086474765088,34.82044004873195,34.82044004873195,0.0
2023-08-12 → 2024-08-12,1368.333930422572,3978.509780532298,2272.528216096713,2272.528216096713,34.641125257370334,34.641125257370334,0.0
2023-08-13 → 2024-08-13,1368.333930422572,3978.509780532298,2267.7662588152943,2267.7662588152943,34.45868707868522,34.45868707868522,0.0
2023-08-14 → 2024-08-14,1368.333930422572,3978.509780532298,2263.093011770353,2263.0930117703533,34.27964753065075,34.27964753065076,1.4210854715202004e-14
2023-08-15 → 2024-08-15,1368.333930422572,3978.509780532298,2258.5547484960493,2258.5547484960493,34.10577942616604,34.10577942616604,0.0
2023-08-16 → 2024-08-16,1368.333930422572,3978.509780532298,2253.836887304497,2253.8368873044974,33.92503063901616,33.92503063901617,1.4210854715202004e-14
2023-08-17 → 2024-08-17,1368.333930422572,3978.509780532298,2248.9468171429166,2248.946817142917,33.73768425155438,33.7376842515544,2.1316282072803006e-14
2023-08-18 → 2024-08-18,1368.333930422572,3978.509780532298,2243.361035756696,2243.361035756696,33.52368405743007,33.52368405743007,0.0
2023-08-19 → 2024-08-19,1368.333930422572,3978.509780532298,2237.4824008548267,2237.4824008548267,33.29846417802531,33.29846417802531,0.0
2023-08-20 → 2024-08-20,1368.333930422572,3978.509780532298,2231.6488293656053,2231.6488293656057,33.07497074983441,33.07497074983442,1.4210854715202004e-14
2023-08-21 → 2024-08-21,1368.333930422572,3978.509780532298,2225.6966564912377,2225.696656491238,32.84693351341153,32.84693351341154,1.4210854715202004e-14
2023-08-22 → 2024-08-22,1368.333930422572,3978.509780532298,2219.780039329026,2219.7800393290263,32.62025847303204,32.62025847303205,1.4210854715202004e-14
2023-08-23 → 2024-08-23,1368.333930422572,3978.509780532298,2213.541665712442,2213.5416657124424,32.381256429689955,32.38125642968997,1.4210854715202004e-14
2023-08-24 → 2024-08-24,1368.333930422572,3978.509780532298,2207.496783785577,2207.4967837855775,32.14966736159667,32.14966736159669,2.1316282072803006e-14
2023-08-25 → 2024-08-25,1368.333930422572,3978.509780532298,2201.2922794728634,2201.292279472863,31.91196290530677,31.91196290530675,-1.7763568394002505e-14
2023-08-26 → 2024-08-26,1368.333930422572,3978.509780532298,2195.1549580655683,2195.1549580655683,31.67683233327895,31.67683233327895,0.0
2023-08-27 → 2024-08-27,1368.333930422572,3978.509780532298,2189.253259354099,2189.2532593540986,31.450728842542063,31.45072884254205,-1.4210854715202004e-14
2023-08-28 → 2024-08-28,1368.333930422572,3978.509780532298,2183.4183939328173,2183.418393932817,31.22718584175012,31.227185841750106,-1.4210854715202004e-14
2023-08-29 → 2024-08-29,1368.333930422572,3978.509780532298,2177.5717267760247,2177.571726776024,31.003190697647216,31.0031906976472,-1.7763568394002505e-14
2023-08-30 → 2024-08-30,1368.333930422572,3978.509780532298,2172.3321809831955,2172.332180983195,30.802455341345116,30.802455341345098,-1.7763568394002505e-14
2023-08-31 → 2024-08-31,1368.333930422572,3978.509780532298,2166.9723147922964,2166.972314792296,30.59711031868414,30.597110318684123,-1.7763568394002505e-14
2023-09-01 → 2024-09-01,1368.333930422572,3978.509780532298,2161.2253532608333,2161.2253532608333,30.37693505611624,30.37693505611624,0.0
2023-09-02 → 2024-09-02,1368.333930422572,3978.509780532298,2155.271154574626,2155.271154574626,30.148820207610648,30.148820207610648,0.0
2023-09-03 → 2024-09-03,1368.333930422572,3978.509780532298,2149.4652619566104,2149.4652619566104,29.92638720112292,29.92638720112292,0.0
2023-09-04 → 2024-09-04,1368.333930422572,3978.509780532298,2143.6653805631354,2143.665380563136,29.704184494235136,29.704184494235154,1.7763568394002505e-14
2023-09-05 → 2024-09-05,1368.333930422572,3978.509780532298,2137.959875032023,2137.959875032023,29.485597477162216,29.485597477162216,0.0
2023-09-06 → 2024-09-06,1368.333930422572,3978.509780532298,2132.4524381861747,2132.4524381861747,29.27459878733768,29.27459878733768,0.0
2023-09-07 → 2024-09-07,1368.333930422572,3978.509780532298,2126.912392836185,2126.912392836185,29.062350813709507,29.062350813709507,0.0
2023-09-08 → 2024-09-08,1368.333930422572,3978.509780532298,2121.48350105092,2121.4835010509205,28.85436131043383,28.854361310433845,1.4210854715202004e-14
2023-09-09 → 2024-09-09,1368.333930422572,3978.509780532298,2115.733945496013,2115.733945496013,28.63408666669037,28.63408666669037,0.0
2023-09-10 → 2024-09-10,1368.333930422572,3978.509780532298,2109.9365701670595,2109.9365701670595,28.41197997113153,28.41197997113153,0.0
2023-09-11 → 2024-09-11,1368.333930422572,3978.509780532298,2104.134481579674,2104.134481579673,28.189692703124596,28.189692703124564,-3.197442310920451e-14
2023-09-12 → 2024-09-12,1368.333930422572,3867.020615587954,2097.9817048198793,2097.981704819879,29.20125115042239,29.201251150422376,-1.4210854715202004e-14
2023-09-13 → 2024-09-13,1368.333930422572,3817.589774909385,2091.9459144634893,2091.9459144634893,29.544156673944126,29.544156673944126,0.0
2023-09-14 → 2024-09-14,1368.333930422572,3817.589774909385,2086.09736825128,2086.0973682512795,29.305367973066907,29.305367973066886,-2.1316282072803006e-14
2023-09-15 → 2024-09-15,1368.333930422572,3817.589774909385,2080.444975668019,2080.4449756680187,29.074587975298034,29.074587975298012,-2.1316282072803006e-14
2023-09-16 → 2024-09-16,1368.333930422572,3817.589774909385,2074.9088423621247,2074.9088423621247,28.848554695910085,28.848554695910085,0.0
2023-09-17 → 2024-09-17,1368.333930422572,3817.589774909385,2069.1715037277672,2069.171503727767,28.614306458949784,28.614306458949766,-1.7763568394002505e-14
2023-09-18 → 2024-09-18,1368.333930422572,3817.589774909385,2063.3347650068695,2063.334765006869,28.37599984292043,28.375999842920407,-2.1316282072803006e-14
2023-09-19 → 2024-09-19,1368.333930422572,3817.589774909385,2057.4796242631696,2057.479624263169,28.136941895712525,28.136941895712503,-2.1316282072803006e-14
2023-09-20 → 2024-09-20,1368.333930422572,3817.589774909385,2051.7820623066814,2051.7820623066814,27.904317689902697,27.904317689902697,0.0
2023-09-21 → 2024-09-21,1368.333930422572,3817.589774909385,2046.0398175779928,2046.0398175779928,27.669869143352766,27.669869143352766,0.0
2023-09-22 → 2024-09-22,1368.333930422572,3817.589774909385,2040.0714347574622,2040.0714347574622,27.42618766622308,27.42618766622308,0.0
2023-09-23 → 2024-09-23,1368.333930422572,3817.589774909385,2034.1227038738969,2034.1227038738966,27.183308552676987,27.183308552676984,-3.552713678800501e-15
2023-09-24 → 2024-09-24,1368.333930422572,3817.589774909385,2028.1045854871184,2028.1045854871181,26.937596435654793,26.937596435654783,-1.0658141036401503e-14
2023-09-25 → 2024-09-25,1368.333930422572,3817.589774909385,2022.059863394899,2022.059863394899,26.690798123186703,26.690798123186703,0.0
2023-09-26 → 2024-09-26,1368.333930422572,3817.589774909385,2015.8832833606261,2015.8832833606261,26.438616218704325,26.438616218704325,0.0
2023-09-27 → 2024-09-27,1368.333930422572,3797.071930895616,2009.6241911110612,2009.624191111061,26.40425853112133,26.40425853112132,-7.105427357601002e-15
2023-09-28 → 2024-09-28,1368.333930422572,3739.5283018644486,2003.4208285073046,2003.4208285073048,26.783417915189666,26.783417915189677,1.0658141036401503e-14
2023-09-29 → 2024-09-29,1368.333930422572,3739.5283018644486,1997.4939984409,1997.4939984408995,26.53346666118089,26.533466661180867,-2.1316282072803006e-14
2023-09-30 → 2024-09-30,1368.333930422572,3739.5283018644486,1991.676175059301,1991.6761750593007,26.288112528610924,26.288112528610913,-1.0658141036401503e-14
2023-10-01 → 2024-10-01,1368.333930422572,3739.5283018644486,1986.0532772224346,1986.0532772224346,26.050978959782185,26.050978959782185,0.0
2023-10-02 → 2024-10-02,1368.333930422572,3739.5283018644486,1980.7944894727682,1980.7944894727684,25.829200947274984,25.829200947274987,3.552713678800501e-15
2023-10-03 → 2024-10-03,1368.333930422572,3739.5283018644486,1975.3939607364766,1975.3939607364764,25.601445314867348,25.601445314867345,-3.552713678800501e-15
2023-10-04 → 2024-10-04,1368.333930422572,3739.5283018644486,1969.854749738312,1969.854749738312,25.36784105766779,25.36784105766779,0.0
2023-10-05 → 2024-10-05,1368.333930422572,3739.5283018644486,1964.445031357437,1964.445031357437,25.13969787185273,25.13969787185273,0.0
2023-10-06 → 2024-10-06,1368.333930422572,3739.5283018644486,1958.849619942909,1958.8496199429087,24.90372348350574,24.903723483505733,-7.105427357601002e-15
2023-10-07 → 2024-10-07,1368.333930422572,3739.5283018644486,1953.4634991129403,1953.4634991129406,24.676575473421128,24.676575473421135,7.105427357601002e-15
2023-10-08 → 2024-10-08,1368.333930422572,3739.5283018644486,1948.108501930669,1948.1085019306688,24.450740035940097,24.45074003594009,-7.105427357601002e-15
2023-10-09 → 2024-10-09,1368.333930422572,3739.5283018644486,1942.850139211506,1942.8501392115063,24.228979948176164,24.228979948176175,1.0658141036401503e-14
2023-10-10 → 2024-10-10,1368.333930422572,3739.5283018644486,1937.4992464509567,1937.4992464509564,24.00331760581426,24.00331760581425,-1.0658141036401503e-14
2023-10-11 → 2024-10-11,1368.333930422572,3739.5283018644486,1931.9242043899771,1931.9242043899771,23.768202250948203,23.768202250948203,0.0
2023-10-12 → 2024-10-12,1368.333930422572,3739.5283018644486,1926.078922116572,1926.078922116572,23.521690098937196,23.521690098937196,0.0
2023-10-13 → 2024-10-13,1368.333930422572,3725.442797957194,1920.2311229765137,1920.2311229765135,23.4141579184329,23.41415791843289,-1.0658141036401503e-14
2023-10-14 → 2024-10-14,1368.333930422572,3722.732486993116,1914.202923899059,1914.2029238990588,23.18507170135242,23.18507170135241,-1.0658141036401503e-14
2023-10-15 → 2024-10-15,1368.333930422572,3685.9148358231714,1908.1301094536873,1908.1301094536875,23.291362893663912,23.291362893663923,1.0658141036401503e-14
2023-10-16 → 2024-10-16,1368.333930422572,3530.0669011531536,1902.113757350667,1902.1137573506671,24.69221842639048,24.69221842639049,1.0658141036401503e-14
2023-10-17 → 2024-10-17,1368.333930422572,3530.0669011531536,1896.6018006817592,1896.6018006817592,24.43723981693508,24.43723981693508,0.0
2023-10-18 → 2024-10-18,1368.333930422572,3530.0669011531536,1891.0028249333284,1891.0028249333286,24.178235775999415,24.178235775999426,1.0658141036401503e-14
2023-10-19 → 2024-10-19,1368.333930422572,3485.4915319071238,1885.3701869036888,1885.3701869036886,24.421245547264448,24.421245547264437,-1.0658141036401503e-14
2023-10-20 → 2024-10-20,1368.333930422572,3366.438285136628,1879.821207094887,1879.821207094887,25.598626791717937,25.598626791717937,0.0
2023-10-21 → 2024-10-21,1368.333930422572,3341.9615646466395,1874.688648706187,1874.6886487061865,25.656041165165817,25.656041165165792,-2.4868995751603507e-14
2023-10-22 → 2024-10-22,1368.333930422572,3335.094338773462,1869.6236656652757,1869.6236656652757,25.488093674970326,25.488093674970326,0.0
2023-10-23 → 2024-10-23,1368.333930422572,3034.5174188335154,1864.62459710418,1864.62459710418,29.786075191209925,29.786075191209925,0.0
2023-10-24 → 2024-10-24,1368.333930422572,2951.5105202628943,1860.3555053602856,1860.3555053602854,31.078123444671355,31.07812344467134,-1.4210854715202004e-14
2023-10-25 → 2024-10-25,1368.333930422572,2950.1189293651382,1856.4254252899423,1856.425425289942,30.85700617932669,30.857006179326678,-1.0658141036401503e-14
2023-10-26 → 2024-10-26,1368.333930422572,2950.1189293651382,1852.5903127234744,1852.5903127234747,30.614551448182343,30.614551448182358,1.4210854715202004e-14
2023-10-27 → 2024-10-27,1368.333930422572,2950.1189293651382,1848.6258038264289,1848.6258038264284,30.363916317637052,30.36391631763702,-3.197442310920451e-14
2023-10-28 → 2024-10-28,1368.333930422572,2933.2748292840115,1844.4875578415522,1844.4875578415522,30.426300939888662,30.426300939888662,0.0
2023-10-29 → 2024-10-29,1368.333930422572,2898.962039392315,1840.244076840817,1840.244076840817,30.831143349110775,30.831143349110775,0.0
2023-10-30 → 2024-10-30,1368.333930422572,2898.962039392315,1836.1240175332007,1836.1240175332005,30.56196893087868,30.561968930878663,-1.7763568394002505e-14
2023-10-31 → 2024-10-31,1368.333930422572,2887.133869769527,1832.0971973729474,1832.0971973729474,30.53484892485457,30.53484892485457,0.0
2023-11-01 → 2024-11-01,1368.333930422572,2881.161712759552,1828.1518431758257,1828.151843175826,30.39459733102853,30.39459733102854,1.0658141036401503e-14
2023-11-02 → 2024-11-02,1368.333930422572,2881.161712759552,1824.3968232611574,1824.3968232611574,30.14638534295493,30.14638534295493,0.0
2023-11-03 → 2024-11-03,1368.333930422572,2881.161712759552,1820.5493193254767,1820.549319325477,29.89206003371602,29.89206003371604,1.7763568394002505e-14
2023-11-04 → 2024-11-04,1368.333930422572,2855.6974541619375,1816.7188544944956,1816.7188544944956,30.1462901916973,30.1462901916973,0.0
2023-11-05 → 2024-11-05,1368.333930422572,2855.6974541619375,1812.8723552819495,1812.8723552819495,29.887678282022673,29.887678282022673,0.0
2023-11-06 → 2024-11-06,1321.0731296676338,2855.6974541619375,1808.7101740121093,1808.7101740121093,31.77566239249882,31.77566239249882,0.0
2023-11-07 → 2024-11-07,1316.2692961945663,2823.3851023641114,1804.5155468786832,1804.515546878683,32.396067288620216,32.3960672886202,-1.4210854715202004e-14
2023-11-08 → 2024-11-08,1307.062297812276,2809.7240621563824,1800.383877111512,1800.383877111512,32.82984840667486,32.82984840667486,0.0
2023-11-09 → 2024-11-09,1302.0960025420998,2809.7240621563824,1796.32021397881,1796.32021397881,32.781574227475865,32.781574227475865,0.0
2023-11-10 → 2024-11-10,1243.6374487309906,2809.7240621563824,1792.2793657070088,1792.2793657070088,35.03266755955548,35.03266755955548,0.0
2023-11-11 → 2024-11-11,1125.3657635148375,2809.7240621563824,1788.0538699622962,1788.0538699622957,39.34365431523237,39.34365431523234,-2.842170943040401e-14
2023-11-12 → 2024-11-12,1125.3657635148375,2809.7240621563824,1783.7802052167397,1783.78020521674,39.089927732889215,39.08992773288923,1.4210854715202004e-14
2023-11-13 → 2024-11-13,1106.569479848316,2809.7240621563824,1779.4416698475643,1779.4416698475648,39.507405668802605,39.50740566880263,2.842170943040401e-14
2023-11-14 → 2024-11-14,1106.569479848316,2809.7240621563824,1775.1099283800852,1775.109928380085,39.25306930306833,39.253069303068315,-1.4210854715202004e-14
2023-11-15 → 2024-11-15,1097.2241010698879,2775.077235554889,1770.4437159520564,1770.4437159520562,40.12387026286458,40.12387026286457,-7.105427357601002e-15
2023-11-16 → 2024-11-16,1097.2241010698879,2775.077235554889,1766.2515605738372,1766.2515605738374,39.87401791929185,39.874017919291866,1.4210854715202004e-14
2023-11-17 → 2024-11-17,1097.2241010698879,2775.077235554889,1761.7528188540084,1761.7528188540086,39.605893038313546,39.60589303831355,7.105427357601002e-15
2023-11-18 → 2024-11-18,1097.2241010698879,2775.077235554889,1757.3097652360364,1757.3097652360366,39.34108716665209,39.3410871666521,1.4210854715202004e-14
2023-11-19 → 2024-11-19,1083.9622106839906,2775.077235554889,1752.8139490935082,1752.8139490935082,39.55093110597716,39.55093110597716,0.0
2023-11-20 → 2024-11-20,1062.0216311675938,2775.077235554889,1748.430505213244,1748.430505213244,40.06926992256954,40.06926992256954,0.0
2023-11-21 → 2024-11-21,1014.758970257484,2775.077235554889,1743.9325029652614,1743.9325029652614,41.42282376332577,41.42282376332577,0.0
2023-11-22 → 2024-11-22,1010.7304241467481,2686.060364902005,1739.1250184655119,1739.1250184655119,43.477680222822,43.477680222822,0.0
2023-11-23 → 2024-11-23,1010.7304241467481,2686.060364902005,1734.6287998417695,1734.6287998417695,43.20930212520885,43.20930212520885,0.0
2023-11-24 → 2024-11-24,1010.7304241467481,2686.060364902005,1730.106977493129,1730.106977493129,42.93939574804461,42.93939574804461,0.0
2023-11-25 → 2024-11-25,1010.7304241467481,2686.060364902005,1725.8021228759967,1725.8021228759967,42.682440117251566,42.682440117251566,0.0
2023-11-26 → 2024-11-26,1010.7304241467481,2686.060364902005,1721.559438410779,1721.559438410779,42.42919540634375,42.42919540634375,0.0
2023-11-27 → 2024-11-27,1010.7304241467481,2686.060364902005,1717.1286158055811,1717.128615805581,42.16472077973973,42.16472077973972,-1.4210854715202004e-14
2023-11-28 → 2024-11-28,1010.7304241467481,2651.6258332629036,1712.6557482719866,1712.6557482719866,42.77696922214685,42.77696922214685,0.0
2023-11-29 → 2024-11-29,1010.7304241467481,2651.6258332629036,1708.2502803500222,1708.2502803500226,42.50848971409964,42.50848971409967,2.842170943040401e-14
2023-11-30 → 2024-11-30,1010.7304241467481,2651.6258332629036,1703.8754372714288,1703.8754372714288,42.241876555558974,42.241876555558974,0.0
2023-12-01 → 2024-12-01,1010.7304241467481,2583.742072407147,1699.4458324617792,1699.4458324617792,43.783236384592875,43.783236384592875,0.0
2023-12-02 → 2024-12-02,1010.7304241467481,2534.0654464057834,1695.2521032357113,1695.2521032357113,44.93572780030025,44.93572780030025,0.0
2023-12-03 → 2024-12-03,1010.7304241467481,2526.713689303726,1691.185299982417,1691.1852999824168,44.885381750253615,44.8853817502536,-1.4210854715202004e-14
2023-12-04 → 2024-12-04,1010.7304241467481,2526.713689303726,1687.1241378609893,1687.1241378609889,44.61749210959804,44.617492109598004,-3.552713678800501e-14
2023-12-05 → 2024-12-05,1010.7304241467481,2526.713689303726,1683.433169898251,1683.433169898251,44.37402187825903,44.37402187825903,0.0
2023-12-06 → 2024-12-06,1000.469163430156,2526.713689303726,1679.9759427994948,1679.975942799495,44.52148838865859,44.521488388658604,1.4210854715202004e-14
2023-12-07 → 2024-12-07,1000.2230474567828,2526.713689303726,1676.4726488190768,1676.4726488190768,44.30093331879722,44.30093331879722,0.0
2023-12-08 → 2024-12-08,992.0734958226994,2526.713689303726,1672.880488652922,1672.8804886529215,44.362645766884754,44.36264576688472,-3.552713678800501e-14
2023-12-09 → 2024-12-09,992.0734958226994,2526.713689303726,1669.5143101948704,1669.5143101948702,44.143299338168056,44.14329933816804,-1.4210854715202004e-14
2023-12-10 → 2024-12-10,992.0734958226994,2526.713689303726,1666.0986224361907,1666.0986224361907,43.920726791639616,43.920726791639616,0.0
2023-12-11 → 2024-12-11,987.0674238606069,2526.713689303726,1662.557613106513,1662.5576131065127,43.87307684934345,43.873076849343434,-1.4210854715202004e-14
2023-12-12 → 2024-12-12,987.0674238606069,2526.713689303726,1658.6679407329227,1658.6679407329225,43.62044269168707,43.62044269168705,-1.4210854715202004e-14
2023-12-13 → 2024-12-13,987.0674238606069,2526.713689303726,1654.787084435279,1654.7870844352788,43.368381138020595,43.36838113802058,-1.4210854715202004e-14
2023-12-14 → 2024-12-14,986.5155977930698,2526.713689303726,1651.1294106763391,1651.1294106763387,43.15119052195444,43.151190521954405,-3.552713678800501e-14
2023-12-15 → 2024-12-15,956.467645851043,2526.713689303726,1647.4037350273707,1647.4037350273704,44.001772337352044,44.00177233735204,-7.105427357601002e-15
2023-12-16 → 2024-12-16,944.6824897842039,2526.713689303726,1643.486808039385,1643.4868080393846,44.171336094219555,44.17133609421953,-2.842170943040401e-14
2023-12-17 → 2024-12-17,942.3657531713039,2526.713689303726,1639.59819215965,1639.5981921596494,44.00753288386714,44.00753288386711,-3.552713678800501e-14
2023-12-18 → 2024-12-18,942.3657531713039,2526.713689303726,1635.7331694153452,1635.7331694153454,43.763582508058924,43.76358250805894,1.4210854715202004e-14
2023-12-19 → 2024-12-19,942.3657531713039,2526.713689303726,1632.1313218525997,1632.1313218525993,43.53624307834136,43.53624307834133,-2.842170943040401e-14
2023-12-20 → 2024-12-20,942.3657531713039,2526.713689303726,1628.4767369171796,1628.476736917179,43.3055750001955,43.305575000195475,-2.842170943040401e-14
2023-12-21 → 2024-12-21,942.3657531713039,2526.713689303726,1625.0343209996588,1625.034320999659,43.08829848920865,43.08829848920867,2.1316282072803006e-14
2023-12-22 → 2024-12-22,942.3657531713039,2526.713689303726,1621.6869977227198,1621.6869977227195,42.87702398311056,42.87702398311055,-1.4210854715202004e-14
2023-12-23 → 2024-12-23,942.3657531713039,2526.713689303726,1618.36985144376,1618.3698514437597,42.66765417214231,42.66765417214229,-2.1316282072803006e-14
2023-12-24 → 2024-12-24,942.3657531713039,2526.713689303726,1614.9068505131895,1614.9068505131893,42.449078387644875,42.44907838764485,-2.1316282072803006e-14
2023-12-25 → 2024-12-25,942.3657531713039,2526.713689303726,1611.3302883532326,1611.3302883532328,42.22333490804735,42.22333490804736,1.4210854715202004e-14
2023-12-26 → 2024-12-26,942.3657531713039,2526.713689303726,1607.9335206170701,1607.93352061707,42.00893959381767,42.00893959381766,-1.4210854715202004e-14
2023-12-27 → 2024-12-27,942.3657531713039,2526.713689303726,1604.4128482550088,1604.4128482550088,41.78672373568643,41.78672373568643,0.0
2023-12-28 → 2024-12-28,942.3657531713039,2526.713689303726,1601.0043390299265,1601.0043390299265,41.57158732862909,41.57158732862909,0.0
2023-12-29 → 2024-12-29,942.3657531713039,2526.713689303726,1597.5342425955646,1597.5342425955646,41.35256369403322,41.35256369403322,0.0
2023-12-30 → 2024-12-30,942.3657531713039,2526.713689303726,1593.9914057410379,1593.9914057410379,41.12894886967998,41.12894886967998,0.0
2023-12-31 → 2024-12-31,942.3657531713039,2526.713689303726,1590.4528920527641,1590.4528920527637,40.905606912552074,40.905606912552045,-2.842170943040401e-14
2024-01-01 → 2025-01-01,942.3657531713039,2526.713689303726,1586.8833856752913,1586.883385675291,40.68030877594539,40.68030877594537,-2.1316282072803006e-14
2024-01-02 → 2025-01-02,942.3657531713039,2526.713689303726,1583.51100140776,1583.51100140776,40.46745248405261,40.46745248405261,0.0
2024-01-03 → 2025-01-03,942.3657531713039,2526.713689303726,1580.2249562286959,1580.224956228696,40.26004569516975,40.26004569516976,7.105427357601002e-15
2024-01-04 → 2025-01-04,942.3657531713039,2526.713689303726,1576.6285818276467,1576.6285818276463,40.03305171745622,40.03305171745619,-2.842170943040401e-14
2024-01-05 → 2025-01-05,942.3657531713039,2526.713689303726,1573.2396397669452,1573.2396397669447,39.81915033989806,39.81915033989803,-2.842170943040401e-14
2024-01-06 → 2025-01-06,942.3657531713039,2526.713689303726,1569.7341219279426,1569.7341219279424,39.59789099660255,39.59789099660254,-1.4210854715202004e-14
2024-01-07 → 2025-01-07,942.3657531713039,2526.713689303726,1566.33963115609,1566.3396311560898,39.383639398551495,39.38363939855149,-7.105427357601002e-15
2024-01-08 → 2025-01-08,942.3657531713039,2526.713689303726,1562.9919279198314,1562.9919279198316,39.17234091039044,39.17234091039046,2.1316282072803006e-14
2024-01-09 → 2025-01-09,942.3657531713039,2526.713689303726,1560.1428178529945,1560.142817852994,38.992512351154154,38.992512351154126,-2.842170943040401e-14
2024-01-10 → 2025-01-10,942.3657531713039,2526.713689303726,1557.105643863788,1557.105643863788,38.80081367689572,38.80081367689572,0.0
2024-01-11 → 2025-01-11,942.3657531713039,2526.713689303726,1554.1658247273442,1554.1658247273442,38.61525979258795,38.61525979258795,0.0
2024-01-12 → 2025-01-12,942.3657531713039,2526.713689303726,1551.178848482657,1551.178848482657,38.426729471907336,38.426729471907336,0.0
2024-01-13 → 2025-01-13,942.3657531713039,2526.713689303726,1547.7022735508087,1547.702273550809,38.207296931077,38.207296931077025,2.1316282072803006e-14
2024-01-14 → 2025-01-14,942.3657531713039,2526.713689303726,1544.1644962548512,1544.1644962548514,37.98400145315354,37.984001453153546,7.105427357601002e-15
2024-01-15 → 2025-01-15,942.3657531713039,2526.713689303726,1540.3796705518835,1540.3796705518835,37.74511291000897,37.74511291000897,0.0
2024-01-16 → 2025-01-16,942.3657531713039,2526.713689303726,1536.6981488948807,1536.6981488948804,37.512744654713366,37.51274465471335,-1.4210854715202004e-14
2024-01-17 → 2025-01-17,942.3657531713039,2526.713689303726,1532.999125316708,1532.999125316708,37.279271722801546,37.279271722801546,0.0
2024-01-18 → 2025-01-18,942.3657531713039,2526.713689303726,1529.2262756896455,1529.2262756896453,37.04113907901673,37.04113907901671,-2.1316282072803006e-14
2024-01-19 → 2025-01-19,942.3657531713039,2526.713689303726,1525.3216482104058,1525.3216482104058,36.79468895337252,36.79468895337252,0.0
2024-01-20 → 2025-01-20,942.3657531713039,2526.713689303726,1521.4287686443424,1521.4287686443427,36.54898032603866,36.548980326038674,1.4210854715202004e-14
2024-01-21 → 2025-01-21,942.3657531713039,2526.713689303726,1517.4604323794758,1517.4604323794758,36.29850906436909,36.29850906436909,0.0
2024-01-22 → 2025-01-22,942.3657531713039,2526.713689303726,1513.5257944382663,1513.5257944382665,36.050164754923124,36.05016475492314,1.4210854715202004e-14
2024-01-23 → 2025-01-23,942.3657531713039,2516.5263834787474,1509.2563691284242,1509.2563691284245,36.01224710126329,36.012247101263306,1.4210854715202004e-14
2024-01-24 → 2025-01-24,942.3657531713039,2505.1567934795335,1505.0014273846057,1505.001427384606,36.00197721266261,36.001977212662624,1.4210854715202004e-14
2024-01-25 → 2025-01-25,942.3657531713039,2505.1567934795335,1500.8050977810199,1500.8050977810199,35.73346213320847,35.73346213320847,0.0
2024-01-26 → 2025-01-26,942.3657531713039,2388.8737129411197,1496.628776779449,1496.6287767794488,38.31731584085755,38.31731584085754,-1.4210854715202004e-14
2024-01-27 → 2025-01-27,942.3657531713039,2381.915339734976,1492.7933785483008,1492.7933785483008,38.23610041047038,38.23610041047038,0.0
2024-01-28 → 2025-01-28,942.3657531713039,2381.915339734976,1489.01919975843,1489.01919975843,37.973922655351835,37.973922655351835,0.0
2024-01-29 → 2025-01-29,942.3657531713039,2348.7250048023193,1485.1510103581916,1485.1510103581916,38.59506428086538,38.59506428086538,0.0
2024-01-30 → 2025-01-30,942.3657531713039,2348.7250048023193,1481.4416444254823,1481.4416444254825,38.33130763913906,38.33130763913908,1.4210854715202004e-14
2024-01-31 → 2025-01-31,942.3657531713039,2348.7250048023193,1477.7620384118038,1477.7620384118036,38.069667093921964,38.06966709392195,-1.4210854715202004e-14
2024-02-01 → 2025-02-01,942.3657531713039,2348.7250048023193,1474.0724905472216,1474.0724905472216,37.807319627561334,37.807319627561334,0.0
2024-02-02 → 2025-02-02,942.3657531713039,2348.7250048023193,1470.5355752791293,1470.535575279129,37.55582519155642,37.55582519155641,-1.4210854715202004e-14
2024-02-03 → 2025-02-03,942.3657531713039,2348.7250048023193,1466.9040071672337,1466.9040071672339,37.29760040953975,37.29760040953976,1.4210854715202004e-14
2024-02-04 → 2025-02-04,942.3657531713039,2348.7250048023193,1463.3493939349796,1463.3493939349796,37.044847549405915,37.044847549405915,0.0
2024-02-05 → 2025-02-05,942.3657531713039,2346.3562367939194,1459.771485677169,1459.7714856771693,36.852509938018976,36.852509938019,2.1316282072803006e-14
2024-02-06 → 2025-02-06,942.3657531713039,2320.0399387718735,1456.2005589028877,1456.2005589028877,37.29726600833329,37.29726600833329,0.0
2024-02-07 → 2025-02-07,942.3657531713039,2259.7321962169453,1452.7059416462723,1452.705941646272,38.73942525020634,38.739425250206324,-1.4210854715202004e-14
2024-02-08 → 2025-02-08,942.3657531713039,2205.9427776628186,1449.3692357441862,1449.3692357441862,40.124461963599664,40.124461963599664,0.0
2024-02-09 → 2025-02-09,942.3657531713039,2119.6784657802627,1446.1876925863414,1446.1876925863412,42.79423249397804,42.79423249397803,-1.4210854715202004e-14
2024-02-10 → 2025-02-10,942.3657531713039,2092.361121125474,1443.210245162769,1443.2102451627693,43.55187037687485,43.551870376874874,2.1316282072803006e-14
2024-02-11 → 2025-02-11,942.3657531713039,2074.654422592821,1440.3530572378666,1440.3530572378666,43.9805958953014,43.9805958953014,0.0
2024-02-12 → 2025-02-12,942.3657531713039,2014.9877142579796,1437.487377353719,1437.4873773537188,46.15993725140648,46.15993725140646,-2.1316282072803006e-14
2024-02-13 → 2025-02-13,942.3657531713039,2014.9877142579796,1434.8592808032752,1434.859280803275,45.91492114640511,45.91492114640509,-2.1316282072803006e-14
2024-02-14 → 2025-02-14,942.3657531713039,1968.9247297129186,1432.1659701632225,1432.1659701632225,47.712818082991355,47.712818082991355,0.0
2024-02-15 → 2025-02-15,942.3657531713039,1968.9247297129186,1429.7025191800774,1429.7025191800776,47.47284638731302,47.47284638731304,2.1316282072803006e-14
2024-02-16 → 2025-02-16,942.3657531713039,1968.9247297129186,1427.2893384449035,1427.2893384449035,47.237771658016534,47.237771658016534,0.0
2024-02-17 → 2025-02-17,942.3657531713039,1968.9247297129186,1424.9096873142043,1424.9096873142041,47.005963141888614,47.00596314188859,-2.1316282072803006e-14
2024-02-18 → 2025-02-18,942.3657531713039,1968.9247297129186,1422.491583239768,1422.491583239768,46.77040881625379,46.77040881625379,0.0
2024-02-19 → 2025-02-19,942.3657531713039,1968.9247297129186,1420.0857706420231,1420.0857706420231,46.53605183796795,46.53605183796795,0.0
2024-02-20 → 2025-02-20,942.3657531713039,1968.9247297129186,1417.5953555347135,1417.5953555347132,46.29345349104203,46.29345349104201,-2.1316282072803006e-14
2024-02-21 → 2025-02-21,942.3657531713039,1968.9247297129186,1415.2231043219888,1415.2231043219888,46.062365821757155,46.062365821757155,0.0
2024-02-22 → 2025-02-22,942.3657531713039,1968.9247297129186,1412.7777536713802,1412.7777536713802,45.824157330429486,45.824157330429486,0.0
2024-02-23 → 2025-02-23,942.3657531713039,1968.9247297129186,1410.3010886115342,1410.301088611534,45.58289841433781,45.58289841433779,-2.1316282072803006e-14
2024-02-24 → 2025-02-24,942.3657531713039,1938.8022905793323,1407.9021076242543,1407.9021076242543,46.7201208482301,46.7201208482301,0.0
2024-02-25 → 2025-02-25,942.3657531713039,1932.4986355847361,1405.6887772893515,1405.6887772893515,46.79402455443208,46.79402455443208,0.0
2024-02-26 → 2025-02-26,942.3657531713039,1857.3912301252,1403.6673852638544,1403.6673852638544,50.41407520457414,50.41407520457414,0.0
2024-02-27 → 2025-02-27,942.3657531713039,1857.3912301252,1401.892341224189,1401.8923412241888,50.22008672180813,50.22008672180811,-2.1316282072803006e-14
2024-02-28 → 2025-02-28,942.3657531713039,1857.3912301252,1400.3505959179122,1400.3505959179122,50.05159465846042,50.05159465846042,0.0
2024-02-29 → 2025-02-28,942.3657531713039,1857.3912301252,1399.8023580055415,1399.8023580055412,49.99167961498034,49.99167961498031,-2.842170943040401e-14
2024-03-01 → 2025-03-01,942.3657531713039,1857.3912301252,1398.5348603465145,1398.5348603465143,49.85315913757829,49.85315913757826,-2.842170943040401e-14
2024-03-02 → 2025-03-02,942.3657531713039,1857.3912301252,1397.0615132007847,1397.0615132007847,49.692142074902115,49.692142074902115,0.0
2024-03-03 → 2025-03-03,942.3657531713039,1857.3912301252,1395.823592805762,1395.823592805762,49.556853995367575,49.556853995367575,0.0
2024-03-04 → 2025-03-04,942.3657531713039,1857.3912301252,1394.6149790844238,1394.6149790844238,49.42476874181139,49.42476874181139,0.0
2024-03-05 → 2025-03-05,942.3657531713039,1857.3912301252,1393.6174697249635,1393.6174697249635,49.315754360836884,49.315754360836884,0.0
2024-03-06 → 2025-03-06,942.3657531713039,1857.3912301252,1392.3733916537592,1392.3733916537594,49.179793329965285,49.17979332996531,2.1316282072803006e-14
2024-03-07 → 2025-03-07,942.3657531713039,1857.3912301252,1391.3968326853017,1391.3968326853017,49.0730685454589,49.0730685454589,0.0
2024-03-08 → 2025-03-08,942.3657531713039,1857.3912301252,1390.4938499630375,1390.4938499630373,48.974384656867066,48.97438465686704,-2.842170943040401e-14
2024-03-09 → 2025-03-09,942.3657531713039,1857.3912301252,1389.883924134565,1389.8839241345647,48.90772795234524,48.90772795234521,-2.842170943040401e-14
2024-03-10 → 2025-03-10,942.3657531713039,1857.3912301252,1389.35366913186,1389.35366913186,48.84977819946293,48.84977819946293,0.0
2024-03-11 → 2025-03-11,942.3657531713039,1857.3912301252,1388.6890459239942,1388.689045923994,48.777143805710494,48.777143805710466,-2.842170943040401e-14
2024-03-12 → 2025-03-12,942.3657531713039,1857.3912301252,1388.1717307707042,1388.1717307707042,48.72060820464591,48.72060820464591,0.0
2024-03-13 → 2025-03-13,942.3657531713039,1857.3912301252,1387.715366501989,1387.7153665019887,48.67073371697213,48.6707337169721,-2.842170943040401e-14
2024-03-14 → 2025-03-14,942.3657531713039,1857.3912301252,1387.2253234386894,1387.2253234386894,48.617178589203355,48.617178589203355,0.0
2024-03-15 → 2025-03-15,942.3657531713039,1857.3912301252,1386.6433500852397,1386.6433500852397,48.553576714926905,48.553576714926905,0.0
2024-03-16 → 2025-03-16,942.3657531713039,1857.3912301252,1386.0199406805114,1386.0199406805114,48.485446436543434,48.485446436543434,0.0
2024-03-17 → 2025-03-17,942.3657531713039,1857.3912301252,1385.0964806916916,1385.0964806916913,48.384524657633634,48.38452465763361,-2.1316282072803006e-14
2024-03-18 → 2025-03-18,942.3657531713039,1857.3912301252,1384.3998194633466,1384.3998194633468,48.30838893836775,48.30838893836777,2.1316282072803006e-14
2024-03-19 → 2025-03-19,942.3657531713039,1857.3912301252,1383.5169122036195,1383.5169122036195,48.21189902830904,48.21189902830904,0.0
2024-03-20 → 2025-03-20,942.3657531713039,1857.3912301252,1382.3557253570843,1382.3557253570839,48.08499689544157,48.08499689544152,-4.973799150320701e-14
2024-03-21 → 2025-03-21,942.3657531713039,1857.3912301252,1381.5787113353088,1381.5787113353085,48.00007969462633,48.0000796946263,-2.842170943040401e-14
2024-03-22 → 2025-03-22,942.3657531713039,1857.3912301252,1380.6640719464929,1380.6640719464929,47.900121888876406,47.900121888876406,0.0
2024-03-23 → 2025-03-23,942.3657531713039,1857.3912301252,1379.5462970772908,1379.5462970772905,47.77796410230601,47.77796410230598,-2.842170943040401e-14
2024-03-24 → 2025-03-24,942.3657531713039,1857.3912301252,1378.4300380231916,1378.4300380231916,47.65597197397586,47.65597197397586,0.0
2024-03-25 → 2025-03-25,942.3657531713039,1857.3912301252,1377.4949322706802,1377.4949322706802,47.55377746944421,47.55377746944421,0.0
2024-03-26 → 2025-03-26,942.3657531713039,1857.3912301252,1376.7404862671278,1376.7404862671278,47.471326650034904,47.471326650034904,0.0
2024-03-27 → 2025-03-27,942.3657531713039,1857.3912301252,1375.9741396267598,1375.9741396267596,47.38757525079308,47.387575250793056,-2.1316282072803006e-14
2024-03-28 → 2025-03-28,942.3657531713039,1857.3912301252,1375.2704278242245,1375.2704278242245,47.31066899842534,47.31066899842534,0.0
2024-03-29 → 2025-03-29,942.3657531713039,1857.3912301252,1374.724716501155,1374.724716501155,47.25103007723528,47.25103007723528,0.0
2024-03-30 → 2025-03-30,942.3657531713039,1857.3912301252,1374.1401124573924,1374.1401124573922,47.18714070382584,47.18714070382582,-2.1316282072803006e-14
2024-03-31 → 2025-03-31,942.3657531713039,1857.3912301252,1373.531385322588,1373.531385322588,47.12061500042894,47.12061500042894,0.0
2024-04-01 → 2025-04-01,942.3657531713039,1857.3912301252,1372.9012977621273,1372.9012977621273,47.05175488928119,47.05175488928119,0.0
2024-04-02 → 2025-04-02,942.3657531713039,1857.3912301252,1372.2960184905278,1372.296018490528,46.985605991043464,46.985605991043485,2.1316282072803006e-14
2024-04-03 → 2025-04-03,942.3657531713039,1857.3912301252,1371.421374732877,1371.421374732877,46.89001917082044,46.89001917082044,0.0
2024-04-04 → 2025-04-04,942.3657531713039,1857.3912301252,1370.5512030663022,1370.5512030663022,46.79492109011217,46.79492109011217,0.0
2024-04-05 → 2025-04-05,942.3657531713039,1857.3912301252,1369.83884033581,1369.83884033581,46.71706940746135,46.71706940746135,0.0
2024-04-06 → 2025-04-06,942.3657531713039,1857.3912301252,1369.320373306805,1369.320373306805,46.66040792184559,46.66040792184559,0.0
2024-04-07 → 2025-04-07,942.3657531713039,1857.3912301252,1368.8085621719872,1368.8085621719874,46.60447383610607,46.604473836106095,2.842170943040401e-14
2024-04-08 → 2025-04-08,942.3657531713039,1857.3912301252,1368.449707107741,1368.449707107741,46.56525579537557,46.56525579537557,0.0
2024-04-09 → 2025-04-09,942.3657531713039,1857.3912301252,1367.9427055049246,1367.9427055049246,46.509847326913665,46.509847326913665,0.0
2024-04-10 → 2025-04-10,942.3657531713039,1857.3912301252,1367.4214435997974,1367.4214435997974,46.452880398860195,46.452880398860195,0.0
2024-04-11 → 2025-04-11,942.3657531713039,1857.3912301252,1366.8279312432894,1366.8279312432892,46.38801746646581,46.38801746646579,-2.1316282072803006e-14
2024-04-12 → 2025-04-12,942.3657531713039,1857.3912301252,1366.1315753207577,1366.1315753207575,46.31191511302645,46.31191511302643,-2.1316282072803006e-14
2024-04-13 → 2025-04-13,942.3657531713039,1857.3912301252,1365.3290118236112,1365.329011823611,46.224205697566425,46.224205697566404,-2.1316282072803006e-14
2024-04-14 → 2025-04-14,942.3657531713039,1857.3912301252,1364.3263867873166,1364.3263867873166,46.114632241794205,46.114632241794205,0.0
2024-04-15 → 2025-04-15,942.3657531713039,1857.3912301252,1363.4299262723814,1363.4299262723812,46.01666114289984,46.01666114289982,-2.1316282072803006e-14
2024-04-16 → 2025-04-16,942.3657531713039,1857.3912301252,1362.3667549599552,1362.3667549599552,45.90047079200759,45.90047079200759,0.0
2024-04-17 → 2025-04-17,942.3657531713039,1857.3912301252,1361.29987627134,1361.29987627134,45.78387527467109,45.78387527467109,0.0
2024-04-18 → 2025-04-18,942.3657531713039,1857.3912301252,1360.0803928058115,1360.0803928058112,45.65060210400614,45.65060210400612,-2.1316282072803006e-14
2024-04-19 → 2025-04-19,942.3657531713039,1857.3912301252,1358.9880301696357,1358.9880301696357,45.5312215333348,45.5312215333348,0.0
2024-04-20 → 2025-04-20,942.3657531713039,1857.3912301252,1357.9135692576679,1357.9135692576676,45.41379738078062,45.4137973807806,-2.1316282072803006e-14
2024-04-21 → 2025-04-21,942.3657531713039,1857.3912301252,1356.8317028703598,1356.83170287036,45.295563909193625,45.29556390919365,2.842170943040401e-14
2024-04-22 → 2025-04-22,942.3657531713039,1857.3912301252,1355.5485175766948,1355.5485175766948,45.155328983939235,45.155328983939235,0.0
2024-04-23 → 2025-04-23,942.3657531713039,1857.3912301252,1354.3832493448565,1354.3832493448567,45.027980810452576,45.027980810452604,2.842170943040401e-14
2024-04-24 → 2025-04-24,942.3657531713039,1857.3912301252,1353.1788063609827,1353.178806360983,44.89635136250722,44.89635136250724,2.1316282072803006e-14
2024-04-25 → 2025-04-25,942.3657531713039,1857.3912301252,1351.8052945383229,1351.805294538323,44.74624496030821,44.74624496030823,2.1316282072803006e-14
2024-04-26 → 2025-04-26,942.3657531713039,1857.3912301252,1350.4555939952052,1350.4555939952052,44.59874081128595,44.59874081128595,0.0
2024-04-27 → 2025-04-27,942.3657531713039,1857.3912301252,1349.0840092146718,1349.084009214672,44.44884500891996,44.44884500891998,2.1316282072803006e-14
2024-04-28 → 2025-04-28,942.3657531713039,1857.3912301252,1347.6505183144282,1347.6505183144282,44.292183698787284,44.292183698787284,0.0
2024-04-29 → 2025-04-29,942.3657531713039,1857.3912301252,1346.2156157236946,1346.215615723695,44.135368109836655,44.135368109836705,4.973799150320701e-14
2024-04-30 → 2025-04-30,942.3657531713039,1857.3912301252,1344.8397073354395,1344.8397073354397,43.98499979519306,43.98499979519308,2.1316282072803006e-14
2024-05-01 → 2025-05-01,942.3657531713039,1857.3912301252,1343.1676899193262,1343.1676899193262,43.80227073920225,43.80227073920225,0.0
2024-05-02 → 2025-05-02,942.3657531713039,1857.3912301252,1341.2897529406655,1341.2897529406655,43.597037439588306,43.597037439588306,0.0
2024-05-03 → 2025-05-03,942.3657531713039,1857.3912301252,1339.519906933263,1339.519906933263,43.40361703196268,43.40361703196268,0.0
2024-05-04 → 2025-05-04,942.3657531713039,1857.3912301252,1338.076895532172,1338.076895532172,43.245915258904446,43.245915258904446,0.0
2024-05-05 → 2025-05-05,942.3657531713039,1857.3912301252,1336.6803034924064,1336.6803034924064,43.09328649883813,43.09328649883813,0.0
2024-05-06 → 2025-05-06,942.3657531713039,1857.3912301252,1335.2418085415575,1335.2418085415575,42.936078313155946,42.936078313155946,0.0
2024-05-07 → 2025-05-07,942.3657531713039,1857.3912301252,1333.7333239839118,1333.7333239839118,42.77122120309302,42.77122120309302,0.0
2024-05-08 → 2025-05-08,942.3657531713039,1857.3912301252,1332.0053939136556,1332.0053939136556,42.58238164465706,42.58238164465706,0.0
2024-05-09 → 2025-05-09,942.3657531713039,1857.3912301252,1330.186310659983,1330.186310659983,42.38358026704645,42.38358026704645,0.0
2024-05-10 → 2025-05-10,942.3657531713039,1857.3912301252,1328.4618307447658,1328.4618307447658,42.195117764236365,42.195117764236365,0.0
2024-05-11 → 2025-05-11,942.3657531713039,1857.3912301252,1326.6029030334432,1326.6029030334435,41.991961922334454,41.99196192233448,2.842170943040401e-14
2024-05-12 → 2025-05-12,942.3657531713039,1857.3912301252,1324.7670253693136,1324.7670253693136,41.79132514113343,41.79132514113343,0.0
2024-05-13 → 2025-05-13,942.3657531713039,1857.3912301252,1322.942866400309,1322.9428664003087,41.59196905598078,41.591969055980755,-2.842170943040401e-14
2024-05-14 → 2025-05-14,942.3657531713039,1857.3912301252,1321.2361721569002,1321.2361721569,41.405450288318676,41.40545028831865,-2.842170943040401e-14
2024-05-15 → 2025-05-15,942.3657531713039,1857.3912301252,1319.4318560835718,1319.4318560835718,41.208262765263584,41.208262765263584,0.0
2024-05-16 → 2025-05-16,942.3657531713039,1857.3912301252,1317.9478382275522,1317.9478382275518,41.04607953721185,41.046079537211796,-5.684341886080802e-14
2024-05-17 → 2025-05-17,942.3657531713039,1857.3912301252,1316.4095075147886,1316.4095075147889,40.87796064309268,40.8779606430927,2.1316282072803006e-14
2024-05-18 → 2025-05-18,942.3657531713039,1857.3912301252,1314.9060876032388,1314.9060876032388,40.713657030852865,40.713657030852865,0.0
2024-05-19 → 2025-05-19,942.3657531713039,1857.3912301252,1313.4137141314725,1313.4137141314725,40.550560646177935,40.550560646177935,0.0
2024-05-20 → 2025-05-20,935.5120639280841,1857.3912301252,1311.8462109734069,1311.8462109734069,40.82250264942587,40.82250264942587,0.0
2024-05-21 → 2025-05-21,911.5366811731703,1857.3912301252,1310.4994507171264,1310.4994507171264,42.18013964049667,42.18013964049667,0.0
2024-05-22 → 2025-05-22,897.0459084351565,1857.3912301252,1309.059271839629,1309.0592718396292,42.9026261802785,42.90262618027853,2.842170943040401e-14
2024-05-23 → 2025-05-23,897.0459084351565,1857.3912301252,1307.6503465139053,1307.6503465139053,42.755915898684776,42.755915898684776,0.0
2024-05-24 → 2025-05-24,897.0459084351565,1857.3912301252,1306.149829215401,1306.1498292154008,42.59966821729204,42.59966821729202,-2.1316282072803006e-14
2024-05-25 → 2025-05-25,897.0459084351565,1857.3912301252,1304.6760954921422,1304.6760954921422,42.446209488439656,42.446209488439656,0.0
2024-05-26 → 2025-05-26,897.0459084351565,1857.3912301252,1303.2306066473566,1303.2306066473566,42.295691876478806,42.295691876478806,0.0
2024-05-27 → 2025-05-27,897.0459084351565,1857.3912301252,1301.7438475237755,1301.7438475237755,42.14087682297652,42.14087682297652,0.0
2024-05-28 → 2025-05-28,897.0459084351565,1857.3912301252,1300.336243852706,1300.3362438527058,41.99430416423829,41.99430416423826,-2.842170943040401e-14
2024-05-29 → 2025-05-29,897.0459084351565,1857.3912301252,1298.9224935966552,1298.9224935966552,41.84709146645964,41.84709146645964,0.0
2024-05-30 → 2025-05-30,897.0459084351565,1857.3912301252,1297.5074033479068,1297.507403347907,41.69973923629956,41.69973923629958,2.1316282072803006e-14
2024-05-31 → 2025-05-31,897.0459084351565,1857.3912301252,1296.1208334042235,1296.1208334042237,41.555356802984505,41.555356802984534,2.842170943040401e-14
2024-06-01 → 2025-06-01,897.0459084351565,1857.3912301252,1294.6494012997885,1294.6494012997882,41.40213773988275,41.402137739882725,-2.1316282072803006e-14
2024-06-02 → 2025-06-02,897.0459084351565,1857.3912301252,1293.1944777379347,1293.1944777379347,41.25063769828382,41.25063769828382,0.0
2024-06-03 → 2025-06-03,897.0459084351565,1857.3912301252,1291.7551451501581,1291.7551451501583,41.10076113250397,41.10076113250399,2.1316282072803006e-14
2024-06-04 → 2025-06-04,897.0459084351565,1857.3912301252,1290.393313313578,1290.3933133135781,40.95895465874683,40.958954658746855,2.1316282072803006e-14
2024-06-05 → 2025-06-05,897.0459084351565,1857.3912301252,1289.2081489791512,1289.2081489791512,40.835544432481456,40.835544432481456,0.0
2024-06-06 → 2025-06-06,897.0459084351565,1857.3912301252,1287.9812175707518,1287.9812175707516,40.707785033785136,40.707785033785115,-2.1316282072803006e-14
2024-06-07 → 2025-06-07,897.0459084351565,1857.3912301252,1286.7067558792428,1286.7067558792428,40.575076344241445,40.575076344241445,0.0
2024-06-08 → 2025-06-08,897.0459084351565,1857.3912301252,1285.350521522981,1285.3505215229811,40.43385273168975,40.43385273168977,2.1316282072803006e-14
2024-06-09 → 2025-06-09,897.0459084351565,1857.3912301252,1283.8878581496565,1283.8878581496565,40.28154674963421,40.28154674963421,0.0
2024-06-10 → 2025-06-10,897.0459084351565,1857.3912301252,1282.4468889909047,1282.4468889909044,40.131499769011036,40.131499769011015,-2.1316282072803006e-14
2024-06-11 → 2025-06-11,897.0459084351565,1857.3912301252,1281.0284949496881,1281.0284949496881,39.983803517550115,39.983803517550115,0.0
2024-06-12 → 2025-06-12,897.0459084351565,1857.3912301252,1279.5504260459686,1279.5504260459686,39.82989336977969,39.82989336977969,0.0
2024-06-13 → 2025-06-13,897.0459084351565,1857.3912301252,1278.1220027756308,1278.1220027756308,39.681152782610056,39.681152782610056,0.0
2024-06-14 → 2025-06-14,897.0459084351565,1857.3912301252,1276.6214203608865,1276.621420360887,39.52489832071468,39.524898320714726,4.973799150320701e-14
2024-06-15 → 2025-06-15,897.0459084351565,1857.3912301252,1275.0700317456951,1275.0700317456954,39.36335344928643,39.36335344928645,2.1316282072803006e-14
2024-06-16 → 2025-06-16,897.0459084351565,1857.3912301252,1273.490773709874,1273.4907737098738,39.198906557095405,39.198906557095384,-2.1316282072803006e-14
2024-06-17 → 2025-06-17,897.0459084351565,1857.3912301252,1272.0010778605183,1272.0010778605183,39.04378570465724,39.04378570465724,0.0
2024-06-18 → 2025-06-18,897.0459084351565,1857.3912301252,1270.498216500307,1270.498216500307,38.88729393796997,38.88729393796997,0.0
2024-06-19 → 2025-06-19,897.0459084351565,1857.3912301252,1268.911355462624,1268.9113554626238,38.72205535119886,38.72205535119884,-2.1316282072803006e-14
2024-06-20 → 2025-06-20,897.0459084351565,1857.3912301252,1267.3456487959347,1267.3456487959345,38.55901955237455,38.55901955237453,-2.1316282072803006e-14
2024-06-21 → 2025-06-21,897.0459084351565,1857.3912301252,1265.826160936588,1265.8261609365882,38.400796481461605,38.40079648146163,2.842170943040401e-14
2024-06-22 → 2025-06-22,897.0459084351565,1857.3912301252,1264.2706576115565,1264.2706576115565,38.23882314854695,38.23882314854695,0.0
2024-06-23 → 2025-06-23,897.0459084351565,1857.3912301252,1262.608558005934,1262.6085580059334,38.06575002910928,38.06575002910923,-4.973799150320701e-14
2024-06-24 → 2025-06-24,897.0459084351565,1857.3912301252,1260.873749633798,1260.873749633798,37.8851058032299,37.8851058032299,0.0
2024-06-25 → 2025-06-25,897.0459084351565,1857.3912301252,1258.8858209040802,1258.88582090408,37.67810435439486,37.67810435439484,-2.1316282072803006e-14
2024-06-26 → 2025-06-26,897.0459084351565,1857.3912301252,1257.0135891818722,1257.0135891818722,37.48315034359038,37.48315034359038,0.0
2024-06-27 → 2025-06-27,897.0459084351565,1857.3912301252,1255.0706912457156,1255.0706912457154,37.2808379157298,37.28083791572977,-2.842170943040401e-14
2024-06-28 → 2025-06-28,897.0459084351565,1857.3912301252,1253.1780591233662,1253.1780591233662,37.083759627367996,37.083759627367996,0.0
2024-06-29 → 2025-06-29,897.0459084351565,1857.3912301252,1251.1686559681962,1251.1686559681962,36.87452206356815,36.87452206356815,0.0
2024-06-30 → 2025-06-30,897.0459084351565,1857.3912301252,1249.2312795542734,1249.2312795542732,36.67278458745765,36.67278458745763,-2.1316282072803006e-14
2024-07-01 → 2025-07-01,897.0459084351565,1857.3912301252,1247.466206270173,1247.466206270173,36.48898890019442,36.48898890019442,0.0
2024-07-02 → 2025-07-02,897.0459084351565,1857.3912301252,1245.6262753955532,1245.6262753955534,36.29739835114257,36.29739835114259,2.1316282072803006e-14
2024-07-03 → 2025-07-03,897.0459084351565,1857.3912301252,1243.7136579279575,1243.7136579279572,36.09823900456192,36.0982390045619,-2.1316282072803006e-14
2024-07-04 → 2025-07-04,897.0459084351565,1857.3912301252,1241.704235081105,1241.7042350811048,35.888999390282734,35.88899939028271,-2.1316282072803006e-14
2024-07-05 → 2025-07-05,897.0459084351565,1857.3912301252,1239.4698777462443,1239.469877746244,35.65633752538931,35.65633752538929,-2.1316282072803006e-14
2024-07-06 → 2025-07-06,897.0459084351565,1857.3912301252,1237.1554044926193,1237.1554044926193,35.41533325313942,35.41533325313942,0.0
2024-07-07 → 2025-07-07,897.0459084351565,1857.3912301252,1234.989629037333,1234.9896290373333,35.189812765209645,35.189812765209666,2.1316282072803006e-14
2024-07-08 → 2025-07-08,897.0459084351565,1857.3912301252,1232.6280567944432,1232.6280567944432,34.94390411239984,34.94390411239984,0.0
2024-07-09 → 2025-07-09,897.0459084351565,1857.3912301252,1230.260872926121,1230.260872926121,34.69741112546507,34.69741112546507,0.0
2024-07-10 → 2025-07-10,863.0070855869632,1857.3912301252,1227.9065478406542,1227.906547840654,36.69602580229592,36.6960258022959,-2.1316282072803006e-14
2024-07-11 → 2025-07-11,850.2056279783346,1857.3912301252,1225.4960676914104,1225.4960676914104,37.26129910049606,37.26129910049606,0.0
2024-07-12 → 2025-07-12,850.2056279783346,1857.3912301252,1223.0560426906623,1223.0560426906623,37.01903739664057,37.01903739664057,0.0
2024-07-13 → 2025-07-13,841.0447527676909,1857.3912301252,1220.6317496896013,1220.6317496896013,37.348188376549786,37.348188376549786,0.0
2024-07-14 → 2025-07-14,834.2294612452506,1857.3912301252,1218.305832094503,1218.3058320945029,37.53818628990596,37.53818628990594,-2.1316282072803006e-14
2024-07-15 → 2025-07-15,834.2294612452506,1857.3912301252,1216.1489980243102,1216.14899802431,37.32738540427925,37.32738540427923,-2.1316282072803006e-14
2024-07-16 → 2025-07-16,834.2294612452506,1857.3912301252,1214.2295463309865,1214.2295463309865,37.13978538327524,37.13978538327524,0.0
2024-07-17 → 2025-07-17,834.2294612452506,1857.3912301252,1212.3201316526386,1212.3201316526383,36.95316634253077,36.95316634253075,-2.1316282072803006e-14
2024-07-18 → 2025-07-18,834.2294612452506,1857.3912301252,1210.3806686925236,1210.3806686925236,36.763610495243974,36.763610495243974,0.0
2024-07-19 → 2025-07-19,834.2294612452506,1857.3912301252,1208.4277499954953,1208.4277499954953,36.572739534617085,36.572739534617085,0.0
2024-07-20 → 2025-07-20,834.2294612452506,1857.3912301252,1206.6640234441736,1206.6640234441738,36.40035950587026,36.400359505870284,2.1316282072803006e-14
2024-07-21 → 2025-07-21,834.2294612452506,1857.3912301252,1204.923960708377,1204.923960708377,36.2302922898423,36.2302922898423,0.0
2024-07-22 → 2025-07-22,832.861338398232,1857.3912301252,1203.1848802930365,1203.1848802930367,36.145703984349325,36.145703984349346,2.1316282072803006e-14
2024-07-23 → 2025-07-23,832.861338398232,1857.3912301252,1201.4419881107394,1201.4419881107397,35.975587700151976,35.975587700152,2.1316282072803006e-14
2024-07-24 → 2025-07-24,832.861338398232,1857.3912301252,1199.6050623093008,1199.6050623093006,35.796293194811355,35.796293194811334,-2.1316282072803006e-14
2024-07-25 → 2025-07-25,832.861338398232,1857.3912301252,1197.749256658333,1197.7492566583328,35.61515590775382,35.615155907753795,-2.1316282072803006e-14
2024-07-26 → 2025-07-26,832.861338398232,1857.3912301252,1195.9077789819964,1195.9077789819962,35.43541711328755,35.435417113287535,-1.4210854715202004e-14
2024-07-27 → 2025-07-27,832.861338398232,1857.3912301252,1194.172163637245,1194.172163637245,35.26601109021624,35.26601109021624,0.0
2024-07-28 → 2025-07-28,832.861338398232,1857.3912301252,1192.4737435192187,1192.4737435192187,35.10023553483802,35.10023553483802,0.0
2024-07-29 → 2025-07-29,832.861338398232,1857.3912301252,1190.7837869483542,1190.7837869483542,34.93528607025813,34.93528607025813,0.0
2024-07-30 → 2025-07-30,832.861338398232,1857.3912301252,1189.0184313084774,1189.0184313084774,34.76297722362203,34.76297722362203,0.0
2024-07-31 → 2025-07-31,832.861338398232,1857.3912301252,1187.2488270999909,1187.2488270999909,34.590253692295526,34.590253692295526,0.0
2024-08-01 → 2025-08-01,832.861338398232,1857.3912301252,1185.43716815174,1185.4371681517398,34.413425376901316,34.413425376901294,-2.1316282072803006e-14
2024-08-02 → 2025-08-02,832.861338398232,1857.3912301252,1183.6728769955807,1183.6728769955807,34.241220429988026,34.241220429988026,0.0
2024-08-03 → 2025-08-03,832.861338398232,1857.3912301252,1181.6218697192364,1181.6218697192362,34.041030343499955,34.04103034349993,-2.1316282072803006e-14
2024-08-04 → 2025-08-04,832.861338398232,1857.3912301252,1179.4915158395227,1179.4915158395224,33.83309557293677,33.83309557293674,-2.842170943040401e-14
2024-08-05 → 2025-08-05,832.861338398232,1857.3912301252,1177.1998638049506,1177.1998638049504,33.609417176329984,33.60941717632996,-2.1316282072803006e-14
2024-08-06 → 2025-08-06,832.861338398232,1857.3912301252,1174.5472980206368,1174.5472980206368,33.35051152548142,33.35051152548142,0.0
2024-08-07 → 2025-08-07,832.861338398232,1857.3912301252,1171.9988313419863,1171.9988313419863,33.101766545053884,33.101766545053884,0.0
2024-08-08 → 2025-08-08,832.861338398232,1857.3912301252,1169.3832477955805,1169.3832477955805,32.84647057296693,32.84647057296693,0.0
2024-08-09 → 2025-08-09,832.861338398232,1857.3912301252,1167.3149519189951,1167.3149519189951,32.644593019828974,32.644593019828974,0.0
2024-08-10 → 2025-08-10,832.861338398232,1857.3912301252,1165.1076401686075,1165.1076401686078,32.429146719217194,32.429146719217215,2.1316282072803006e-14
2024-08-11 → 2025-08-11,832.861338398232,1857.3912301252,1162.9200944149,1162.9200944149,32.21562969337228,32.21562969337228,0.0
2024-08-12 → 2025-08-12,832.2630088766163,1857.3912301252,1160.5502210475872,1160.550221047587,32.024014690681746,32.024014690681724,-2.1316282072803006e-14
2024-08-13 → 2025-08-13,810.0925882684495,1857.3912301252,1158.16340535424,1158.1634053542402,33.23510631778319,33.23510631778321,2.1316282072803006e-14
2024-08-14 → 2025-08-14,810.0925882684495,1857.3912301252,1155.9554977498176,1155.9554977498176,33.02428702363152,33.02428702363152,0.0
2024-08-15 → 2025-08-15,810.0925882684495,1857.3912301252,1153.6410933784614,1153.6410933784614,32.803299018982436,32.803299018982436,0.0
2024-08-16 → 2025-08-16,810.0925882684495,1857.3912301252,1151.2273113670253,1151.2273113670255,32.572822064753154,32.572822064753176,2.1316282072803006e-14
2024-08-17 → 2025-08-17,810.0925882684495,1857.3912301252,1148.9139753901081,1148.9139753901081,32.351936074409856,32.351936074409856,0.0
2024-08-18 → 2025-08-18,810.0925882684495,1857.3912301252,1146.6644231182386,1146.6644231182386,32.13714039131021,32.13714039131021,0.0
2024-08-19 → 2025-08-19,810.0925882684495,1857.3912301252,1144.4375702503507,1144.4375702503507,31.924512132388777,31.924512132388777,0.0
2024-08-20 → 2025-08-20,810.0925882684495,1857.3912301252,1142.2296166698006,1142.2296166698006,31.7136884482641,31.7136884482641,0.0
2024-08-21 → 2025-08-21,810.0925882684495,1857.3912301252,1140.0403217673017,1140.0403217673017,31.504646364659607,31.504646364659607,0.0
2024-08-22 → 2025-08-22,810.0925882684495,1857.3912301252,1137.9102129628714,1137.9102129628714,31.30125559155081,31.30125559155081,0.0
2024-08-23 → 2025-08-23,810.0925882684495,1857.3912301252,1135.7563036141985,1135.7563036141985,31.095592253264204,31.095592253264204,0.0
2024-08-24 → 2025-08-24,810.0925882684495,1857.3912301252,1133.9012087584465,1133.9012087584463,30.91846084283259,30.91846084283257,-2.1316282072803006e-14
2024-08-25 → 2025-08-25,810.0925882684495,1857.3912301252,1132.115466732766,1132.115466732766,30.74795150057711,30.74795150057711,0.0
2024-08-26 → 2025-08-26,810.0925882684495,1857.3912301252,1130.3210880177091,1130.3210880177091,30.57661749484637,30.57661749484637,0.0
2024-08-27 → 2025-08-27,810.0925882684495,1857.3912301252,1128.4389538708276,1128.4389538708274,30.396904271544113,30.396904271544088,-2.4868995751603507e-14
2024-08-28 → 2025-08-28,810.0925882684495,1857.3912301252,1126.2797203154862,1126.279720315486,30.190732558047635,30.19073255804761,-2.4868995751603507e-14
2024-08-29 → 2025-08-29,810.0925882684495,1857.3912301252,1124.1755137352932,1124.1755137352934,29.98981502640045,29.989815026400475,2.4868995751603507e-14
2024-08-30 → 2025-08-30,810.0925882684495,1857.3912301252,1122.0836091796666,1122.0836091796666,29.790072138171563,29.790072138171563,0.0
2024-08-31 → 2025-08-31,810.0925882684495,1857.3912301252,1119.9863467252098,1119.9863467252098,29.589817657678918,29.589817657678918,0.0
2024-09-01 → 2025-09-01,810.0925882684495,1857.3912301252,1117.8591023253082,1117.8591023253082,29.38670038865141,29.38670038865141,0.0
2024-09-02 → 2025-09-02,810.0925882684495,1857.3912301252,1115.5532315039811,1115.5532315039811,29.166527199346113,29.166527199346113,0.0
2024-09-03 → 2025-09-03,810.0925882684495,1857.3912301252,1113.3790491951443,1113.3790491951445,28.95892812283225,28.958928122832265,1.4210854715202004e-14
2024-09-04 → 2025-09-04,810.0925882684495,1857.3912301252,1111.1023684041027,1111.102368404103,28.741542107033997,28.741542107034018,2.1316282072803006e-14
2024-09-05 → 2025-09-05,810.0925882684495,1857.3912301252,1108.8622183302875,1108.8622183302875,28.527644181047613,28.527644181047613,0.0
2024-09-06 → 2025-09-06,810.0925882684495,1857.3912301252,1106.471404113486,1106.4714041134857,28.299360277942103,28.299360277942082,-2.1316282072803006e-14
2024-09-07 → 2025-09-07,810.0925882684495,1849.5761906814546,1103.8512361650762,1103.8512361650762,28.260055975362203,28.260055975362203,0.0
2024-09-08 → 2025-09-08,810.0925882684495,1822.846369082129,1101.234805859359,1101.234805859359,28.747581406903894,28.747581406903894,0.0
2024-09-09 → 2025-09-09,810.0925882684495,1750.2167203219933,1098.7050901479581,1098.705090147958,30.69940362546411,30.699403625464083,-2.842170943040401e-14
2024-09-10 → 2025-09-10,810.0925882684495,1741.8812419239014,1096.3212361983053,1096.321236198305,30.718194174930876,30.718194174930847,-2.842170943040401e-14
2024-09-11 → 2025-09-11,810.0925882684495,1741.8812419239014,1093.9497554346176,1093.9497554346176,30.463685735234353,30.463685735234353,0.0
2024-09-12 → 2025-09-12,810.0925882684495,1720.4407096877485,1091.5428716678064,1091.5428716678061,30.916775327723574,30.91677532772355,-2.4868995751603507e-14
2024-09-13 → 2025-09-13,810.0925882684495,1717.402626844845,1089.1982918176168,1089.1982918176168,30.761888624873475,30.761888624873475,0.0
2024-09-14 → 2025-09-14,810.0925882684495,1717.402626844845,1087.052652771618,1087.0526527716179,30.525405068561756,30.525405068561728,-2.842170943040401e-14
2024-09-15 → 2025-09-15,810.0925882684495,1717.402626844845,1084.8666594899848,1084.8666594899846,30.284473833516323,30.2844738335163,-2.1316282072803006e-14
2024-09-16 → 2025-09-16,810.0925882684495,1717.402626844845,1082.5851879925149,1082.5851879925149,30.03301938019079,30.03301938019079,0.0
2024-09-17 → 2025-09-17,810.0925882684495,1660.5470722749678,1080.2365773562155,1080.2365773562155,31.764661621290895,31.764661621290895,0.0
2024-09-18 → 2025-09-18,810.0925882684495,1660.5470722749678,1078.0358117891078,1078.0358117891078,31.505886388930442,31.505886388930442,0.0
2024-09-19 → 2025-09-19,810.0925882684495,1660.5470722749678,1075.9423796386707,1075.9423796386707,31.259731869222946,31.259731869222946,0.0
2024-09-20 → 2025-09-20,810.0925882684495,1660.5470722749678,1073.9655212945413,1073.9655212945415,31.027284585881414,31.027284585881443,2.842170943040401e-14
2024-09-21 → 2025-09-21,810.0925882684495,1660.5470722749678,1072.0084547041913,1072.0084547041915,30.797164499838694,30.79716449983872,2.4868995751603507e-14
2024-09-22 → 2025-09-22,810.0925882684495,1660.5470722749678,1070.1204848732873,1070.1204848732875,30.575169100154316,30.575169100154337,2.1316282072803006e-14
2024-09-23 → 2025-09-23,810.0925882684495,1660.5470722749678,1068.260973699314,1068.260973699314,30.35651998853895,30.35651998853895,0.0
2024-09-24 → 2025-09-24,810.0925882684495,1660.5470722749678,1066.35807802044,1066.35807802044,30.13276954513962,30.13276954513962,0.0
2024-09-25 → 2025-09-25,810.0925882684495,1660.5470722749678,1064.6145192711788,1064.6145192711788,29.927754605239816,29.927754605239816,0.0
2024-09-26 → 2025-09-26,810.0925882684495,1660.5470722749678,1062.7730798208386,1062.773079820839,29.711230442575033,29.711230442575083,4.973799150320701e-14
2024-09-27 → 2025-09-27,810.0925882684495,1660.5470722749678,1061.0652697080945,1061.0652697080948,29.51041897707502,29.510418977075048,2.842170943040401e-14
2024-09-28 → 2025-09-28,810.0925882684495,1660.5470722749678,1059.346693167088,1059.3466931670878,29.308341549849253,29.308341549849224,-2.842170943040401e-14
2024-09-29 → 2025-09-29,810.0925882684495,1660.5470722749678,1057.5820428563761,1057.5820428563761,29.10084657582095,29.10084657582095,0.0
2024-09-30 → 2025-09-30,810.0925882684495,1660.5470722749678,1055.815465906548,1055.815465906548,28.893125059496448,28.893125059496448,0.0
2024-10-01 → 2025-10-01,810.0925882684495,1660.5470722749678,1053.8041706139825,1053.8041706139825,28.65662853553313,28.65662853553313,0.0
2024-10-02 → 2025-10-02,810.0925882684495,1660.5470722749678,1051.5809726681887,1051.5809726681887,28.3952156101382,28.3952156101382,0.0
2024-10-03 → 2025-10-03,810.0925882684495,1660.5470722749678,1049.3118907760227,1049.3118907760227,28.128407458163235,28.128407458163235,0.0
2024-10-04 → 2025-10-04,810.0925882684495,1660.5470722749678,1047.0480954408613,1047.0480954408613,27.862220921701393,27.862220921701393,0.0
2024-10-05 → 2025-10-05,809.5607943721222,1660.5470722749678,1044.8568999186584,1044.8568999186584,27.64981194836601,27.64981194836601,0.0
2024-10-06 → 2025-10-06,801.1250765566017,1660.5470722749678,1042.6410903743822,1042.641090374382,28.10214481605212,28.102144816052093,-2.842170943040401e-14
2024-10-07 → 2025-10-07,801.1250765566017,1660.5470722749678,1040.5368234979912,1040.536823497991,27.857298060107492,27.85729806010747,-2.1316282072803006e-14
2024-10-08 → 2025-10-08,801.1250765566017,1660.5470722749678,1038.3736975281574,1038.3736975281572,27.605602620543408,27.60560262054338,-2.842170943040401e-14
2024-10-09 → 2025-10-09,801.1250765566017,1660.5470722749678,1036.2226656327382,1036.2226656327382,27.355314414500782,27.355314414500782,0.0
2024-10-10 → 2025-10-10,801.1250765566017,1660.5470722749678,1034.1170201289265,1034.1170201289265,27.110307245228636,27.110307245228636,0.0
2024-10-11 → 2025-10-11,801.1250765566017,1600.9595520752741,1032.042812866812,1032.0428128668123,28.87069054637411,28.87069054637414,2.842170943040401e-14
2024-10-12 → 2025-10-12,801.1250765566017,1593.3860174630252,1030.0413126707285,1030.0413126707285,28.894045420467705,28.894045420467705,0.0
2024-10-13 → 2025-10-13,801.1250765566017,1593.3860174630252,1028.087361256755,1028.087361256755,28.647415640670914,28.647415640670914,0.0
2024-10-14 → 2025-10-14,801.1250765566017,1513.093736531245,1026.1447809729098,1026.14478097291,31.605282235923436,31.605282235923465,2.842170943040401e-14
2024-10-15 → 2025-10-15,801.1250765566017,1509.1711344468888,1024.475167581298,1024.4751675812981,31.544570940793893,31.544570940793925,3.197442310920451e-14
2024-10-16 → 2025-10-16,801.1250765566017,1509.1711344468888,1022.9198669083512,1022.9198669083512,31.324909994219187,31.324909994219187,0.0
2024-10-17 → 2025-10-17,801.1250765566017,1509.1711344468888,1021.4443118773515,1021.4443118773515,31.116511823710862,31.116511823710862,0.0
2024-10-18 → 2025-10-18,801.1250765566017,1509.1711344468888,1019.9368706144877,1019.9368706144878,30.903610241099777,30.903610241099788,1.0658141036401503e-14
2024-10-19 → 2025-10-19,801.1250765566017,1509.1711344468888,1018.4552209538346,1018.4552209538347,30.694351303190015,30.694351303190032,1.7763568394002505e-14
2024-10-20 → 2025-10-20,801.1250765566017,1509.1711344468888,1016.927738620884,1016.927738620884,30.478619245094553,30.478619245094553,0.0
2024-10-21 → 2025-10-21,801.1250765566017,1509.1711344468888,1015.4822304946782,1015.4822304946781,30.274464711629186,30.274464711629168,-1.7763568394002505e-14
2024-10-22 → 2025-10-22,801.1250765566017,1509.1711344468888,1013.9685553618226,1013.9685553618227,30.060682696181516,30.060682696181534,1.7763568394002505e-14
2024-10-23 → 2025-10-23,801.1250765566017,1509.1711344468888,1012.3988143492414,1012.3988143492413,29.838982286287504,29.838982286287486,-1.7763568394002505e-14
2024-10-24 → 2025-10-24,801.1250765566017,1509.1711344468888,1010.7601868228876,1010.7601868228876,29.607552775722002,29.607552775722002,0.0
2024-10-25 → 2025-10-25,801.1250765566017,1509.1711344468888,1009.1978368308545,1009.1978368308546,29.38689622737706,29.38689622737708,1.7763568394002505e-14
2024-10-26 → 2025-10-26,801.1250765566017,1492.0175577342022,1007.4594652119159,1007.4594652119159,29.864905795996645,29.864905795996645,0.0
2024-10-27 → 2025-10-27,801.1250765566017,1475.3811197894868,1005.7777727348874,1005.7777727348874,30.35237106619445,30.35237106619445,0.0
2024-10-28 → 2025-10-28,801.1250765566017,1475.3811197894868,1004.1781060431421,1004.178106043142,30.11512192207475,30.115121922074735,-1.4210854715202004e-14
2024-10-29 → 2025-10-29,801.1250765566017,1475.3811197894868,1002.746428704382,1002.7464287043817,29.902787549527552,29.90278754952752,-3.197442310920451e-14
2024-10-30 → 2025-10-30,801.1250765566017,1475.3811197894868,1001.5164821323464,1001.5164821323464,29.720372191982026,29.720372191982026,0.0
2024-10-31 → 2025-10-31,801.1250765566017,1475.3811197894868,1000.2392499919945,1000.2392499919944,29.53094383562234,29.530943835622324,-1.7763568394002505e-14
2024-11-01 → 2025-11-01,801.1250765566017,1475.3811197894868,998.8401464488767,998.8401464488766,29.32344053518332,29.323440535183305,-1.4210854715202004e-14
2024-11-02 → 2025-11-02,801.1250765566017,1475.3811197894868,997.383034696783,997.3830346967832,29.107333943819725,29.10733394381974,1.4210854715202004e-14
2024-11-03 → 2025-11-03,801.1250765566017,1475.3811197894868,996.0026721178785,996.0026721178784,28.902610145974915,28.9026101459749,-1.4210854715202004e-14
2024-11-04 → 2025-11-04,801.1250765566017,1475.3811197894868,994.7239388370494,994.7239388370494,28.712959153052715,28.712959153052715,0.0
2024-11-05 → 2025-11-05,801.1250765566017,1438.0621421054163,993.3221237103922,993.3221237103924,30.175202158816838,30.17520215881686,2.1316282072803006e-14
2024-11-06 → 2025-11-06,801.1250765566017,1321.0731296676338,992.0917258448552,992.0917258448551,36.72802468354923,36.7280246835492,-2.842170943040401e-14
2024-11-07 → 2025-11-07,801.1250765566017,1316.2692961945663,991.123907896459,991.123907896459,36.88264841123239,36.88264841123239,0.0
2024-11-08 → 2025-11-08,801.1250765566017,1309.7331721889386,990.1974414514445,990.1974414514447,37.17447019001436,37.17447019001439,2.842170943040401e-14
2024-11-09 → 2025-11-09,801.1250765566017,1309.7331721889386,989.2361830294327,989.2361830294327,36.98547232893692,36.98547232893692,0.0
2024-11-10 → 2025-11-10,801.1250765566017,1309.7331721889386,988.254124947279,988.2541249472791,36.792384941892344,36.792384941892365,2.1316282072803006e-14
2024-11-11 → 2025-11-11,801.1250765566017,1309.7331721889386,987.5095283606613,987.5095283606612,36.645986055792825,36.645986055792804,-2.1316282072803006e-14
2024-11-12 → 2025-11-12,801.1250765566017,1309.7331721889386,987.1217995192454,987.1217995192455,36.56975273494215,36.56975273494217,2.1316282072803006e-14
2024-11-13 → 2025-11-13,801.1250765566017,1309.7331721889386,986.749975867759,986.7499758677588,36.49664661361229,36.49664661361227,-2.1316282072803006e-14
2024-11-14 → 2025-11-14,801.1250765566017,1309.7331721889386,986.617722046227,986.6177220462271,36.4706435234791,36.47064352347912,2.1316282072803006e-14
2024-11-15 → 2025-11-15,801.1250765566017,1309.7331721889386,986.3443192967782,986.3443192967782,36.41688843153372,36.41688843153372,0.0
2024-11-16 → 2025-11-16,801.1250765566017,1309.7331721889386,986.2474514858169,986.2474514858171,36.39784276321009,36.397842763210136,4.263256414560601e-14
2024-11-17 → 2025-11-17,801.1250765566017,1309.7331721889386,986.2033449828607,986.2033449828607,36.38917076145963,36.38917076145963,0.0
2024-11-18 → 2025-11-18,801.1250765566017,1309.7331721889386,986.1015570857861,986.101557085786,36.369157730218355,36.36915773021833,-2.1316282072803006e-14
2024-11-19 → 2025-11-19,801.1250765566017,1309.7331721889386,986.0773547195357,986.0773547195355,36.36439918106071,36.36439918106067,-4.263256414560601e-14
2024-11-20 → 2025-11-20,801.1250765566017,1309.7331721889386,986.2594207952014,986.2594207952014,36.40019610942839,36.40019610942839,0.0
2024-11-21 → 2025-11-21,801.1250765566017,1309.7331721889386,986.5740887703978,986.5740887703978,36.46206456529816,36.46206456529816,0.0
2024-11-22 → 2025-11-22,801.1250765566017,1309.7331721889386,987.0244550235172,987.0244550235172,36.55061334322501,36.55061334322501,0.0
2024-11-23 → 2025-11-23,801.1250765566017,1309.7331721889386,987.4080135995237,987.4080135995235,36.62602672718413,36.62602672718411,-2.1316282072803006e-14
2024-11-24 → 2025-11-24,801.1250765566017,1309.7331721889386,987.7032070114828,987.7032070114826,36.6840661910649,36.68406619106486,-4.263256414560601e-14
2024-11-25 → 2025-11-25,801.1250765566017,1309.7331721889386,988.0395412988238,988.0395412988237,36.75019456971817,36.75019456971815,-2.1316282072803006e-14
2024-11-26 → 2025-11-26,801.1250765566017,1309.7331721889386,988.1331881618677,988.1331881618676,36.76860695124495,36.76860695124493,-2.1316282072803006e-14
2024-11-27 → 2025-11-27,801.1250765566017,1309.7331721889386,988.1507497038816,988.1507497038815,36.77205981449364,36.772059814493616,-2.1316282072803006e-14
2024-11-28 → 2025-11-28,801.1250765566017,1309.7331721889386,988.3071299607444,988.3071299607445,36.80280652462383,36.802806524623854,2.1316282072803006e-14
2024-11-29 → 2025-11-29,801.1250765566017,1309.7331721889386,988.4609374057825,988.4609374057823,36.8330473812596,36.833047381259554,-4.263256414560601e-14
2024-11-30 → 2025-11-30,801.1250765566017,1309.7331721889386,988.6711935094013,988.6711935094013,36.87438689304173,36.87438689304173,0.0
2024-12-01 → 2025-12-01,801.1250765566017,1309.7331721889386,988.9972787652899,988.9972787652899,36.93850015798755,36.93850015798755,0.0
2024-12-02 → 2025-12-02,801.1250765566017,1309.7331721889386,989.1792478293833,989.179247829383,36.974278012421244,36.974278012421195,-4.973799150320701e-14
2024-12-03 → 2025-12-03,801.1250765566017,1309.7331721889386,989.243807480041,989.243807480041,36.98697141058226,36.98697141058226,0.0
2024-12-04 → 2025-12-04,801.1250765566017,1309.7331721889386,989.361250805352,989.3612508053521,37.01006253443961,37.01006253443963,2.1316282072803006e-14
2024-12-05 → 2025-12-05,801.1250765566017,1309.7331721889386,989.6594978863332,989.659497886333,37.06870239557087,37.068702395570845,-2.1316282072803006e-14
2024-12-06 → 2025-12-06,801.1250765566017,1309.7331721889386,989.905388292659,989.9053882926589,37.11704814713037,37.11704814713034,-2.842170943040401e-14
2024-12-07 → 2025-12-07,801.1250765566017,1309.7331721889386,990.2054018348432,990.2054018348433,37.176035321098006,37.17603532109803,2.1316282072803006e-14
2024-12-08 → 2025-12-08,801.1250765566017,1309.7331721889386,990.4858371731818,990.4858371731817,37.23117312577451,37.23117312577449,-2.1316282072803006e-14
2024-12-09 → 2025-12-09,801.1250765566017,1309.7331721889386,990.7191976483908,990.7191976483908,37.277055304452546,37.277055304452546,0.0
2024-12-10 → 2025-12-10,801.1250765566017,1309.7331721889386,990.8802479723439,990.880247972344,37.30872022000071,37.30872022000073,2.1316282072803006e-14
2024-12-11 → 2025-12-11,801.1250765566017,1309.7331721889386,991.0085483572584,991.0085483572584,37.33394600504351,37.33394600504351,0.0
2024-12-12 → 2025-12-12,801.1250765566017,1309.7331721889386,991.3363209976078,991.3363209976076,37.39839103514903,37.39839103514899,-4.263256414560601e-14
2024-12-13 → 2025-12-13,801.1250765566017,1309.7331721889386,991.634133645319,991.6341336453193,37.45694548016646,37.4569454801665,4.263256414560601e-14
2024-12-14 → 2025-12-14,801.1250765566017,1309.7331721889386,992.0381073652674,992.0381073652675,37.536372788425496,37.536372788425524,2.842170943040401e-14
2024-12-15 → 2025-12-15,801.1250765566017,1309.7331721889386,992.5067614349146,992.5067614349148,37.62851722609209,37.62851722609214,4.973799150320701e-14
2024-12-16 → 2025-12-16,801.1250765566017,1309.7331721889386,993.0070399840631,993.0070399840631,37.72687951199448,37.72687951199448,0.0
2024-12-17 → 2025-12-17,801.1250765566017,1309.7331721889386,993.6007655852918,993.6007655852919,37.843614893583435,37.84361489358346,2.1316282072803006e-14
2024-12-18 → 2025-12-18,801.1250765566017,1309.7331721889386,994.2240600855295,994.2240600855296,37.96616396537175,37.96616396537177,2.1316282072803006e-14
2024-12-19 → 2025-12-19,801.1250765566017,1309.7331721889386,994.6034948946285,994.6034948946286,38.04076655474408,38.0407665547441,2.1316282072803006e-14
2024-12-20 → 2025-12-20,801.1250765566017,1309.7331721889386,994.901383480656,994.901383480656,38.09933593037644,38.09933593037644,0.0
2024-12-21 → 2025-12-21,801.1250765566017,1309.7331721889386,995.1885685502381,995.188568550238,38.155800833717194,38.15580083371717,-2.1316282072803006e-14
2024-12-22 → 2025-12-22,801.1250765566017,1309.7331721889386,995.4626928454737,995.4626928454737,38.2096977924148,38.2096977924148,0.0
2024-12-23 → 2025-12-23,801.1250765566017,1309.7331721889386,995.7185072905195,995.7185072905195,38.259994759223346,38.259994759223346,0.0
2024-12-24 → 2025-12-24,801.1250765566017,1309.7331721889386,995.9545023074761,995.954502307476,38.306394928426954,38.306394928426926,-2.842170943040401e-14
2024-12-25 → 2025-12-25,801.1250765566017,1309.7331721889386,996.3167062205571,996.316706220557,38.37760966452561,38.377609664525586,-2.1316282072803006e-14
2024-12-26 → 2025-12-26,801.1250765566017,1309.7331721889386,996.6918799876262,996.6918799876262,38.451374468957724,38.451374468957724,0.0
2024-12-27 → 2025-12-27,801.1250765566017,1309.7331721889386,996.9503361259704,996.9503361259702,38.50219083239426,38.502190832394234,-2.842170943040401e-14
2024-12-28 → 2025-12-28,801.1250765566017,1309.7331721889386,997.1642314348612,997.1642314348613,38.54424586665889,38.54424586665891,2.1316282072803006e-14
2024-12-29 → 2025-12-29,801.1250765566017,1309.7331721889386,997.4276195258218,997.4276195258219,38.59603192614603,38.596031926146054,2.1316282072803006e-14
2024-12-30 → 2025-12-30,801.1250765566017,1309.7331721889386,997.5938846792253,997.5938846792253,38.62872215558424,38.62872215558424,0.0
2024-12-31 → 2025-12-31,801.1250765566017,1309.7331721889386,997.7628054400029,997.7628054400027,38.66193451736696,38.661934517366916,-4.263256414560601e-14
2025-01-01 → 2026-01-01,801.1250765566017,1309.7331721889386,997.9180372002133,997.9180372002133,38.69245541578432,38.69245541578432,0.0
2025-01-02 → 2026-01-02,801.1250765566017,1309.7331721889386,998.0632662810234,998.0632662810233,38.72100963701226,38.72100963701224,-2.1316282072803006e-14
2025-01-03 → 2026-01-03,801.1250765566017,1309.7331721889386,998.2579817858056,998.2579817858054,38.7592936333651,38.759293633365075,-2.1316282072803006e-14
2025-01-04 → 2026-01-04,801.1250765566017,1309.7331721889386,998.4640491603944,998.4640491603944,38.799809578030256,38.799809578030256,0.0
2025-01-05 → 2026-01-05,801.1250765566017,1309.7331721889386,998.5908075740476,998.5908075740476,38.82473218833507,38.82473218833507,0.0
2025-01-06 → 2026-01-06,801.1250765566017,1309.7331721889386,998.7344207828435,998.7344207828436,38.852968704825685,38.85296870482571,2.842170943040401e-14
2025-01-07 → 2026-01-07,801.1250765566017,1309.7331721889386,999.0560444073899,999.0560444073899,38.91620474595605,38.91620474595605,0.0
2025-01-08 → 2026-01-08,801.1250765566017,1309.7331721889386,999.2378431750691,999.237843175069,38.95194911755382,38.9519491175538,-2.1316282072803006e-14
2025-01-09 → 2026-01-09,801.1250765566017,1309.7331721889386,999.3807189479487,999.3807189479488,38.980040643053826,38.98004064305385,2.1316282072803006e-14
2025-01-10 → 2026-01-10,801.1250765566017,1309.7331721889386,999.4442096032699,999.4442096032699,38.99252386065622,38.99252386065622,0.0
2025-01-11 → 2026-01-11,801.1250765566017,1309.7331721889386,999.5726776809702,999.5726776809702,39.017782616622455,39.017782616622455,0.0
2025-01-12 → 2026-01-12,801.1250765566017,1309.7331721889386,999.6824850601489,999.682485060149,39.039372398641596,39.03937239864162,2.1316282072803006e-14
2025-01-13 → 2026-01-13,801.1250765566017,1309.7331721889386,999.6535982058948,999.6535982058949,39.03369280869756,39.03369280869759,2.842170943040401e-14
2025-01-14 → 2026-01-14,801.1250765566017,1309.7331721889386,999.573997203178,999.5739972031779,39.01804205453136,39.018042054531335,-2.1316282072803006e-14
2025-01-15 → 2026-01-15,801.1250765566017,1309.7331721889386,999.6043000997307,999.6043000997308,39.02400005968561,39.02400005968564,2.842170943040401e-14
2025-01-16 → 2026-01-16,801.1250765566017,1309.7331721889386,999.7380725335154,999.7380725335154,39.05030173182442,39.05030173182442,0.0
2025-01-17 → 2026-01-17,801.1250765566017,1309.7331721889386,999.8780309538821,999.8780309538819,39.077819661949526,39.07781966194948,-4.263256414560601e-14
2025-01-18 → 2026-01-18,801.1250765566017,1309.7331721889386,1000.1569279401551,1000.1569279401551,39.132655003476344,39.132655003476344,0.0
2025-01-19 → 2026-01-19,801.1250765566017,1309.7331721889386,1000.4927288861805,1000.4927288861804,39.198678519206645,39.198678519206624,-2.1316282072803006e-14
2025-01-20 → 2026-01-20,801.1250765566017,1309.7331721889386,1000.88281767469,1000.8828176746902,39.27537584114457,39.275375841144594,2.1316282072803006e-14
2025-01-21 → 2026-01-21,801.1250765566017,1309.7331721889386,1001.2689269333251,1001.2689269333252,39.351290727665415,39.351290727665436,2.1316282072803006e-14
2025-01-22 → 2026-01-22,801.1250765566017,1309.7331721889386,1001.7473914103746,1001.7473914103746,39.44536403895523,39.44536403895523,0.0
2025-01-23 → 2026-01-23,801.1250765566017,1309.7331721889386,1002.1697885448185,1002.1697885448184,39.528413667553615,39.52841366755359,-2.1316282072803006e-14
2025-01-24 → 2026-01-24,801.1250765566017,1309.7331721889386,1002.610853297689,1002.6108532976889,39.615133630656466,39.615133630656445,-2.1316282072803006e-14
2025-01-25 → 2026-01-25,801.1250765566017,1309.7331721889386,1003.1623100396848,1003.1623100396848,39.723558318885274,39.723558318885274,0.0
2025-01-26 → 2026-01-26,801.1250765566017,1309.7331721889386,1003.6498114276468,1003.6498114276467,39.81940842275667,39.81940842275665,-2.1316282072803006e-14
2025-01-27 → 2026-01-27,801.1250765566017,1309.7331721889386,1004.0538302549696,1004.0538302549697,39.898844599803866,39.89884459980389,2.1316282072803006e-14
2025-01-28 → 2026-01-28,801.1250765566017,1309.7331721889386,1004.4365430635581,1004.4365430635582,39.97409169317006,39.97409169317008,2.1316282072803006e-14
2025-01-29 → 2026-01-29,801.1250765566017,1309.7331721889386,1004.9676898290859,1004.9676898290859,40.07852313460581,40.07852313460581,0.0
2025-01-30 → 2026-01-30,801.1250765566017,1309.7331721889386,1005.5904903689631,1005.590490368963,40.20097508635912,40.2009750863591,-2.1316282072803006e-14
2025-01-31 → 2026-01-31,801.1250765566017,1309.7331721889386,1006.4596561773391,1006.4596561773392,40.371866154716066,40.37186615471609,2.1316282072803006e-14
2025-02-01 → 2026-02-01,801.1250765566017,1309.7331721889386,1007.3403471063996,1007.3403471063996,40.54502323511322,40.54502323511322,0.0
2025-02-02 → 2026-02-02,801.1250765566017,1309.7331721889386,1008.0956638495678,1008.0956638495677,40.69352986519924,40.69352986519921,-2.842170943040401e-14
2025-02-03 → 2026-02-03,801.1250765566017,1321.2698571773274,1008.9012293173049,1008.901229317305,39.9458305652417,39.94583056524172,2.1316282072803006e-14
2025-02-04 → 2026-02-04,801.1250765566017,1368.079048652256,1009.9494714883402,1009.9494714883402,36.83268928513768,36.83268928513768,0.0
2025-02-05 → 2026-02-05,801.1250765566017,1574.9348874371487,1011.4602451383433,1011.4602451383435,27.181765548099396,27.181765548099413,1.7763568394002505e-14
2025-02-06 → 2026-02-06,801.1250765566017,1574.9348874371487,1012.4980637423578,1012.498063742358,27.315883594862523,27.315883594862555,3.197442310920451e-14
2025-02-07 → 2026-02-07,801.1250765566017,1574.9348874371487,1013.6181881524959,1013.6181881524958,27.460638080317228,27.460638080317214,-1.4210854715202004e-14
2025-02-08 → 2026-02-08,801.1250765566017,1574.9348874371487,1014.6577235822779,1014.6577235822779,27.594977993712615,27.594977993712615,0.0
2025-02-09 → 2026-02-09,801.1250765566017,1574.9348874371487,1015.7190512900496,1015.7190512900497,27.732134138911142,27.732134138911153,1.0658141036401503e-14
2025-02-10 → 2026-02-10,801.1250765566017,1574.9348874371487,1016.8598303210124,1016.8598303210125,27.879557835912944,27.879557835912962,1.7763568394002505e-14
2025-02-11 → 2026-02-11,801.1250765566017,1574.9348874371487,1018.1325384287155,1018.1325384287156,28.044030822660794,28.044030822660808,1.4210854715202004e-14
2025-02-12 → 2026-02-12,801.1250765566017,1574.9348874371487,1019.4066078822183,1019.4066078822184,28.208679737108255,28.208679737108273,1.7763568394002505e-14
2025-02-13 → 2026-02-13,801.1250765566017,1574.9348874371487,1020.5794337153081,1020.5794337153083,28.360244865463923,28.36024486546394,1.7763568394002505e-14
2025-02-14 → 2026-02-14,801.1250765566017,1574.9348874371487,1021.6636077139796,1021.6636077139797,28.500353453314176,28.500353453314187,1.0658141036401503e-14
2025-02-15 → 2026-02-15,801.1250765566017,1574.9348874371487,1022.8399653016781,1022.8399653016783,28.652374992865344,28.652374992865354,1.0658141036401503e-14
2025-02-16 → 2026-02-16,801.1250765566017,1574.9348874371487,1024.0143739232585,1024.0143739232585,28.804144666119285,28.804144666119285,0.0
2025-02-17 → 2026-02-17,801.1250765566017,1574.9348874371487,1025.2231838318219,1025.223183831822,28.960360042503286,28.960360042503314,2.842170943040401e-14
2025-02-18 → 2026-02-18,801.1250765566017,1574.9348874371487,1026.48689167791,1026.48689167791,29.123669918950856,29.123669918950856,0.0
2025-02-19 → 2026-02-19,801.1250765566017,1574.9348874371487,1027.7063216152196,1027.7063216152194,29.28125772930982,29.281257729309797,-2.4868995751603507e-14
2025-02-20 → 2026-02-20,801.1250765566017,1574.9348874371487,1028.898659397092,1028.898659397092,29.435344400880386,29.435344400880386,0.0
2025-02-21 → 2026-02-21,801.1250765566017,1574.9348874371487,1030.1385525159399,1030.1385525159399,29.595576682949414,29.595576682949414,0.0
2025-02-22 → 2026-02-22,801.1250765566017,1574.9348874371487,1031.3386865337482,1031.3386865337484,29.750670867713318,29.750670867713353,3.552713678800501e-14
2025-02-23 → 2026-02-23,801.1250765566017,1574.9348874371487,1032.7340432605458,1032.7340432605458,29.930993823971765,29.930993823971765,0.0
2025-02-24 → 2026-02-24,801.1250765566017,1574.9348874371487,1034.151560284458,1034.1515602844581,30.114180571410266,30.114180571410294,2.842170943040401e-14
2025-02-25 → 2026-02-25,801.1250765566017,1574.9348874371487,1035.193245824018,1035.1932458240178,30.248798345043138,30.24879834504311,-2.842170943040401e-14
2025-02-26 → 2026-02-26,801.1250765566017,1574.9348874371487,1036.1619581983143,1036.1619581983146,30.373985743894277,30.373985743894306,2.842170943040401e-14
2025-02-27 → 2026-02-27,801.1250765566017,1574.9348874371487,1037.0571199449548,1037.0571199449548,30.48966814208226,30.48966814208226,0.0
2025-02-28 → 2026-02-28,801.1250765566017,1574.9348874371487,1037.908554891711,1037.908554891711,30.59969969438156,30.59969969438156,0.0
2025-03-01 → 2026-03-01,801.1250765566017,1574.9348874371487,1038.8218405189211,1038.821840518921,30.7177242547281,30.71772425472807,-3.197442310920451e-14
2025-03-02 → 2026-03-02,801.1250765566017,1574.9348874371487,1039.6032711413611,1039.603271141361,30.81870909770273,30.818709097702694,-3.552713678800501e-14
2025-03-03 → 2026-03-03,801.1250765566017,1574.9348874371487,1040.699423570056,1040.6994235700558,30.96036566670482,30.960365666704785,-3.552713678800501e-14
2025-03-04 → 2026-03-04,801.1250765566017,1574.9348874371487,1041.2939509346656,1041.2939509346656,31.037196866858903,31.037196866858903,0.0
2025-03-05 → 2026-03-05,801.1250765566017,1574.9348874371487,1042.0139934248023,1042.0139934248025,31.13024847721743,31.13024847721746,2.842170943040401e-14
2025-03-06 → 2026-03-06,801.1250765566017,1574.9348874371487,1043.0035709476567,1043.003570947657,31.258132294266527,31.25813229426656,3.197442310920451e-14
2025-03-07 → 2026-03-07,801.1250765566017,1574.9348874371487,1044.03407513507,1044.03407513507,31.391305093696488,31.391305093696488,0.0
2025-03-08 → 2026-03-08,801.1250765566017,1574.9348874371487,1045.0044546698366,1045.0044546698368,31.51670794089771,31.51670794089774,2.842170943040401e-14
2025-03-09 → 2026-03-09,801.1250765566017,1574.9348874371487,1045.820756841348,1045.820756841348,31.622199259311262,31.622199259311262,0.0
2025-03-10 → 2026-03-10,801.1250765566017,1574.9348874371487,1046.3421312626588,1046.3421312626588,31.689576851838495,31.689576851838495,0.0
2025-03-11 → 2026-03-11,801.1250765566017,1574.9348874371487,1046.770482742586,1046.770482742586,31.744933022554367,31.744933022554367,0.0
2025-03-12 → 2026-03-12,801.1250765566017,1574.9348874371487,1047.3419929382267,1047.3419929382264,31.81878969736059,31.81878969736056,-2.842170943040401e-14
2025-03-13 → 2026-03-13,801.1250765566017,1574.9348874371487,1047.9269643326036,1047.9269643326036,31.894385972588896,31.894385972588896,0.0
2025-03-14 → 2026-03-14,801.1250765566017,1574.9348874371487,1048.3992716293446,1048.3992716293446,31.955422585216436,31.955422585216436,0.0
2025-03-15 → 2026-03-15,801.1250765566017,1574.9348874371487,1048.9083095425285,1048.9083095425283,32.02120592190024,32.02120592190021,-2.842170943040401e-14
2025-03-16 → 2026-03-16,801.1250765566017,1574.9348874371487,1049.325694425517,1049.3256944255168,32.07514487138365,32.07514487138362,-2.842170943040401e-14
2025-03-17 → 2026-03-17,801.1250765566017,1574.9348874371487,1049.7015009434854,1049.7015009434851,32.123710618765514,32.123710618765486,-2.842170943040401e-14
2025-03-18 → 2026-03-18,801.1250765566017,1574.9348874371487,1050.28388415977,1050.2838841597697,32.198972421872135,32.19897242187211,-2.842170943040401e-14
2025-03-19 → 2026-03-19,801.1250765566017,1574.9348874371487,1050.885371607455,1050.8853716074548,32.27670307858229,32.27670307858226,-2.842170943040401e-14
2025-03-20 → 2026-03-20,801.1250765566017,1574.9348874371487,1051.611640189199,1051.611640189199,32.37055929125005,32.37055929125005,0.0
2025-03-21 → 2026-03-21,801.1250765566017,1574.9348874371487,1052.283395933586,1052.2833959335862,32.45737077062669,32.45737077062672,2.842170943040401e-14
2025-03-22 → 2026-03-22,801.1250765566017,1574.9348874371487,1053.050342438763,1053.050342438763,32.55648382068019,32.55648382068019,0.0
2025-03-23 → 2026-03-23,801.1250765566017,1574.9348874371487,1053.6538606126348,1053.6538606126348,32.63447690960021,32.63447690960021,0.0
2025-03-24 → 2026-03-24,801.1250765566017,1574.9348874371487,1054.337458505894,1054.3374585058941,32.72281875841718,32.72281875841722,3.552713678800501e-14
2025-03-25 → 2026-03-25,801.1250765566017,1574.9348874371487,1055.0415930814863,1055.0415930814866,32.81381457750497,32.813814577505006,3.552713678800501e-14
2025-03-26 → 2026-03-26,801.1250765566017,1574.9348874371487,1055.8920075969547,1055.892007596955,32.923714258732936,32.923714258732964,2.842170943040401e-14
2025-03-27 → 2026-03-27,801.1250765566017,1574.9348874371487,1056.8719627086025,1056.8719627086027,33.05035456464126,33.050354564641296,3.552713678800501e-14
2025-03-28 → 2026-03-28,801.1250765566017,1574.9348874371487,1057.8569205167203,1057.8569205167203,33.17764137262279,33.17764137262279,0.0
2025-03-29 → 2026-03-29,801.1250765566017,1574.9348874371487,1058.7580223557216,1058.7580223557216,33.29409141323107,33.29409141323107,0.0
2025-03-30 → 2026-03-30,801.1250765566017,1574.9348874371487,1059.5454122552576,1059.5454122552576,33.39584637788319,33.39584637788319,0.0
2025-03-31 → 2026-03-31,801.1250765566017,1574.9348874371487,1060.2275289623647,1060.2275289623647,33.48399681194538,33.48399681194538,0.0
2025-04-01 → 2026-04-01,801.1250765566017,1574.9348874371487,1060.9252840976021,1060.9252840976021,33.57416821135468,33.57416821135468,0.0
2025-04-02 → 2026-04-02,801.1250765566017,1574.9348874371487,1061.8029929887332,1061.8029929887332,33.68759516443664,33.68759516443664,0.0
2025-04-03 → 2026-04-03,801.1250765566017,1574.9348874371487,1062.5779887070444,1062.5779887070444,33.78774842010928,33.78774842010928,0.0
2025-04-04 → 2026-04-04,801.1250765566017,1574.9348874371487,1063.3435079528276,1063.3435079528276,33.88667702440188,33.88667702440188,0.0
2025-04-05 → 2026-04-05,801.1250765566017,1574.9348874371487,1064.0463341600032,1064.046334160003,33.97750376209544,33.97750376209541,-2.842170943040401e-14
2025-04-06 → 2026-04-06,801.1250765566017,1574.9348874371487,1064.740996745076,1064.7409967450758,34.06727550901635,34.06727550901632,-2.842170943040401e-14
2025-04-07 → 2026-04-07,801.1250765566017,1574.9348874371487,1065.0276065486044,1065.0276065486044,34.10431430065459,34.10431430065459,0.0
2025-04-08 → 2026-04-08,801.1250765566017,1574.9348874371487,1065.431063694956,1065.431063694956,34.15645335868651,34.15645335868651,0.0
2025-04-09 → 2026-04-09,801.1250765566017,1574.9348874371487,1065.658506616342,1065.658506616342,34.18584597146913,34.18584597146913,0.0
2025-04-10 → 2026-04-10,801.1250765566017,1574.9348874371487,1066.1011456473107,1066.1011456473107,34.243048532711526,34.243048532711526,0.0
2025-04-11 → 2026-04-11,801.1250765566017,1574.9348874371487,1066.403610195514,1066.403610195514,34.28213624443995,34.28213624443995,0.0
2025-04-12 → 2026-04-12,801.1250765566017,1574.9348874371487,1066.9913215153176,1066.9913215153178,34.358086602207436,34.358086602207464,2.842170943040401e-14
2025-04-13 → 2026-04-13,801.1250765566017,1574.9348874371487,1067.4479846568952,1067.4479846568952,34.41710150937925,34.41710150937925,0.0
2025-04-14 → 2026-04-14,801.1250765566017,1574.9348874371487,1067.8621202225377,1067.862120222538,34.47062054723834,34.47062054723837,2.842170943040401e-14
2025-04-15 → 2026-04-15,801.1250765566017,1574.9348874371487,1068.2866890480132,1068.2866890480132,34.525487882791026,34.525487882791026,0.0
2025-04-16 → 2026-04-16,801.1250765566017,1574.9348874371487,1068.6595881584306,1068.6595881584306,34.573677903798014,34.573677903798014,0.0
2025-04-17 → 2026-04-17,801.1250765566017,1574.9348874371487,1068.9558746348828,1068.9558746348828,34.61196721885788,34.61196721885788,0.0
2025-04-18 → 2026-04-18,801.1250765566017,1574.9348874371487,1069.344141909069,1069.344141909069,34.66214327875359,34.66214327875359,0.0
2025-04-19 → 2026-04-19,801.1250765566017,1574.9348874371487,1069.805176100857,1069.805176100857,34.72172305989687,34.72172305989687,0.0
2025-04-20 → 2026-04-20,801.1250765566017,1574.9348874371487,1070.1993515078468,1070.1993515078466,34.77266263205625,34.77266263205622,-3.552713678800501e-14
2025-04-21 → 2026-04-21,801.1250765566017,1574.9348874371487,1070.5787720302599,1070.57877203026,34.821695419839244,34.82169541983927,2.842170943040401e-14
2025-04-22 → 2026-04-22,801.1250765566017,1574.9348874371487,1070.9398940804144,1070.9398940804142,34.8683634828538,34.86836348285377,-2.842170943040401e-14
2025-04-23 → 2026-04-23,801.1250765566017,1574.9348874371487,1071.5099838952817,1071.5099838952817,34.942036600828175,34.942036600828175,0.0
2025-04-24 → 2026-04-24,801.1250765566017,1574.9348874371487,1072.121914906868,1072.121914906868,35.02111688683409,35.02111688683409,0.0
2025-04-25 → 2026-04-25,801.1250765566017,1574.9348874371487,1072.7304343364813,1072.7304343364813,35.09975629164093,35.09975629164093,0.0
2025-04-26 → 2026-04-26,801.1250765566017,1574.9348874371487,1073.3262975685143,1073.3262975685143,35.176760126905684,35.176760126905684,0.0
2025-04-27 → 2026-04-27,801.1250765566017,1574.9348874371487,1073.977569289644,1073.977569289644,35.2609244411819,35.2609244411819,0.0
2025-04-28 → 2026-04-28,801.1250765566017,1574.9348874371487,1074.64626056216,1074.64626056216,35.34733989664829,35.34733989664829,0.0
2025-04-29 → 2026-04-29,801.1250765566017,1574.9348874371487,1075.37699149159,1075.3769914915897,35.44177278172614,35.44177278172611,-2.842170943040401e-14
2025-04-30 → 2026-04-30,801.1250765566017,1574.9348874371487,1076.054465269358,1076.054465269358,35.52932320668096,35.52932320668096,0.0
2025-05-01 → 2026-05-01,801.1250765566017,1574.9348874371487,1076.6520539053545,1076.6520539053543,35.60655001714444,35.606550017144414,-2.842170943040401e-14
2025-05-02 → 2026-05-02,801.1250765566017,1574.9348874371487,1077.2892876810924,1077.2892876810922,35.68890019761228,35.68890019761225,-2.842170943040401e-14
2025-05-03 → 2026-05-03,801.1250765566017,1574.9348874371487,1077.9419118678038,1077.9419118678038,35.77323929199113,35.77323929199113,0.0
2025-05-04 → 2026-05-04,801.1250765566017,1574.9348874371487,1078.5168957528576,1078.5168957528574,35.84754487418574,35.847544874185715,-2.842170943040401e-14
2025-05-05 → 2026-05-05,801.1250765566017,1574.9348874371487,1078.9976642908912,1078.9976642908912,35.90967493912851,35.90967493912851,0.0
2025-05-06 → 2026-05-06,801.1250765566017,1574.9348874371487,1079.4752069661038,1079.4752069661035,35.97138812349214,35.97138812349211,-2.842170943040401e-14
2025-05-07 → 2026-05-07,801.1250765566017,1574.9348874371487,1080.0648507421074,1080.0648507421074,36.047588213968204,36.047588213968204,0.0
2025-05-08 → 2026-05-08,801.1250765566017,1574.9348874371487,1080.659738026636,1080.659738026636,36.12446592683302,36.12446592683302,0.0
2025-05-09 → 2026-05-09,801.1250765566017,1574.9348874371487,1081.3960695605135,1081.3960695605135,36.21962258206329,36.21962258206329,0.0
2025-05-10 → 2026-05-10,801.1250765566017,1574.9348874371487,1082.0634825263674,1082.0634825263671,36.30587284103769,36.30587284103766,-2.842170943040401e-14
2025-05-11 → 2026-05-11,801.1250765566017,1574.9348874371487,1082.794601143935,1082.794601143935,36.40035582733322,36.40035582733322,0.0
2025-05-12 → 2026-05-12,801.1250765566017,1574.9348874371487,1083.5598539924026,1083.5598539924026,36.49925000490855,36.49925000490855,0.0
2025-05-13 → 2026-05-13,801.1250765566017,1574.9348874371487,1084.3509330871486,1084.3509330871486,36.601481726918614,36.601481726918614,0.0
2025-05-14 → 2026-05-14,801.1250765566017,1574.9348874371487,1085.0932846291623,1085.0932846291623,36.697416352142476,36.697416352142476,0.0
2025-05-15 → 2026-05-15,801.1250765566017,1574.9348874371487,1085.9110504694295,1085.9110504694295,36.803096821525074,36.803096821525074,0.0
2025-05-16 → 2026-05-16,801.1250765566017,1574.9348874371487,1086.772210264451,1086.7722102644511,36.914385122980114,36.91438512298014,2.842170943040401e-14
2025-05-17 → 2026-05-17,801.1250765566017,1574.9348874371487,1087.65962988892,1087.6596298889203,37.029067001135594,37.02906700113562,2.842170943040401e-14
2025-05-18 → 2026-05-18,801.1250765566017,1574.9348874371487,1088.5613292066691,1088.5613292066691,37.14559425435341,37.14559425435341,0.0
2025-05-19 → 2026-05-19,801.1250765566017,1574.9348874371487,1089.5413845154628,1089.5413845154628,37.27224750881117,37.27224750881117,0.0
2025-05-20 → 2026-05-20,801.1250765566017,1574.9348874371487,1090.4840771196618,1090.4840771196618,37.394072354004884,37.394072354004884,0.0
2025-05-21 → 2026-05-21,801.1250765566017,1574.9348874371487,1091.4491709822498,1091.4491709822496,37.518792129977975,37.518792129977946,-2.842170943040401e-14
2025-05-22 → 2026-05-22,801.1250765566017,1574.9348874371487,1092.5742605327262,1092.5742605327264,37.66418826409988,37.664188264099906,2.842170943040401e-14
2025-05-23 → 2026-05-23,801.1250765566017,1574.9348874371487,1093.689284096256,1093.689284096256,37.8082835634682,37.8082835634682,0.0
2025-05-24 → 2026-05-24,801.1250765566017,1574.9348874371487,1094.6933593490444,1094.6933593490442,37.93804093261371,37.93804093261368,-2.842170943040401e-14
2025-05-25 → 2026-05-25,801.1250765566017,1574.9348874371487,1095.6986984098642,1095.6986984098642,38.06796162458268,38.06796162458268,0.0
2025-05-26 → 2026-05-26,801.1250765566017,1574.9348874371487,1096.7938728981596,1096.7938728981594,38.20949181364157,38.20949181364154,-2.842170943040401e-14
2025-05-27 → 2026-05-27,801.1250765566017,1574.9348874371487,1097.9746104663468,1097.9746104663466,38.36207938123051,38.36207938123047,-3.552713678800501e-14
2025-05-28 → 2026-05-28,801.1250765566017,1574.9348874371487,1099.1867997634781,1099.186799763478,38.518731478436656,38.51873147843662,-3.552713678800501e-14
2025-05-29 → 2026-05-29,801.1250765566017,1574.9348874371487,1100.3808077929448,1100.3808077929448,38.673033997308565,38.673033997308565,0.0
2025-05-30 → 2026-05-30,801.1250765566017,1574.9348874371487,1101.5023757538152,1101.5023757538152,38.81797503386561,38.81797503386561,0.0
2025-05-31 → 2026-05-31,801.1250765566017,1574.9348874371487,1102.587054452964,1102.587054452964,38.95814884452258,38.95814884452258,0.0
2025-06-01 → 2026-06-01,801.1250765566017,1574.9348874371487,1103.8081788701038,1103.8081788701038,39.115955633732234,39.115955633732234,0.0
2025-06-02 → 2026-06-02,801.1250765566017,1574.9348874371487,1105.3306234917895,1105.3306234917895,39.31270225031407,39.31270225031407,0.0
2025-06-03 → 2026-06-03,801.1250765566017,1574.9348874371487,1107.0042643808117,1107.0042643808117,39.528988069579874,39.528988069579874,0.0
2025-06-04 → 2026-06-04,801.1250765566017,1574.9348874371487,1108.7073957603993,1108.7073957603993,39.74908496621259,39.74908496621259,0.0
2025-06-05 → 2026-06-05,801.1250765566017,1641.831083178168,1110.5857465474091,1110.5857465474091,36.80961805356857,36.80961805356857,0.0
2025-06-06 → 2026-06-06,801.1250765566017,1645.505160012569,1112.3942793879228,1112.3942793879228,36.86363628537114,36.86363628537114,0.0
2025-06-07 → 2026-06-07,801.1250765566017,1645.505160012569,1114.1037412108021,1114.1037412108021,37.066087984123044,37.066087984123044,0.0
2025-06-08 → 2026-06-08,801.1250765566017,1645.505160012569,1115.8478361111777,1115.8478361111777,37.272641280979265,37.272641280979265,0.0
2025-06-09 → 2026-06-09,801.1250765566017,1645.505160012569,1117.6961570972119,1117.6961570972119,37.49153808139516,37.49153808139516,0.0
2025-06-10 → 2026-06-10,801.1250765566017,1645.505160012569,1119.6641308797439,1119.6641308797439,37.72460537195432,37.72460537195432,0.0
2025-06-11 → 2026-06-11,801.1250765566017,1645.505160012569,1121.4863623183007,1121.4863623183005,37.940412385201085,37.94041238520106,-2.842170943040401e-14
2025-06-12 → 2026-06-12,801.1250765566017,1645.505160012569,1123.2759396546955,1123.2759396546953,38.152352170548724,38.152352170548696,-2.842170943040401e-14
2025-06-13 → 2026-06-13,801.1250765566017,1645.505160012569,1124.939388524713,1124.939388524713,38.349354551657605,38.349354551657605,0.0
2025-06-14 → 2026-06-14,801.1250765566017,1645.505160012569,1126.5264344540637,1126.5264344540637,38.537308526466575,38.537308526466575,0.0
2025-06-15 → 2026-06-15,801.1250765566017,1645.505160012569,1128.061669157562,1128.0616691575617,38.7191264937041,38.719126493704074,-2.842170943040401e-14
2025-06-16 → 2026-06-16,801.1250765566017,1645.505160012569,1129.6347621417888,1129.6347621417888,38.905428020119594,38.905428020119594,0.0
2025-06-17 → 2026-06-17,801.1250765566017,1645.505160012569,1131.329636103711,1131.3296361037112,39.106152077345726,39.106152077345754,2.842170943040401e-14
2025-06-18 → 2026-06-18,801.1250765566017,1645.505160012569,1133.066523018666,1133.066523018666,39.31185173191906,39.31185173191906,0.0
2025-06-19 → 2026-06-19,801.1250765566017,1645.505160012569,1134.775595209898,1134.7755952098983,39.51425728656419,39.51425728656422,2.842170943040401e-14
2025-06-20 → 2026-06-20,801.1250765566017,1645.505160012569,1136.4207130531493,1136.4207130531495,39.70908872272478,39.70908872272481,2.842170943040401e-14
2025-06-21 → 2026-06-21,801.1250765566017,1645.505160012569,1138.086993031873,1138.0869930318731,39.90642639226143,39.90642639226146,2.842170943040401e-14
2025-06-22 → 2026-06-22,801.1250765566017,1645.505160012569,1139.6706378559045,1139.6706378559047,40.09397757389872,40.09397757389875,2.842170943040401e-14
2025-06-23 → 2026-06-23,801.1250765566017,1645.505160012569,1141.3278128047978,1141.3278128047978,40.29023693403315,40.29023693403315,0.0
2025-06-24 → 2026-06-24,801.1250765566017,1645.505160012569,1143.223770903973,1143.223770903973,40.51477540152226,40.51477540152226,0.0
2025-06-25 → 2026-06-25,801.1250765566017,1670.4691792209805,1145.209434907646,1145.209434907646,39.579765629799454,39.579765629799454,0.0
2025-06-26 → 2026-06-26,801.1250765566017,1670.4691792209805,1147.2198557395407,1147.2198557395404,39.81102282999591,39.811022829995885,-2.842170943040401e-14
2025-06-27 → 2026-06-27,801.1250765566017,1670.4691792209805,1149.223774880155,1149.223774880155,40.04153214552156,40.04153214552156,0.0
2025-06-28 → 2026-06-28,801.1250765566017,1680.2014269617425,1151.2631622694842,1151.263162269484,39.8302247070478,39.83022470704777,-2.842170943040401e-14
2025-06-29 → 2026-06-29,801.1250765566017,1680.2014269617425,1153.258628652824,1153.258628652824,40.05722050581092,40.05722050581092,0.0
2025-06-30 → 2026-06-30,801.1250765566017,1708.6693076829465,1155.4056975787046,1155.4056975787048,39.037284230478605,39.037284230478626,2.1316282072803006e-14
2025-07-01 → 2026-07-01,801.1250765566017,1708.6693076829465,1157.404611053405,1157.404611053405,39.25753944296776,39.25753944296776,0.0
2025-07-02 → 2026-07-02,801.1250765566017,1708.6693076829465,1159.263574554576,1159.263574554576,39.462373922369814,39.462373922369814,0.0
2025-07-03 → 2026-07-03,801.1250765566017,1708.6693076829465,1161.1223250721446,1161.1223250721443,39.6671849336482,39.66718493364818,-2.1316282072803006e-14
2025-07-04 → 2026-07-04,801.1250765566017,1708.6693076829465,1162.9608110010527,1162.9608110010524,39.86976304123271,39.86976304123268,-2.842170943040401e-14
2025-07-05 → 2026-07-05,801.1250765566017,1708.6693076829465,1164.7274970175276,1164.7274970175272,40.06442969833683,40.06442969833678,-4.973799150320701e-14
2025-07-06 → 2026-07-06,801.1250765566017,1708.6693076829465,1166.4682891803607,1166.4682891803604,40.256243177297804,40.256243177297776,-2.842170943040401e-14
2025-07-07 → 2026-07-07,801.1250765566017,1708.6693076829465,1168.27135974994,1168.27135974994,40.4549189561457,40.4549189561457,0.0
2025-07-08 → 2026-07-08,801.1250765566017,1708.6693076829465,1170.139014176897,1170.139014176897,40.66071106664581,40.66071106664581,0.0
2025-07-09 → 2026-07-09,801.1250765566017,1708.6693076829465,1171.9552652350544,1171.9552652350544,40.86083917014367,40.86083917014367,0.0
2025-07-10 → 2026-07-10,801.1250765566017,1708.6693076829465,1173.7642234313573,1173.7642234313575,41.06016369166675,41.06016369166678,2.842170943040401e-14
2025-07-11 → 2026-07-11,801.1250765566017,1708.6693076829465,1175.682575152113,1175.6825751521133,41.27154200855328,41.27154200855331,2.842170943040401e-14
2025-07-12 → 2026-07-12,801.1250765566017,1708.6693076829465,1177.645323591412,1177.6453235914123,41.48781228739833,41.487812287398356,2.842170943040401e-14
2025-07-13 → 2026-07-13,801.1250765566017,1708.6693076829465,1179.7155464721159,1179.7155464721159,41.71592490270684,41.71592490270684,0.0
2025-07-14 → 2026-07-14,801.1250765566017,1708.6693076829465,1181.6253005884832,1181.6253005884832,41.92635587134372,41.92635587134372,0.0
2025-07-15 → 2026-07-15,801.1250765566017,1708.6693076829465,1183.564680563088,1183.5646805630877,42.14005123825689,42.14005123825686,-2.842170943040401e-14
2025-07-16 → 2026-07-16,801.1250765566017,1708.6693076829465,1185.5273774854124,1185.5273774854122,42.356315840577004,42.356315840576976,-2.842170943040401e-14
2025-07-17 → 2026-07-17,801.1250765566017,1708.6693076829465,1187.500901247291,1187.5009012472908,42.573773424922976,42.57377342492295,-2.842170943040401e-14
2025-07-18 → 2026-07-18,801.1250765566017,1708.6693076829465,1189.4324138476761,1189.432413847676,42.786601905799095,42.786601905799074,-2.1316282072803006e-14
2025-07-19 → 2026-07-19,801.1250765566017,1708.6693076829465,1191.342145400677,1191.3421454006766,42.99703038823579,42.99703038823574,-4.973799150320701e-14
2025-07-20 → 2026-07-20,801.1250765566017,1708.6693076829465,1193.2166059504787,1193.2166059504787,43.20357244817211,43.20357244817211,0.0
2025-07-21 → 2026-07-21,801.1250765566017,1708.6693076829465,1195.002071075056,1195.0020710750557,43.40030832763017,43.40030832763014,-2.842170943040401e-14
2025-07-22 → 2026-07-22,801.1250765566017,1708.6693076829465,1196.8162353432654,1196.816235343265,43.600206493029546,43.600206493029496,-4.973799150320701e-14
2025-07-23 → 2026-07-23,801.1250765566017,1708.6693076829465,1198.738008227206,1198.7380082272057,43.81196177922154,43.81196177922152,-2.1316282072803006e-14
2025-07-24 → 2026-07-24,801.1250765566017,1708.6693076829465,1200.6977043908855,1200.6977043908855,44.02789573554756,44.02789573554756,0.0
2025-07-25 → 2026-07-25,801.1250765566017,1708.6693076829465,1202.6367604072464,1202.6367604072461,44.24155540632242,44.2415554063224,-2.1316282072803006e-14
2025-07-26 → 2026-07-26,801.1250765566017,1708.6693076829465,1204.4941401218734,1204.4941401218734,44.44621537229697,44.44621537229697,0.0
2025-07-27 → 2026-07-27,801.1250765566017,1708.6693076829465,1206.466355879006,1206.466355879006,44.663528830913165,44.663528830913165,0.0
2025-07-28 → 2026-07-28,801.1250765566017,1708.6693076829465,1208.4660951116439,1208.4660951116439,44.883875031577794,44.883875031577794,0.0
2025-07-29 → 2026-07-29,801.1250765566017,1708.6693076829465,1210.4265771015903,1210.4265771015905,45.09989557610963,45.09989557610966,2.842170943040401e-14
2025-07-30 → 2026-07-30,801.1250765566017,1708.6693076829465,1212.3232195708586,1212.3232195708586,45.30888180556474,45.30888180556474,0.0
2025-07-31 → 2026-07-31,801.1250765566017,1708.6693076829465,1214.3480027162163,1214.3480027162166,45.531987531535236,45.531987531535265,2.842170943040401e-14
2025-08-01 → 2026-08-01,801.1250765566017,1708.6693076829465,1216.3435771801712,1216.3435771801715,45.75187482688812,45.75187482688815,2.842170943040401e-14
2025-08-02 → 2026-08-02,801.1250765566017,1708.6693076829465,1218.2381119246506,1218.2381119246506,45.96062881148765,45.96062881148765,0.0
2025-08-03 → 2026-08-03,801.1250765566017,1708.6693076829465,1220.1158890425372,1220.1158890425372,46.16753631566032,46.16753631566032,0.0
2025-08-04 → 2026-08-04,801.1250765566017,1708.6693076829465,1221.983099794194,1221.983099794194,46.37327953870295,46.37327953870295,0.0
2025-08-05 → 2026-08-05,801.1250765566017,1708.6693076829465,1223.8401615601458,1223.840161560146,46.57790447071834,46.57790447071836,2.1316282072803006e-14
2025-08-06 → 2026-08-06,801.1250765566017,1708.6693076829465,1225.7008115379663,1225.7008115379663,46.78292477871051,46.78292477871051,0.0
2025-08-07 → 2026-08-07,801.1250765566017,1708.6693076829465,1227.5375910858759,1227.537591085876,46.985314864495095,46.985314864495116,2.1316282072803006e-14
2025-08-08 → 2026-08-08,801.1250765566017,1708.6693076829465,1229.420661823918,1229.420661823918,47.192805659263854,47.192805659263854,0.0
2025-08-09 → 2026-08-09,801.1250765566017,1708.6693076829465,1231.2924263299096,1231.2924263299099,47.39905064896189,47.39905064896192,2.842170943040401e-14
2025-08-10 → 2026-08-10,801.1250765566017,1708.6693076829465,1233.2226784398854,1233.2226784398854,47.611740239592656,47.611740239592656,0.0
2025-08-11 → 2026-08-11,801.1250765566017,1708.6693076829465,1235.2298516462306,1235.2298516462306,47.83290557098969,47.83290557098969,0.0
2025-08-12 → 2026-08-12,801.1250765566017,1708.6693076829465,1237.2411526261847,1237.2411526261849,48.05452573130494,48.05452573130496,2.1316282072803006e-14
2025-08-13 → 2026-08-13,801.1250765566017,1708.6693076829465,1239.2770768329592,1239.2770768329592,48.27885906261242,48.27885906261242,0.0
2025-08-14 → 2026-08-14,801.1250765566017,1708.6693076829465,1241.40578840863,1241.40578840863,48.51341639906631,48.51341639906631,0.0
2025-08-15 → 2026-08-15,801.1250765566017,1708.6693076829465,1243.4348206388,1243.4348206388,48.73699032092922,48.73699032092922,0.0
2025-08-16 → 2026-08-16,801.1250765566017,1708.6693076829465,1245.4551936856474,1245.4551936856474,48.95961010931574,48.95961010931574,0.0
2025-08-17 → 2026-08-17,801.1250765566017,1708.6693076829465,1247.3695003445498,1247.3695003445498,49.17054271108288,49.17054271108288,0.0
2025-08-18 → 2026-08-18,801.1250765566017,1708.6693076829465,1249.2693917663905,1249.2693917663908,49.37988693439228,49.37988693439231,2.842170943040401e-14
2025-08-19 → 2026-08-19,801.1250765566017,1708.6693076829465,1250.8648068534976,1250.8648068534976,49.55568168162207,49.55568168162207,0.0
2025-08-20 → 2026-08-20,801.1250765566017,1708.6693076829465,1252.1836172984426,1252.1836172984426,49.700998063977146,49.700998063977146,0.0
2025-08-21 → 2026-08-21,801.1250765566017,1708.6693076829465,1253.2795477512489,1253.2795477512486,49.82175586455796,49.821755864557936,-2.1316282072803006e-14
2025-08-22 → 2026-08-22,801.1250765566017,1708.6693076829465,1254.3950210915975,1254.3950210915975,49.94466704641455,49.94466704641455,0.0
