window,min_sats_per_dollar,max_sats_per_dollar,uniform_sats_per_dollar,dynamic_sats_per_dollar,uniform_percentile,dynamic_percentile,excess_percentile
2016-01-01 → 2017-01-01,100275.01847945956,272969.2071151107,186496.47341994694,191182.63405911683,49.927247478139954,52.640807602074815,2.7135601239348617
2016-01-02 → 2017-01-02,98320.88709000811,272969.2071151107,186137.52393541028,190876.2322734771,50.28198200405254,52.9952679591569,2.713285955104361
2016-01-03 → 2017-01-03,96842.07173230938,272969.2071151107,185774.20138438346,190555.1033041518,50.493144885815376,53.20760561293578,2.7144607271204038
2016-01-04 → 2017-01-04,88144.83325140158,272969.2071151107,185380.9052563922,190217.17635485512,52.60998318148948,55.22666787375265,2.6166846922631706
2016-01-05 → 2017-01-05,88144.83325140158,272969.2071151107,185024.61791834253,189945.9315416363,52.41721242804308,55.079909733823094,2.6626973057800143
2016-01-06 → 2017-01-06,88144.83325140158,272969.2071151107,184700.1657403096,189632.90659630008,52.241666220986986,54.910546278780615,2.668880057793629
2016-01-07 → 2017-01-07,88144.83325140158,272969.2071151107,184369.08755776478,189270.64254674327,52.06253498649463,54.714541800592066,2.652006814097433
2016-01-08 → 2017-01-08,88144.83325140158,272969.2071151107,184074.33291946893,188964.37049349473,51.90305675744179,54.54883202603907,2.6457752685972835
2016-01-09 → 2017-01-09,88144.83325140158,272969.2071151107,183775.91467847806,188550.35635612445,51.741596320837836,54.32482794653624,2.583231625698403
2016-01-10 → 2017-01-10,88144.83325140158,272969.2071151107,183470.78072528774,188127.27689806843,51.57650232007832,54.09591903738554,2.519416717307223
2016-01-11 → 2017-01-11,88144.83325140158,272969.2071151107,183209.00233455587,187739.74974030023,51.43486602760268,53.88624584890556,2.4513798213028792
2016-01-12 → 2017-01-12,88144.83325140158,272969.2071151107,182939.78740908127,187278.86996571324,51.28920616692157,53.636884920499625,2.3476787535780517
2016-01-13 → 2017-01-13,88144.83325140158,272969.2071151107,182652.5746569847,186785.46056288737,51.13380850692011,53.36992370076911,2.2361151938489954
2016-01-14 → 2017-01-14,88144.83325140158,272969.2071151107,182354.5620087385,186292.20167333272,50.97256751796593,53.10304391687307,2.130476398907142
2016-01-15 → 2017-01-15,88144.83325140158,272969.2071151107,182051.08767611842,185797.65566904505,50.808371461852765,52.835467734170926,2.027096272318161
2016-01-16 → 2017-01-16,88144.83325140158,272969.2071151107,181638.25567589968,185050.25801818684,50.585006982596816,52.431085111233244,1.846078128636428
2016-01-17 → 2017-01-17,88144.83325140158,272969.2071151107,181236.85877774152,184795.8128574823,50.3678295131067,52.29341649351501,1.9255869804083119
2016-01-18 → 2017-01-18,88144.83325140158,272969.2071151107,180833.65376554205,184310.16932308272,50.149673755957046,52.03065702935598,1.8809832733989325
2016-01-19 → 2017-01-19,88144.83325140158,272969.2071151107,180427.6621177894,183895.68583005958,49.930010277993894,51.80639900301537,1.876388725021478
2016-01-20 → 2017-01-20,88144.83325140158,272969.2071151107,180011.51207552457,183464.55840398383,49.7048505582203,51.57313570712905,1.8682851489087469
2016-01-21 → 2017-01-21,88144.83325140158,272969.2071151107,179658.4539306847,183247.68941942847,49.51382697325729,51.45579783657562,1.941970863318332
2016-01-22 → 2017-01-22,88144.83325140158,272969.2071151107,179288.1118690071,182493.02992003944,49.31345185284666,51.04748616013758,1.7340343072909192
2016-01-23 → 2017-01-23,88144.83325140158,272969.2071151107,178869.48798663827,181762.33400413653,49.08695365154475,50.652140080706666,1.565186429161912
2016-01-24 → 2017-01-24,88144.83325140158,272969.2071151107,178471.19459783638,181419.35260308586,48.87145534876376,50.466568560089165,1.5951132113254047
2016-01-25 → 2017-01-25,88144.83325140158,272969.2071151107,178100.02753893973,181025.9862368222,48.67063386015948,50.25373604344624,1.583102183286762
2016-01-26 → 2017-01-26,88144.83325140158,272969.2071151107,177702.15213039084,180369.43398347415,48.455361707341424,49.89850570254315,1.4431439952017229
2016-01-27 → 2017-01-27,88144.83325140158,272969.2071151107,177301.55531699804,179848.21594528004,48.238617127057765,49.616498504413286,1.3778813773555214
2016-01-28 → 2017-01-28,88144.83325140158,272969.2071151107,176906.36533985625,179335.79123108648,48.02479793812697,49.33924897098788,1.3144510328609087
2016-01-29 → 2017-01-29,88144.83325140158,272969.2071151107,176484.82036363002,178739.83148666535,47.796719266784045,49.01680246030169,1.2200831935176453
2016-01-30 → 2017-01-30,88144.83325140158,272969.2071151107,176061.94953927456,178294.25485485402,47.56792323976908,48.77572136125796,1.207798121488878
2016-01-31 → 2017-01-31,88144.83325140158,272969.2071151107,175621.03759689184,177740.529393395,47.329365990437964,48.47612588589747,1.1467598954595033
2016-02-01 → 2017-02-01,88144.83325140158,271666.63190916245,175153.1718576791,177224.78708386113,47.41035628608583,48.53916781764959,1.1288115315637626
2016-02-02 → 2017-02-02,88144.83325140158,271666.63190916245,174689.56397988112,176874.37821502762,47.15773895060378,48.34823198801174,1.1904930374079612
2016-02-03 → 2017-02-03,88144.83325140158,271666.63190916245,174227.28691707904,176502.96761791,46.90584676875776,48.145852434283505,1.240005665525743
2016-02-04 → 2017-02-04,88144.83325140158,269676.7261346181,173750.62530778316,176091.98860938952,47.15743922278918,48.44721991334398,1.2897806905547995
2016-02-05 → 2017-02-05,88144.83325140158,269676.7261346181,173320.03043205698,175904.56106838371,46.92023854753197,48.34397219305145,1.4237336455194765
2016-02-06 → 2017-02-06,88144.83325140158,269676.7261346181,172877.45448803622,175373.52090116905,46.67643789245618,48.05143948225319,1.3750015897970087
2016-02-07 → 2017-02-07,88144.83325140158,269676.7261346181,172408.739359175,174828.95565957695,46.41823801285555,47.751456249035634,1.3332182361800875
2016-02-08 → 2017-02-08,88144.83325140158,269676.7261346181,171941.34580854315,174474.4490400331,46.160766147604555,47.55617011285685,1.3954039652522923
2016-02-09 → 2017-02-09,88144.83325140158,267729.2928968212,171483.7936330867,174254.12176675326,46.406554635202646,47.949187076303865,1.5426324411012189
2016-02-10 → 2017-02-10,88144.83325140158,264803.0427971326,171027.68141976124,173962.32854972495,46.917065661137016,48.57826620059116,1.6612005394541427
2016-02-11 → 2017-02-11,88144.83325140158,264803.0427971326,170578.30953782197,173679.71366101934,46.662692041538584,48.41828785062806,1.7555958090894777
2016-02-12 → 2017-02-12,88144.83325140158,261578.47259009586,170127.5500022797,173384.4097167196,47.270366385367765,49.148237210692294,1.8778708253245284
2016-02-13 → 2017-02-13,88144.83325140158,256674.54400532218,169687.29444132908,173157.5250687002,48.384620625731735,50.443741603182524,2.059120977450789
2016-02-14 → 2017-02-14,88144.83325140158,251689.8114505232,169257.1005626437,172901.0710680403,49.59630567958201,51.8244208718198,2.2281151922377873
2016-02-15 → 2017-02-15,88144.83325140158,251689.8114505232,168854.9606051403,172651.1345341896,49.350416162256835,51.67159653162734,2.321180369370502
2016-02-16 → 2017-02-16,88144.83325140158,251689.8114505232,168435.3186451904,172168.70364180574,49.09382500025919,51.37661291446211,2.2827879142029204
2016-02-17 → 2017-02-17,88144.83325140158,251689.8114505232,168023.27291295203,171809.62051998466,48.84187857134672,51.1570506107001,2.315172039353378
2016-02-18 → 2017-02-18,88144.83325140158,251689.8114505232,167624.10213999957,171434.24480652358,48.59780456959629,50.92752615963193,2.329721590035639
2016-02-19 → 2017-02-19,88144.83325140158,251689.8114505232,167234.67811188666,171003.06022840517,48.3596902401922,50.663877233895164,2.304186993702963
2016-02-20 → 2017-02-20,88144.83325140158,251689.8114505232,166835.62225223015,170456.53451655374,48.11568650247386,50.329702673557385,2.2140161710835287
2016-02-21 → 2017-02-21,88144.83325140158,251689.8114505232,166458.00278892898,169968.57779082604,47.884790104761535,50.03134027129909,2.1465501665375513
2016-02-22 → 2017-02-22,88144.83325140158,251689.8114505232,166078.1183243448,169305.1808960348,47.65250876615531,49.625704523814676,1.9731957576593686
2016-02-23 → 2017-02-23,84114.06710114426,251689.8114505232,165684.55177646494,168507.5797421271,48.67678493210464,50.36141296501161,1.6846280329069714
2016-02-24 → 2017-02-24,84114.06710114426,251689.8114505232,165265.68698425943,167785.4456429932,48.426829430589926,49.93048299842389,1.5036535678339646
2016-02-25 → 2017-02-25,84114.06710114426,251689.8114505232,164859.64767736723,167357.40827044146,48.18452747426046,49.67505380476963,1.4905263305091694
2016-02-26 → 2017-02-26,84114.06710114426,251689.8114505232,164447.72546434795,166726.5889186248,47.93871492267755,49.298615463847526,1.3599005411699778
2016-02-27 → 2017-02-27,83741.40168431975,251689.8114505232,164044.81661026474,166162.85786540984,47.81433479348405,49.07546090839849,1.2611261149144397
2016-02-28 → 2017-02-28,83741.40168431975,251689.8114505232,163644.740461663,165565.25475426862,47.57612107704656,48.71963550226745,1.1435144252208929
2016-02-29 → 2017-02-28,83741.40168431975,251689.8114505232,163461.003818709,165154.66851999544,47.466720432402305,48.47516386074089,1.0084434283385875
2016-03-01 → 2017-03-01,81402.75502744006,251689.8114505232,163059.29716565687,164387.35947251559,47.95228941848566,48.73218563300423,0.7798962145185655
2016-03-02 → 2017-03-02,79180.86023057195,251689.8114505232,162644.35578767446,163540.7325080951,48.38212450244707,48.901736217712646,0.5196117152655759
2016-03-03 → 2017-03-03,77557.66620995408,251689.8114505232,162210.46406959204,162716.6643388716,48.61411300175932,48.904811923879784,0.29069892212046256
2016-03-04 → 2017-03-04,77557.66620995408,251689.8114505232,161774.11278519878,162133.06192722748,48.36352671064667,48.56966276986353,0.20613605921685973
2016-03-05 → 2017-03-05,77557.66620995408,251689.8114505232,161318.50936009956,161451.22724112245,48.10188436743095,48.17810112846582,0.07621676103487118
2016-03-06 → 2017-03-06,77557.66620995408,247705.51160938002,160843.91323223722,160875.15885787492,48.94933980901537,48.96770361818636,0.01836380917099234
2016-03-07 → 2017-03-07,77557.66620995408,244557.62237222082,160388.45008512968,160689.12119575083,49.59928480142381,49.77932742989553,0.1800426284717176
2016-03-08 → 2017-03-08,77557.66620995408,244557.62237222082,159964.40281601672,160663.6048443121,49.34536421434238,49.76404817352618,0.4186839591837952
2016-03-09 → 2017-03-09,77557.66620995408,244557.62237222082,159529.2476262797,159960.62602222367,49.08479217603946,49.343102660579234,0.258310484539777
2016-03-10 → 2017-03-10,77557.66620995408,244557.62237222082,159115.6694984099,159982.6425853482,48.837140537455824,49.35628623477319,0.5191456973173629
2016-03-11 → 2017-03-11,77557.66620995408,244557.62237222082,158691.58966148514,159106.16925114155,48.58320044868556,48.831451765143136,0.24825131645757637
2016-03-12 → 2017-03-12,77557.66620995408,244557.62237222082,158262.11745525664,158334.16456957645,48.326031395412755,48.36917339136023,0.04314199594747237
2016-03-13 → 2017-03-13,77557.66620995408,244557.62237222082,157816.5957324435,157722.87302773783,48.059251850644344,48.00313045584913,-0.05612139479521261
2016-03-14 → 2017-03-14,77557.66620995408,244557.62237222082,157372.30451991284,157228.39161324129,47.793209138573836,47.70703372273616,-0.08617541583767263
2016-03-15 → 2017-03-15,77557.66620995408,244557.62237222082,156931.0529169142,156708.91616303605,47.52898655244938,47.39597049724617,-0.13301605520321402
2016-03-16 → 2017-03-16,77557.66620995408,244557.62237222082,156505.038914342,156635.78432720178,47.27388828035268,47.35217896728719,0.07829068693450836
2016-03-17 → 2017-03-17,77557.66620995408,244557.62237222082,156104.7168271074,156824.57498175753,47.03417439273606,47.4652272931037,0.4310529003676393
2016-03-18 → 2017-03-18,77557.66620995408,244557.62237222082,155735.86482722234,157211.58125829787,46.81330487374849,47.69696763928937,0.8836627655408762
2016-03-19 → 2017-03-19,77557.66620995408,244424.4163880815,155335.4834824195,156268.75285989523,46.61073412734348,47.17002432534846,0.5592901980049803
2016-03-20 → 2017-03-20,77557.66620995408,242953.27742632237,154930.94063184116,155748.7170118941,46.78073006463782,47.27516663042017,0.49443656578235107
2016-03-21 → 2017-03-21,77557.66620995408,242953.27742632237,154513.61237670376,154863.32503940485,46.528408825840586,46.7398489360885,0.21144011024791354
2016-03-22 → 2017-03-22,77557.66620995408,242261.1505855176,154113.2042067826,154963.33885581867,46.480824790727254,46.99698548535929,0.5161606946320347
2016-03-23 → 2017-03-23,77557.66620995408,242261.1505855176,153723.07014429895,154662.92564523726,46.24395423272858,46.814589094827326,0.5706348620987427
2016-03-24 → 2017-03-24,77557.66620995408,242261.1505855176,153360.64886194014,155022.5676146734,46.02390953620449,47.0329463267946,1.009036790590109
2016-03-25 → 2017-03-25,77557.66620995408,242261.1505855176,152982.0835370066,154337.8671783969,45.79406295683869,46.61722929514079,0.8231663383021015
2016-03-26 → 2017-03-26,77557.66620995408,242261.1505855176,152609.61783349092,154030.9229482229,45.56791977296628,46.43086758498164,0.8629478120153635
2016-03-27 → 2017-03-27,77557.66620995408,242261.1505855176,152216.10629041004,153052.4595889583,45.32899857189225,45.83679189619204,0.5077933242997901
2016-03-28 → 2017-03-28,77557.66620995408,242261.1505855176,151835.33130675694,152675.36636784847,45.097810394485606,45.60783910716059,0.5100287126749876
2016-03-29 → 2017-03-29,77557.66620995408,242261.1505855176,151452.07960787194,152263.02821380415,44.86511847522354,45.35748729729597,0.4923688220724287
2016-03-30 → 2017-03-30,77557.66620995408,242261.1505855176,151058.30073214302,151828.59476033505,44.626034962678645,45.09372028889529,0.46768532621664605
2016-03-31 → 2017-03-31,77557.66620995408,240409.57450928085,150648.9624896463,151149.67562723212,44.88206312286386,45.18952844078049,0.30746531791663045
2016-04-01 → 2017-04-01,77557.66620995408,239692.8133775258,150242.87932354756,150755.66852640107,44.830016429732574,45.146289126807645,0.3162726970750711
2016-04-02 → 2017-04-02,77557.66620995408,238866.74323962914,149835.11659807578,150294.3708609558,44.80680921311405,45.09151375134381,0.28470453822976083
2016-04-03 → 2017-04-03,77557.66620995408,238866.74323962914,149422.90945737428,149706.31196323782,44.55127049930338,44.726959624231796,0.17568912492841804
2016-04-04 → 2017-04-04,77557.66620995408,238866.74323962914,149011.75680091424,149337.4515501372,44.29638548971126,44.49829275694027,0.20190726722901076
2016-04-05 → 2017-04-05,77557.66620995408,238866.74323962914,148601.06523158267,148991.77594216025,44.04178632090193,44.28399879757843,0.24221247667649948
2016-04-06 → 2017-04-06,77557.66620995408,238866.74323962914,148183.09979545747,148320.4842389216,43.78267787900791,43.86784633077387,0.08516845176595922
2016-04-07 → 2017-04-07,77557.66620995408,238866.74323962914,147764.7734862579,147944.24974569457,43.523345721820874,43.63460806535511,0.1112623435342357
2016-04-08 → 2017-04-08,77557.66620995408,238866.74323962914,147347.18686351244,147601.97250898916,43.26447211691602,43.42242085121437,0.1579487342983512
2016-04-09 → 2017-04-09,77557.66620995408,238801.04565286302,146919.67432659454,147082.47191348285,43.016965010460666,43.1179288996143,0.10096388915363264
2016-04-10 → 2017-04-10,77557.66620995408,236992.38357409684,146492.70997448184,146755.6266639709,43.23715995123118,43.40206549616878,0.16490554493760357
2016-04-11 → 2017-04-11,77557.66620995408,236254.11874277255,146067.36201675693,146356.09527742385,43.17027552499009,43.35221611412028,0.18194058913019262
2016-04-12 → 2017-04-12,77557.66620995408,235364.71702839778,145646.52865475765,146090.52668228856,43.14690762654166,43.42826262635199,0.2813549998103255
2016-04-13 → 2017-04-13,77557.66620995408,235364.71702839778,145240.31523243774,145984.69308246823,42.889496173622966,43.361197435493004,0.471701261870038
2016-04-14 → 2017-04-14,77557.66620995408,234820.83213053396,144829.9053633345,145628.4130539507,42.7768567163107,43.28460923797841,0.5077525216677117
2016-04-15 → 2017-04-15,77557.66620995408,232915.65491887127,144420.73828800503,145315.5288181807,43.03806494516826,43.6140189322221,0.5759539870538433
2016-04-16 → 2017-04-16,77557.66620995408,232915.65491887127,144019.1925620273,145036.4652130558,42.77960013797378,43.434392762081764,0.6547926241079836
2016-04-17 → 2017-04-17,77557.66620995408,232915.65491887127,143616.27983094438,144633.74672769627,42.520255424237924,43.175173079395165,0.6549176551572415
2016-04-18 → 2017-04-18,77557.66620995408,232743.82923860825,143207.1812597443,144260.40886699196,42.30371688335927,42.98240342776026,0.6786865444009891
2016-04-19 → 2017-04-19,77557.66620995408,228535.52828649737,142797.1561238473,143946.8601668432,43.21129536250677,43.97280041177884,0.7615050492720741
2016-04-20 → 2017-04-20,77557.66620995408,228454.3622158911,142393.83238885493,143596.32968925178,42.967253687482916,43.76415470137226,0.7969010138893466
2016-04-21 → 2017-04-21,77557.66620995408,228454.3622158911,141995.6484617856,143267.7247795293,42.70337519470686,43.546386573626414,0.8430113789195559
2016-04-22 → 2017-04-22,77557.66620995408,228454.3622158911,141611.10355694042,142991.14648282016,42.448535350612424,43.36309674420678,0.9145613935943544
2016-04-23 → 2017-04-23,77557.66620995408,228454.3622158911,141219.99037165163,142591.8835851925,42.18934267400577,43.098503212210595,0.9091605382048229
2016-04-24 → 2017-04-24,77557.66620995408,228454.3622158911,140835.38284525563,142253.57963317414,41.934461330294404,42.87430748031396,0.9398461500195552
2016-04-25 → 2017-04-25,77557.66620995408,228454.3622158911,140459.2325524254,141839.0143423091,41.68518463783758,42.599572975292894,0.9143883374553141
2016-04-26 → 2017-04-26,77131.60176632316,228454.3622158911,140082.79508307547,141369.02731644025,41.60061125618466,42.45060383465963,0.8499925784749678
2016-04-27 → 2017-04-27,74300.27958732945,228454.3622158911,139703.98924925373,140768.8640564598,42.42749108339625,43.11827707430115,0.6907859909048994
2016-04-28 → 2017-04-28,74184.79320063037,228454.3622158911,139293.7141730579,140229.9344436214,42.204643072534154,42.811516013542295,0.6068729410081417
2016-04-29 → 2017-04-29,73653.14615724926,228454.3622158911,138889.21466747063,139898.24788862147,42.14183206772008,42.79365719341456,0.6518251256944794
2016-04-30 → 2017-04-30,72361.18448066026,228454.3622158911,138489.07143012152,139491.70956491565,42.36436717409203,43.00670026599361,0.6423330919015768
2016-05-01 → 2017-05-01,69592.25607570364,228454.3622158911,138071.91536327,138923.84117993683,43.10635239037852,43.64261987251491,0.5362674821363953
2016-05-02 → 2017-05-02,68314.45371497168,228454.3622158911,137658.0886346295,138528.23685464085,43.30190741882415,43.84527492050244,0.54336750167829
2016-05-03 → 2017-05-03,65815.06602518205,228454.3622158911,137223.83223191212,137989.16768178885,43.90621939423357,44.3767916776867,0.47057228345313007
2016-05-04 → 2017-05-04,64942.23170889377,228454.3622158911,136796.295289266,137674.91338507395,43.944179161250254,44.48152039280514,0.5373412315548833
2016-05-05 → 2017-05-05,64942.23170889377,228454.3622158911,136365.51596923565,137379.76566886442,43.680725117385336,44.301015304103544,0.6202901867182078
2016-05-06 → 2017-05-06,63561.25406921095,228454.3622158911,135931.11892539836,137000.5429818171,43.888956712375766,44.537512657762775,0.6485559453870096
2016-05-07 → 2017-05-07,63561.25406921095,228454.3622158911,135518.34724081433,136886.94501192356,43.638629885970836,44.46862077309257,0.8299908871217312
2016-05-08 → 2017-05-08,59344.134688936545,228454.3622158911,135088.27763275505,136171.72447930175,44.78980606406292,45.430481002764665,0.6406749387017427
2016-05-09 → 2017-05-09,58165.64132931377,228454.3622158911,134655.00995643224,135758.8023295731,44.91746031615626,45.56564909072346,0.6481887745672026
2016-05-10 → 2017-05-10,56101.013240400134,228454.3622158911,134218.76323817114,135297.17780441468,45.3241845674142,45.94988437113364,0.6256998037194421
2016-05-11 → 2017-05-11,54481.43742359763,228454.3622158911,133761.9083436119,134812.26592194935,45.57058002828161,46.17432775488417,0.6037477266025562
2016-05-12 → 2017-05-12,54481.43742359763,228454.3622158911,133320.23629568738,134827.41960309033,45.316706014005064,46.18303812240778,0.866332108402716
2016-05-13 → 2017-05-13,54481.43742359763,228454.3622158911,132874.05468828027,134427.65661605904,45.060239895533,45.95325352373614,0.8930136282031356
2016-05-14 → 2017-05-14,54481.43742359763,228454.3622158911,132428.75498488918,134149.98673297878,44.80428069732861,45.79364829584693,0.9893675985183208
2016-05-15 → 2017-05-15,54481.43742359763,228454.3622158911,131989.65870474358,134009.32406441815,44.55188723974327,45.71279510059912,1.1609078608558505
2016-05-16 → 2017-05-16,54481.43742359763,228454.3622158911,131552.30246067003,133725.94360829773,44.300493958521095,45.54990742341674,1.249413464895646
2016-05-17 → 2017-05-17,54481.43742359763,228454.3622158911,131103.1628004203,133351.15194282544,44.04232754510593,45.334476392456175,1.2921488473502478
2016-05-18 → 2017-05-18,52791.41845486765,228454.3622158911,130644.98386074562,132987.58976276347,44.3198569595828,45.65343696903818,1.3335800094553818
2016-05-19 → 2017-05-19,50824.74462526852,228454.3622158911,130182.67799733016,132684.38591380563,44.67607060606041,46.084455058162916,1.40838445210251
2016-05-20 → 2017-05-20,48825.319499160396,226984.52458407832,129691.88826313142,132344.1589009038,45.39005925931626,46.8787674271082,1.4887081677919412
2016-05-21 → 2017-05-21,48825.319499160396,226984.52458407832,129207.8801140744,132344.632035953,45.11838755488407,46.87903299578818,1.7606454409041064
2016-05-22 → 2017-05-22,48101.35532716232,226984.52458407832,128724.04348786769,132286.1469361714,45.07002447218121,47.06132609273095,1.9913016205497414
2016-05-23 → 2017-05-23,44300.94160883688,225121.25506433824,128224.90801525774,132092.60930633178,46.41290837440892,48.55188336961921,2.1389749952102903
2016-05-24 → 2017-05-24,41407.743586205004,224379.02574822176,127722.9585303448,132055.02732746198,47.174187076915004,49.54180933212839,2.3676222552133837
2016-05-25 → 2017-05-25,41407.743586205004,221951.18176363033,127227.69030579564,132242.75219096447,47.53423751421686,50.311996670570345,2.7777591563534827
2016-05-26 → 2017-05-26,41407.743586205004,220054.09166218038,126741.13198540594,132445.56119056526,47.76665703958865,50.959797714780805,3.1931406751921543
2016-05-27 → 2017-05-27,41407.743586205004,211945.18065971642,126273.54290320154,132821.15921753156,49.76373561918519,53.603136765754336,3.839401146569145
2016-05-28 → 2017-05-28,41407.743586205004,189760.1087175169,125817.2163646463,132987.32398155684,56.897962296541415,61.731122597399455,4.83316030085804
2016-05-29 → 2017-05-29,41407.743586205004,189760.1087175169,125422.1712561914,133278.97188136665,56.63167391744801,61.92771393556361,5.2960400181155975
2016-05-30 → 2017-05-30,41407.743586205004,189760.1087175169,125030.32841338968,133082.7683080395,56.36754409218039,61.79545883255025,5.427914740369864
2016-05-31 → 2017-05-31,41407.743586205004,189760.1087175169,124637.00917185123,132831.07850327078,56.10241906960975,61.62580208016486,5.523383010555108
2016-06-01 → 2017-06-01,41407.743586205004,189760.1087175169,124236.25706389236,132568.67403166095,55.83228376869687,61.44892288354566,5.616639114848795
2016-06-02 → 2017-06-02,40331.94978424217,189760.1087175169,123838.23733121523,132393.6536272533,55.88390310307025,61.609340903490704,5.725437800420451
2016-06-03 → 2017-06-03,39222.577888792635,189760.1087175169,123438.2784440616,132209.88554922532,55.943325290147286,61.77018259069893,5.826857300551644
2016-06-04 → 2017-06-04,39222.577888792635,189760.1087175169,123067.29377412598,132163.57888697836,55.696885304122986,61.7394217153265,6.042536411203514
2016-06-05 → 2017-06-05,37239.52465292951,189760.1087175169,122693.2616833651,131788.13502146257,56.02767492304434,61.99072141534343,5.9630464922990924
2016-06-06 → 2017-06-06,34826.92456587288,189760.1087175169,122313.35868003289,131393.35946651216,56.46720203499521,62.3277933835807,5.860591348585487
2016-06-07 → 2017-06-07,34826.92456587288,189760.1087175169,121947.93372086949,131166.65293437382,56.23134232478249,62.18146802831242,5.950125703529935
2016-06-08 → 2017-06-08,34826.92456587288,189760.1087175169,121573.10196858001,130756.90465110773,55.989411098530404,61.91700029306918,5.9275891945387755
2016-06-09 → 2017-06-09,34826.92456587288,189760.1087175169,121201.93903666805,130492.08560933708,55.749847873941484,61.74607561788052,5.996227743939038
2016-06-10 → 2017-06-10,34289.697457821,189760.1087175169,120822.1849758407,130172.98730480687,55.658492710536976,61.67301486507524,6.0145221545382626
2016-06-11 → 2017-06-11,33622.32213224221,189760.1087175169,120442.82299637339,130004.27730983324,55.60505420429674,61.728782817701855,6.123728613405113
2016-06-12 → 2017-06-12,33622.32213224221,189760.1087175169,120094.0547632026,130107.06509779267,55.381682116861455,61.79461427990417,6.412932163042711
2016-06-13 → 2017-06-13,33622.32213224221,189760.1087175169,119787.42363785229,130009.97129922837,55.18529715966671,61.732429589902004,6.547132430235294
2016-06-14 → 2017-06-14,33622.32213224221,189760.1087175169,119511.30044151639,129645.95035950516,55.00845130936058,61.499288754692074,6.490837445331493
2016-06-15 → 2017-06-15,33622.32213224221,189760.1087175169,119225.77942873082,128937.32367828231,54.82558653394016,61.04544174128136,6.2198552073411975
2016-06-16 → 2017-06-16,33622.32213224221,189760.1087175169,118942.9851048362,128314.64576731721,54.644468093568165,60.64664147352874,6.002173379960574
2016-06-17 → 2017-06-17,33622.32213224221,189760.1087175169,118689.95209071519,127637.37403208848,54.4824105803583,60.212876047464604,5.730465467106306
2016-06-18 → 2017-06-18,33622.32213224221,189760.1087175169,118434.59217623038,126756.29992275953,54.31886278064273,59.6485833617554,5.329720581112667
2016-06-19 → 2017-06-19,33622.32213224221,189760.1087175169,118179.7820484338,125751.11411711204,54.15566709728557,59.00480210442439,4.84913500713882
2016-06-20 → 2017-06-20,33622.32213224221,189760.1087175169,117923.4134767814,124591.22010116957,53.99147329304436,58.26193643346203,4.270463140417675
2016-06-21 → 2017-06-21,33622.32213224221,189760.1087175169,117648.7702991354,123553.33681352287,53.81557533544393,57.59721374823307,3.7816384127891354
2016-06-22 → 2017-06-22,33622.32213224221,189760.1087175169,117342.42919396165,122479.40103777588,53.61937612455885,56.909400888044715,3.2900247634858673
2016-06-23 → 2017-06-23,33622.32213224221,189760.1087175169,116984.82662088469,121675.97072137434,53.390345996171796,56.39483594257408,3.0044899464022876
2016-06-24 → 2017-06-24,33622.32213224221,189760.1087175169,116656.17014862015,121682.1414405601,53.17985468625109,56.398788041115196,3.218933354864106
2016-06-25 → 2017-06-25,33622.32213224221,189760.1087175169,116354.15582228912,121435.72337016072,52.98642660395528,56.240967134473365,3.254540530518085
2016-06-26 → 2017-06-26,33622.32213224221,189760.1087175169,116058.27776399466,120967.0843241247,52.79692855561906,55.94082259144818,3.1438940358291205
2016-06-27 → 2017-06-27,33622.32213224221,189760.1087175169,115732.86647589519,120092.89733376107,52.58851565620747,55.38094082965171,2.7924251734442436
2016-06-28 → 2017-06-28,33622.32213224221,189760.1087175169,115420.58033608914,119648.51981039016,52.38850888870055,55.09633482037657,2.7078259316760196
2016-06-29 → 2017-06-29,33622.32213224221,189760.1087175169,115105.97910836241,119154.53804910423,52.18701940008472,54.77995928304553,2.592939882960806
2016-06-30 → 2017-06-30,33622.32213224221,189760.1087175169,114789.51817875457,118836.31865515321,51.98433884688309,54.57615250384721,2.5918136569641206
2016-07-01 → 2017-07-01,33622.32213224221,189760.1087175169,114497.5722591171,118563.61036838015,51.797359175899956,54.40149376637105,2.604134590471091
2016-07-02 → 2017-07-02,33622.32213224221,189760.1087175169,114202.76769535121,117746.99198001449,51.608548657822794,53.878482388904345,2.269933731081551
2016-07-03 → 2017-07-03,33622.32213224221,189760.1087175169,113921.03487967857,117088.20012459776,51.42811007096043,53.45655258586021,2.02844251489978
2016-07-04 → 2017-07-04,33622.32213224221,189760.1087175169,113613.74889378024,116179.60544418024,51.23130570180761,52.87463407638954,1.6433283745819338
2016-07-05 → 2017-07-05,33622.32213224221,189760.1087175169,113316.61532349097,115614.76731116873,51.041003548313846,52.51287787030739,1.4718743219935462
2016-07-06 → 2017-07-06,33622.32213224221,189760.1087175169,113012.65607479951,114946.41712711134,50.84632982112773,52.084826340518134,1.2384965193904023
2016-07-07 → 2017-07-07,33622.32213224221,189760.1087175169,112718.93778440983,114600.93501783679,50.6582150176498,51.86355888385037,1.2053438662005647
2016-07-08 → 2017-07-08,33622.32213224221,189760.1087175169,112399.06079045495,113744.44999557707,50.45334661202514,51.31501452377522,0.8616679117500752
2016-07-09 → 2017-07-09,33622.32213224221,189760.1087175169,112097.24992676539,113427.63494276864,50.26004883940382,51.112107168843934,0.8520583294401121
2016-07-10 → 2017-07-10,33622.32213224221,189760.1087175169,111795.95843948635,113355.71712508186,50.06708370657578,51.06604668645872,0.9989629798829398
2016-07-11 → 2017-07-11,33622.32213224221,189760.1087175169,111493.39872397472,112837.68990882681,49.8733063243491,50.73427099808483,0.8609646737357295
2016-07-12 → 2017-07-12,33622.32213224221,189760.1087175169,111188.27746206697,112161.56753409687,49.67788837422906,50.3012416913957,0.6233533171666394
2016-07-13 → 2017-07-13,33622.32213224221,189760.1087175169,110897.070629851,111786.96086869601,49.49138205914374,50.061321122779056,0.5699390636353172
2016-07-14 → 2017-07-14,33622.32213224221,189760.1087175169,110605.40838843989,111630.13904589566,49.30458407270513,49.96088302497452,0.6562989522693883
2016-07-15 → 2017-07-15,33622.32213224221,189760.1087175169,110329.32386346892,112057.56440121931,49.127762989859704,50.23463184944003,1.1068688595803238
2016-07-16 → 2017-07-16,33622.32213224221,189760.1087175169,110062.5374729432,111947.94482327998,48.95689698979634,50.16442489932456,1.207527909528217
2016-07-17 → 2017-07-17,33622.32213224221,189760.1087175169,109775.15463504939,110048.83554434402,48.772839789948144,48.948121453202134,0.17528166325399042
2016-07-18 → 2017-07-18,33622.32213224221,189760.1087175169,109492.59648708116,109181.97760710788,48.59187261079967,48.39293365645268,-0.1989389543469855
2016-07-19 → 2017-07-19,33622.32213224221,189760.1087175169,109208.94401162685,108709.45052219217,48.41020455871711,48.090298980215856,-0.3199055785012561
2016-07-20 → 2017-07-20,33622.32213224221,189760.1087175169,108900.7180976335,106301.71477952854,48.21279820325745,46.54824065127403,-1.664557551983421
2016-07-21 → 2017-07-21,33622.32213224221,189760.1087175169,108593.75356546517,106039.5423713749,48.016199712346555,46.380329722159864,-1.6358699901866913
2016-07-22 → 2017-07-22,33622.32213224221,189760.1087175169,108280.58523213908,104938.35304214075,47.815627935216206,45.6750620522914,-2.140565882924804
2016-07-23 → 2017-07-23,33622.32213224221,189760.1087175169,107959.84139938687,104461.7711906818,47.610204354053145,45.36983046045077,-2.2403738936023743
2016-07-24 → 2017-07-24,33622.32213224221,189760.1087175169,107643.38250618664,103880.67887751656,47.40752510508903,44.997664102854905,-2.4098610022341234
2016-07-25 → 2017-07-25,33622.32213224221,189760.1087175169,107337.06185369605,103879.15036430254,47.211338993328496,44.99668515134838,-2.214653841980116
2016-07-26 → 2017-07-26,33622.32213224221,189760.1087175169,107028.32436274124,103359.37708450455,47.01360499331039,44.663791179193794,-2.349813814116594
2016-07-27 → 2017-07-27,33622.32213224221,189760.1087175169,106713.46773435599,102251.56181268863,46.81195193079993,43.954279858427824,-2.857672072372104
2016-07-28 → 2017-07-28,33622.32213224221,189760.1087175169,106394.93768063268,101209.36384249676,46.60794618645735,43.2867937918038,-3.321152394653545
2016-07-29 → 2017-07-29,33622.32213224221,189760.1087175169,106079.5152029786,100810.26174728156,46.40593072014882,43.03118488127449,-3.3747458388743254
2016-07-30 → 2017-07-30,33622.32213224221,189760.1087175169,105763.37814591452,99981.24895105223,46.20345759434245,42.50023538188693,-3.703222212455522
2016-07-31 → 2017-07-31,33622.32213224221,189760.1087175169,105441.91817832396,98887.50011570938,45.99757535749199,41.79973305041222,-4.1978423070797675
2016-08-01 → 2017-08-01,33622.32213224221,189760.1087175169,105104.80078518411,98510.37211894395,45.781665166555776,41.55819767001956,-4.223467496536216
2016-08-02 → 2017-08-02,33622.32213224221,189760.1087175169,104755.8793659698,97952.3907122484,45.55819496959372,41.20083292257527,-4.357362047018448
2016-08-03 → 2017-08-03,33622.32213224221,176502.4288620446,104335.34779365723,96901.01994572897,49.49116240173235,44.287969306428224,-5.20319309530413
2016-08-04 → 2017-08-04,33622.32213224221,176502.4288620446,103951.82280138404,96622.37641450165,49.222738055578645,44.09295018332926,-5.129787872249388
2016-08-05 → 2017-08-05,30888.7620734845,176502.4288620446,103568.00186579906,95230.62343098395,49.91237525654048,44.18669124713943,-5.72568400940105
2016-08-06 → 2017-08-06,30888.7620734845,176502.4288620446,103182.54952868025,94813.07368458778,49.64766635550132,43.89993949120537,-5.747726864295949
2016-08-07 → 2017-08-07,29476.244696469792,176502.4288620446,102800.61758893688,94026.91563589434,49.87164246192516,43.904200674031145,-5.967441787894018
2016-08-08 → 2017-08-08,29191.31348109993,176502.4288620446,102420.96852668705,93491.13665723483,49.71088220750767,43.648996214478714,-6.061885993028959
2016-08-09 → 2017-08-09,29191.31348109993,176502.4288620446,102040.77949777806,93176.62938877962,49.45279643582247,43.43549754695325,-6.01729888886922
2016-08-10 → 2017-08-10,29094.868909214892,176502.4288620446,101655.55330018316,92483.16694964308,49.22453394804692,43.00206723502675,-6.222466713020168
2016-08-11 → 2017-08-11,27318.519041579882,176502.4288620446,101267.07794015518,91542.48647382166,49.568722918958656,43.050197242807265,-6.518525676151391
2016-08-12 → 2017-08-12,25832.56813132209,176502.4288620446,100874.24186004877,90654.00825317646,49.80536476557932,43.02216767672162,-6.783197088857698
2016-08-13 → 2017-08-13,24607.503837601485,176502.4288620446,100476.1690581057,89822.59124774682,49.948123815391035,42.93434253952253,-7.013781275868503
2016-08-14 → 2017-08-14,23230.941010615752,176502.4288620446,100072.88202152257,88948.75728139628,50.134530621502336,42.876739302278445,-7.257791319223891
2016-08-15 → 2017-08-15,23230.941010615752,176502.4288620446,99660.3835843899,88668.94729955457,49.86540135100649,42.69418089838735,-7.1712204526191385
2016-08-16 → 2017-08-16,22911.19455649011,175376.7550333047,99240.73540322718,87942.03216103588,50.06346391147428,42.65280460791996,-7.4106593035543185
2016-08-17 → 2017-08-17,22911.19455649011,175376.7550333047,98831.78341102037,87682.9997599196,49.795238096458824,42.48290892767179,-7.312329168787038
2016-08-18 → 2017-08-18,22911.19455649011,175376.7550333047,98422.00634971786,87572.70480132304,49.52647113031842,42.4105680276996,-7.115903102618823
2016-08-19 → 2017-08-19,22911.19455649011,175376.7550333047,98011.06808480731,87093.57753586945,49.256942547190924,42.096315245658076,-7.160627301532848
2016-08-20 → 2017-08-20,22911.19455649011,175376.7550333047,97601.9050012879,86842.3339054959,48.98857828037564,41.93152810973845,-7.05705017063719
2016-08-21 → 2017-08-21,22911.19455649011,175376.7550333047,97200.71630064867,86648.29240910806,48.725444298258914,41.80425904269078,-6.921185255568133
2016-08-22 → 2017-08-22,22911.19455649011,175376.7550333047,96797.34276760578,86089.56559842284,48.460877315537445,41.43779804721227,-7.023079268325176
2016-08-23 → 2017-08-23,22911.19455649011,175376.7550333047,96396.1567744407,85567.78881971377,48.19774510921463,41.095572053960225,-7.102173055254404
2016-08-24 → 2017-08-24,22911.19455649011,175376.7550333047,95990.36673368503,84842.47130842446,47.93159317333704,40.619846579288456,-7.311746594048586
2016-08-25 → 2017-08-25,22911.19455649011,175376.7550333047,95580.99899637907,84377.80167408902,47.66309467700402,40.315076352568234,-7.348018324435785
2016-08-26 → 2017-08-26,22911.19455649011,175376.7550333047,95169.60539148838,84001.00029744476,47.39326744283775,40.0679376705827,-7.325329772255046
2016-08-27 → 2017-08-27,22911.19455649011,175376.7550333047,94760.49747185479,83630.17162100648,47.12493935723326,39.82471639800247,-7.300222959230787
2016-08-28 → 2017-08-28,22832.28087422883,174757.44041604584,94343.70929109228,83180.1931735232,47.07016838588879,39.72213192422797,-7.3480364616608185
2016-08-29 → 2017-08-29,21736.97171260791,174757.44041604584,93928.01462109815,82533.29809441249,47.177376673966705,39.73084574693808,-7.4465309270286255
2016-08-30 → 2017-08-30,21736.97171260791,174757.44041604584,93511.11041972938,82209.72554774757,46.90492671684577,39.519388711544984,-7.385538005300788
2016-08-31 → 2017-08-31,21095.461059745205,174757.44041604584,93094.15026257977,81678.34661747848,46.85523999133777,39.426073913351026,-7.429166077986743
2016-09-01 → 2017-09-01,20332.78157361623,174757.44041604584,92672.26756432417,81120.58564994873,46.844517276558165,39.36405269210184,-7.480464584456321
2016-09-02 → 2017-09-02,20332.78157361623,173356.26314228034,92254.2491228289,81279.51860297956,47.0002817946214,39.82835601738387,-7.171925777237533
2016-09-03 → 2017-09-03,20332.78157361623,167907.8649604284,91839.66981494456,80994.3723613648,48.45458094975296,41.10557784930889,-7.349003100444072
2016-09-04 → 2017-09-04,20332.78157361623,167907.8649604284,91447.03511861521,81166.28962800202,48.188523369219396,41.22207262789329,-6.966450741326106
2016-09-05 → 2017-09-05,20332.78157361623,167907.8649604284,91060.86500966953,80699.760832561,47.92684632992308,40.905942841797774,-7.020903488125306
2016-09-06 → 2017-09-06,20332.78157361623,167907.8649604284,90670.43309289361,80060.96382960427,47.66228139943779,40.473080472150734,-7.189200927287054
2016-09-07 → 2017-09-07,20332.78157361623,167907.8649604284,90283.66016009459,79648.68034466269,47.400195873939396,40.19370845657753,-7.206487417361863
2016-09-08 → 2017-09-08,20332.78157361623,167907.8649604284,89902.74533585005,79703.32605924492,47.14207992678718,40.23073754938109,-6.911342377406093
2016-09-09 → 2017-09-09,20332.78157361623,167907.8649604284,89532.45361682292,79334.08090457157,46.89116242057339,39.98052921732444,-6.910633203248949
2016-09-10 → 2017-09-10,20332.78157361623,167907.8649604284,89157.98553583353,78964.3099802141,46.63741492309926,39.72996461260166,-6.907450310497595
2016-09-11 → 2017-09-11,20332.78157361623,167907.8649604284,88785.51355549545,78597.98372630635,46.385020025674876,39.48173418948372,-6.903285836191159
2016-09-12 → 2017-09-12,20332.78157361623,167907.8649604284,88401.92488383412,78191.91829325771,46.12509222291979,39.2065756574812,-6.918516565438587
2016-09-13 → 2017-09-13,20332.78157361623,167907.8649604284,88022.61645226052,78354.32771575359,45.86806480144148,39.316627719637374,-6.551437081804103
2016-09-14 → 2017-09-14,20332.78157361623,167907.8649604284,87657.8818452116,79618.72691791921,45.62091291192303,40.17341138063757,-5.447501531285461
2016-09-15 → 2017-09-15,20332.78157361623,167907.8649604284,87283.40205405733,78025.36325094567,45.367157479393335,39.093714435593576,-6.273443043799759
2016-09-16 → 2017-09-16,20332.78157361623,167907.8649604284,86906.95296882153,77611.02363945992,45.112067611512934,38.81294914515514,-6.299118466357797
2016-09-17 → 2017-09-17,20332.78157361623,167907.8649604284,86531.03667463754,77241.27450190533,44.85733877412603,38.56239930363112,-6.29493947049491
2016-09-18 → 2017-09-18,20332.78157361623,167907.8649604284,86148.15702456822,76079.02207612013,44.59789141940847,37.77483246029159,-6.823058959116878
2016-09-19 → 2017-09-19,20332.78157361623,167907.8649604284,85770.97008277291,76027.15283566146,44.34230156430626,37.739684765119556,-6.6026167991867055
2016-09-20 → 2017-09-20,20332.78157361623,167907.8649604284,85392.36489309809,75696.83832692771,44.08575067442301,37.51585666273729,-6.569894011685719
2016-09-21 → 2017-09-21,20332.78157361623,167907.8649604284,85018.79161131325,75961.94208434003,43.83260951182874,37.69549657980747,-6.1371129320212745
2016-09-22 → 2017-09-22,20332.78157361623,167907.8649604284,84636.58096220891,75567.03770057077,43.573615486324776,37.4279010110256,-6.1457144752991795
2016-09-23 → 2017-09-23,20332.78157361623,166497.37910223388,84250.18202074601,74877.486205516,43.72974135177662,37.31731592612256,-6.412425425654057
2016-09-24 → 2017-09-24,20332.78157361623,166497.37910223388,83870.9151998479,74819.28664368446,43.470262088459215,37.27749810237071,-6.192763986088508
2016-09-25 → 2017-09-25,20332.78157361623,166497.37910223388,83487.2947423853,73951.58704963213,43.2078042402874,36.68385257621487,-6.523951664072534
2016-09-26 → 2017-09-26,20332.78157361623,165374.95202535225,83102.61977198199,73689.6959648623,43.27695731721896,36.78717315458336,-6.489784162635601
2016-09-27 → 2017-09-27,20332.78157361623,165374.95202535225,82717.2666532091,72769.68433573452,43.01127381457093,36.15286685162168,-6.858406962949246
2016-09-28 → 2017-09-28,20332.78157361623,165374.95202535225,82331.01313852055,72477.4404480156,42.74496952976496,35.95137794201096,-6.793591587754001
2016-09-29 → 2017-09-29,20332.78157361623,165233.93370551994,81944.92673973694,72225.94616098769,42.52012096497003,35.81280329650729,-6.707317668462743
2016-09-30 → 2017-09-30,20332.78157361623,164239.7935792421,81556.50198720922,71605.81241512371,42.543945260429375,35.62927902325081,-6.914666237178565
2016-10-01 → 2017-10-01,20332.78157361623,163932.3081821811,81170.10959303066,71238.23414254081,42.36596697512083,35.44959636788132,-6.916370607239507
2016-10-02 → 2017-10-02,20332.78157361623,163932.3081821811,80788.41988665314,70938.45113359365,42.10016546769806,35.24083313862338,-6.859332329074682
2016-10-03 → 2017-10-03,20332.78157361623,163932.3081821811,80405.2355055662,70744.28638397655,41.833323097018486,35.10562047169978,-6.727702625318706
2016-10-04 → 2017-10-04,20332.78157361623,163932.3081821811,80024.01716088045,70602.65300128632,41.56784983698128,35.00698965721506,-6.560860179766223
2016-10-05 → 2017-10-05,20332.78157361623,163462.56533502,79639.36946505475,70120.82691447309,41.43553237689658,34.78524457484904,-6.6502878020475436
2016-10-06 → 2017-10-06,20332.78157361623,163462.56533502,79255.61388113127,69769.37840578196,41.167415166181584,34.53969923868267,-6.627715927498912
2016-10-07 → 2017-10-07,20332.78157361623,162048.01694379977,78870.54765742399,69375.30168868307,41.3066145858612,34.60638511234146,-6.700229473519741
2016-10-08 → 2017-10-08,20332.78157361623,162048.01694379977,78487.7570668826,68872.8412647214,41.03650206793644,34.251828721386616,-6.784673346549823
2016-10-09 → 2017-10-09,20332.78157361623,162048.01694379977,78103.76506815258,68343.40209521566,40.76554178781768,33.87823503675366,-6.887306751064024
2016-10-10 → 2017-10-10,20332.78157361623,161789.99270650712,77718.6400214824,68121.20947449222,40.567644440519516,33.782956357015635,-6.78468808350388
2016-10-11 → 2017-10-11,20332.78157361623,159083.95611787314,77333.3355982769,67778.95816434432,41.08113261879411,34.19515311965476,-6.885979499139346
2016-10-12 → 2017-10-12,18540.255310375847,159083.95611787314,76959.05898085325,66882.16532234341,41.56629100758749,34.39635482360144,-7.169936183986046
2016-10-13 → 2017-10-13,17812.365386786605,159083.95611787314,76578.53259745955,66307.16794700031,41.59800771447076,34.327356483530075,-7.270651230940686
2016-10-14 → 2017-10-14,17283.878833646555,159083.95611787314,76195.78293287662,65836.31074337574,41.545748935768216,34.24006025921258,-7.30568867655564
2016-10-15 → 2017-10-15,17283.878833646555,159083.95611787314,75816.61351121926,65644.84646134239,41.27835174606334,34.10503615647561,-7.17331558958773
2016-10-16 → 2017-10-16,17283.878833646555,159083.95611787314,75435.34781589481,65277.85940137693,41.009476225946216,33.84623019036189,-7.163246035584329
2016-10-17 → 2017-10-17,17283.878833646555,159083.95611787314,75059.24323952901,65166.98656201163,40.744240421023534,33.76804064245137,-6.976199778572166
2016-10-18 → 2017-10-18,17283.878833646555,159083.95611787314,74680.68553050622,64868.01431101193,40.47727462222217,33.55719995976229,-6.920074662459875
2016-10-19 → 2017-10-19,17283.878833646555,159083.95611787314,74298.66596868388,64461.92634399093,40.20786746170518,33.27081932105006,-6.937048140655115
2016-10-20 → 2017-10-20,16664.21388787295,159083.95611787314,73910.2601734528,63932.01788517927,40.195302553722215,33.18908127285569,-7.0062212808665265
2016-10-21 → 2017-10-21,16583.176198648463,158502.16634850728,73520.91378023087,63699.03821213076,40.119886367186815,33.19912434814431,-6.920762019042506
2016-10-22 → 2017-10-22,16583.176198648463,153839.72401933954,73133.41092584106,63556.786160036965,41.20039125642922,34.22321973502772,-6.977171521401502
2016-10-23 → 2017-10-23,16583.176198648463,153839.72401933954,72762.36338827573,63526.62918692686,40.93005986353271,34.20124848951052,-6.728811374022193
2016-10-24 → 2017-10-24,16583.176198648463,153839.72401933954,72392.80071933528,63636.10100302232,40.660810290519095,34.2810055705632,-6.379804719955892
2016-10-25 → 2017-10-25,16583.176198648463,152487.25660119782,72020.10665818462,63201.760343144895,40.79121855306432,34.30256398955181,-6.488654563512512
2016-10-26 → 2017-10-26,16583.176198648463,148124.03809366442,71649.78147577462,62877.44270044111,41.86273716305383,35.193829381124594,-6.668907781929235
2016-10-27 → 2017-10-27,16583.176198648463,145661.47435691042,71292.40755276986,62843.96148342492,42.384531044128586,35.839320741629585,-6.545210302499001
2016-10-28 → 2017-10-28,16583.176198648463,144940.306322558,70941.84044996226,62630.71044210695,42.34954785825973,35.87454331442789,-6.475004543831844
2016-10-29 → 2017-10-29,16195.043136795806,144940.306322558,70590.33638876736,62008.4639607629,42.2503258807172,35.58454865858984,-6.66577722212736
2016-10-30 → 2017-10-30,16195.043136795806,144940.306322558,70253.09266860379,61814.674279365885,41.98837937346824,35.43402686337831,-6.5543525100899345
2016-10-31 → 2017-10-31,15555.692978218314,144940.306322558,69904.90245515628,61185.817230850225,42.00592950901733,35.267040703822715,-6.7388888051946125
2016-11-01 → 2017-11-01,14866.76737300191,144940.306322558,69554.58637935953,60680.58006156253,42.04376958450108,35.22147014569021,-6.822299438810866
2016-11-02 → 2017-11-02,14196.926829193488,144940.306322558,69219.39264358737,60232.54477051006,42.084322760822005,35.21066850169111,-6.873654259130895
2016-11-03 → 2017-11-03,13891.528065535027,144940.306322558,68888.30900850662,59739.061717764256,41.96664911679502,34.98509048463581,-6.9815586321592065
2016-11-04 → 2017-11-04,13476.184339737121,142120.86837985623,68529.11741838962,59098.92515131254,42.79456511509151,35.464147743056,-7.330417372035505
2016-11-05 → 2017-11-05,13476.184339737121,142120.86837985623,68178.86965880754,58900.118320732436,42.522305315010804,35.30960825931169,-7.212697055699117
2016-11-06 → 2017-11-06,13476.184339737121,142120.86837985623,67831.42971557194,58843.78793690821,42.25222812851218,35.26582068717488,-6.986407441337299
2016-11-07 → 2017-11-07,13476.184339737121,142120.86837985623,67488.16077601665,58474.056814466385,41.98539320865786,34.978415789568295,-7.006977419089566
2016-11-08 → 2017-11-08,13420.634044814447,142120.86837985623,67137.92559105673,57936.657802193346,41.738301273330656,34.588922069474684,-7.149379203855972
2016-11-09 → 2017-11-09,13420.634044814447,142120.86837985623,66792.48182199991,57867.30376609868,41.46989168507961,34.535034027659535,-6.934857657420075
2016-11-10 → 2017-11-10,13420.634044814447,142120.86837985623,66455.06268861954,57925.89344760464,41.20771723363146,34.580558172824205,-6.627159060807259
2016-11-11 → 2017-11-11,13420.634044814447,142120.86837985623,66115.12784528242,57803.183609084685,40.94358807715132,34.48521270655217,-6.45837537059915
2016-11-12 → 2017-11-12,13420.634044814447,142120.86837985623,65780.24427133767,57969.09050480684,40.6833837537676,34.614122258721466,-6.069261495046135
2016-11-13 → 2017-11-13,13420.634044814447,142120.86837985623,65433.96697052639,57076.796449986854,40.41432651187492,33.92081034718517,-6.493516164689751
2016-11-14 → 2017-11-14,13420.634044814447,141714.6024488478,65087.104055216885,56784.8895037084,40.2719400242499,33.80069694494745,-6.471243079302454
2016-11-15 → 2017-11-15,13420.634044814447,140380.99205152437,64737.55347526232,56121.55918909494,40.4196398278396,33.633274050805475,-6.786365777034128
2016-11-16 → 2017-11-16,12765.352694951169,137411.5022823112,64388.87686499846,55599.626524942854,41.4160600555625,34.364698766704116,-7.051361288858381
2016-11-17 → 2017-11-17,12765.352694951169,137411.5022823112,64056.025612381265,55476.62513014847,41.1490231244426,34.2660183058944,-6.883004818548201
2016-11-18 → 2017-11-18,12765.352694951169,137411.5022823112,63719.4990251496,55119.04487444027,40.87903757868308,33.97914201096513,-6.899895567717955
2016-11-19 → 2017-11-19,12471.439330631027,137411.5022823112,63389.070530562196,54736.87126142885,40.753646186030224,33.82856621990316,-6.925079966127065
2016-11-20 → 2017-11-20,12092.082284067676,137411.5022823112,63058.39891960857,54280.521407210035,40.669129043411814,33.66472580525322,-7.004403238158595
2016-11-21 → 2017-11-21,12092.082284067676,137411.5022823112,62718.06390678645,54003.555533790095,40.39755500259125,33.443717861373635,-6.953837141217612
2016-11-22 → 2017-11-22,12092.082284067676,137411.5022823112,62380.21080867051,53677.92968893167,40.127961432719424,33.18388116179188,-6.944080270927543
2016-11-23 → 2017-11-23,12092.082284067676,137411.5022823112,62048.78664375556,53506.00028595406,39.863497900315906,33.046688216771855,-6.816809683544051
2016-11-24 → 2017-11-24,12092.082284067676,137411.5022823112,61713.37156074459,53110.653309696645,39.59584977122652,32.731216778855085,-6.864632992371433
2016-11-25 → 2017-11-25,11415.30952360433,137411.5022823112,61374.0147862036,52586.43032132989,39.65096418292124,32.676480055688394,-6.974484127232849
2016-11-26 → 2017-11-26,10729.725043603205,137411.5022823112,61033.952158492626,52102.5374717735,39.70912645162892,32.65885064922243,-7.050275802406489
2016-11-27 → 2017-11-27,10276.722773957541,137411.5022823112,60690.12162417405,51682.725779380344,39.65350712462123,32.56858836389623,-7.084918760724996
2016-11-28 → 2017-11-28,10068.268721653438,136970.82483894035,60342.189292041105,51368.320681581914,39.61616070516586,32.544696674003795,-7.071464031162066
2016-11-29 → 2017-11-29,10068.268721653438,136678.03889858827,59995.83199178437,51216.91361705476,39.434210488146434,32.500370893886654,-6.93383959425978
2016-11-30 → 2017-11-30,10003.286107549318,134733.76483100094,59649.72610984163,50965.70602785521,39.80297398871272,32.84074617489959,-6.962227813813129
2016-12-01 → 2017-12-01,9251.58529835599,132860.22229042108,59306.878624779754,50561.79583687479,40.49498040305792,33.42016508212987,-7.074815320928053
2016-12-02 → 2017-12-02,9145.0645121153,132860.22229042108,58969.34273123886,50348.0604682601,40.273382109253994,33.304727323695815,-6.968654785558179
2016-12-03 → 2017-12-03,8917.470248634596,132860.22229042108,58639.92881961684,50073.37896422726,40.11727814000664,33.20557921911983,-6.911698920886813
2016-12-04 → 2017-12-04,8648.926486261997,132860.22229042108,58306.921846476085,49698.85388494439,39.97864690060769,33.04846562699483,-6.93018127361286
2016-12-05 → 2017-12-05,8520.243282540958,132860.22229042108,57973.68877228857,49402.333043077444,39.7727632611338,32.87927992809582,-6.8934833330379774
2016-12-06 → 2017-12-06,7146.873513619082,131731.94261899721,57630.20967726999,48696.89382461771,40.521176836166816,33.35072220881803,-7.170454627348789
2016-12-07 → 2017-12-07,5871.199948835439,130721.06456691156,57286.32786669578,48108.74528535759,41.18156481398083,33.830669713362965,-7.350895100617862
2016-12-08 → 2017-12-08,5871.199948835439,130266.13475215387,56945.93025506806,48007.88873150208,41.058528940094845,33.87331554077278,-7.185213399322066
2016-12-09 → 2017-12-09,5871.199948835439,129786.5017697024,56608.166249132606,47975.75334418274,40.94487569714591,33.97849400085714,-6.966381696288771
2016-12-10 → 2017-12-10,5871.199948835439,129786.5017697024,56271.86014362466,47729.081774683465,40.673475716218526,33.779429344697185,-6.894046371521341
2016-12-11 → 2017-12-11,5871.199948835439,129786.5017697024,55935.72123196192,47367.47880290995,40.40221066119839,33.48761472095019,-6.914595940248198
2016-12-12 → 2017-12-12,5735.941108283111,128836.6288701362,55596.78527387061,47109.35476892808,40.50411502334316,33.609409023518,-6.894705999825163
2016-12-13 → 2017-12-13,5735.941108283111,128836.6288701362,55262.369926176616,47061.55573169636,40.23245500764857,33.57057980322624,-6.66187520442233
2016-12-14 → 2017-12-14,5735.941108283111,128836.6288701362,54928.05823306431,46882.419711337534,39.960879195043,33.42505988484415,-6.535819310198846
2016-12-15 → 2017-12-15,5649.078506920944,128836.6288701362,54591.83686751783,46609.36940482908,39.73027973710853,33.250349387692005,-6.479930349416527
2016-12-16 → 2017-12-16,5091.516474246202,127839.60267414433,54253.735467529055,46308.09024527076,40.0513120124912,33.57818035867574,-6.473131653815464
2016-12-17 → 2017-12-17,5091.516474246202,126852.89971468727,53918.64004764785,46249.03207867099,40.100664327197386,33.80178058847396,-6.2988837387234256
2016-12-18 → 2017-12-18,5091.516474246202,126852.89971468727,53587.00673860084,46185.74388856512,39.828301037440625,33.749803361851214,-6.078497675589411
2016-12-19 → 2017-12-19,5091.516474246202,126852.89971468727,53256.90760173141,46216.543974540196,39.55719773023066,33.775098808696015,-5.782098921534647
2016-12-20 → 2017-12-20,5091.516474246202,126852.89971468727,52927.782198440385,46280.28039835088,39.28689412942391,33.82744416000072,-5.45944996942319
2016-12-21 → 2017-12-21,5091.516474246202,126852.89971468727,52603.633596604355,46369.28713585227,39.02067786839808,33.9005434753441,-5.120134393053981
2016-12-22 → 2017-12-22,5091.516474246202,126852.89971468727,52292.94445352289,46572.85476923856,38.76551557078526,34.06772918559865,-4.69778638518661
2016-12-23 → 2017-12-23,5091.516474246202,126852.89971468727,51993.011339427576,46455.19847279404,38.51918696797772,33.97110060491623,-4.548086363061486
2016-12-24 → 2017-12-24,5091.516474246202,126852.89971468727,51714.06860782786,46496.47830840321,38.29009731395425,34.0050028442885,-4.285094469665751
2016-12-25 → 2017-12-25,5091.516474246202,126852.89971468727,51426.87709715519,46168.16040367923,38.05423311544596,33.73536242465262,-4.318870690793339
2016-12-26 → 2017-12-26,5091.516474246202,126852.89971468727,51139.31343203429,45740.57105143532,37.81806327450957,33.38419250454786,-4.4338707699617075
2016-12-27 → 2017-12-27,5091.516474246202,126852.89971468727,50854.56166026583,45588.89723141551,37.584202780984974,33.25962606485795,-4.3245767161270265
2016-12-28 → 2017-12-28,5091.516474246202,126852.89971468727,50578.60830330053,45565.18468055203,37.357568235925335,33.24015145785824,-4.117416778067096
2016-12-29 → 2017-12-29,5091.516474246202,126852.89971468727,50318.547416847025,45325.09209826017,37.14398583440156,33.04296859420946,-4.1010172401921
2016-12-30 → 2017-12-30,5091.516474246202,126852.89971468727,50058.97552086303,45189.36526919251,36.930805030212255,32.931499074518115,-3.9993059556941404
2016-12-31 → 2017-12-31,5091.516474246202,126852.89971468727,49794.34340624592,44647.30164675523,36.71346837751134,32.48631390331579,-4.227154474195551
2017-01-01 → 2018-01-01,5091.516474246202,126852.89971468727,49532.66184021449,44400.2151199349,36.49855494677715,32.283387063750894,-4.215167883026254
2017-01-02 → 2018-01-02,5091.516474246202,126852.89971468727,49277.20461745417,43880.41055069781,36.28875343503194,31.856482773241453,-4.43227066179049
2017-01-03 → 2018-01-03,5091.516474246202,126852.89971468727,49026.770767954185,43442.33374638566,36.08307751148773,31.496699734766036,-4.586377776721694
2017-01-04 → 2018-01-04,5091.516474246202,126852.89971468727,48780.304909723236,42970.68806412346,35.880660413659385,31.109347300266464,-4.771313113392921
2017-01-05 → 2018-01-05,5091.516474246202,126852.89971468727,48555.54665622784,42249.28500272618,35.69607130378408,30.516874512754903,-5.179196791029177
2017-01-06 → 2018-01-06,5091.516474246202,126852.89971468727,48298.433306731335,41345.968482623604,35.4849096508413,29.775000121989482,-5.709909528851821
2017-01-07 → 2018-01-07,5091.516474246202,126852.89971468727,48009.12030921453,40812.80260763144,35.24730312090767,29.33712247901024,-5.910180641897426
2017-01-08 → 2018-01-08,5091.516474246202,126852.89971468727,47724.98967903202,40705.091377334116,35.01395275758152,29.248661566830364,-5.765291190751157
2017-01-09 → 2018-01-09,5091.516474246202,126852.89971468727,47444.563295826134,40467.26574959108,34.78364461246779,29.053340504097857,-5.730304108369932
2017-01-10 → 2018-01-10,5091.516474246202,126852.89971468727,47160.78578689773,40044.70458801886,34.550584260017594,28.706300128630215,-5.844284131387379
2017-01-11 → 2018-01-11,5091.516474246202,126852.89971468727,46880.09956478095,39934.50681573513,34.32006271480608,28.615797073103877,-5.7042656417022
2017-01-12 → 2018-01-12,5091.516474246202,123898.8745316759,46553.32094311429,39339.26689765233,34.89834733032787,28.826287347330187,-6.072059982997686
2017-01-13 → 2018-01-13,5091.516474246202,121944.50404673119,46233.99834042546,39241.98416596045,35.20875479598517,29.225155814292208,-5.983598981692964
2017-01-14 → 2018-01-14,5091.516474246202,121944.50404673119,45923.48843296166,39282.60349908883,34.9430278223627,29.25991687087468,-5.683110951488022
2017-01-15 → 2018-01-15,5091.516474246202,121278.70466654166,45610.40900505359,39182.9802076675,34.87380421303135,29.341844194558064,-5.531960018473285
2017-01-16 → 2018-01-16,5091.516474246202,120360.40212327345,45302.94836478336,39582.693101605,34.88489687752656,29.922364941028533,-4.962531936498024
2017-01-17 → 2018-01-17,5091.516474246202,113473.91343140576,44998.57810695389,39618.83589054868,36.82061179038309,31.85694391862374,-4.963667871759348
2017-01-18 → 2018-01-18,5091.516474246202,113473.91343140576,44721.31037866611,39635.64600296179,36.5647882101043,31.87245392106422,-4.692334289040076
2017-01-19 → 2018-01-19,5091.516474246202,112645.18916941338,44435.15505090809,39345.88530546489,36.58046963042459,31.848627734269723,-4.731841896154865
2017-01-20 → 2018-01-20,5091.516474246202,112645.18916941338,44153.73294644987,38931.90205114602,36.31881226679756,31.46371921004647,-4.8550930567510875
2017-01-21 → 2018-01-21,5091.516474246202,112645.18916941338,43872.434232624626,39027.44779768248,36.05726962787484,31.552554620444084,-4.504715007430754
2017-01-22 → 2018-01-22,5091.516474246202,112645.18916941338,43602.3331237111,39067.4381713546,35.80613816751173,31.589736403892303,-4.21640176361943
2017-01-23 → 2018-01-23,5091.516474246202,112645.18916941338,43331.32807902185,38808.66998460736,35.55416625628064,31.349141935788317,-4.2050243204923206
2017-01-24 → 2018-01-24,5091.516474246202,112645.18916941338,43058.39843290259,38489.53224875921,35.30040491156784,31.052417772074577,-4.247987139493262
2017-01-25 → 2018-01-25,5091.516474246202,111645.7661547798,42775.172098153795,38282.39007026086,35.36569938495097,31.149272502529108,-4.216426882421864
2017-01-26 → 2018-01-26,5091.516474246202,109214.17935623451,42494.88754523305,38205.0649367098,35.92241115978708,31.802441030531654,-4.119970129255428
2017-01-27 → 2018-01-27,5091.516474246202,109214.17935623451,42220.95954400881,38046.80428072238,35.659329143209476,31.650446592810837,-4.0088825503986385
2017-01-28 → 2018-01-28,5091.516474246202,109214.17935623451,41947.64495669113,37838.733039483865,35.396836252850484,31.450613784583158,-3.946222468267326
2017-01-29 → 2018-01-29,5091.516474246202,109214.17935623451,41676.09817927744,37807.86819575753,35.13604117721795,31.420971012421912,-3.7150701647960354
2017-01-30 → 2018-01-30,5091.516474246202,108658.65380979302,41405.13216353951,37976.111749532865,35.06287479168314,31.751959281006272,-3.310915510676871
2017-01-31 → 2018-01-31,5091.516474246202,106944.60900920314,41135.43680862412,37877.28306316004,35.38814525637237,32.18926963622774,-3.1988756201446265
2017-02-01 → 2018-02-01,5091.516474246202,106944.60900920314,40883.55037260546,38157.38674661342,35.14084158620427,32.46427717550029,-2.6765644107039748
2017-02-02 → 2018-02-02,5091.516474246202,106944.60900920314,40637.97431418717,38101.291885400955,34.89973348402858,32.40920289172908,-2.4905305922995
2017-02-03 → 2018-02-03,5091.516474246202,106944.60900920314,40396.758275058135,37819.68711436966,34.66290607591993,32.13272157533248,-2.5301845005874455
2017-02-04 → 2018-02-04,5091.516474246202,106944.60900920314,40160.7680554951,37901.20167542613,34.43120940997723,32.21275307857671,-2.2184563314005175
2017-02-05 → 2018-02-05,5091.516474246202,106944.60900920314,39936.36284729587,38297.690677761886,34.21088698027563,32.60202844809942,-1.6088585321762139
2017-02-06 → 2018-02-06,5091.516474246202,106944.60900920314,39702.368395354184,37624.6056898389,33.98114977140161,31.941189418894712,-2.039960352506899
2017-02-07 → 2018-02-07,5091.516474246202,106944.60900920314,39471.20464281995,37459.77114213014,33.75419176081896,31.77935383432256,-1.9748379264964022
2017-02-08 → 2018-02-08,5091.516474246202,106944.60900920314,39245.13107392338,37039.67964064612,33.53223132420387,31.366905384276883,-2.165325939926987
2017-02-09 → 2018-02-09,5091.516474246202,106944.60900920314,39017.0516026183,36606.32840874758,33.30830148012299,30.941438448405677,-2.3668630317173154
2017-02-10 → 2018-02-10,5091.516474246202,106944.60900920314,38771.06211976789,36299.018861297445,33.06678747526744,30.63972002258109,-2.427067452686348
2017-02-11 → 2018-02-11,5091.516474246202,106944.60900920314,38530.66473378917,36286.08051072957,32.83076382591559,30.627017069488687,-2.203746756426902
2017-02-12 → 2018-02-12,5091.516474246202,106944.60900920314,38291.186640924374,35916.68128093376,32.595642744263,30.264338607203385,-2.331304137059618
2017-02-13 → 2018-02-13,5091.516474246202,106944.60900920314,38051.72580397313,35819.0977902859,32.36053860457372,30.16853052890241,-2.1920080756713105
2017-02-14 → 2018-02-14,5091.516474246202,106944.60900920314,37807.34872952097,35449.3412784355,32.120607672316275,29.805501284872832,-2.3151063874434428
2017-02-15 → 2018-02-15,5091.516474246202,106944.60900920314,37564.45529660618,35216.14032336061,31.88213338855172,29.576543136159916,-2.305590252391802
2017-02-16 → 2018-02-16,5091.516474246202,106944.60900920314,37321.79277876163,35068.03142915306,31.643885818639916,29.43112890226543,-2.2127569163744845
2017-02-17 → 2018-02-17,5091.516474246202,106944.60900920314,37082.91500325642,34843.95523737183,31.409354132306266,29.211129502930234,-2.198224629376032
2017-02-18 → 2018-02-18,5091.516474246202,106944.60900920314,36850.973240155785,34790.182332906064,31.181632266108604,29.15833493074057,-2.023297335368035
2017-02-19 → 2018-02-19,5091.516474246202,106944.60900920314,36617.90505187607,34530.4354754043,30.952804468661295,28.903313849851337,-2.0494906188099584
2017-02-20 → 2018-02-20,5091.516474246202,106944.60900920314,36384.146438874006,34360.17970058702,30.723298807925627,28.736155670772135,-1.9871431371534918
2017-02-21 → 2018-02-21,5091.516474246202,106944.60900920314,36159.30387684464,34342.4030124303,30.502546981512307,28.718702407729964,-1.7838445737823427
2017-02-22 → 2018-02-22,5091.516474246202,106944.60900920314,35944.926910802336,34274.55720502244,30.292070342357995,28.652090971867487,-1.639979370490508
2017-02-23 → 2018-02-23,5091.516474246202,106944.60900920314,35729.96649934187,34017.31374963569,30.08102087286183,28.399527746751414,-1.6814931261104178
2017-02-24 → 2018-02-24,5091.516474246202,106944.60900920314,35528.35303141064,33896.272532547446,29.883075515569875,28.280688726672864,-1.602386788897011
2017-02-25 → 2018-02-25,5091.516474246202,106944.60900920314,35326.33057663727,33592.002781995354,29.68472861245151,27.981954792356962,-1.7027738200945493
2017-02-26 → 2018-02-26,5091.516474246202,106944.60900920314,35115.57032064734,33191.81158335239,29.477802881730476,27.58904458346408,-1.8887582982663957
2017-02-27 → 2018-02-27,5091.516474246202,106944.60900920314,34910.004699449804,32942.281931423284,29.27597727577061,27.344054818579455,-1.9319224571911562
2017-02-28 → 2018-02-28,5091.516474246202,106944.60900920314,34707.71158193159,32707.092572020967,29.077364634285242,27.11314444212564,-1.9642201921596012
2017-03-01 → 2018-03-01,5091.516474246202,106944.60900920314,34502.81461252774,32363.04128400005,28.8761955148169,26.77535274679461,-2.1008427680222894
2017-03-02 → 2018-03-02,5091.516474246202,106944.60900920314,34305.2095587724,32113.22657721286,28.682185643503942,26.53008311327666,-2.152102530227282
2017-03-03 → 2018-03-03,5091.516474246202,106944.60900920314,34112.78156327103,31773.44008259136,28.493258640197368,26.196478618641528,-2.29678002155584
2017-03-04 → 2018-03-04,5091.516474246202,106944.60900920314,33924.71153812368,31399.68864308509,28.308610319300477,25.829527129782214,-2.4790831895182635
2017-03-05 → 2018-03-05,5091.516474246202,106944.60900920314,33733.06979687103,30954.872195299788,28.120455265307516,25.392803573614657,-2.7276516916928593
2017-03-06 → 2018-03-06,5091.516474246202,106944.60900920314,33544.58016699946,30619.13118544047,27.93539497388153,25.0631709610908,-2.8722240127907277
2017-03-07 → 2018-03-07,5091.516474246202,106944.60900920314,33359.08900508852,30264.152087285587,27.75327859695632,24.71465027377534,-3.03862832318098
2017-03-08 → 2018-03-08,5091.516474246202,106944.60900920314,33167.0441080425,29852.44334188028,27.564727722096922,24.310432065806836,-3.254295656290086
2017-03-09 → 2018-03-09,5091.516474246202,106944.60900920314,32959.347303957846,29427.04461463869,27.360809707517863,23.892772948489814,-3.468036759028049
2017-03-10 → 2018-03-10,5091.516474246202,106944.60900920314,32761.507727164862,29226.41003358837,27.166569580027293,23.695788668428357,-3.4707809115989363
2017-03-11 → 2018-03-11,5091.516474246202,106944.60900920314,32541.509395807727,28770.608755545873,26.950573849429695,23.24828013756459,-3.7022937118651065
2017-03-12 → 2018-03-12,5091.516474246202,106944.60900920314,32339.20592803113,28675.283338252615,26.751951045996243,23.154689049733317,-3.597261996262926
2017-03-13 → 2018-03-13,5091.516474246202,106944.60900920314,32147.21404211656,28410.769603184148,26.56345221779554,22.894987818788675,-3.668464399006865
2017-03-14 → 2018-03-14,5091.516474246202,106944.60900920314,31959.995079055705,28124.938131051815,26.379639474950643,22.614356700951745,-3.765282773998898
2017-03-15 → 2018-03-15,5091.516474246202,106944.60900920314,31773.85214452729,27726.385153561663,26.196883183614144,22.223054907780014,-3.97382827583413
2017-03-16 → 2018-03-16,5091.516474246202,106944.60900920314,31589.391670446897,27288.45609889026,26.01577874241411,21.793093437026336,-4.222685305387774
2017-03-17 → 2018-03-17,5091.516474246202,106944.60900920314,31392.122630247934,26815.740681150048,25.822098771301537,21.328978498564382,-4.493120272737155
2017-03-18 → 2018-03-18,5091.516474246202,106944.60900920314,31170.63377229679,26334.821886508897,25.604639632419595,20.856809433618125,-4.74783019880147
2017-03-19 → 2018-03-19,5091.516474246202,106944.60900920314,30918.789633208296,25980.966041041942,25.357377489640715,20.509391562780763,-4.847985926859952
2017-03-20 → 2018-03-20,5091.516474246202,106944.60900920314,30681.695450789004,25911.444292102235,25.124596946096673,20.441134677094308,-4.683462269002366
2017-03-21 → 2018-03-21,5091.516474246202,106944.60900920314,30449.181906406397,25754.57981836198,24.896313701478636,20.28712416073574,-4.609189540742896
2017-03-22 → 2018-03-22,5091.516474246202,106944.60900920314,30234.803280071163,25505.16163515112,24.685835432238395,20.042243836532272,-4.643591595706123
2017-03-23 → 2018-03-23,5091.516474246202,106944.60900920314,30002.552873644374,25049.65371303262,24.457810538102684,19.59502332434,-4.862787213762683
2017-03-24 → 2018-03-24,5091.516474246202,106944.60900920314,29768.545108726295,24687.28438754489,24.2280602584656,19.239246865845764,-4.988813392619836
2017-03-25 → 2018-03-25,5091.516474246202,103846.68316917396,29508.71689739438,24295.94353238956,24.724985274519604,19.44650361177481,-5.278481662744795
2017-03-26 → 2018-03-26,5091.516474246202,103846.68316917396,29260.056500965486,24075.238655056095,24.47319045228306,19.223016694867194,-5.250173757415865
2017-03-27 → 2018-03-27,5091.516474246202,96340.25886455341,29011.18455983931,23830.724585675875,26.213696166111706,20.53640151145823,-5.677294654653476
2017-03-28 → 2018-03-28,5091.516474246202,96340.25886455341,28783.64315295061,23653.517816870473,25.96433228346726,20.34219963627247,-5.6221326471947926
2017-03-29 → 2018-03-29,5091.516474246202,96340.25886455341,28560.661358523117,23402.63833124982,25.719965305264196,20.06725942444188,-5.652705880822317
2017-03-30 → 2018-03-30,5091.516474246202,96340.25886455341,28337.858186361325,23151.633969845723,25.47579408018717,19.792182360551568,-5.6836117196356035
2017-03-31 → 2018-03-31,5091.516474246202,92443.3538317219,28114.10366663688,22919.944464696855,26.35615676654152,20.409906110492216,-5.946250656049305
2017-04-01 → 2018-04-01,5091.516474246202,91783.13571714156,27901.679484641896,22737.01739092025,26.3118433011217,20.35433306100134,-5.95751024012036
2017-04-02 → 2018-04-02,5091.516474246202,90451.65585485799,27689.75331742051,22515.744138484646,26.47399243622503,20.41260451385355,-6.061387922371477
2017-04-03 → 2018-04-03,5091.516474246202,88042.76708027783,27479.436320860605,22307.178741633652,26.989249327829317,20.753951437274235,-6.235297890555081
2017-04-04 → 2018-04-04,5091.516474246202,88042.76708027783,27281.03811882528,22131.387611603233,26.750074872247453,20.542030424937337,-6.208044447310115
2017-04-05 → 2018-04-05,5091.516474246202,88042.76708027783,27081.960612538573,21913.79864574415,26.5100814968224,20.279720979004452,-6.2303605178179495
2017-04-06 → 2018-04-06,5091.516474246202,85283.60305459557,26882.738479156644,21716.87725449459,27.173781022740297,20.7319219254763,-6.441859097263997
2017-04-07 → 2018-04-07,5091.516474246202,85283.60305459557,26693.69736550641,21551.633567077704,26.93804565069604,20.525862082836696,-6.412183567859344
2017-04-08 → 2018-04-08,5091.516474246202,85283.60305459557,26503.40725910914,21337.44677287803,26.7007527774066,20.25876990038666,-6.441982877019939
2017-04-09 → 2018-04-09,5091.516474246202,85283.60305459557,26313.28148300148,21140.33221594038,26.463664824947397,20.012966897443036,-6.450697927504361
2017-04-10 → 2018-04-10,5091.516474246202,85283.60305459557,26128.234106297365,20962.95614137849,26.232909666184067,19.791777897223962,-6.441131768960105
2017-04-11 → 2018-04-11,5091.516474246202,85283.60305459557,25942.07891313317,20763.568985997503,26.000773053829334,19.543140950757667,-6.457632103071667
2017-04-12 → 2018-04-12,5091.516474246202,85283.60305459557,25754.473072069413,20561.463467153957,25.76682747507727,19.291114189188065,-6.475713285889206
2017-04-13 → 2018-04-13,5091.516474246202,85283.60305459557,25564.305437202256,20354.71396986486,25.529687324500667,19.033296359392676,-6.496390965107992
2017-04-14 → 2018-04-14,5091.516474246202,85201.27327591275,25365.415756730825,20149.49003018122,25.307653014948183,18.796678653282044,-6.51097436166614
2017-04-15 → 2018-04-15,5091.516474246202,85201.27327591275,25165.504386420682,19986.92420057515,25.058106170354616,18.593749776580367,-6.464356393774249
2017-04-16 → 2018-04-16,5091.516474246202,85201.27327591275,24967.03809258644,19839.19348420212,24.810363196517358,18.409339384799026,-6.401023811718332
2017-04-17 → 2018-04-17,5091.516474246202,83899.57143881709,24768.886815743583,19699.178050602874,24.96872984664268,18.53574686359627,-6.432982983046411
2017-04-18 → 2018-04-18,5091.516474246202,83185.57785964316,24573.124724297657,19573.244841766384,24.94633766568885,18.543955981559648,-6.402381684129203
2017-04-19 → 2018-04-19,5091.516474246202,82674.6295002957,24378.86784859569,19448.441177062487,24.86024422334474,18.505218652409276,-6.355025570935464
2017-04-20 → 2018-04-20,5091.516474246202,80919.04127930474,24183.89032431401,19325.351084882524,25.17868531137144,18.771329602580895,-6.4073557087905435
2017-04-21 → 2018-04-21,5091.516474246202,80414.91570979715,23993.625656567983,19220.240876208853,25.09460456399638,18.7574174099331,-6.33718715406328
2017-04-22 → 2018-04-22,5091.516474246202,80414.91570979715,23805.624406257146,19108.11917403776,24.845012468818993,18.608563662878403,-6.23644880594059
2017-04-23 → 2018-04-23,5091.516474246202,79999.90507363711,23616.505031213113,18994.49851397213,24.730192310020595,18.55998012996768,-6.170212180052914
2017-04-24 → 2018-04-24,5091.516474246202,79539.34361187399,23426.23293417901,18892.98225087374,24.627604545178173,18.538440015332476,-6.0891645298456964
2017-04-25 → 2018-04-25,5091.516474246202,78133.25786637832,23239.76589082985,18811.714137274976,24.84640846547305,18.784050601108316,-6.062357864364735
2017-04-26 → 2018-04-26,5091.516474246202,77131.60176632316,23055.77782478411,18735.83104722313,24.936479846885515,18.939892308091903,-5.996587538793612
2017-04-27 → 2018-04-27,5091.516474246202,74300.27958732945,22875.457075226655,18667.49168073271,25.696082115963392,19.615977219971587,-6.080104895991806
2017-04-28 → 2018-04-28,5091.516474246202,74184.79320063037,22701.6982426105,18608.043265313507,25.487547562843577,19.562723656303078,-5.9248239065404995
2017-04-29 → 2018-04-29,5091.516474246202,73653.14615724926,22528.083225236966,18530.56222881124,25.431960750655,19.601409442425606,-5.830551308229396
2017-04-30 → 2018-04-30,5091.516474246202,72361.18448066026,22356.450944082513,18468.211582452168,25.665258922030254,19.885180802335043,-5.780078119695212
2017-05-01 → 2018-05-01,5091.516474246202,69592.25607570364,22188.859518301415,18419.537451630968,26.507204645555543,20.663361474204876,-5.843843171350667
2017-05-02 → 2018-05-02,5091.516474246202,68314.45371497168,22028.40168941257,18379.82970636966,26.789146399000835,21.018183925127257,-5.770962473873578
2017-05-03 → 2018-05-03,5091.516474246202,65815.06602518205,21869.77114319032,18323.576336727594,27.630556502416344,21.790656113378446,-5.839900389037897
2017-05-04 → 2018-05-04,5091.516474246202,65519.30261083969,21718.125737498565,18277.430973083145,27.514840980056565,21.820945862605246,-5.693895117451319
2017-05-05 → 2018-05-05,5091.516474246202,65519.30261083969,21568.57954599033,18212.158254087895,27.267361796936747,21.712928139024072,-5.554433657912675
2017-05-06 → 2018-05-06,5091.516474246202,65519.30261083969,21418.45969332098,18145.475879173177,27.01893328040957,21.60257762119443,-5.416355659215139
2017-05-07 → 2018-05-07,5091.516474246202,65519.30261083969,21274.049706441074,18101.360405943997,26.77995383715564,21.529572343242563,-5.250381493913078
2017-05-08 → 2018-05-08,5091.516474246202,59344.134688936545,21124.693607593712,18040.77441459449,29.55281728505796,23.86844795048422,-5.684369334573738
2017-05-09 → 2018-05-09,5091.516474246202,58662.668056652576,20991.952088606027,18044.737531713403,29.6809666111075,24.17947099296862,-5.501495618138879
2017-05-10 → 2018-05-10,5091.516474246202,58662.668056652576,20863.26172858653,17985.46336596554,29.440743363672667,24.068825311483348,-5.371918052189319
2017-05-11 → 2018-05-11,5091.516474246202,58662.668056652576,20742.430613407785,17928.027124771976,29.21519078246135,23.961610440238303,-5.253580342223046
2017-05-12 → 2018-05-12,5091.516474246202,58662.668056652576,20625.772115249878,17848.18800939983,28.997427126627933,23.812576654303477,-5.184850472324456
2017-05-13 → 2018-05-13,5091.516474246202,57574.40706134547,20496.91171274105,17735.247079656117,29.35317598966552,24.091147541553,-5.26202844811252
2017-05-14 → 2018-05-14,5091.516474246202,57574.40706134547,20374.911109019202,17692.289880073353,29.120718130814588,24.009297629891837,-5.111420500922751
2017-05-15 → 2018-05-15,5091.516474246202,57574.40706134547,20254.850374544996,17625.81198743019,28.891956465572548,23.88263179289332,-5.009324672679227
2017-05-16 → 2018-05-16,5091.516474246202,56914.32341518506,20130.352094182046,17553.502883333033,29.01972414785487,24.04730107207323,-4.972423075781641
2017-05-17 → 2018-05-17,5091.516474246202,55286.92056429757,20008.787176830792,17518.680910936797,29.718399469048528,24.7575742480249,-4.960825221023629
2017-05-18 → 2018-05-18,5091.516474246202,52791.41845486765,19890.916118434725,17491.978944929855,31.02605881706198,25.996830089339518,-5.029228727722462
2017-05-19 → 2018-05-19,5091.516474246202,52335.482920267066,19779.877903317385,17467.454539146034,31.090449287007978,26.195806567257858,-4.89464271975012
2017-05-20 → 2018-05-20,5091.516474246202,52335.482920267066,19673.11324878208,17425.996663343354,30.864463489102356,26.108053825645765,-4.756409663456591
2017-05-21 → 2018-05-21,5091.516474246202,52335.482920267066,19572.24274079517,17375.578456478503,30.650953668536886,26.0013349985497,-4.649618669987184
2017-05-22 → 2018-05-22,5091.516474246202,52335.482920267066,19472.772289955996,17306.055931876395,30.44040731029911,25.854178589314795,-4.586228720984316
2017-05-23 → 2018-05-23,5091.516474246202,52335.482920267066,19377.676614665525,17247.963776224395,30.239120918736024,25.73121652659643,-4.507904392139594
2017-05-24 → 2018-05-24,5091.516474246202,52335.482920267066,19292.701997973934,17190.908642507904,30.059257492601642,25.610449499590597,-4.4488079930110445
2017-05-25 → 2018-05-25,5091.516474246202,52335.482920267066,19216.36207581601,17124.433739503496,29.89767088609783,25.46974390688733,-4.4279269792105005
2017-05-26 → 2018-05-26,5091.516474246202,52335.482920267066,19135.866428833706,17054.63769973861,29.72728797154243,25.32200855565548,-4.405279415886952
2017-05-27 → 2018-05-27,5091.516474246202,52335.482920267066,19053.233905519595,16980.9979883594,29.552381989826177,25.166137410790135,-4.386244579036042
2017-05-28 → 2018-05-28,5091.516474246202,52335.482920267066,18958.005983265644,16896.262147611604,29.35081567476507,24.986779395106566,-4.364036279658503
2017-05-29 → 2018-05-29,5091.516474246202,52335.482920267066,18871.903817904396,16870.768997877203,29.168565597478217,24.932818748589877,-4.23574684888834
2017-05-30 → 2018-05-30,5091.516474246202,52335.482920267066,18789.36504875303,16801.881590837635,28.99385806261094,24.787006675172467,-4.206851387438473
2017-05-31 → 2018-05-31,5091.516474246202,52335.482920267066,18699.829851396047,16725.215995993844,28.804341381238974,24.624730726281964,-4.17961065495701
2017-06-01 → 2018-06-01,5091.516474246202,52335.482920267066,18617.341254669118,16679.709584486543,28.629740044957913,24.52840856087002,-4.101331484087893
2017-06-02 → 2018-06-02,5091.516474246202,52335.482920267066,18539.26683065058,16614.368629963632,28.46448206623222,24.39010316562433,-4.074378900607893
2017-06-03 → 2018-06-03,5091.516474246202,52335.482920267066,18464.543947039856,16550.661880193533,28.306318200596387,24.255256846480297,-4.05106135411609
2017-06-04 → 2018-06-04,5091.516474246202,52335.482920267066,18393.873251384324,16490.276926061517,28.1567314893784,24.127441680492893,-4.029289808885508
2017-06-05 → 2018-06-05,5091.516474246202,52335.482920267066,18321.563311872145,16427.263546916583,28.003675035926722,23.99406299981643,-4.009612036110294
2017-06-06 → 2018-06-06,5091.516474246202,52335.482920267066,18255.527916380794,16367.439707113599,27.863899736647397,23.867435529044396,-3.996464207603001
2017-06-07 → 2018-06-07,5091.516474246202,52335.482920267066,18196.01364498861,16310.717813591833,27.73792752078744,23.74737386236242,-3.9905536584250214
2017-06-08 → 2018-06-08,5091.516474246202,52335.482920267066,18130.916214859702,16250.555769894097,27.600137586906076,23.62003052473967,-3.9801070621664074
2017-06-09 → 2018-06-09,5091.516474246202,52335.482920267066,18069.584514225735,16191.951813655713,27.470318468725047,23.495985147844095,-3.9743333208809517
2017-06-10 → 2018-06-10,5091.516474246202,52335.482920267066,18012.683230687107,16139.599691447896,27.349877092144947,23.385172855511208,-3.9647042366337395
2017-06-11 → 2018-06-11,5091.516474246202,52335.482920267066,17958.885441615486,16085.961902017394,27.23600479665704,23.271639226848198,-3.964365569808841
2017-06-12 → 2018-06-12,5091.516474246202,52335.482920267066,17908.88368550088,16035.835126511383,27.130167459371364,23.165537264466856,-3.964630194904508
2017-06-13 → 2018-06-13,5091.516474246202,52335.482920267066,17849.70136324757,15980.658389898757,27.00489787109297,23.04874618877327,-3.956151682319703
2017-06-14 → 2018-06-14,5091.516474246202,52335.482920267066,17789.985780113515,15919.238259759859,26.87849954422454,22.918739894299506,-3.959759649925033
2017-06-15 → 2018-06-15,5091.516474246202,52335.482920267066,17720.877382209128,15849.627912793454,26.73221970554218,22.7713975938897,-3.960822111652483
2017-06-16 → 2018-06-16,5091.516474246202,52335.482920267066,17649.565867900546,15796.074180122276,26.581276591165746,22.658041885849464,-3.9232347053162826
2017-06-17 → 2018-06-17,5091.516474246202,52335.482920267066,17581.588661649912,15758.546823311917,26.43739111463976,22.57860876531917,-3.858782349320588
2017-06-18 → 2018-06-18,5091.516474246202,52335.482920267066,17519.348856154353,15714.499092340091,26.305649835958867,22.485374148741933,-3.8202756872169346
2017-06-19 → 2018-06-19,5091.516474246202,52335.482920267066,17450.999951511443,15643.019596932283,26.160977595703592,22.334075473408486,-3.826902122295106
2017-06-20 → 2018-06-20,5091.516474246202,52335.482920267066,17385.951882819125,15594.872040241298,26.023292143812842,22.232162868873058,-3.7911292749397845
2017-06-21 → 2018-06-21,5091.516474246202,52335.482920267066,17326.644043523695,15537.586306391247,25.897756877075253,22.11090773692832,-3.786849140146934
2017-06-22 → 2018-06-22,5091.516474246202,52335.482920267066,17268.210753010873,15474.581310672716,25.77407274361117,21.977546801219162,-3.796525942392009
2017-06-23 → 2018-06-23,5091.516474246202,52335.482920267066,17210.76609091304,15414.445429610141,25.652481212630242,21.850258841324255,-3.8022223713059873
2017-06-24 → 2018-06-24,5091.516474246202,52335.482920267066,17153.491714272484,15344.174236898052,25.53125012017742,21.701517746961702,-3.829732373215716
2017-06-25 → 2018-06-25,5091.516474246202,52335.482920267066,17090.615871717244,15264.683712455633,25.398162559404806,21.533262347548444,-3.8649002118563622
2017-06-26 → 2018-06-26,5091.516474246202,52335.482920267066,17026.046153132826,15203.16124057542,25.261489617986577,21.403039429135134,-3.8584501888514424
2017-06-27 → 2018-06-27,5091.516474246202,52335.482920267066,16957.944734736084,15150.017725464553,25.11734122503877,21.290552017284167,-3.8267892077546044
2017-06-28 → 2018-06-28,5091.516474246202,52335.482920267066,16896.601909277153,15121.611607024624,24.987498559247744,21.23042557029673,-3.7570729889510126
2017-06-29 → 2018-06-29,5091.516474246202,52335.482920267066,16833.910295028574,15071.383666650065,24.854800949447753,21.124109475029947,-3.7306914744178066
2017-06-30 → 2018-06-30,5091.516474246202,52335.482920267066,16769.21556808644,15011.268852491115,24.717863406288565,20.996866106868566,-3.7209972994199987
2017-07-01 → 2018-07-01,5091.516474246202,52335.482920267066,16700.76914619008,14950.160957908676,24.572984753954056,20.8675207127805,-3.705464041173556
2017-07-02 → 2018-07-02,5091.516474246202,52335.482920267066,16628.85454266882,14901.327364740082,24.420765097284406,20.764155993765236,-3.6566091035191697
2017-07-03 → 2018-07-03,5091.516474246202,52335.482920267066,16562.429171494678,14869.493678191442,24.280164347239342,20.69677450795157,-3.583389839287772
2017-07-04 → 2018-07-04,5091.516474246202,52335.482920267066,16496.89103202122,14821.140121908487,24.141441576050475,20.59442586976472,-3.5470157062857552
2017-07-05 → 2018-07-05,5091.516474246202,52335.482920267066,16433.601975734407,14770.153806503522,24.00747937717557,20.486504542999704,-3.520974834175867
2017-07-06 → 2018-07-06,5091.516474246202,52335.482920267066,16370.24961836404,14710.169052175821,23.873383190644002,20.359536468893907,-3.5138467217500953
2017-07-07 → 2018-07-07,5091.516474246202,52335.482920267066,16305.843033689136,14645.132084415302,23.73705555027009,20.221874514039147,-3.515181036230942
2017-07-08 → 2018-07-08,5091.516474246202,52335.482920267066,16237.11844826568,14574.021937839572,23.59158811687417,20.071357629185762,-3.5202304876884085
2017-07-09 → 2018-07-09,5091.516474246202,52335.482920267066,16171.118240487636,14520.436633742145,23.451887298456533,19.95793509477885,-3.493952203677683
2017-07-10 → 2018-07-10,5091.516474246202,52335.482920267066,16105.40427754326,14455.12306189694,23.31279236657892,19.81968765969139,-3.4931047068875287
2017-07-11 → 2018-07-11,5091.516474246202,52335.482920267066,16030.441818530046,14384.637050699328,23.154121398300116,19.670491864968803,-3.483629533331314
2017-07-12 → 2018-07-12,5091.516474246202,52335.482920267066,15956.988949243923,14344.524127967275,22.998645736936993,19.58558594840508,-3.413059788531914
2017-07-13 → 2018-07-13,5091.516474246202,52335.482920267066,15885.946356146704,14306.684025098706,22.848271840667316,19.505490846924122,-3.342780993743194
2017-07-14 → 2018-07-14,5091.516474246202,52335.482920267066,15813.050301420853,14255.063106709102,22.69397477331769,19.39622627353445,-3.2977484997832427
2017-07-15 → 2018-07-15,5091.516474246202,52335.482920267066,15732.732503462508,14196.921405348307,22.52396830688327,19.273159338781575,-3.250808968101694
2017-07-16 → 2018-07-16,5091.516474246202,52335.482920267066,15636.122710839723,14142.106465659715,22.319477024947474,19.157134068652702,-3.162342956294772
2017-07-17 → 2018-07-17,5091.516474246202,45131.520776584344,15530.452244276077,14123.269376576754,26.071265355534166,22.556823006642738,-3.5144423488914285
2017-07-18 → 2018-07-18,5091.516474246202,44305.32109133738,15444.18419095683,14155.438850924369,26.400569436709187,23.114111127915635,-3.286458308793552
2017-07-19 → 2018-07-19,5091.516474246202,44305.32109133738,15362.175775599055,14148.436059747866,26.191437942944273,23.096253153549508,-3.0951847893947644
2017-07-20 → 2018-07-20,5091.516474246202,39645.96712288297,15278.411708584079,14136.420859557807,29.480703767865478,26.175801425071832,-3.304902342793646
2017-07-21 → 2018-07-21,5091.516474246202,39645.96712288297,15218.527013958204,14171.797738301146,29.307398467095965,26.27818151816914,-3.0292169489268232
2017-07-22 → 2018-07-22,5091.516474246202,39645.96712288297,15152.97249116855,14122.928903137412,29.11768477881818,26.13675592972425,-2.9809288490939316
2017-07-23 → 2018-07-23,5091.516474246202,39645.96712288297,15091.827836261697,14098.390215862688,28.94073317415053,26.065741380761388,-2.8749917933891425
2017-07-24 → 2018-07-24,5091.516474246202,39645.96712288297,15025.126601260277,14048.75145753787,28.747700919985462,25.922087647615506,-2.8256132723699565
2017-07-25 → 2018-07-25,5091.516474246202,39645.96712288297,14959.267416780143,14007.48910595016,28.557105545890778,25.802675094925025,-2.754430450965753
2017-07-26 → 2018-07-26,5091.516474246202,39645.96712288297,14887.009199052462,13958.96591299272,28.34799147701892,25.662249789221736,-2.685741687797183
2017-07-27 → 2018-07-27,5091.516474246202,37521.37480402425,14812.113796395874,13933.33692502149,29.974220742197733,27.264443652091035,-2.709777090106698
2017-07-28 → 2018-07-28,5091.516474246202,37172.70817032268,14742.955601426564,13923.842300735807,30.08441587399239,27.531165020811233,-2.553250853181158
2017-07-29 → 2018-07-29,5091.516474246202,37172.70817032268,14678.360345688863,13905.386953386193,29.8830665714177,27.47363802017967,-2.4094285512380296
2017-07-30 → 2018-07-30,5091.516474246202,37172.70817032268,14610.842276678102,13871.55916009362,29.672606593339584,27.36819370373082,-2.304412889608763
2017-07-31 → 2018-07-31,5091.516474246202,37172.70817032268,14546.834036865688,13852.69717826573,29.47308707293398,27.30939918634948,-2.1636878865844977
2017-08-01 → 2018-08-01,5091.516474246202,37172.70817032268,14487.354458466167,13835.975704088867,29.287683803120924,27.25727682650925,-2.0304069766116726
2017-08-02 → 2018-08-02,5091.516474246202,37172.70817032268,14423.400251584291,13804.923652347405,29.08833270828707,27.160484749595042,-1.927847958692027
2017-08-03 → 2018-08-03,5091.516474246202,35845.55325111955,14358.701127936829,13790.416353753295,30.133230056678066,28.285392069403247,-1.8478379872748185
2017-08-04 → 2018-08-04,5091.516474246202,34961.6996280641,14299.782152531317,13791.754292832444,30.82761706169233,29.126831174030503,-1.7007858876618265
2017-08-05 → 2018-08-05,5091.516474246202,30958.6336998795,14243.115047210438,13792.994888196792,35.379275135829054,33.63915019230579,-1.7401249435232629
2017-08-06 → 2018-08-06,5091.516474246202,30958.6336998795,14198.145843158816,13807.189258956765,35.20542814832223,33.694024381169434,-1.5114037671527925
2017-08-07 → 2018-08-07,5091.516474246202,30793.214049387676,14154.202157690857,13791.80956465775,35.261039302750305,33.851044527216054,-1.4099947755342512
2017-08-08 → 2018-08-08,5091.516474246202,30793.214049387676,14117.260528741795,13786.72019370048,35.11730704988623,33.831242835353514,-1.2860642145327148
2017-08-09 → 2018-08-09,5091.516474246202,30793.214049387676,14079.164934701123,13770.356828765069,34.969084957048594,33.767576360064986,-1.201508596983608
2017-08-10 → 2018-08-10,5091.516474246202,30793.214049387676,14042.067508117865,13753.880428168575,34.824746527749134,33.70347008635165,-1.1212764413974838
2017-08-11 → 2018-08-11,5091.516474246202,30793.214049387676,14005.847783115889,13746.692580721683,34.683823054129995,33.67550365562902,-1.0083193985009729
2017-08-12 → 2018-08-12,5091.516474246202,30793.214049387676,13974.475015189046,13739.29819324204,34.56175808999632,33.646733620272315,-0.9150244697240026
2017-08-13 → 2018-08-13,5091.516474246202,30793.214049387676,13947.499505603259,13726.818604378903,34.456801950399225,33.59817811600395,-0.8586238343952743
2017-08-14 → 2018-08-14,5091.516474246202,30793.214049387676,13924.442379120572,13716.401077724347,34.36709143063578,33.557645670144694,-0.8094457604910872
2017-08-15 → 2018-08-15,5091.516474246202,30793.214049387676,13904.544772408462,13707.173495690882,34.28967395012137,33.52174305318141,-0.7679308969399585
2017-08-16 → 2018-08-16,5091.516474246202,30793.214049387676,13882.29906087523,13696.338348331505,34.20312047843649,33.479585731363656,-0.7235347470728328
2017-08-17 → 2018-08-17,5091.516474246202,30793.214049387676,13861.33064015429,13685.090426728675,34.12153668164783,33.43582239016821,-0.6857142914796199
2017-08-18 → 2018-08-18,5091.516474246202,30793.214049387676,13840.611778968876,13673.843980314155,34.04092386949859,33.39206478862598,-0.6488590808726116
2017-08-19 → 2018-08-19,5091.516474246202,30793.214049387676,13816.204345997387,13660.42682136241,33.94595958591331,33.339861392673164,-0.6060981932401432
2017-08-20 → 2018-08-20,5091.516474246202,30793.214049387676,13794.086628553338,13648.314619212182,33.8599041128093,33.29273531426992,-0.5671687985393845
2017-08-21 → 2018-08-21,5091.516474246202,30793.214049387676,13769.424489328208,13634.368185367206,33.76394881976678,33.23847261895883,-0.525476200807951
2017-08-22 → 2018-08-22,5091.516474246202,30793.214049387676,13743.91826643979,13619.709387193881,33.66470937142354,33.18143826109018,-0.48327111033336223
2017-08-23 → 2018-08-23,5091.516474246202,30793.214049387676,13718.787024062338,13604.656784197106,33.56692889484616,33.122871689941455,-0.444057204904702
2017-08-24 → 2018-08-24,5091.516474246202,30793.214049387676,13693.694450267521,13588.725939910311,33.469298869741955,33.060888063217114,-0.4084108065248415
2017-08-25 → 2018-08-25,5091.516474246202,30793.214049387676,13671.038189741656,13573.438359130258,33.38114803667099,33.00140724201704,-0.37974079465395505
2017-08-26 → 2018-08-26,5091.516474246202,30793.214049387676,13649.114714157304,13558.183039194688,33.295848318548266,32.94205194110367,-0.3537963774445956
2017-08-27 → 2018-08-27,5091.516474246202,30793.214049387676,13626.138502900692,13541.73244398484,33.206452623227214,32.8780460708231,-0.3284065524041111
2017-08-28 → 2018-08-28,5091.516474246202,30793.214049387676,13601.77508148854,13523.634570865197,33.11165957953458,32.80763098222154,-0.3040285973130423
2017-08-29 → 2018-08-29,5091.516474246202,30793.214049387676,13578.238297606073,13505.431421303767,33.020082811837995,32.73680628471581,-0.2832765271221831
2017-08-30 → 2018-08-30,5091.516474246202,30793.214049387676,13558.064754447178,13488.492328503666,32.94159171956708,32.670899771145734,-0.27069194842134436
2017-08-31 → 2018-08-31,5091.516474246202,30793.214049387676,13537.38744111229,13470.620696877579,32.86114056152806,32.60136494149552,-0.25977562003254207
2017-09-01 → 2018-09-01,5091.516474246202,30793.214049387676,13517.737702164775,13452.370419085733,32.784687483321584,32.530356877773315,-0.2543306055482688
2017-09-02 → 2018-09-02,5091.516474246202,30793.214049387676,13499.680086201837,13434.043937236129,32.714429027007,32.45905231979218,-0.25537670721482186
2017-09-03 → 2018-09-03,5091.516474246202,30793.214049387676,13477.86646649803,13412.872048167583,32.62955673543936,32.376676869662276,-0.2528798657770821
2017-09-04 → 2018-09-04,5091.516474246202,30793.214049387676,13455.923609922525,13390.509389192077,32.54418160988062,32.28966837961945,-0.2545132302611677
2017-09-05 → 2018-09-05,5091.516474246202,30793.214049387676,13433.70274561565,13367.151482605796,32.45772481362461,32.19878758655902,-0.2589372270655872
2017-09-06 → 2018-09-06,5091.516474246202,30793.214049387676,13414.47166893214,13345.331151790193,32.382900663868405,32.113889183440676,-0.2690114804277286
2017-09-07 → 2018-09-07,5091.516474246202,30793.214049387676,13397.805645675053,13323.153382931792,32.31805660752403,32.02760006267905,-0.29045654484497874
2017-09-08 → 2018-09-08,5091.516474246202,30793.214049387676,13383.014402851151,13300.204854316831,32.260506934858796,31.938312074802493,-0.32219486005630316
2017-09-09 → 2018-09-09,5091.516474246202,30793.214049387676,13363.859741243252,13271.518251560998,32.18598010038843,31.826698424879314,-0.35928167550911283
2017-09-10 → 2018-09-10,5091.516474246202,30793.214049387676,13344.241571004075,13246.194758153752,32.10964984950978,31.728169939228863,-0.3814799102809161
2017-09-11 → 2018-09-11,5091.516474246202,30793.214049387676,13323.650144912908,13218.453481845705,32.0295328610075,31.62023435938266,-0.4092985016248427
2017-09-12 → 2018-09-12,5091.516474246202,30793.214049387676,13301.970732044372,13190.413552542821,31.94518274053334,31.511136782380568,-0.43404595815277247
2017-09-13 → 2018-09-13,5091.516474246202,30793.214049387676,13278.453319830565,13159.718152520065,31.853681344000872,31.391707316941503,-0.4619740270593695
2017-09-14 → 2018-09-14,5091.516474246202,30793.214049387676,13250.23251109268,13122.943019256549,31.74388000245376,31.248622864422366,-0.4952571380313948
2017-09-15 → 2018-09-15,5091.516474246202,27645.36060268255,13207.976818053618,13083.869391956512,35.987037498295095,35.43676577791627,-0.5502717203788237
2017-09-16 → 2018-09-16,5091.516474246202,27645.36060268255,13176.168228578455,13082.923789198707,35.846003494095974,35.432573132297094,-0.4134303617988806
2017-09-17 → 2018-09-17,5091.516474246202,27645.36060268255,13146.203240479806,13065.61718241778,35.71314371228668,35.355838511438805,-0.3573052008478754
2017-09-18 → 2018-09-18,5091.516474246202,27645.36060268255,13115.687684906517,13049.229490738793,35.57784280571167,35.283178207564816,-0.2946645981468521
2017-09-19 → 2018-09-19,5091.516474246202,27645.36060268255,13091.526614082133,13040.131383953518,35.47071662940755,35.242838712738724,-0.22787791666882384
2017-09-20 → 2018-09-20,5091.516474246202,27645.36060268255,13063.971924677593,13013.49565101601,35.348543711799245,35.12474029552068,-0.22380341627856382
2017-09-21 → 2018-09-21,5091.516474246202,27645.36060268255,13034.369356266365,12988.74707794053,35.217290838707406,35.01500923178474,-0.20228160692266783
2017-09-22 → 2018-09-22,5091.516474246202,27630.31083092653,12999.581989249928,12959.305944179036,35.086461990189974,34.90776545286185,-0.17869653732812196
2017-09-23 → 2018-09-23,5091.516474246202,27196.84601390803,12964.84996114989,12939.520665336366,35.61735405381401,35.502769488277096,-0.11458456553691576
2017-09-24 → 2018-09-24,5091.516474246202,27196.84601390803,12934.029469529934,12924.682729342745,35.47792843898815,35.43564569368721,-0.04228274530093756
2017-09-25 → 2018-09-25,5091.516474246202,25706.339934620904,12902.302995038704,12905.73375134832,37.88917492214377,37.905817103514906,0.01664218137113238
2017-09-26 → 2018-09-26,5091.516474246202,25706.339934620904,12874.854012146816,12895.946748858167,37.75602324638651,37.85834154541,0.10231829902348721
2017-09-27 → 2018-09-27,5091.516474246202,24067.330070546515,12845.532773038763,12879.764786160002,40.86262894311077,41.043027074382,0.1803981312712324
2017-09-28 → 2018-09-28,5091.516474246202,24067.330070546515,12821.85285883148,12871.097467159098,40.73783896197447,40.99735146233555,0.2595125003610832
2017-09-29 → 2018-09-29,5091.516474246202,24067.330070546515,12798.10456777343,12854.964858066163,40.612688643978714,40.91233476984401,0.29964612586529427
2017-09-30 → 2018-09-30,5091.516474246202,23715.312913908056,12773.716305108619,12839.427903896918,41.24937606438905,41.60221281816906,0.3528367537800108
2017-10-01 → 2018-10-01,5091.516474246202,23715.312913908056,12752.320716044962,12828.142442582812,41.134492994586516,41.54161582146825,0.4071228268817322
2017-10-02 → 2018-10-02,5091.516474246202,23715.312913908056,12731.948651719264,12814.18198420943,41.02510571476041,41.466655496281,0.44154978152059243
2017-10-03 → 2018-10-03,5091.516474246202,23715.312913908056,12711.932087448431,12799.41879999269,40.9176272834122,41.38738495515062,0.46975767173842087
2017-10-04 → 2018-10-04,5091.516474246202,23715.312913908056,12690.232108311544,12783.02578401114,40.80110979887465,41.29936307392646,0.49825327505180894
2017-10-05 → 2018-10-05,5091.516474246202,23151.2515099685,12666.927111025401,12766.882689698155,41.9464107407721,42.49988275171269,0.5534720109405882
2017-10-06 → 2018-10-06,5091.516474246202,22904.702388485464,12645.382874012994,12754.533511523006,42.40603806716285,43.018789980467474,0.6127519133046277
2017-10-07 → 2018-10-07,5091.516474246202,22528.327458154556,12624.422742516197,12742.22248545918,43.20116949837774,43.876750274310304,0.6755807759325663
2017-10-08 → 2018-10-08,5091.516474246202,21735.634793708636,12604.238150751486,12731.189749340185,45.13739648029568,45.900137985444985,0.7627415051493074
2017-10-09 → 2018-10-09,5091.516474246202,21092.249862508597,12586.308875148741,12722.466712574316,46.84030549749969,47.69125297672871,0.8509474792290206
2017-10-10 → 2018-10-10,5091.516474246202,21092.249862508597,12570.966643576388,12715.078437441842,46.74442094521031,47.64507837364524,0.9006574284349327
2017-10-11 → 2018-10-11,5091.516474246202,20768.573813293024,12557.69748728071,12708.01183095781,47.62488808686374,48.58370542372908,0.9588173368653372
2017-10-12 → 2018-10-12,5091.516474246202,18540.255310375847,12545.080380429661,12704.122833571928,55.422028764211525,56.60461142181362,1.1825826576020972
2017-10-13 → 2018-10-13,5091.516474246202,18123.245981762226,12538.508795065693,12706.511949234777,57.145080524610734,58.43426592453934,1.2891853999286056
2017-10-14 → 2018-10-14,5091.516474246202,18123.245981762226,12534.031551479064,12705.970752284935,57.110724044267535,58.430113007234475,1.31938896296694
2017-10-15 → 2018-10-15,5091.516474246202,18123.245981762226,12529.216051219224,12703.604899383274,57.07377192477286,58.41195844915915,1.3381865243862876
2017-10-16 → 2018-10-16,5091.516474246202,18123.245981762226,12523.478691551049,12700.147231218307,57.029745844697565,58.38542576090029,1.3556799162027247
2017-10-17 → 2018-10-17,5091.516474246202,18123.245981762226,12518.420337012001,12696.690985437232,56.990930163815534,58.35890398741594,1.3679738236004084
2017-10-18 → 2018-10-18,5091.516474246202,18123.245981762226,12512.261439475551,12691.96370817074,56.94366937979682,58.32262885399053,1.3789594741937066
2017-10-19 → 2018-10-19,5091.516474246202,18123.245981762226,12506.134932301624,12688.335258505249,56.89665714576915,58.29478566047275,1.3981285147036004
2017-10-20 → 2018-10-20,5091.516474246202,18123.245981762226,12500.906973386669,12685.816131395648,56.8565399923864,58.27545494072333,1.4189149483369263
2017-10-21 → 2018-10-21,5091.516474246202,18123.245981762226,12497.965506909659,12684.471888981025,56.833968418327,58.26513979096636,1.431171372639362
2017-10-22 → 2018-10-22,5091.516474246202,18123.245981762226,12495.294017899081,12682.219533064574,56.813468537562606,58.247856160922076,1.43438762335947
2017-10-23 → 2018-10-23,5091.516474246202,18123.245981762226,12492.448881938491,12679.366944636873,56.791636163287585,58.22596659955529,1.4343304362677074
2017-10-24 → 2018-10-24,5091.516474246202,18123.245981762226,12488.646689898285,12675.122576217746,56.76245974401021,58.19339710510193,1.430937361091722
2017-10-25 → 2018-10-25,5091.516474246202,17433.69763819235,12481.80537884274,12668.636584407219,59.878305191184324,61.3920668438673,1.5137616526829731
2017-10-26 → 2018-10-26,5091.516474246202,17353.914729326872,12476.836193464811,12664.339462929473,60.227367971503085,61.756459308811216,1.529091337308131
2017-10-27 → 2018-10-27,5091.516474246202,17353.914729326872,12473.15813781092,12660.81697515794,60.19737338498437,61.72773338017754,1.530359995193173
2017-10-28 → 2018-10-28,5091.516474246202,17353.914729326872,12468.468629690386,12656.237049462528,60.159130391868466,61.690384033009536,1.5312536411410704
2017-10-29 → 2018-10-29,5091.516474246202,17155.313387733848,12464.678378194341,12652.237805857854,61.118087090016814,62.67281674112538,1.5547296511085662
2017-10-30 → 2018-10-30,5091.516474246202,17155.313387733848,12463.99096849035,12650.862565587755,61.11238896935944,62.66141701117335,1.549028041813905
2017-10-31 → 2018-10-31,5091.516474246202,17155.313387733848,12462.666545616303,12649.658662402402,61.10141047822978,62.651437539585864,1.550027061356083
2017-11-01 → 2018-11-01,5091.516474246202,17155.313387733848,12463.239697618526,12649.49602642395,61.10616148660909,62.65008940699032,1.543927920381229
2017-11-02 → 2018-11-02,5091.516474246202,17155.313387733848,12465.659936299875,12650.971014090717,61.126223484491724,62.662315969467656,1.5360924849759314
2017-11-03 → 2018-11-03,5091.516474246202,17155.313387733848,12470.017283149939,12653.526431119531,61.16234268378952,62.68349849638799,1.5211558125984723
2017-11-04 → 2018-11-04,5091.516474246202,17155.313387733848,12474.61775343492,12656.161194735047,61.20047719747516,62.70533874812971,1.504861550654553
2017-11-05 → 2018-11-05,5091.516474246202,17155.313387733848,12480.469186605023,12659.34296338369,61.24898127303333,62.731713269115595,1.482731996082265
2017-11-06 → 2018-11-06,5091.516474246202,17155.313387733848,12485.821003911668,12662.20598127081,61.293343900695454,62.75544558082188,1.4621016801264233
2017-11-07 → 2018-11-07,5091.516474246202,17155.313387733848,12488.735499628576,12663.546032091901,61.31750292573383,62.76655361613365,1.4490506903998224
2017-11-08 → 2018-11-08,5091.516474246202,17155.313387733848,12492.99790489675,12665.47188033248,61.35283512917476,62.78251748102949,1.42968235185473
2017-11-09 → 2018-11-09,5091.516474246202,17155.313387733848,12499.483462338081,12668.614315147475,61.406595628359554,62.808565953475856,1.4019703251163023
2017-11-10 → 2018-11-10,5091.516474246202,17155.313387733848,12504.103430947016,12670.42391965483,61.4448917688041,62.82356624335418,1.3786744745500812
2017-11-11 → 2018-11-11,5091.516474246202,17155.313387733848,12505.96092246913,12669.740633267178,61.460289006800025,62.817902301955364,1.357613295155339
2017-11-12 → 2018-11-12,5091.516474246202,17155.313387733848,12506.138452421013,12665.393971318084,61.4617605994765,62.78187167262478,1.3201110731482828
2017-11-13 → 2018-11-13,5091.516474246202,17068.82007789293,12502.85674962085,12655.900886978436,61.878203313791914,63.15598788385982,1.277784570067908
2017-11-14 → 2018-11-14,5091.516474246202,17939.60626518091,12509.96297279911,12645.454044404662,57.7396844143102,58.79424640609477,1.054561991784574
2017-11-15 → 2018-11-15,5091.516474246202,18055.232592128214,12517.848741147629,12645.214928376736,57.28552059742826,58.26800267333101,0.9824820759027517
2017-11-16 → 2018-11-16,5091.516474246202,18194.997211471265,12529.914060890771,12647.20623440859,56.76657779572396,57.66170006033422,0.8951222646102579
2017-11-17 → 2018-11-17,5091.516474246202,18194.997211471265,12544.703282642447,12657.58470488416,56.87944262949032,57.740903980908456,0.8614613514181357
2017-11-18 → 2018-11-18,5091.516474246202,18194.997211471265,12558.534845463037,12667.560577787512,56.984999031624724,57.817035453937685,0.8320364223129602
2017-11-19 → 2018-11-19,5091.516474246202,20867.24249949181,12580.5031663868,12683.502693326296,47.471581847682366,48.12448065420746,0.6528988065250942
2017-11-20 → 2018-11-20,5091.516474246202,23161.38729322337,12609.710674481312,12710.083434516926,41.606242100742755,42.16171236968459,0.555470268941832
2017-11-21 → 2018-11-21,5091.516474246202,23161.38729322337,12636.730387871525,12737.600826214755,41.75577119068974,42.313995648151256,0.5582244574615132
2017-11-22 → 2018-11-22,5091.516474246202,23236.276306007498,12666.452762322602,12766.20875423648,41.747239193637256,42.29701771282857,0.5497785191913138
2017-11-23 → 2018-11-23,5091.516474246202,23310.605513847426,12697.023258896583,12797.37730815229,41.74471494221781,42.295533092552205,0.5508181503343934
2017-11-24 → 2018-11-24,5091.516474246202,26272.11605683284,12734.955242027,12836.717583035726,36.086980153596556,36.5674308632752,0.48045070967864234
2017-11-25 → 2018-11-25,5091.516474246202,26272.11605683284,12770.992297304914,12879.039208854765,36.257121962554336,36.76724402557034,0.5101220630160057
2017-11-26 → 2018-11-26,5091.516474246202,27024.938125711167,12813.641555780614,12925.95472347943,35.20711544347044,35.719179495689644,0.5120640522192019
2017-11-27 → 2018-11-27,5091.516474246202,27024.938125711167,12856.672778525945,12975.22430120931,35.403305638639814,35.94381192428561,0.5405062856457974
2017-11-28 → 2018-11-28,5091.516474246202,27024.938125711167,12893.516636584452,13014.9729906649,35.571286078007546,36.125036222469554,0.5537501444620077
2017-11-29 → 2018-11-29,5091.516474246202,27024.938125711167,12930.461939792756,13050.145240870428,35.739729031393416,36.285395380126005,0.5456663487325883
2017-11-30 → 2018-11-30,5091.516474246202,27024.938125711167,12971.346441803169,13089.211148867777,35.92613178541917,36.4635067054729,0.537374920053729
2017-12-01 → 2018-12-01,5091.516474246202,27024.938125711167,13009.88275127646,13128.087303419727,36.101828537552315,36.64075289701436,0.5389243594620439
2017-12-02 → 2018-12-02,5091.516474246202,27024.938125711167,13051.265582382328,13167.213312151263,36.29050329958199,36.819138236763315,0.528634937181323
2017-12-03 → 2018-12-03,5091.516474246202,27024.938125711167,13097.357553862572,13211.643451120759,36.50064822002657,37.02170644374678,0.5210582237202104
2017-12-04 → 2018-12-04,5091.516474246202,27024.938125711167,13143.177170119005,13258.324056470265,36.7095514043292,37.23453509443014,0.5249836901009459
2017-12-05 → 2018-12-05,5091.516474246202,27024.938125711167,13193.201030660995,13308.665939652095,36.93762279846414,37.46405643397212,0.5264336355079777
2017-12-06 → 2018-12-06,5091.516474246202,28474.05558654294,13247.719643513461,13366.399091053252,34.88159746080766,35.38915332105801,0.5075558602503492
2017-12-07 → 2018-12-07,5091.516474246202,29647.23620017019,13309.196044296388,13433.254934584344,33.46543966852093,33.97065349109516,0.505213822574234
2017-12-08 → 2018-12-08,5091.516474246202,29647.23620017019,13373.327036848095,13503.345391838362,33.726604860449726,34.25608783403573,0.5294829735860063
2017-12-09 → 2018-12-09,5091.516474246202,29647.23620017019,13433.7356203309,13568.40141445967,33.97261102177201,34.521020091560345,0.5484090697883346
2017-12-10 → 2018-12-10,5091.516474246202,29647.23620017019,13495.62125263011,13633.934153510269,34.224632273805916,34.78789371522944,0.5632614414235206
2017-12-11 → 2018-12-11,5091.516474246202,29827.91500152927,13559.462452820286,13703.581942839199,34.232735898212276,34.81535705003418,0.582621151821904
2017-12-12 → 2018-12-12,5091.516474246202,29827.91500152927,13623.089709362737,13772.953478478576,34.48995707967195,35.09580020170342,0.605843122031466
2017-12-13 → 2018-12-13,5091.516474246202,30671.632855764834,13691.220014683724,13846.337650481015,33.61870373135096,34.225102988820176,0.6063992574692136
2017-12-14 → 2018-12-14,5091.516474246202,31260.28195903754,13760.086781008922,13924.158200342366,33.12563717153829,33.752611414663356,0.6269742431250691
2017-12-15 → 2018-12-15,5091.516474246202,31396.444360089477,13829.413003911559,14003.624345909451,33.21771710451218,33.87999355230906,0.6622764477968772
2017-12-16 → 2018-12-16,5091.516474246202,31396.444360089477,13899.483401415442,14083.54175676742,33.48409455974784,34.18380510885387,0.6997105491060296
2017-12-17 → 2018-12-17,5194.67899762432,31396.444360089477,13963.654985074727,14154.513660866447,33.46711897516737,34.19553812231816,0.7284191471507953
2017-12-18 → 2018-12-18,5268.14182745109,31396.444360089477,14024.122892200945,14216.644417033851,33.511480716408,34.248312068511396,0.736831352103394
2017-12-19 → 2018-12-19,5664.65489242416,31396.444360089477,14083.618824371837,14275.854141832167,32.718144000544484,33.46521725676669,0.7470732562222082
2017-12-20 → 2018-12-20,5846.725992123569,31396.444360089477,14135.310175237872,14326.767896806505,32.441000185373795,33.19035373523007,0.7493535498562736
2017-12-21 → 2018-12-21,5846.725992123569,31396.444360089477,14189.873523430166,14377.665433852537,32.65455771820635,33.38956351246913,0.7350057942627828
2017-12-22 → 2018-12-22,5846.725992123569,31396.444360089477,14241.30696585291,14428.311395194618,32.855864995578266,33.58778863813463,0.7319236425563673
2017-12-23 → 2018-12-23,5846.725992123569,31396.444360089477,14291.507321854382,14477.388710679403,33.052346049805514,33.77987418200629,0.7275281322007743
2017-12-24 → 2018-12-24,5846.725992123569,31396.444360089477,14340.812438152654,14525.845219771734,33.24532319181617,33.96952992847857,0.7242067366624028
2017-12-25 → 2018-12-25,5846.725992123569,31396.444360089477,14393.968462862364,14577.867166369131,33.45337254854159,34.173140574389336,0.719768025847749
2017-12-26 → 2018-12-26,5846.725992123569,31396.444360089477,14446.321110953113,14632.386421260057,33.65827753941769,34.386525528797605,0.7282479893799163
2017-12-27 → 2018-12-27,5846.725992123569,31396.444360089477,14505.15167648422,14692.71813730334,33.88853669407384,34.62266009268746,0.7341233986136189
2017-12-28 → 2018-12-28,5846.725992123569,31396.444360089477,14557.796602282724,14749.638414515008,34.09458564162119,34.84544249831678,0.7508568566955915
2017-12-29 → 2018-12-29,5846.725992123569,31396.444360089477,14610.14182810072,14804.128871050629,34.29946158218586,35.05871473776322,0.7592531555773547
2017-12-30 → 2018-12-30,5846.725992123569,31396.444360089477,14662.815081062512,14859.974422726242,34.505621400478944,35.27729073484987,0.7716693343709267
2017-12-31 → 2018-12-31,5846.725992123569,31396.444360089477,14715.815292650363,14917.55189506436,34.71306091438882,35.50264536110794,0.7895844467191182
2018-01-01 → 2019-01-01,5846.725992123569,31396.444360089477,14767.937007549512,14975.825220766019,34.917062047193866,35.73072351391733,0.8136614667234667
2018-01-02 → 2019-01-02,5846.725992123569,31396.444360089477,14817.734901493854,15031.351540228548,35.11196789009653,35.94805005608442,0.8360821659878894
2018-01-03 → 2019-01-03,5846.725992123569,31396.444360089477,14871.414334433759,15090.047634049064,35.32206583390482,36.1777828968742,0.8557170629693758
2018-01-04 → 2019-01-04,5846.725992123569,31396.444360089477,14924.595887742842,15150.146977375241,35.53021510797182,36.41300796848019,0.882792860508367
2018-01-05 → 2019-01-05,5846.725992123569,31396.444360089477,14978.393221092227,15211.309800327537,35.74077450661018,36.652395432840585,0.9116209262304054
2018-01-06 → 2019-01-06,5846.725992123569,31396.444360089477,15029.848123319223,15270.704217161423,35.942165776314,36.88486146623669,0.9426956899226937
2018-01-07 → 2019-01-07,6160.786042591422,31396.444360089477,15082.162088862544,15329.906729025237,35.35226200176107,36.3339865006655,0.981724498904434
2018-01-08 → 2019-01-08,6694.598724167442,31396.444360089477,15133.761560768795,15390.298252328512,34.16409834708429,35.20263083304013,1.038532485955841
2018-01-09 → 2019-01-09,6817.056260699874,31396.444360089477,15183.703666276037,15450.998296529908,34.039282718286785,35.1267574315426,1.0874747132558156
2018-01-10 → 2019-01-10,6817.056260699874,31396.444360089477,15240.013345709338,15519.544032734413,34.2683758072018,35.405632299897064,1.1372564926952649
2018-01-11 → 2019-01-11,7026.801947562095,31396.444360089477,15296.777098955032,15594.82867770413,33.935562169519976,35.15860670051351,1.2230445309935334
2018-01-12 → 2019-01-12,7026.801947562095,31396.444360089477,15351.595912800987,15671.934541368051,34.16050931038477,35.475007993395366,1.3144986830105978
2018-01-13 → 2019-01-13,7026.801947562095,31396.444360089477,15409.65302451156,15745.97700353935,34.39874469655821,35.77883872229123,1.3800940257330225
2018-01-14 → 2019-01-14,7309.372233038978,31396.444360089477,15464.964100450088,15827.322292212042,33.858792900994125,35.363160845137145,1.50436794414302
2018-01-15 → 2019-01-15,7357.43343237105,31396.444360089477,15521.285148390121,15912.656415217052,33.9608469773008,35.588914238486055,1.628067261185258
2018-01-16 → 2019-01-16,7831.832029555435,31396.444360089477,15576.93143254672,15999.110134264327,32.86750188949855,34.65908112617696,1.791579236678409
2018-01-17 → 2019-01-17,7831.832029555435,31396.444360089477,15628.088379484641,16086.328314154893,33.08459413875926,35.029204676979234,1.944610538219976
2018-01-18 → 2019-01-18,7831.832029555435,31396.444360089477,15679.302430922477,16150.932075609278,33.3019287196107,35.30336051942726,2.001431799816558
2018-01-19 → 2019-01-19,7831.832029555435,31396.444360089477,15729.105932213028,16210.026430258322,33.51327741736126,35.55413635999762,2.040858942636362
2018-01-20 → 2019-01-20,7831.832029555435,31396.444360089477,15782.441961476794,16272.093024982867,33.73961693237486,35.81752535131203,2.07790841893717
2018-01-21 → 2019-01-21,8608.846026879573,31396.444360089477,15838.320986993534,16338.508266203386,31.725480036998714,33.92047782437368,2.1949977873749624
2018-01-22 → 2019-01-22,8608.846026879573,31396.444360089477,15890.777944238658,16422.605359553796,31.955679623976142,34.28952546213132,2.333845838155181
2018-01-23 → 2019-01-23,8608.846026879573,31396.444360089477,15942.255294832687,16493.176034812845,32.18158035226398,34.59921441761989,2.4176340653559123
2018-01-24 → 2019-01-24,8608.846026879573,31396.444360089477,15993.657012582125,16554.628449593092,32.407149177016024,34.868889237588476,2.4617400605724526
2018-01-25 → 2019-01-25,8608.846026879573,31396.444360089477,16046.0375068684,16617.391234942563,32.637013217624194,35.144314424708796,2.507301207084602
2018-01-26 → 2019-01-26,8608.846026879573,31396.444360089477,16098.302295751626,16686.01988040799,32.86636950220929,35.44548107010033,2.57911156789104
2018-01-27 → 2019-01-27,8608.846026879573,31396.444360089477,16150.777758729811,16754.61827392749,33.096650298855195,35.746514959308065,2.64986466045287
2018-01-28 → 2019-01-28,8608.846026879573,31396.444360089477,16206.183417871507,16825.319251178036,33.33978982734578,36.05677572578608,2.7169858984402993
2018-01-29 → 2019-01-29,8665.013949999768,31396.444360089477,16263.120821486695,16903.393695765655,33.42555542881448,36.242240796730286,2.8166853679158095
2018-01-30 → 2019-01-30,8665.013949999768,31396.444360089477,16318.052228249458,16986.471574002935,33.667209410863855,36.60771660154548,2.940507190681622
2018-01-31 → 2019-01-31,8665.013949999768,31396.444360089477,16370.740107389045,17066.333621496487,33.89899367691779,36.95904533912507,3.060051662207279
2018-02-01 → 2019-02-01,8665.013949999768,31396.444360089477,16422.86306342347,17134.672124030996,34.128292735947916,37.259679752805326,3.13138701685741
2018-02-02 → 2019-02-02,8665.013949999768,31396.444360089477,16471.561060409345,17203.367544488836,34.34252473150355,37.56188431810777,3.21935958660422
2018-02-03 → 2019-02-03,8665.013949999768,31396.444360089477,16520.517091256683,17261.76845980448,34.557891868389085,37.81880134559814,3.2609094772090543
2018-02-04 → 2019-02-04,8665.013949999768,31396.444360089477,16570.689764359973,17318.71207624734,34.77861125207125,38.06930743085349,3.290696178782241
2018-02-05 → 2019-02-05,8665.013949999768,31396.444360089477,16617.313149117315,17378.49978986162,34.983716623428116,38.33232525479009,3.3486086313619765
2018-02-06 → 2019-02-06,8665.013949999768,31396.444360089477,16658.559183737878,17424.57952634588,35.1651659817679,38.53503901126274,3.3698730294948405
2018-02-07 → 2019-02-07,8665.013949999768,31396.444360089477,16704.596683327505,17447.984186317295,35.36769392989559,38.638000679530776,3.270306749635189
2018-02-08 → 2019-02-08,8665.013949999768,31396.444360089477,16744.395500324565,17477.962796939417,35.542776695384,38.769882440076806,3.227105744692807
2018-02-09 → 2019-02-09,8665.013949999768,31396.444360089477,16786.600650381373,17500.790612712888,35.728445389766186,38.870306458106654,3.141861068340468
2018-02-10 → 2019-02-10,8665.013949999768,31396.444360089477,16830.07205179181,17532.27004583765,35.919684571050354,39.00879062983211,3.089106058781759
2018-02-11 → 2019-02-11,8665.013949999768,31396.444360089477,16874.13606309631,17570.682837314045,36.11353075894772,39.177775998475454,3.064245239527736
2018-02-12 → 2019-02-12,8665.013949999768,31396.444360089477,16916.542539457067,17604.894916891273,36.30008512704386,39.328281615412095,3.0281964883682377
2018-02-13 → 2019-02-13,8665.013949999768,31396.444360089477,16962.272753047957,17628.62090955247,36.50126126407478,39.43265688891298,2.9313956248382027
2018-02-14 → 2019-02-14,8665.013949999768,31396.444360089477,17006.926162285872,17664.62346600229,36.69770032854339,39.59103916314875,2.893338834605359
2018-02-15 → 2019-02-15,8665.013949999768,31396.444360089477,17054.70693806179,17688.78940310733,36.90789728893666,39.697349838144,2.78945254920734
2018-02-16 → 2019-02-16,8665.013949999768,31396.444360089477,17103.89180953251,17727.865782584173,37.124271140398676,39.869254459946845,2.7449833195481688
2018-02-17 → 2019-02-17,8665.013949999768,31396.444360089477,17152.495859809755,17775.73301665709,37.338089846042784,40.07983176726698,2.7417419212241967
2018-02-18 → 2019-02-18,8665.013949999768,31396.444360089477,17198.520317007256,17818.823407449476,37.540560418141375,40.26939480846152,2.728834390320145
2018-02-19 → 2019-02-19,8665.013949999768,31396.444360089477,17242.519251116897,17874.700737046445,37.73412031875419,40.51521008972146,2.78108977096727
2018-02-20 → 2019-02-20,8665.013949999768,31396.444360089477,17287.485557395314,17919.592355871468,37.93193587838768,40.71269708466699,2.7807612062793154
2018-02-21 → 2019-02-21,8665.013949999768,31396.444360089477,17333.3869195321,17977.134233552908,38.133864931283576,40.96583503790332,2.8319701066197425
2018-02-22 → 2019-02-22,8665.013949999768,31396.444360089477,17376.463657123404,18037.617097704697,38.32336790938119,41.23191096476159,2.908543055380399
2018-02-23 → 2019-02-23,8665.013949999768,31396.444360089477,17415.279672852856,18085.15028744241,38.4941271402311,41.44101874583909,2.9468916056079877
2018-02-24 → 2019-02-24,8665.013949999768,31396.444360089477,17461.163616759623,18127.78082128431,38.69597956693276,41.62855878653523,2.9325792196024665
2018-02-25 → 2019-02-25,8665.013949999768,31396.444360089477,17504.444070445148,18176.477617466055,38.88637873189827,41.842785499519074,2.9564067676208055
2018-02-26 → 2019-02-26,8665.013949999768,31396.444360089477,17547.966307610375,18215.944857691567,39.077841549591916,42.0164095940591,2.938568044467182
2018-02-27 → 2019-02-27,8665.013949999768,31396.444360089477,17593.384269442515,18251.678270534456,39.27764403017835,42.1736078530258,2.895963822847449
2018-02-28 → 2019-02-28,8665.013949999768,31396.444360089477,17639.774070645817,18299.122769913403,39.48172182188085,42.38232546790097,2.900603646020116
2018-03-01 → 2019-03-01,8665.013949999768,31396.444360089477,17684.965984999737,18351.781111640168,39.68052987548166,42.6139797931096,2.9334499176279394
2018-03-02 → 2019-03-02,8665.013949999768,31396.444360089477,17731.67284484927,18397.372747957525,39.88600247006506,42.81454630166122,2.9285438315961585
2018-03-03 → 2019-03-03,8665.013949999768,31396.444360089477,17779.10197501802,18453.51814294749,40.0946524727842,43.06154085491663,2.9668883821324314
2018-03-04 → 2019-03-04,8665.013949999768,31396.444360089477,17829.06986228786,18513.149900650573,40.31447096360675,43.32387259835418,3.0094016347474266
2018-03-05 → 2019-03-05,8665.013949999768,31396.444360089477,17876.383417755358,18578.85883950205,40.52261253065261,43.612939048049796,3.0903265173971874
2018-03-06 → 2019-03-06,9365.89585383936,31396.444360089477,17923.63898234742,18646.65693008163,38.844893607983515,42.12678169864584,3.281888090662328
2018-03-07 → 2019-03-07,10097.863393503589,31396.444360089477,17968.907372642614,18718.56976004563,36.95572015566413,40.475496372582604,3.5197762169184728
2018-03-08 → 2019-03-08,10208.325616879292,31396.444360089477,18012.483881147895,18782.470613434605,36.83270968438137,40.46675922704525,3.634049542663881
2018-03-09 → 2019-03-09,10208.325616879292,31396.444360089477,18053.072727967847,18836.664445088234,37.02427386859172,40.72253385390303,3.69825998531131
2018-03-10 → 2019-03-10,10208.325616879292,31396.444360089477,18093.61182236313,18883.5785940973,37.215603239955925,40.94395109994381,3.7283478599878848
2018-03-11 → 2019-03-11,10208.325616879292,31396.444360089477,18133.454521326967,18930.746502089107,37.40364588520777,41.16656599352383,3.7629201083160595
2018-03-12 → 2019-03-12,10208.325616879292,31396.444360089477,18175.538350841245,18971.600559645205,37.60226582888618,41.35938187326866,3.757116044382478
2018-03-13 → 2019-03-13,10208.325616879292,31396.444360089477,18216.60213306209,19024.082566402296,37.796071530650075,41.60707732652313,3.811005795873058
2018-03-14 → 2019-03-14,10208.325616879292,31396.444360089477,18257.673563941524,19073.261683278262,37.989913331223306,41.83918437421337,3.849271042990061
2018-03-15 → 2019-03-15,10208.325616879292,31396.444360089477,18294.466307021317,19121.7724039384,38.16356132482625,42.06813684162242,3.9045755167961715
2018-03-16 → 2019-03-16,10208.325616879292,31396.444360089477,18329.903399760755,19155.857311350253,38.33081115558715,42.229004863106276,3.898193707519127
2018-03-17 → 2019-03-17,10208.325616879292,31396.444360089477,18366.15878243581,19190.827913794317,38.5019230089539,42.39405303405477,3.892130025100869
2018-03-18 → 2019-03-18,10208.325616879292,31396.444360089477,18400.324875595677,19226.547652882567,38.663174196819824,42.5626368499242,3.8994626531043792
2018-03-19 → 2019-03-19,10208.325616879292,31396.444360089477,18435.33169326136,19253.67652447693,38.828393290076505,42.69067498263032,3.8622816925538146
2018-03-20 → 2019-03-20,10208.325616879292,31396.444360089477,18471.113568632547,19284.645002254478,38.99727036597384,42.836834621213015,3.839564255239175
2018-03-21 → 2019-03-21,10208.325616879292,31396.444360089477,18509.11245894632,19321.84626604993,39.17661092364346,43.0124106798821,3.835799756238643
2018-03-22 → 2019-03-22,10208.325616879292,31396.444360089477,18546.924845993388,19365.232132479952,39.35507125561221,43.21717575107996,3.8621044954677473
2018-03-23 → 2019-03-23,10208.325616879292,31396.444360089477,18584.176871274878,19409.101284938588,39.530886889519905,43.42422175167259,3.8933348621526847
2018-03-24 → 2019-03-24,10208.325616879292,31396.444360089477,18621.839295287617,19451.81479097953,39.70863945202529,43.62581353317339,3.9171740811481044
2018-03-25 → 2019-03-25,10208.325616879292,31396.444360089477,18660.01936091801,19497.239668270813,39.88883508946303,43.84020197342055,3.951366883957519
2018-03-26 → 2019-03-26,10208.325616879292,31396.444360089477,18697.388988920233,19541.754213326163,40.06520576425074,44.05029398581129,3.985088221560545
2018-03-27 → 2019-03-27,10208.325616879292,31396.444360089477,18731.799384016296,19583.238234257813,40.227609965931414,44.24608305719802,4.018473091266607
2018-03-28 → 2019-03-28,10208.325616879292,31396.444360089477,18765.05696476656,19621.235943212734,40.38457331484092,44.425418039295465,4.040844724454544
2018-03-29 → 2019-03-29,10208.325616879292,31396.444360089477,18797.430051143692,19655.259050736477,40.5373621809478,44.58599438840926,4.048632207461459
2018-03-30 → 2019-03-30,10208.325616879292,31396.444360089477,18825.766261745037,19688.493680582662,40.67109850244367,44.74284941763093,4.071750915187259
2018-03-31 → 2019-03-31,10208.325616879292,31396.444360089477,18852.50781977411,19709.863813466098,40.797308659905816,44.84370845633291,4.046399796427096
2018-04-01 → 2019-04-01,10208.325616879292,31396.444360089477,18879.058965852688,19726.583105860827,40.92262014414076,44.92261726648902,3.9999971223482618
2018-04-02 → 2019-04-02,10208.325616879292,31396.444360089477,18894.623393420894,19736.063988436603,40.996078424023175,44.96736348813653,3.971285064113353
2018-04-03 → 2019-04-03,10208.325616879292,31396.444360089477,18910.85893084349,19743.157213733783,41.072704091546385,45.00084085997471,3.928136768428324
2018-04-04 → 2019-04-04,10208.325616879292,31396.444360089477,18929.67231423389,19755.13574940922,41.161496228396324,45.05737507058874,3.895878842192417
2018-04-05 → 2019-04-05,10208.325616879292,31396.444360089477,18943.661099218723,19769.80162300405,41.22751806428639,45.1265925116111,3.8990744473247076
2018-04-06 → 2019-04-06,10208.325616879292,31396.444360089477,18957.63606741106,19774.4244776556,41.29347469008081,45.148410657467174,3.8549359673863677
2018-04-07 → 2019-04-07,10208.325616879292,31396.444360089477,18968.95752613704,19776.777765904793,41.3469077431196,45.15951729830544,3.812609555185837
2018-04-08 → 2019-04-08,10208.325616879292,31396.444360089477,18980.995489284043,19775.287857676973,41.403722429184455,45.15248548842237,3.748763059237916
2018-04-09 → 2019-04-09,10208.325616879292,31396.444360089477,18994.606947957254,19778.18339634171,41.46796342593445,45.166151348519854,3.6981879225854044
2018-04-10 → 2019-04-10,10208.325616879292,31396.444360089477,19005.488310627738,19780.289215592515,41.519319390106446,45.17609002819372,3.6567706380872735
2018-04-11 → 2019-04-11,10208.325616879292,31396.444360089477,19019.503485890174,19776.82327555486,41.58546577824168,45.159732086841494,3.5742663085998174
2018-04-12 → 2019-04-12,10208.325616879292,31396.444360089477,19033.91514015078,19771.994285734298,41.653483399037874,45.136941060044414,3.4834576610065398
2018-04-13 → 2019-04-13,10208.325616879292,31396.444360089477,19053.18823572579,19768.957443252326,41.74444520555119,45.122608298751274,3.3781630932000866
2018-04-14 → 2019-04-14,10208.325616879292,31396.444360089477,19071.669388303722,19782.27705297473,41.83166933715964,45.1854718775514,3.3538025403917615
2018-04-15 → 2019-04-15,10208.325616879292,31396.444360089477,19091.72372899705,19795.600959909836,41.92631832858912,45.24835573758912,3.3220374090000035
2018-04-16 → 2019-04-16,10208.325616879292,31396.444360089477,19111.45487306592,19809.570570550866,42.019441952767366,45.31428707774412,3.294845124976753
2018-04-17 → 2019-04-17,10208.325616879292,31396.444360089477,19129.779422765165,19828.61349634706,42.10592697732915,45.40416256894269,3.2982355916135404
2018-04-18 → 2019-04-18,10208.325616879292,31396.444360089477,19146.901995524146,19840.939898116874,42.186739120051676,45.46233857748409,3.2755994574324134
2018-04-19 → 2019-04-19,10208.325616879292,31396.444360089477,19165.079919105745,19848.868741545855,42.27253212414943,45.49975975453655,3.2272276303871195
2018-04-20 → 2019-04-20,10208.325616879292,31396.444360089477,19183.469944697084,19860.173874106287,42.35932617044593,45.55311575417693,3.1937895837309966
2018-04-21 → 2019-04-21,10208.325616879292,31396.444360089477,19204.1537388526,19872.58537159089,42.45694594691686,45.611693382681956,3.1547474357650955
2018-04-22 → 2019-04-22,10208.325616879292,31396.444360089477,19224.077423123308,19894.663987283428,42.55097828887309,45.715896195400354,3.164917906527265
2018-04-23 → 2019-04-23,10208.325616879292,31396.444360089477,19242.307788192662,19916.085692715176,42.637018797189555,45.81699863725171,3.1799798400621526
2018-04-24 → 2019-04-24,10208.325616879292,31396.444360089477,19262.013738159603,19936.023426017717,42.730023514624676,45.911097285386425,3.181073770761749
2018-04-25 → 2019-04-25,10208.325616879292,31396.444360089477,19286.991075404694,19959.624926968034,42.847907209481235,46.02248754724193,3.1745803377606947
2018-04-26 → 2019-04-26,10208.325616879292,31396.444360089477,19309.18902395125,19995.78307646415,42.952673228662,46.19314049635146,3.2404672676894606
2018-04-27 → 2019-04-27,10208.325616879292,31396.444360089477,19332.425796410454,20018.04030110276,43.062342108380975,46.298186276528334,3.2358441681473593
2018-04-28 → 2019-04-28,10208.325616879292,31396.444360089477,19355.071385635027,20047.542763818143,43.169220824226514,46.4374268720382,3.268206047811688
2018-04-29 → 2019-04-29,10208.325616879292,31396.444360089477,19378.889561953267,20071.751033753688,43.2816337128218,46.55168085668374,3.2700471438619374
2018-04-30 → 2019-04-30,10208.325616879292,31396.444360089477,19401.69234789424,20102.213310476287,43.38925433840603,46.69545141551337,3.306197077107335
2018-05-01 → 2019-05-01,10208.325616879292,31396.444360089477,19423.491046150466,20133.93017207204,43.49213604546278,46.84514314595978,3.3530071004970026
2018-05-02 → 2019-05-02,10208.325616879292,31396.444360089477,19444.03582128675,20162.35911277903,43.58909970413053,46.979317118890265,3.390217414759732
2018-05-03 → 2019-05-03,10208.325616879292,31396.444360089477,19462.637063814753,20186.406978609863,43.676890615411715,47.092814056123245,3.4159234407115306
2018-05-04 → 2019-05-04,10208.325616879292,31396.444360089477,19481.929975912954,20212.525906397575,43.76794594850674,47.21608563159562,3.4481396830888755
2018-05-05 → 2019-05-05,10208.325616879292,31396.444360089477,19501.449596530136,20247.91357456373,43.860071261063986,47.38310219684634,3.5230309357823515
2018-05-06 → 2019-05-06,10422.000538627015,31396.444360089477,19521.56203777369,20271.606548097465,43.38404191597868,46.96003428415905,3.5759923681803727
2018-05-07 → 2019-05-07,10707.198871164717,31396.444360089477,19539.986044262652,20291.99442078732,42.692650042874924,46.32742916967889,3.634779126803963
2018-05-08 → 2019-05-08,10760.738739443661,31396.444360089477,19556.79229742855,20308.14377416812,42.62540724163329,46.266433579922634,3.6410263382893433
2018-05-09 → 2019-05-09,10760.738739443661,31396.444360089477,19571.559567514396,20313.107141823904,42.696968982032764,46.29048590818816,3.593516926155395
2018-05-10 → 2019-05-10,11064.96956217875,31396.444360089477,19585.135537419337,20313.772355148583,41.90628599218058,45.490073321785026,3.583787329604448
2018-05-11 → 2019-05-11,11499.760738421191,31396.444360089477,19592.203168957036,20260.078344517347,40.67231798229354,44.02903404744205,3.356716065148511
2018-05-12 → 2019-05-12,11499.760738421191,31396.444360089477,19599.107410735884,20286.27928864828,40.7070184475074,44.16071902886477,3.453700581357367
2018-05-13 → 2019-05-13,11499.760738421191,31396.444360089477,19601.94316092194,20226.617779307515,40.72127082363187,43.86086247751573,3.139591653883862
2018-05-14 → 2019-05-14,11532.59653702185,31396.444360089477,19604.866844811186,20213.369081448815,40.63799914141063,43.701364517835756,3.063365376425125
2018-05-15 → 2019-05-15,11748.881065347285,31396.444360089477,19606.615346219056,20189.599819580624,39.993429022185914,42.96063907574803,2.9672100535621126
2018-05-16 → 2019-05-16,11748.881065347285,31396.444360089477,19609.179823850696,20211.078943222576,40.006481417504205,43.06996114953261,3.063479732028405
2018-05-17 → 2019-05-17,11748.881065347285,31396.444360089477,19613.66141394943,20259.69511189502,40.02929132034815,43.317402361163445,3.288111040815295
2018-05-18 → 2019-05-18,11748.881065347285,31396.444360089477,19617.26386828382,20265.088554480608,40.047626694971186,43.34485331019299,3.2972266152218026
2018-05-19 → 2019-05-19,11748.881065347285,31396.444360089477,19617.317741542916,20167.25494015351,40.047900893141666,42.8469105736844,2.7990096805427314
2018-05-20 → 2019-05-20,11748.881065347285,31396.444360089477,19618.350822525957,20186.5429453108,40.05315895475238,42.94508053434538,2.891921579593003
2018-05-21 → 2019-05-21,11906.71357595092,31396.444360089477,19620.472323883245,20183.643092209662,39.57858029629665,42.46815724614732,2.889576949850671
2018-05-22 → 2019-05-22,11908.140809060415,31396.444360089477,19623.572496361012,20216.87577582994,39.590063173524356,42.63447018368507,3.044407010160711
2018-05-23 → 2019-05-23,11908.140809060415,31396.444360089477,19624.047988335777,20182.750563932183,39.59250305739378,42.459364065246376,2.8668610078525987
2018-05-24 → 2019-05-24,11908.140809060415,31396.444360089477,19621.927360077123,20165.894904013156,39.58162151373811,42.37287290466438,2.79125139092627
2018-05-25 → 2019-05-25,11908.140809060415,31396.444360089477,19619.753224121163,20155.16993886182,39.57046540694684,42.31784007369861,2.7473746667517744
2018-05-26 → 2019-05-26,11452.753156563938,31396.444360089477,19614.248910132526,20068.440788932592,40.92269415064872,43.200065346206415,2.2773711955576985
2018-05-27 → 2019-05-27,11342.00058454483,31396.444360089477,19607.944406899845,20054.272304862265,41.217517248894744,43.44309828698214,2.225581038087398
2018-05-28 → 2019-05-28,11342.00058454483,31396.444360089477,19602.047430599792,20063.107825960047,41.188112412909,43.48715595917027,2.2990435462612737
2018-05-29 → 2019-05-29,11342.00058454483,31396.444360089477,19595.19031282396,20067.04971349704,41.15391990249795,43.50681188970174,2.3528919872037903
2018-05-30 → 2019-05-30,11342.00058454483,31396.444360089477,19591.56531918852,20120.14437929504,41.13584413995868,43.77156451207438,2.635720372115699
2018-05-31 → 2019-05-31,11342.00058454483,31396.444360089477,19586.44911836916,20078.12117053061,41.110332583135545,43.56201889099025,2.4516863078547075
2018-06-01 → 2019-06-01,11342.00058454483,31396.444360089477,19581.853765870746,20076.64874398715,41.08741819792573,43.55467674498042,2.4672585470546906
2018-06-02 → 2019-06-02,11342.00058454483,31396.444360089477,19576.765755138797,20047.756251660496,41.062047208887606,43.41060646983329,2.3485592609456845
2018-06-03 → 2019-06-03,11342.00058454483,31396.444360089477,19574.419935956583,20128.839696300227,41.050349955109496,43.814923066928884,2.764573111819388
2018-06-04 → 2019-06-04,11342.00058454483,31396.444360089477,19574.662079970527,20217.401993213436,41.05155738831809,44.256532407504096,3.2049750191860085
2018-06-05 → 2019-06-05,11342.00058454483,31396.444360089477,19573.202523642572,20188.259300740065,41.04427941868557,44.1112145278384,3.06693510915283
2018-06-06 → 2019-06-06,11342.00058454483,31396.444360089477,19572.438270767554,20192.758113996922,41.040468528273585,44.13364752726341,3.0931789989898277
2018-06-07 → 2019-06-07,11342.00058454483,31396.444360089477,19570.777395835135,20145.89565309495,41.03218669831607,43.899971333465814,2.8677846351497465
2018-06-08 → 2019-06-08,11342.00058454483,31396.444360089477,19569.548068713866,20159.020286293562,41.026056749587354,43.965416345780824,2.9393595961934693
2018-06-09 → 2019-06-09,11342.00058454483,31396.444360089477,19569.494244960566,20217.848785435734,41.0257883614241,44.25876030386112,3.2329719424370253
2018-06-10 → 2019-06-10,11342.00058454483,31396.444360089477,19567.516809608333,20142.283801868703,41.01592802635639,43.881961104577535,2.866033078221143
2018-06-11 → 2019-06-11,11342.00058454483,31396.444360089477,19561.494751621703,20148.47594177937,40.98589947979569,43.91283775206759,2.9269382722718973
2018-06-12 → 2019-06-12,11342.00058454483,31396.444360089477,19555.14261401577,20106.198017801667,40.95422501563689,43.70202201241961,2.747796996782725
2018-06-13 → 2019-06-13,11342.00058454483,31396.444360089477,19546.46744965493,20087.74471251976,40.910966950452256,43.61000597104523,2.699039020592977
2018-06-14 → 2019-06-14,11342.00058454483,31396.444360089477,19534.555610177307,20003.16844960655,40.85156944428881,43.18827269407274,2.3367032497839233
2018-06-15 → 2019-06-15,11298.688400687653,31396.444360089477,19524.214651614086,19984.511107530263,40.92758548537601,43.21787330082164,2.2902878154456303
2018-06-16 → 2019-06-16,11087.068179535721,31396.444360089477,19511.813756406445,19956.06317823757,41.48204997521009,43.669460449474165,2.1874104742640768
2018-06-17 → 2019-06-17,10705.982243800578,31396.444360089477,19499.000288746396,19909.96793423757,42.497929700774414,44.48419585172535,1.9862661509509394
2018-06-18 → 2019-06-18,10705.982243800578,31396.444360089477,19486.844599230648,19959.30759132747,42.439179492840786,44.72266156028512,2.283482067444332
2018-06-19 → 2019-06-19,10705.982243800578,31396.444360089477,19475.51429833522,19927.11747664713,42.38441850764989,44.56708207395264,2.1826635663027503
2018-06-20 → 2019-06-20,10474.802060111992,31396.444360089477,19463.551178291174,19887.823233276027,42.963879170178025,44.99178906798423,2.027909897806204
2018-06-21 → 2019-06-21,9917.204911992623,31396.444360089477,19450.18895166779,19810.999185148925,44.382316528064166,46.06212569613554,1.6798091680713725
2018-06-22 → 2019-06-22,9358.655780810835,31396.444360089477,19435.102967663355,19730.943184531203,45.72349512567268,47.0659175552354,1.342422429562724
2018-06-23 → 2019-06-23,9264.03907764088,31396.444360089477,19415.324918147864,19708.607661569164,45.8661664241127,47.19129462269072,1.325128198578021
2018-06-24 → 2019-06-24,9087.433635399864,31396.444360089477,19395.901614743274,19693.474829623872,46.20764276174255,47.54151282237805,1.3338700606355047
2018-06-25 → 2019-06-25,8527.865434626821,31396.444360089477,19374.74972927386,19622.084839674346,47.43138753833867,48.512937516615175,1.081549978276506
2018-06-26 → 2019-06-26,7773.957759032041,31396.444360089477,19352.22894062029,19525.94146193248,49.013769706487885,49.749139035914936,0.7353693294270514
2018-06-27 → 2019-06-27,7773.957759032041,31396.444360089477,19332.002740889344,19700.184207691425,48.92814705349402,50.486752940418725,1.5586058869247026
2018-06-28 → 2019-06-28,7773.957759032041,31396.444360089477,19309.60654813912,19583.470513758868,48.83333826757551,49.992674159028574,1.1593358914530612
2018-06-29 → 2019-06-29,7773.957759032041,31396.444360089477,19285.84517671631,19627.791420133217,48.73275033276535,50.18029583968756,1.4475455069222107
2018-06-30 → 2019-06-30,7773.957759032041,31396.444360089477,19267.124020624233,19762.730494115727,48.653498912674635,50.751527294958954,2.098028382284319
2018-07-01 → 2019-07-01,7773.957759032041,31396.444360089477,19250.11909250863,19804.453189500513,48.58151272255509,50.92815008700201,2.34663736444692
2018-07-02 → 2019-07-02,7773.957759032041,31396.444360089477,19232.547030004727,19786.412925246845,48.50712570817907,50.8517810554164,2.3446553472373353
2018-07-03 → 2019-07-03,7773.957759032041,31396.444360089477,19214.06192614416,19670.11691955716,48.42887355728256,50.35947045470056,1.930596897418006
2018-07-04 → 2019-07-04,7773.957759032041,31396.444360089477,19196.461693400506,19748.100269775357,48.354367291109604,50.68959383051277,2.335226539403166
2018-07-05 → 2019-07-05,7773.957759032041,31396.444360089477,19179.776240180392,19771.32717587464,48.28373351956005,50.78791923753509,2.504185717975041
2018-07-06 → 2019-07-06,7773.957759032041,31396.444360089477,19162.34590882093,19748.841883912442,48.20994648920279,50.692733271967896,2.4827867827651033
2018-07-07 → 2019-07-07,7773.957759032041,31396.444360089477,19144.78814099409,19724.5317650697,48.135619987834154,50.58982234961964,2.454202361785484
2018-07-08 → 2019-07-08,7773.957759032041,31396.444360089477,19126.41550551167,19641.67354434263,48.057843944216486,50.23906240581524,2.1812184615987533
2018-07-09 → 2019-07-09,7773.957759032041,31396.444360089477,19107.386184268253,19613.484351024643,47.97728798258217,50.11973037361197,2.142442391029803
2018-07-10 → 2019-07-10,7773.957759032041,31396.444360089477,19088.954174499893,19650.840459960637,47.89926059249558,50.277868293496844,2.3786077010012647
2018-07-11 → 2019-07-11,7773.957759032041,31396.444360089477,19069.83823442062,19726.040575165323,47.81833795127618,50.596209526893155,2.7778715756169774
2018-07-12 → 2019-07-12,7773.957759032041,31396.444360089477,19050.12802740085,19675.982895880697,47.73489962679899,50.384302625938936,2.6494029991399444
2018-07-13 → 2019-07-13,7773.957759032041,31396.444360089477,19029.84894740581,19724.56242435881,47.649053118184064,50.5899521381962,2.9408990200121394
2018-07-14 → 2019-07-14,7773.957759032041,31396.444360089477,19012.41459303903,19858.747784499705,47.57524905741257,51.15799293088264,3.582743873470072
2018-07-15 → 2019-07-15,7773.957759032041,31396.444360089477,18993.740382749078,19787.579277712437,47.49619637085452,50.856718522353276,3.360522151498756
2018-07-16 → 2019-07-16,7773.957759032041,31396.444360089477,18979.544795193902,19986.65424299483,47.43610283457735,51.6994535343121,4.263350699734751
2018-07-17 → 2019-07-17,7773.957759032041,31396.444360089477,18967.071315287863,19965.12730509635,47.38329941842267,51.60832452549082,4.225025107068149
2018-07-18 → 2019-07-18,7773.957759032041,31396.444360089477,18955.331696591056,19840.102922324062,47.33360262360565,51.07906448236441,3.745461858758759
2018-07-19 → 2019-07-19,7773.957759032041,31396.444360089477,18944.231359828496,19847.560572187667,47.28661207197565,51.11063461293344,3.8240225409577917
2018-07-20 → 2019-07-20,7773.957759032041,31396.444360089477,18932.793273043637,19797.30238312049,47.23819173851106,50.897878903020455,3.6596871645093927
2018-07-21 → 2019-07-21,7773.957759032041,31396.444360089477,18921.305458267172,19815.343427524476,47.189560893797406,50.974251237181,3.784690343383595
2018-07-22 → 2019-07-22,7773.957759032041,31396.444360089477,18910.91482240033,19839.601566741818,47.1455746867468,51.07694211654107,3.931367429794271
2018-07-23 → 2019-07-23,7773.957759032041,31396.444360089477,18901.68175411809,19890.440108175324,47.10648875799522,51.29215460577677,4.18566584778155
2018-07-24 → 2019-07-24,7773.957759032041,31396.444360089477,18894.172957680752,19892.281944512884,47.07470211095781,51.29995156791994,4.225249456962132
2018-07-25 → 2019-07-25,7773.957759032041,31396.444360089477,18889.243286755704,19864.462372461145,47.05383355885192,51.18218423664123,4.128350677789307
2018-07-26 → 2019-07-26,7773.957759032041,31396.444360089477,18883.710327150682,19846.355596802176,47.03041113216813,51.10553364534336,4.075122513175224
2018-07-27 → 2019-07-27,7773.957759032041,31396.444360089477,18878.108667980523,19884.528227852286,47.00669788273439,51.26712811122148,4.260430228487088
2018-07-28 → 2019-07-28,7773.957759032041,31396.444360089477,18873.35228066474,19851.238646365084,46.986562884264046,51.12620483735364,4.139641953089594
2018-07-29 → 2019-07-29,7773.957759032041,31396.444360089477,18868.74089854342,19831.01444695307,46.96704172969975,51.040590652219095,4.073548922519343
2018-07-30 → 2019-07-30,7773.957759032041,31396.444360089477,18864.033923424402,19789.71645916901,46.94711590563851,50.86576575557924,3.918649849940728
2018-07-31 → 2019-07-31,7773.957759032041,31396.444360089477,18857.761232890738,19678.127317933733,46.92056200960039,50.39338051045318,3.4728185008527888
2018-08-01 → 2019-08-01,7773.957759032041,31396.444360089477,18848.663800871345,19586.632652064873,46.88205026368205,50.00606029554928,3.124010031867229
2018-08-02 → 2019-08-02,7773.957759032041,31396.444360089477,18838.64559806632,19536.464774893633,46.83964066060251,49.793686898884964,2.9540462382824515
2018-08-03 → 2019-08-03,7773.957759032041,31396.444360089477,18827.69606699015,19462.835326711564,46.793288507837694,49.48199469888272,2.6887061910450285
2018-08-04 → 2019-08-04,7773.957759032041,31396.444360089477,18815.699464564797,19404.12119257883,46.74250383547041,49.23344282064775,2.490938985177344
2018-08-05 → 2019-08-05,7773.957759032041,31396.444360089477,18799.85394197877,19252.66920149351,46.675425704138895,48.59230798313856,1.9168822789996653
2018-08-06 → 2019-08-06,7773.957759032041,31396.444360089477,18784.915001413774,19280.366146349555,46.612185365315604,48.709556202277376,2.0973708369617725
2018-08-07 → 2019-08-07,7773.957759032041,31396.444360089477,18768.319615610057,19174.72411952937,46.54193287207057,48.26234660658876,1.7204137345181891
2018-08-08 → 2019-08-08,7773.957759032041,31396.444360089477,18750.56333982216,19149.96249424597,46.466766035963225,48.15752434252495,1.690758306561726
2018-08-09 → 2019-08-09,7773.957759032041,31396.444360089477,18730.009444305888,19134.180832874095,46.37975616327966,48.09071655197182,1.7109603886921647
2018-08-10 → 2019-08-10,7773.957759032041,31396.444360089477,18712.51849033578,19208.94389648283,46.30571250197718,48.40720763469039,2.101495132713204
2018-08-11 → 2019-08-11,7773.957759032041,31396.444360089477,18691.685044632974,19149.830640107233,46.217519222181345,48.15696617038599,1.9394469482046475
2018-08-12 → 2019-08-12,7773.957759032041,31396.444360089477,18672.40983107232,19165.1121733762,46.13592233576469,48.22165679134832,2.0857344555836335
2018-08-13 → 2019-08-13,7773.957759032041,31396.444360089477,18654.284255561714,19238.698075407116,46.059192159908456,48.53316464940599,2.473972489497534
2018-08-14 → 2019-08-14,7773.957759032041,31396.444360089477,18637.934933368477,19387.53791175988,45.98998131657368,49.16324157088513,3.173260254311444
2018-08-15 → 2019-08-15,7773.957759032041,31396.444360089477,18620.25909926957,19317.598890240366,45.91515501061605,48.867171886517596,2.952016875901549
2018-08-16 → 2019-08-16,7773.957759032041,31396.444360089477,18603.023297347067,19296.506589427918,45.84219147289208,48.77788280713886,2.9356913342467763
2018-08-17 → 2019-08-17,7773.957759032041,31396.444360089477,18586.35852706755,19318.88662608593,45.7716452574959,48.87262320020574,3.1009779427098394
2018-08-18 → 2019-08-18,7773.957759032041,31396.444360089477,18571.1742704471,19284.837494892086,45.707366433353094,48.7284845590505,3.021118125697406
2018-08-19 → 2019-08-19,7773.957759032041,31396.444360089477,18553.58008241594,19160.05735707117,45.632885755987104,48.200258466987314,2.5673727110002105
2018-08-20 → 2019-08-20,7773.957759032041,31396.444360089477,18536.85120357601,19166.235647973896,45.56206815273283,48.22641274535379,2.6643445926209637
2018-08-21 → 2019-08-21,7773.957759032041,31396.444360089477,18520.355690953707,19281.785560460543,45.492238448092145,48.71556494358797,3.223326495495826
2018-08-22 → 2019-08-22,7773.957759032041,31396.444360089477,18505.145570421326,19267.44021110623,45.42785013542526,48.65483742748613,3.226987292060869
2018-08-23 → 2019-08-23,7773.957759032041,31396.444360089477,18488.455489745513,19190.08288336297,45.3571967746776,48.32736416419387,2.97016738951627
2018-08-24 → 2019-08-24,7773.957759032041,31396.444360089477,18473.453221152613,19233.995810154607,45.29368835218905,48.5132587634088,3.219570411219749
2018-08-25 → 2019-08-25,7773.957759032041,31396.444360089477,18459.710633440143,19230.226383055022,45.235512479578524,48.49730181881087,3.261789339232344
2018-08-26 → 2019-08-26,7773.957759032041,31396.444360089477,18445.571877129736,19156.20933040906,45.17565952442954,48.18396879042998,3.0083092660004382
2018-08-27 → 2019-08-27,7773.957759032041,31396.444360089477,18431.60080170196,19177.10431423081,45.1165164051478,48.27242257675075,3.1559061716029504
2018-08-28 → 2019-08-28,7773.957759032041,31396.444360089477,18419.746449031627,19261.392159794043,45.06633391220989,48.62923448646502,3.5629005742551314
2018-08-29 → 2019-08-29,7773.957759032041,31396.444360089477,18410.04014464692,19303.336712333978,45.02524465455201,48.806796456330034,3.781551801778022
2018-08-30 → 2019-08-30,7773.957759032041,31396.444360089477,18399.72081449879,19255.16787621212,44.981560302762944,48.60288550937789,3.621325206614948
2018-08-31 → 2019-08-31,7773.957759032041,31396.444360089477,18388.9496743692,19224.498192230145,44.935963324292835,48.47305292866812,3.537089604375282
2018-09-01 → 2019-09-01,7773.957759032041,31396.444360089477,18378.04319794302,19163.039844668707,44.889793432823026,48.21288409632052,3.3230906634974957
2018-09-02 → 2019-09-02,7773.957759032041,31396.444360089477,18366.383978548958,18996.314580618855,44.840436988723944,47.50709360582072,2.666656617096777
2018-09-03 → 2019-09-03,7773.957759032041,31396.444360089477,18354.61780976315,18913.904459301488,44.790627800620605,47.15823058090243,2.3676027802818282
2018-09-04 → 2019-09-04,7773.957759032041,31396.444360089477,18342.80184032172,18888.119548407107,44.74060779366291,47.04907648832173,2.3084686946588207
2018-09-05 → 2019-09-05,7773.957759032041,31396.444360089477,18331.497140567804,18852.662373237115,44.69275212146026,46.89897723853147,2.206225117071213
2018-09-06 → 2019-09-06,7773.957759032041,31396.444360089477,18317.710669036893,18866.243323861672,44.63439047747358,46.95646886019652,2.3220783827229425
2018-09-07 → 2019-09-07,7773.957759032041,31396.444360089477,18301.633905617266,18797.1239874781,44.56633344482018,46.66386911169892,2.0975356668787413
2018-09-08 → 2019-09-08,7773.957759032041,31396.444360089477,18285.2534965366,18793.93128321234,44.49699100277628,46.65035358168856,2.1533625789122866
2018-09-09 → 2019-09-09,7773.957759032041,31396.444360089477,18267.541408420286,18788.349427514346,44.4220112243328,46.626724165394414,2.204712941061615
2018-09-10 → 2019-09-10,7773.957759032041,31396.444360089477,18250.909853433983,18833.702603982572,44.351605617729305,46.818715708173805,2.4671100904445
2018-09-11 → 2019-09-11,7773.957759032041,31396.444360089477,18234.44865481617,18802.519686054704,44.28192117300587,46.68671047750316,2.4047893044972923
2018-09-12 → 2019-09-12,7773.957759032041,31396.444360089477,18217.193782609145,18719.349947290757,44.208876905912284,46.33463179853706,2.1257548926247765
2018-09-13 → 2019-09-13,7773.957759032041,31396.444360089477,18200.42397341322,18715.211256123446,44.137886034040335,46.31711166512687,2.1792256310865383
2018-09-14 → 2019-09-14,7773.957759032041,31396.444360089477,18184.69484450403,18692.552680602384,44.07130062677636,46.221192146137504,2.149891519361141
2018-09-15 → 2019-09-15,7773.957759032041,31396.444360089477,18169.136771071913,18682.972827692007,44.00543934089709,46.18063818976464,2.175198848867552
2018-09-16 → 2019-09-16,7773.957759032041,31396.444360089477,18153.89367551212,18671.18405170122,43.94091143654383,46.130733299606895,2.1898218630630666
2018-09-17 → 2019-09-17,7773.957759032041,31396.444360089477,18138.640618744823,18661.44683841298,43.8763413638631,46.08951319669104,2.213171832827939
2018-09-18 → 2019-09-18,7773.957759032041,31396.444360089477,18121.87344623085,18643.140494113148,43.80536165373714,46.01201778052679,2.206656126789653
2018-09-19 → 2019-09-19,7773.957759032041,31396.444360089477,18105.38879345339,18596.54352898451,43.735577921584564,45.814760963682836,2.079183042098272
2018-09-20 → 2019-09-20,7773.957759032041,31396.444360089477,18089.455575535947,18600.63015700319,43.66812855358819,45.832060700529745,2.163932146941555
2018-09-21 → 2019-09-21,7773.957759032041,31396.444360089477,18074.771694461073,18628.19242977565,43.605967946524,45.94873881845161,2.3427708719276126
2018-09-22 → 2019-09-22,7773.957759032041,31396.444360089477,18061.435428635246,18588.55540832482,43.549512137908025,45.780945215177624,2.2314330772695996
2018-09-23 → 2019-09-23,7773.957759032041,31396.444360089477,18048.877545456067,18657.146025038346,43.49635142120932,46.07130675870139,2.574955337492071
2018-09-24 → 2019-09-24,7773.957759032041,31396.444360089477,18039.836734299297,18986.452645537072,43.45807936581797,47.46534552379899,4.0072661579810145
2018-09-25 → 2019-09-25,7773.957759032041,31396.444360089477,18030.724905353127,19032.919704205204,43.41950667404317,47.66205241352181,4.242545739478643
2018-09-26 → 2019-09-26,7773.957759032041,31396.444360089477,18021.909040130166,19145.898938774724,43.382186872060224,48.14032227764553,4.758135405585307
2018-09-27 → 2019-09-27,7773.957759032041,31396.444360089477,18013.009378672166,19086.241686960504,43.34451233928009,47.887777942149754,4.543265602869667
2018-09-28 → 2019-09-28,7773.957759032041,31396.444360089477,18005.406682037545,19060.619790224395,43.312328188800855,47.77931393000396,4.4669857412031035
2018-09-29 → 2019-09-29,7773.957759032041,31396.444360089477,17998.033464093452,19094.75842599266,43.28111548004325,47.92383146681033,4.6427159867670795
2018-09-30 → 2019-09-30,7773.957759032041,31396.444360089477,17989.527074505335,18977.68751518195,43.24510576721421,47.42824049542857,4.183134728214355
2018-10-01 → 2019-10-01,7773.957759032041,31396.444360089477,17981.018553078728,18939.66642352823,43.209087029770096,47.26728753439686,4.058200504626761
2018-10-02 → 2019-10-02,7773.957759032041,31396.444360089477,17972.052470723534,18893.704005154385,43.171131320421566,47.07271691551973,3.9015855950981617
2018-10-03 → 2019-10-03,7773.957759032041,31396.444360089477,17963.174977135182,18912.93784690029,43.13355062987752,47.1541386645114,4.020588034633882
2018-10-04 → 2019-10-04,7773.957759032041,31396.444360089477,17954.369415806315,18926.13814956543,43.09627444690162,47.210018906452355,4.1137444595507375
2018-10-05 → 2019-10-05,7773.957759032041,31396.444360089477,17946.184648559614,18913.456364464655,43.061626243327936,47.15633368137445,4.0947074380465125
2018-10-06 → 2019-10-06,7773.957759032041,31396.444360089477,17939.478892428957,19020.011427018355,43.03323907036047,47.60740838977932,4.57416931941885
2018-10-07 → 2019-10-07,7773.957759032041,31396.444360089477,17930.982939752255,18825.71997961133,42.997273539634676,46.78492322685695,3.7876496872222702
2018-10-08 → 2019-10-08,7773.957759032041,31396.444360089477,17922.722137360703,18814.53570314498,42.962303459934496,46.73757733708998,3.7752738771554846
2018-10-09 → 2019-10-09,7773.957759032041,31396.444360089477,17913.13032294074,18614.806535523247,42.92169886744619,45.89207292007069,2.9703740526245
2018-10-10 → 2019-10-10,7773.957759032041,31396.444360089477,17903.524001423502,18591.189001945404,42.88103286272167,45.79209388747898,2.911061024757309
2018-10-11 → 2019-10-11,7773.957759032041,31396.444360089477,17894.63574370161,18680.35133765629,42.843406604859815,46.169540755019575,3.32613415015976
2018-10-12 → 2019-10-12,7773.957759032041,31396.444360089477,17883.100435018674,18632.047093665806,42.794574706348264,45.96505659208508,3.1704818857368124
2018-10-13 → 2019-10-13,7773.957759032041,31396.444360089477,17871.92610149375,18621.995849957537,42.74727090758382,45.92250711844999,3.1752362108661742
2018-10-14 → 2019-10-14,7773.957759032041,31396.444360089477,17860.57693127359,18572.49590491289,42.6992269805755,45.712961248531144,3.013734267955641
2018-10-15 → 2019-10-15,7773.957759032041,31396.444360089477,17849.866924654616,18629.63644979192,42.65388879582024,45.95485172282386,3.3009629270036243
2018-10-16 → 2019-10-16,7773.957759032041,31396.444360089477,17841.595264228596,18680.224374137106,42.61887275129574,46.16900328611831,3.5501305348225713
2018-10-17 → 2019-10-17,7773.957759032041,31396.444360089477,17833.159517863627,18619.20492158303,42.58316208921586,45.9106924080783,3.3275303188624363
2018-10-18 → 2019-10-18,7773.957759032041,31396.444360089477,17825.078915467424,18643.416340085376,42.54895484197441,46.013185506756834,3.464230664782427
2018-10-19 → 2019-10-19,7773.957759032041,31396.444360089477,17816.738552233932,18619.055649762307,42.51364796097434,45.91006050245699,3.396412541482654
2018-10-20 → 2019-10-20,7773.957759032041,31396.444360089477,17807.19850951792,18463.963180592247,42.473262531289784,45.253514594359764,2.7802520630699803
2018-10-21 → 2019-10-21,7773.957759032041,31396.444360089477,17797.834947041916,18434.23782355812,42.43362418739256,45.127679590043165,2.694055402650605
2018-10-22 → 2019-10-22,7773.957759032041,31396.444360089477,17789.274552053295,18488.932561110872,42.39738585595358,45.359216339228176,2.9618304832745963
2018-10-23 → 2019-10-23,7773.957759032041,31396.444360089477,17783.271668999114,18757.05053473629,42.37197412366832,46.49422798365605,4.12225385998773
2018-10-24 → 2019-10-24,7773.957759032041,31396.444360089477,17777.206494026264,18731.404954255326,42.346298693832,46.38566371218848,4.039365018356484
2018-10-25 → 2019-10-25,7773.957759032041,31396.444360089477,17766.169427430163,18114.562238031274,42.29957598092502,43.774411448015584,1.4748354670905641
2018-10-26 → 2019-10-26,7773.957759032041,31396.444360089477,17753.03253544775,17842.61307387082,42.243964172548225,42.62318139864271,0.3792172260944824
2018-10-27 → 2019-10-27,7773.957759032041,31396.444360089477,17738.95410168815,17690.563093902772,42.18436657811475,41.97951512194666,-0.2048514561680861
2018-10-28 → 2019-10-28,7773.957759032041,31396.444360089477,17725.643961001635,17733.573346468576,42.128021363864875,42.16158847134536,0.03356710748048641
2018-10-29 → 2019-10-29,7773.957759032041,31396.444360089477,17711.967114766972,17649.33861458658,42.0701237916675,41.805001405366355,-0.2651223863011438
2018-10-30 → 2019-10-30,7773.957759032041,31396.444360089477,17698.096012740483,17697.100780860328,42.01140388524635,42.00719081531445,-0.004213069931900293
2018-10-31 → 2019-10-31,7773.957759032041,31396.444360089477,17684.378009666318,17667.297952073895,41.95333208566894,41.88102785334627,-0.07230423232267214
2018-11-01 → 2019-11-01,7773.957759032041,31396.444360089477,17670.58588000336,17588.702003465074,41.89494648936877,41.54831119258075,-0.34663529678802263
2018-11-02 → 2019-11-02,7773.957759032041,31396.444360089477,17656.889161201765,17526.529673008772,41.83696479153606,41.28511988886118,-0.5518449026748797
2018-11-03 → 2019-11-03,7773.957759032041,31396.444360089477,17643.516523311006,17515.99753435806,41.78035501070901,41.24053466450025,-0.5398203462087565
2018-11-04 → 2019-11-04,7773.957759032041,31396.444360089477,17629.379484571757,17388.38647542018,41.72050932647602,40.70032456260451,-1.0201847638715122
2018-11-05 → 2019-11-05,7773.957759032041,31396.444360089477,17616.10601231159,17374.412544572777,41.66431933901055,40.64116935560451,-1.0231499834060358
2018-11-06 → 2019-11-06,7773.957759032041,31396.444360089477,17602.640815897175,17313.371270214247,41.60731773438772,40.38276610031048,-1.224551634077244
2018-11-07 → 2019-11-07,7773.957759032041,31396.444360089477,17589.88587547103,17318.54740142813,41.55332282419239,40.4046779815671,-1.1486448426252949
2018-11-08 → 2019-11-08,7773.957759032041,31396.444360089477,17578.935823908814,17444.114389642258,41.50696846807763,40.93623501167461,-0.5707334564030191
2018-11-09 → 2019-11-09,7773.957759032041,31396.444360089477,17567.299748363628,17379.418778447354,41.45770999778321,40.662362018168466,-0.7953479796147462
2018-11-10 → 2019-11-10,7773.957759032041,31396.444360089477,17554.360028919287,17220.62752516148,41.40293287095964,39.99015821520909,-1.412774655750546
2018-11-11 → 2019-11-11,7773.957759032041,31396.444360089477,17542.7111590023,17312.21894919789,41.35362023883198,40.377888032070594,-0.9757322067613856
2018-11-12 → 2019-11-12,7773.957759032041,31396.444360089477,17530.67188373338,17218.243139668484,41.30265492145348,39.980064504359504,-1.322590417093977
2018-11-13 → 2019-11-13,7773.957759032041,31396.444360089477,17518.61073608366,17167.048687335882,41.25159701271843,39.763345353674026,-1.4882516590444013
2018-11-14 → 2019-11-14,7773.957759032041,31396.444360089477,17506.623268135718,17160.332202042395,41.20085100891963,39.734912761428696,-1.4659382474909322
2018-11-15 → 2019-11-15,7773.957759032041,31396.444360089477,17489.881513510223,17177.761917570642,41.12997889918692,39.808697184815635,-1.3212817143712883
2018-11-16 → 2019-11-16,7773.957759032041,31396.444360089477,17472.778871724357,17120.05886519359,41.057579062223525,39.56442547307099,-1.4931535891525343
2018-11-17 → 2019-11-17,7773.957759032041,31396.444360089477,17455.190263648492,17052.062282030256,40.98312200622893,39.27657862480443,-1.7065433814245026
2018-11-18 → 2019-11-18,7773.957759032041,31396.444360089477,17438.910079614394,17170.002887543866,40.91420384232416,39.77585123528537,-1.1383526070387902
2018-11-19 → 2019-11-19,7773.957759032041,31396.444360089477,17423.389626329852,17150.5671824747,40.84850181210756,39.69357494745251,-1.154926864655046
2018-11-20 → 2019-11-20,7773.957759032041,31396.444360089477,17400.204584378927,17099.634393377422,40.750353626683726,39.477963483860876,-1.2723901428228501
2018-11-21 → 2019-11-21,7773.957759032041,31396.444360089477,17372.814654563845,17332.44115205556,40.634405080378464,40.46349376528228,-0.17091131509618407
2018-11-22 → 2019-11-22,7773.957759032041,31396.444360089477,17350.300007744478,17531.995361887333,40.5390948482272,41.30825754143294,0.769162693205736
2018-11-23 → 2019-11-23,7773.957759032041,31396.444360089477,17324.113958985195,17452.806591242526,40.42824263693582,40.97303131405828,0.5447886771224617
2018-11-24 → 2019-11-24,7773.957759032041,31396.444360089477,17299.77407017571,17698.70082642449,40.32520569073899,42.013964215554594,1.6887585248156043
2018-11-25 → 2019-11-25,7773.957759032041,31396.444360089477,17266.264125774473,17501.5892205835,40.18334956455227,41.179540603976946,0.9961910394246729
2018-11-26 → 2019-11-26,7773.957759032041,31396.444360089477,17235.169115531236,17456.698834173538,40.051716469491716,40.9895081693392,0.9377916998474873
2018-11-27 → 2019-11-27,7773.957759032041,31396.444360089477,17197.63033892542,17169.294072596233,39.89280527085383,39.77285064114977,-0.11995462970405413
2018-11-28 → 2019-11-28,7773.957759032041,31396.444360089477,17162.024681767383,17204.587546620725,39.74207745900508,39.92225690231329,0.18017944330821223
2018-11-29 → 2019-11-29,7773.957759032041,31396.444360089477,17132.367354143094,16990.005630067426,39.616530440500426,39.01387701759915,-0.6026534229012768
2018-11-30 → 2019-11-30,7773.957759032041,31396.444360089477,17104.072071690007,17069.230692238147,39.496749305978284,39.34925687624271,-0.1474924297355713
2018-12-01 → 2019-12-01,7773.957759032041,31396.444360089477,17072.141573472385,17111.049665411174,39.3615793776093,39.526287236675444,0.16470785906614083
2018-12-02 → 2019-12-02,7773.957759032041,31396.444360089477,17043.60817689185,17144.58372926047,39.24079024536249,39.668245466626544,0.42745522126405433
2018-12-03 → 2019-12-03,7773.957759032041,31396.444360089477,17014.34272008953,17108.948791202463,39.11690211581644,39.5173937012734,0.40049158545696173
2018-12-04 → 2019-12-04,7773.957759032041,31396.444360089477,16981.133017094526,17121.40743574153,38.9763169879429,39.57013431554263,0.59381732759973
2018-12-05 → 2019-12-05,7773.957759032041,31396.444360089477,16947.850516361774,16957.83727251616,38.83542368871139,38.87770017011255,0.042276481401160027
2018-12-06 → 2019-12-06,7773.957759032041,31396.444360089477,16910.460175262793,16827.483008944844,38.67714085536518,38.32587738459139,-0.3512634707737945
2018-12-07 → 2019-12-07,7773.957759032041,31396.444360089477,16869.03358969284,16794.61151359754,38.50177157155703,38.186723975797285,-0.3150475957597436
2018-12-08 → 2019-12-08,7773.957759032041,31396.444360089477,16824.3200528895,16743.3349020109,38.31248778632953,37.96965702407195,-0.34283076225757725
2018-12-09 → 2019-12-09,7773.957759032041,31396.444360089477,16781.370361082987,16828.333665346174,38.130670806043504,38.329478429712914,0.19880762366940985
2018-12-10 → 2019-12-10,7773.957759032041,31396.444360089477,16741.97740446016,16867.32510316644,37.96391039132467,38.49453911311498,0.5306287217903147
2018-12-11 → 2019-12-11,7773.957759032041,31396.444360089477,16699.88271326707,16846.32501267452,37.785712846315974,38.405640383499524,0.6199275371835498
2018-12-12 → 2019-12-12,7773.957759032041,31396.444360089477,16656.371188463443,16814.318941653302,37.60151748391209,38.2701505362123,0.6686330523002084
2018-12-13 → 2019-12-13,7773.957759032041,31396.444360089477,16614.264020517243,16750.178508848592,37.42326712163094,37.998627754178685,0.5753606325477421
2018-12-14 → 2019-12-14,7773.957759032041,31396.444360089477,16569.10124513893,16818.770508299753,37.23208159514072,38.288995151182895,1.0569135560421756
2018-12-15 → 2019-12-15,7773.957759032041,31396.444360089477,16522.111821300277,16759.832451337286,37.033163400658395,38.03949535059955,1.0063319499411563
2018-12-16 → 2019-12-16,7773.957759032041,31294.843993340724,16476.02815927129,16876.302315633766,36.99720458468948,38.69898636440243,1.7017817797129524
2018-12-17 → 2019-12-17,7773.957759032041,29771.88544035732,16431.86456687325,17033.657036835975,39.35782921584552,42.09350722461361,2.7356780087680903
2018-12-18 → 2019-12-18,7773.957759032041,29771.88544035732,16391.288680516274,16599.899820698716,39.173375993956704,40.1216977777379,0.9483217837811964
2018-12-19 → 2019-12-19,7773.957759032041,29771.88544035732,16354.861307374927,16656.319305849567,39.0077814267363,40.37817414209447,1.3703927153581716
2018-12-20 → 2019-12-20,7773.957759032041,29771.88544035732,16319.002684878462,16608.17208978039,38.844772333261986,40.1593025430663,1.3145302098043175
2018-12-21 → 2019-12-21,7773.957759032041,29771.88544035732,16290.0992105239,16613.464545683197,38.71338052775523,40.18336142706427,1.4699808993090429
2018-12-22 → 2019-12-22,7773.957759032041,29771.88544035732,16255.460356607045,16393.589157541082,38.555916359226934,39.18383369278241,0.6279173335554731
2018-12-23 → 2019-12-23,7773.957759032041,29771.88544035732,16223.86722994373,16444.182956909364,38.412297709684154,39.41382717262838,1.0015294629442266
2018-12-24 → 2019-12-24,7773.957759032041,29771.88544035732,16192.328859345866,16452.731938791094,38.26892797479482,39.45268984190148,1.1837618671066608
2018-12-25 → 2019-12-25,7773.957759032041,29771.88544035732,16162.694269790507,16442.159605448152,38.13421260530793,39.40462925412204,1.2704166488141126
2018-12-26 → 2019-12-26,7773.957759032041,29771.88544035732,16128.034956695277,16394.34238959539,37.97665543175356,39.187257797385435,1.2106023656318783
2018-12-27 → 2019-12-27,7773.957759032041,29771.88544035732,16094.031476983653,16339.997395143635,37.82207959986512,38.940211824514584,1.1181322246494645
2018-12-28 → 2019-12-28,7773.957759032041,29771.88544035732,16055.222064980351,16265.013905233356,37.645656563270414,38.59934567113626,0.9536891078658485
2018-12-29 → 2019-12-29,7773.957759032041,29771.88544035732,16021.78687179634,16203.22270132938,37.49366409530538,38.31845010315767,0.8247860078522962
2018-12-30 → 2019-12-30,7773.957759032041,29771.88544035732,15988.114441642676,16241.820036796307,37.34059317589214,38.493909064683834,1.1533158887916954
2018-12-31 → 2019-12-31,7773.957759032041,29771.88544035732,15954.811338362764,16236.166723625643,37.189201173143694,38.468209765856415,1.2790085927127208
2019-01-01 → 2020-01-01,7773.957759032041,29771.88544035732,15918.813855981913,16195.63944555818,37.025560838916164,38.283977511552436,1.2584166726362724
2019-01-02 → 2020-01-02,7773.957759032041,29771.88544035732,15886.396842787643,16274.474568352227,36.8781968978037,38.642352736419525,1.764155838615828
2019-01-03 → 2020-01-03,7773.957759032041,29771.88544035732,15853.656623965857,16071.092801858837,36.729363701804154,37.71780307228889,0.9884393704847341
2019-01-04 → 2020-01-04,7773.957759032041,29771.88544035732,15818.666897676158,16019.055202554682,36.57030450860841,37.48124624721882,0.9109417386104113
2019-01-05 → 2020-01-05,7773.957759032041,29771.88544035732,15784.478847337114,15984.561951155238,36.414889640288486,37.324443970662884,0.909554330374398
2019-01-06 → 2020-01-06,7773.957759032041,29771.88544035732,15747.73454549783,15783.545393114473,36.2478543523669,36.410646266839116,0.16279191447221564
2019-01-07 → 2020-01-07,7773.957759032041,29771.88544035732,15713.78677018708,15626.094627718185,36.093531746153545,35.69489354832303,-0.3986381978305147
2019-01-08 → 2020-01-08,7773.957759032041,29771.88544035732,15679.39817196131,15606.896324420688,35.93720521065464,35.607620312518215,-0.32958489813642444
2019-01-09 → 2020-01-09,7773.957759032041,29771.88544035732,15645.917887724701,15645.606913393596,35.785007764051386,35.78359411120367,-0.0014136528477166621
2019-01-10 → 2020-01-10,7773.957759032041,29771.88544035732,15611.292174998,15495.833341021102,35.62760333383273,35.10274101202905,-0.5248623218036812
2019-01-11 → 2020-01-11,7773.957759032041,29771.88544035732,15569.997260588407,15468.827486879381,35.43988149472218,34.979975565515446,-0.4599059292067338
2019-01-12 → 2020-01-12,7773.957759032041,29771.88544035732,15528.07234944423,15388.493746557855,35.24929576432282,34.61478780108014,-0.634507963242676
2019-01-13 → 2020-01-13,7773.957759032041,29771.88544035732,15486.174257509321,15362.58531644522,35.05883195090426,34.49701111553066,-0.5618208353736023
2019-01-14 → 2020-01-14,7773.957759032041,29771.88544035732,15439.245257338993,15124.969585076766,34.84549821851742,33.41683786098281,-1.4286603575346106
2019-01-15 → 2020-01-15,7773.957759032041,29771.88544035732,15395.74311665681,15100.409755169569,34.64774258756718,33.30519175384497,-1.342550833722207
2019-01-16 → 2020-01-16,7773.957759032041,29771.88544035732,15350.788857506359,15081.488786947602,34.443385796319916,33.2191792507762,-1.2242065455437157
2019-01-17 → 2020-01-17,7773.957759032041,29771.88544035732,15305.696426265069,14999.169244292101,34.238400890948256,32.84496426176437,-1.3934366291838884
2019-01-18 → 2020-01-18,7773.957759032041,29771.88544035732,15261.23997045489,14959.245575253506,34.03630705531882,32.66347594333296,-1.3728311119858603
2019-01-19 → 2020-01-19,7773.957759032041,29771.88544035732,15216.993394294204,14975.233287187362,33.835167307967765,32.736154207237924,-1.0990131007298416
2019-01-20 → 2020-01-20,7773.957759032041,29771.88544035732,15174.531611178656,14950.936040513829,33.64214102053436,32.62570177269264,-1.016439247841717
2019-01-21 → 2020-01-21,7773.957759032041,29771.88544035732,15128.60692624879,14883.133271637938,33.43337278747551,32.31747833520289,-1.1158944522726202
2019-01-22 → 2020-01-22,7773.957759032041,29771.88544035732,15082.923715765384,14864.3539267046,33.22570226893758,32.232109634999,-0.993592633938583
2019-01-23 → 2020-01-23,7773.957759032041,29771.88544035732,15039.204086994365,14891.854816958727,33.02695796263579,32.35712545763703,-0.6698325049987588
2019-01-24 → 2020-01-24,7773.957759032041,29771.88544035732,14994.716952452482,14839.168653699213,32.82472466508909,32.11762033686949,-0.7071043282196001
2019-01-25 → 2020-01-25,7773.957759032041,29771.88544035732,14950.873815980307,14818.330751750043,32.62541890725903,32.02289367783579,-0.602525229423243
2019-01-26 → 2020-01-26,7773.957759032041,29771.88544035732,14906.021636544814,14730.797872010615,32.42152615842719,31.624979469700005,-0.7965466887271866
2019-01-27 → 2020-01-27,7773.957759032041,29771.88544035732,14859.902015467693,14628.986979599063,32.21187176849903,31.16215909004223,-1.0497126784567996
2019-01-28 → 2020-01-28,7773.957759032041,29771.88544035732,14812.055210602975,14521.928838564014,31.994365803583364,30.67548533337771,-1.3188804702056522
2019-01-29 → 2020-01-29,7773.957759032041,29771.88544035732,14761.85645555458,14477.507831460469,31.766168148896963,30.473552643412305,-1.2926155054846582
2019-01-30 → 2020-01-30,7773.957759032041,29771.88544035732,14710.131058252071,14412.250907204947,31.53103055752093,30.17690231706852,-1.3541282404524075
2019-01-31 → 2020-01-31,7773.957759032041,29771.88544035732,14659.855925657219,14402.645330156469,31.30248569946354,30.13323649005231,-1.1692492094112268
2019-02-01 → 2020-02-01,7773.957759032041,29771.88544035732,14608.857172339078,14364.664310925844,31.070651346442023,29.960579229873808,-1.1100721165682153
2019-02-02 → 2020-02-02,7773.957759032041,29771.88544035732,14558.80303289863,14339.472599125756,30.843111097353287,29.846060661738527,-0.99705043561476
2019-02-03 → 2020-02-03,7773.957759032041,29771.88544035732,14509.323527073486,14314.671658638326,30.618183065304393,29.733318494172973,-0.8848645711314198
2019-02-04 → 2020-02-04,7773.957759032041,29771.88544035732,14459.092764394516,14294.113328898347,30.38983990768227,29.63986273762263,-0.7499771700596405
2019-02-05 → 2020-02-05,7773.957759032041,29771.88544035732,14407.378676282537,14210.633899379909,30.154753726560397,29.260375038927695,-0.8943786876327025
2019-02-06 → 2020-02-06,7773.957759032041,29771.88544035732,14355.693163014312,14171.174043758121,29.91979744332785,29.080995161907335,-0.8388022814205165
2019-02-07 → 2020-02-07,7773.957759032041,29771.88544035732,14302.43695250311,14135.598034116068,29.677700954591725,28.919270793333045,-0.7584301612586799
2019-02-08 → 2020-02-08,7773.957759032041,28074.774710040525,14248.659944524521,14102.899597724565,31.89380112690901,31.17579875709445,-0.7180023698145597
2019-02-09 → 2020-02-09,7773.957759032041,28074.774710040525,14199.942317104817,14073.820189977669,31.65382247217175,31.03255620770803,-0.6212662644637206
2019-02-10 → 2020-02-10,7773.957759032041,28074.774710040525,14152.168143936973,14064.577216559019,31.41849118829714,30.987026151252884,-0.431465037044255
2019-02-11 → 2020-02-11,7773.957759032041,28074.774710040525,14103.74661161962,14010.8927749588,31.179971071425932,30.722581416197276,-0.45738965522865627
2019-02-12 → 2020-02-12,7773.957759032041,28074.774710040525,14054.025378038741,13975.21540015711,30.935048742926202,30.546837874014766,-0.3882108689114361
2019-02-13 → 2020-02-13,7773.957759032041,28074.774710040525,14004.567682111336,13954.751998618012,30.691424577225085,30.446036996944244,-0.24538758028084118
2019-02-14 → 2020-02-14,7773.957759032041,28074.774710040525,13954.533437061877,13922.518592872473,30.444960382359405,30.28725813684552,-0.15770224551388523
2019-02-15 → 2020-02-15,7773.957759032041,28050.436405718185,13905.392145156498,13915.727972711433,30.239147994893774,30.290122465042334,0.05097447014856016
2019-02-16 → 2020-02-16,7773.957759032041,27896.057039244246,13856.205664400954,13890.149586919837,30.226706571068906,30.395396338702962,0.1686897676340564
2019-02-17 → 2020-02-17,7773.957759032041,27603.28339949321,13808.20357673291,13876.462631680202,30.430917960155757,30.775150821045443,0.3442328608896865
2019-02-18 → 2020-02-18,7773.957759032041,27040.460617832723,13759.583779187313,13843.812539594122,31.067527220806017,31.50470443466834,0.43717721386232355
2019-02-19 → 2020-02-19,7773.957759032041,27040.460617832723,13717.26706730178,13840.93575342435,30.847888440506026,31.489772891612212,0.6418844511061863
2019-02-20 → 2020-02-20,7773.957759032041,27040.460617832723,13675.546828651972,13812.229428039882,30.631345568374197,31.34077685639581,0.7094312880216123
2019-02-21 → 2020-02-21,7773.957759032041,27040.460617832723,13634.21491698913,13781.58691358576,30.416818251373535,31.181731311500116,0.764913060126581
2019-02-22 → 2020-02-22,7773.957759032041,27040.460617832723,13592.257672956055,13745.908466452689,30.199045237035797,30.996547485485877,0.7975022484500798
2019-02-23 → 2020-02-23,7773.957759032041,27040.460617832723,13550.454062925217,13698.795773474816,29.982069637793913,30.75201585811608,0.7699462203221685
2019-02-24 → 2020-02-24,7773.957759032041,27040.460617832723,13512.297856193794,13654.105940242907,29.78402535850223,30.520059734270312,0.7360343757680816
2019-02-25 → 2020-02-25,7773.957759032041,27040.460617832723,13468.758996914541,13593.800218052213,29.55804319869701,30.20705159453338,0.6490083958363684
2019-02-26 → 2020-02-26,7773.957759032041,27040.460617832723,13428.324262988574,13550.265655377672,29.348172553140294,29.981091735634262,0.6329191824939677
2019-02-27 → 2020-02-27,7773.957759032041,27040.460617832723,13387.473104896088,13502.984949821555,29.13614051810065,29.735688063246883,0.5995475451462333
2019-02-28 → 2020-02-28,7773.957759032041,27040.460617832723,13346.783832675179,13457.309990539747,28.924948728292666,29.498618784942725,0.5736700566500588
2019-03-01 → 2020-03-01,7773.957759032041,27040.460617832723,13302.22753951511,13406.897274032954,28.69368572489962,29.23695886214171,0.5432731372420889
2019-03-02 → 2020-03-02,7773.957759032041,27040.460617832723,13261.316785511852,13361.749527332486,28.481344365893875,29.002626004583988,0.5212816386901125
2019-03-03 → 2020-03-03,7773.957759032041,27040.460617832723,13220.866864893327,13317.355578384253,28.271394896003194,28.772205625371505,0.5008107293683111
2019-03-04 → 2020-03-04,7773.957759032041,27040.460617832723,13179.945587085007,13272.533585796442,28.058998914707463,28.53956354747963,0.4805646327721682
2019-03-05 → 2020-03-05,7773.957759032041,26046.86550643562,13136.332184200495,13226.245691202887,29.346037857222807,29.83809696596081,0.49205910873800107
2019-03-06 → 2020-03-06,7773.957759032041,26046.86550643562,13095.165007690583,13188.044909472297,29.12074707658193,29.629040026262647,0.5082929496807154
2019-03-07 → 2020-03-07,7773.957759032041,26046.86550643562,13055.049319088834,13146.588376507985,28.901210650544595,29.402165718476564,0.5009550679319688
2019-03-08 → 2020-03-08,7773.957759032041,26046.86550643562,13017.98369403455,13108.201163280402,28.698365949708464,29.19208851698116,0.4937225672726946
2019-03-09 → 2020-03-09,7773.957759032041,25963.445555142123,12981.518181286308,13070.602146817631,28.629505572817344,29.119260790390726,0.48975521757338214
2019-03-10 → 2020-03-10,7773.957759032041,25963.445555142123,12946.284543468975,13035.757322451413,28.435802274449216,28.927695064314207,0.4918927898649912
2019-03-11 → 2020-03-11,7773.957759032041,25963.445555142123,12910.808171498982,12998.445554211008,28.240764501161397,28.722566867970027,0.48180236680862976
2019-03-12 → 2020-03-12,7773.957759032041,25960.826637480193,12895.006089675435,12987.121696033071,28.15794387076684,28.664439007303482,0.5064951365366426
2019-03-13 → 2020-03-13,7773.957759032041,25960.826637480193,12872.81331451236,12985.960969571735,28.03591750486845,28.658056784673004,0.6221392798045535
2019-03-14 → 2020-03-14,7773.957759032041,25948.527232164128,12855.033662390088,12989.519317329821,27.957063361910862,28.697029473012126,0.7399661111012641
2019-03-15 → 2020-03-15,7773.957759032041,25628.446628388738,12835.178148347144,12992.90745144675,28.347047212320785,29.230462605803787,0.883415393483002
2019-03-16 → 2020-03-16,7773.957759032041,25586.972579571917,12819.70124690187,13003.586836941126,28.32616229596166,29.358472614522785,1.0323103185611266
2019-03-17 → 2020-03-17,7773.957759032041,25586.972579571917,12801.710240809383,13008.53192756882,28.22516307559531,29.3862337244613,1.1610706488659872
2019-03-18 → 2020-03-18,7773.957759032041,25586.972579571917,12783.555642333953,13007.559555693291,28.123245468394447,29.38077495240432,1.257529484009872
2019-03-19 → 2020-03-19,7773.957759032041,25586.972579571917,12758.834466806227,12993.626374730457,27.984463932664628,29.302555846300127,1.3180919136354987
2019-03-20 → 2020-03-20,7773.957759032041,25586.972579571917,12734.781576546087,12977.733445798525,27.84943406544414,29.213334964309922,1.3639008988657828
2019-03-21 → 2020-03-21,7773.957759032041,25586.972579571917,12711.300081060936,12961.964030352301,27.71761193582869,29.124807471321812,1.4071955354931234
2019-03-22 → 2020-03-22,7773.957759032041,25586.972579571917,12689.506716151653,12948.512816506296,27.595266756594043,29.049294067321863,1.4540273107278203
2019-03-23 → 2020-03-23,7773.957759032041,25586.972579571917,12663.11909260026,12929.855047143541,27.447129993574205,28.944551722745576,1.4974217291713714
2019-03-24 → 2020-03-24,7773.957759032041,25586.972579571917,12634.905471285878,12906.76675863489,27.288742311317016,28.814937007093803,1.5261946957767876
2019-03-25 → 2020-03-25,7773.957759032041,25586.972579571917,12607.011919987168,12883.954251582632,27.132151461425924,28.686870493468312,1.5547190320423887
2019-03-26 → 2020-03-26,7773.957759032041,25524.76751053806,12577.63333472961,12860.30512063547,27.061726439212237,28.654170895904574,1.5924444566923377
2019-03-27 → 2020-03-27,7773.957759032041,24931.82727159103,12550.06293900404,12841.380197604614,27.83623675699391,29.53410057620142,1.6978638192075124
2019-03-28 → 2020-03-28,7773.957759032041,24931.82727159103,12526.12382253368,12828.439842309715,27.696714093921805,29.458681216674137,1.7619671227523312
2019-03-29 → 2020-03-29,7773.957759032041,24453.100059156557,12504.33467315386,12818.18077822567,28.361032174217403,30.24270030453527,1.8816681303178662
2019-03-30 → 2020-03-30,7773.957759032041,24438.57841350643,12480.03580320374,12805.885905925217,28.239935020111805,30.195275675489924,1.9553406553781194
2019-03-31 → 2020-03-31,7773.957759032041,24424.09322507313,12455.806263586064,12791.890846484912,28.11898145875703,30.137491059380473,2.0185096006234424
2019-04-01 → 2020-04-01,7773.957759032041,24163.82411016625,12430.272468500625,12777.70880333585,28.409717380925187,30.529541468515635,2.119824087590448
2019-04-02 → 2020-04-02,7773.957759032041,20392.68371152051,12404.544323813134,12765.252168923509,36.69614969225891,39.554662084623224,2.858512392364311
2019-04-03 → 2020-04-03,7773.957759032041,20361.333434818054,12389.33439624714,12765.325215956478,36.66671080687273,39.65375774496182,2.987046938089094
2019-04-04 → 2020-04-04,7773.957759032041,20361.333434818054,12374.121636793896,12754.02105285518,36.54585353014499,39.56395218586467,3.018098655719683
2019-04-05 → 2020-04-05,7773.957759032041,20164.08152590028,12358.765901153398,12741.99163754443,37.0037315880681,40.09672519815451,3.0929936100864097
2019-04-06 → 2020-04-06,7773.957759032041,20164.08152590028,12341.96503637191,12729.232497301302,36.86813274258753,39.99374688669287,3.1256141441053416
2019-04-07 → 2020-04-07,7773.957759032041,20164.08152590028,12325.858033666611,12715.600867553538,36.73813401934337,39.88372676095195,3.1455927416085814
2019-04-08 → 2020-04-08,7773.957759032041,20164.08152590028,12310.308609723526,12702.756761314457,36.612635483286255,39.7800626936613,3.1674272103750454
2019-04-09 → 2020-04-09,7773.957759032041,20164.08152590028,12296.064185648771,12689.255320913107,36.49766952860511,39.67109331889643,3.1734237902913236
2019-04-10 → 2020-04-10,7773.957759032041,20164.08152590028,12283.340750382904,12675.961755870605,36.39497939002966,39.563801694594424,3.168822304564763
2019-04-11 → 2020-04-11,7773.957759032041,20164.08152590028,12271.629434238514,12664.91320401206,36.300458008607244,39.474629446871695,3.1741714382644517
2019-04-12 → 2020-04-12,7773.957759032041,20164.08152590028,12256.72484724146,12648.889245675255,36.18016391568697,39.34530097010817,3.1651370544212014
2019-04-13 → 2020-04-13,7773.957759032041,20164.08152590028,12242.816694679348,12636.710675760934,36.06791198968683,39.24700840948916,3.1790964198023346
2019-04-14 → 2020-04-14,7773.957759032041,20164.08152590028,12228.754212727623,12624.265918764424,35.95441447976421,39.146567467730456,3.192152987966246
2019-04-15 → 2020-04-15,7773.957759032041,20164.08152590028,12217.041406094495,12614.371781208654,35.85988106869007,39.06671243365706,3.2068313649669875
2019-04-16 → 2020-04-16,7773.957759032041,20164.08152590028,12201.23683072044,12599.799678913521,35.73232321962066,38.94910180627898,3.2167785866583216
2019-04-17 → 2020-04-17,7773.957759032041,20164.08152590028,12187.375165436757,12588.001006778646,35.6204464898599,38.853875379514584,3.2334288896546823
2019-04-18 → 2020-04-18,7773.957759032041,20164.08152590028,12172.756649667848,12574.012250624477,35.5024612619157,38.74097290640471,3.2385116444890087
2019-04-19 → 2020-04-19,7773.957759032041,20164.08152590028,12159.24375788231,12560.76909806883,35.39339946366577,38.63408815848104,3.240688694815269
2019-04-20 → 2020-04-20,7773.957759032041,20164.08152590028,12147.493897560797,12548.801007942275,35.298566994332944,38.53749436852586,3.2389273741929188
2019-04-21 → 2020-04-21,7773.957759032041,20164.08152590028,12135.877636981824,12537.169948713647,35.2048128010937,38.44362073620808,3.23880793511438
2019-04-22 → 2020-04-22,7773.957759032041,20164.08152590028,12122.674938324139,12523.68162623172,35.098254554331135,38.334757235441494,3.236502681110359
2019-04-23 → 2020-04-23,7773.957759032041,20164.08152590028,12108.449816564449,12509.101848654478,34.98344438756163,38.21708466128829,3.2336402737266567
2019-04-24 → 2020-04-24,7773.957759032041,20164.08152590028,12095.608336339665,12494.641292788898,34.879801514686356,38.10037431894087,3.220572804254516
2019-04-25 → 2020-04-25,7773.957759032041,20164.08152590028,12081.594649537745,12477.135529514328,34.76669782770469,37.95908627691678,3.192388449212089
2019-04-26 → 2020-04-26,7773.957759032041,20164.08152590028,12063.915946915371,12456.568915980093,34.62401400182034,37.79309428263799,3.1690802808176457
2019-04-27 → 2020-04-27,7773.957759032041,20164.08152590028,12046.043361532285,12437.554265808561,34.47976535895466,37.639628098366465,3.159862739411807
2019-04-28 → 2020-04-28,7773.957759032041,20164.08152590028,12028.528087949753,12418.615373738885,34.338400559763805,37.48677335352267,3.148372793758867
2019-04-29 → 2020-04-29,7773.957759032041,20164.08152590028,12006.704214485459,12396.085137375438,34.162261290496346,37.304933068571735,3.142671778075389
2019-04-30 → 2020-04-30,7773.957759032041,20164.08152590028,11985.27498526522,12374.454369536355,33.98930717297945,37.13035234406821,3.1410451710887557
2019-05-01 → 2020-05-01,7773.957759032041,20164.08152590028,11964.307289583674,12353.5272604351,33.8200780669909,36.96145081011246,3.1413727431215577
2019-05-02 → 2020-05-02,7773.957759032041,20164.08152590028,11943.394958656068,12332.657280177276,33.651295806852985,36.79301035987555,3.1417145530225667
2019-05-03 → 2020-05-03,7773.957759032041,20164.08152590028,11923.498205437774,12312.734971362985,33.490710217938215,36.63221851316644,3.1415082952282276
2019-05-04 → 2020-05-04,7773.957759032041,20164.08152590028,11906.021469655881,12294.88308354872,33.34965645519352,36.488136919227884,3.138480464034366
2019-05-05 → 2020-05-05,7773.957759032041,20164.08152590028,11889.159593559116,12277.258922518507,33.21356519077972,36.34589329550121,3.132328104721495
2019-05-06 → 2020-05-06,7773.957759032041,20164.08152590028,11870.996562839133,12258.564249150033,33.06697237974944,36.19500962621564,3.1280372464662065
2019-05-07 → 2020-05-07,7773.957759032041,20164.08152590028,11850.388311111188,12238.571560547276,32.900644325924404,36.03364974814712,3.133005422222716
2019-05-08 → 2020-05-08,7773.957759032041,20164.08152590028,11831.25342474467,12220.042526403286,32.74620772200858,35.8841029438324,3.1378952218238254
2019-05-09 → 2020-05-09,7773.957759032041,20164.08152590028,11813.768482400505,12202.62225565796,32.605087724556086,35.743504907258234,3.138417182702149
2019-05-10 → 2020-05-10,7773.957759032041,20164.08152590028,11800.729338495428,12187.82071281007,32.499849519107784,35.62404247793634,3.1241929588285586
2019-05-11 → 2020-05-11,7773.957759032041,20164.08152590028,11789.583998450253,12174.780081577472,32.40989609931243,35.51879226835031,3.108896169037884
2019-05-12 → 2020-05-12,7773.957759032041,20164.08152590028,11783.288851452646,12166.030042564304,32.35908831792092,35.44817118999945,3.089082872078528
2019-05-13 → 2020-05-13,7773.957759032041,20164.08152590028,11773.26810690214,12157.539235781333,32.278211445832675,35.37964236056454,3.101430914731864
2019-05-14 → 2020-05-14,7773.957759032041,20164.08152590028,11766.130363865828,12150.364648705567,32.22060311866326,35.32173666720133,3.1011335485380656
2019-05-15 → 2020-05-15,7773.957759032041,20164.08152590028,11761.094600165032,12146.605341037404,32.179959749835405,35.291395504038654,3.1114357542032494
2019-05-16 → 2020-05-16,7773.957759032041,20164.08152590028,11756.928041420997,12143.44096329116,32.14633168588357,35.26585598719616,3.1195243013125946
2019-05-17 → 2020-05-17,7773.957759032041,20164.08152590028,11750.411917590023,12139.103911075697,32.09374041275683,35.2308518799163,3.137111467159471
2019-05-18 → 2020-05-18,7773.957759032041,20164.08152590028,11741.236228672067,12132.539854667903,32.01968393769165,35.17787374562722,3.158189807935564
2019-05-19 → 2020-05-19,7773.957759032041,20164.08152590028,11731.731952173976,12124.407287223035,31.942975450537496,35.11223624597113,3.1692607954336367
2019-05-20 → 2020-05-20,7773.957759032041,20164.08152590028,11727.217278465288,12119.098907780028,31.906537770062027,35.06939261064602,3.162854840583993
2019-05-21 → 2020-05-21,7773.957759032041,20164.08152590028,11723.12266365058,12116.256710920587,31.873490361563512,35.04645339782684,3.172963036263326
2019-05-22 → 2020-05-22,7773.957759032041,20164.08152590028,11718.734427270376,12112.43962360397,31.838073149735983,35.01564589833419,3.177572748598209
2019-05-23 → 2020-05-23,7773.957759032041,20164.08152590028,11712.869374509632,12107.662839781471,31.79073663501587,34.977092741704126,3.1863561066882546
2019-05-24 → 2020-05-24,7773.957759032041,20164.08152590028,11709.30892589806,12103.02707208826,31.762000452241875,34.939677718412696,3.1776772661708215
2019-05-25 → 2020-05-25,7773.957759032041,20164.08152590028,11705.778063426487,12099.010826243788,31.733503057558742,34.907262821515445,3.173759763956703
2019-05-26 → 2020-05-26,7773.957759032041,20164.08152590028,11702.81878591837,12095.515729641782,31.709618893334092,34.87905409117691,3.1694351978428195
2019-05-27 → 2020-05-27,7773.957759032041,20164.08152590028,11701.32966678344,12092.925369474251,31.69760029559488,34.85814743829539,3.1605471427005085
2019-05-28 → 2020-05-28,7773.957759032041,20164.08152590028,11698.902468983988,12092.25445402716,31.67801051711387,34.85273251702651,3.1747219999126415
2019-05-29 → 2020-05-29,7773.957759032041,20164.08152590028,11696.539256510247,12092.022111585055,31.658937160638928,34.850857294095114,3.191920133456186
2019-05-30 → 2020-05-30,7773.957759032041,20164.08152590028,11693.173493817392,12090.926731229014,31.631772277089865,34.84201654014745,3.2102442630575823
2019-05-31 → 2020-05-31,7773.957759032041,20164.08152590028,11689.114892559192,12089.253999758686,31.599015532003484,34.82851601745856,3.229500485455077
2019-06-01 → 2020-06-01,7773.957759032041,20164.08152590028,11683.985061404368,12085.782286116242,31.55761294998456,34.8004960096865,3.2428830597019385
2019-06-02 → 2020-06-02,7773.957759032041,20164.08152590028,11680.778846685369,12084.411924856244,31.53173576926121,34.789435900152625,3.257700130891415
2019-06-03 → 2020-06-03,7773.957759032041,20164.08152590028,11677.877068215565,12082.846824318322,31.50831567657768,34.77680406073462,3.2684883841569388
2019-06-04 → 2020-06-04,7773.957759032041,20164.08152590028,11672.305897682749,12079.920903892282,31.46335106897858,34.753189119664675,3.2898380506860967
2019-06-05 → 2020-06-05,7773.957759032041,20164.08152590028,11664.947341135858,12074.027031320886,31.40396056824308,34.705620001855245,3.3016594336121656
2019-06-06 → 2020-06-06,7773.957759032041,20164.08152590028,11658.189242811943,12066.080056391062,31.349416332438217,34.64148040906865,3.2920640766304317
2019-06-07 → 2020-06-07,7773.957759032041,20164.08152590028,11651.104920641446,12058.351151616702,31.292239162106473,34.57910084838156,3.286861686275085
2019-06-08 → 2020-06-08,7773.957759032041,20164.08152590028,11645.03792845984,12050.895068841091,31.243272805548923,34.518923218876765,3.275650413327842
2019-06-09 → 2020-06-09,7773.957759032041,20164.08152590028,11638.582303185653,12044.027568340962,31.191169812910136,34.463496004190716,3.2723261912805803
2019-06-10 → 2020-06-10,7773.957759032041,20164.08152590028,11630.445067540979,12035.204507325834,31.125494636472972,34.392285569322254,3.2667909328492826
2019-06-11 → 2020-06-11,7773.957759032041,20164.08152590028,11625.726672478911,12025.629423588403,31.087412732281795,34.31500560087646,3.227592868594666
2019-06-12 → 2020-06-12,7773.957759032041,20164.08152590028,11620.148500954843,12017.041219278883,31.042391620071562,34.24569068142032,3.2032990613487584
2019-06-13 → 2020-06-13,7773.957759032041,20164.08152590028,11615.50138930056,12007.698903623334,31.004885040301065,34.17028937122089,3.1654043309198236
2019-06-14 → 2020-06-14,7773.957759032041,20164.08152590028,11611.568642277176,11999.486511288022,30.973144057746076,34.10400760931249,3.1308635515664136
2019-06-15 → 2020-06-15,7773.957759032041,20164.08152590028,11609.102099781074,11991.651562281637,30.95323673040607,34.04077217152505,3.0875354411189804
2019-06-16 → 2020-06-16,7773.957759032041,20164.08152590028,11606.937009391002,11986.947964796871,30.93576240625233,34.00280969775749,3.067047291505162
2019-06-17 → 2020-06-17,7773.957759032041,20164.08152590028,11605.564817406907,11983.121550666066,30.924687521046064,33.97192692206612,3.047239401020054
2019-06-18 → 2020-06-18,7773.957759032041,20164.08152590028,11605.411290135815,11980.579529999166,30.92344841097759,33.95141041460638,3.02796200362879
2019-06-19 → 2020-06-19,7773.957759032041,20164.08152590028,11604.636585769766,11979.683369465161,30.917195815114738,33.94417755276524,3.0269817376505017
2019-06-20 → 2020-06-20,7773.957759032041,20164.08152590028,11604.410039118955,11975.562044381852,30.915367369692614,33.910914567174,2.9955471974813825
2019-06-21 → 2020-06-21,7773.957759032041,20164.08152590028,11605.215283525235,11972.977164646609,30.92186645252206,33.89005214655674,2.9681856940346805
2019-06-22 → 2020-06-22,7773.957759032041,20164.08152590028,11606.32821336753,11971.796464436507,30.930848847397492,33.88052278081095,2.9496739334134574
2019-06-23 → 2020-06-23,7773.957759032041,20164.08152590028,11609.176450113424,11975.272736982657,30.953836807804404,33.90857958324133,2.954742775436923
2019-06-24 → 2020-06-24,7773.957759032041,20164.08152590028,11613.254962336632,11979.496603268839,30.986754253182262,33.942670173179394,2.955915919997132
2019-06-25 → 2020-06-25,7773.957759032041,20164.08152590028,11617.959982797222,11984.117586047196,31.024728211708574,33.97996586824512,2.955237656536543
2019-06-26 → 2020-06-26,7773.957759032041,20164.08152590028,11624.471795457153,11990.041767879178,31.07728468961354,34.02777961041147,2.950494920797933
2019-06-27 → 2020-06-27,7949.689521114651,20164.08152590028,11633.557573096929,11997.779913691329,30.160060775345414,33.141972117733125,2.9819113423877113
2019-06-28 → 2020-06-28,7949.689521114651,20164.08152590028,11638.947806785984,12003.194341121853,30.20419095953259,33.18630037761215,2.9821094180795598
2019-06-29 → 2020-06-29,7949.689521114651,20164.08152590028,11646.567480849975,12010.379069832063,30.26657371309909,33.24512220605351,2.9785484929544204
2019-06-30 → 2020-06-30,7949.689521114651,20164.08152590028,11653.55389396721,12017.3931118209,30.323771919235725,33.302546611509705,2.97877469227398
2019-07-01 → 2020-07-01,7949.689521114651,20164.08152590028,11657.908324755284,12022.904072696232,30.35942191954985,33.347665196807874,2.988243277258025
2019-07-02 → 2020-07-02,7949.689521114651,20164.08152590028,11662.08994276576,12028.72469150837,30.393657090722005,33.395318971222984,3.001661880500979
2019-07-03 → 2020-07-03,7949.689521114651,20164.08152590028,11666.833685486312,12033.202422363278,30.432494412454375,33.431978436983975,2.9994840245296004
2019-07-04 → 2020-07-04,7949.689521114651,20164.08152590028,11673.892695132461,12040.339197207253,30.490286970965542,33.49040766408901,3.0001206931234705
2019-07-05 → 2020-07-05,7949.689521114651,20164.08152590028,11679.524160335464,12047.38684735369,30.53639213281721,33.54810722165745,3.011715088840244
2019-07-06 → 2020-07-06,7949.689521114651,20164.08152590028,11683.926389332364,12054.001148813837,30.572433460090597,33.602258926118516,3.029825466027919
2019-07-07 → 2020-07-07,7949.689521114651,20164.08152590028,11689.066088426927,12060.690419708504,30.61451250170437,33.6570244100824,3.042511908378028
2019-07-08 → 2020-07-08,7949.689521114651,20164.08152590028,11694.16257100368,12068.391918079233,30.65623772695305,33.72007706442419,3.063839337471137
2019-07-09 → 2020-07-09,7949.689521114651,20164.08152590028,11701.561321465515,12078.185228709459,30.716811765013524,33.800255518058144,3.0834437530446195
2019-07-10 → 2020-07-10,8259.832572139929,20164.08152590028,11709.245554041227,12088.620353328852,28.976317576185153,32.16320320635997,3.186885630174814
2019-07-11 → 2020-07-11,8356.122186429126,20164.08152590028,11716.237359956967,12099.211585190365,28.456357927112673,31.69971449892274,3.243356571810068
2019-07-12 → 2020-07-12,8356.122186429126,20164.08152590028,11721.446026298489,12109.45270622161,28.500469413202485,31.78644515861438,3.2859757454118963
2019-07-13 → 2020-07-13,8356.122186429126,20164.08152590028,11727.880495086376,12119.45396739133,28.554962053318366,31.871144477795543,3.3161824244771765
2019-07-14 → 2020-07-14,8356.122186429126,20164.08152590028,11733.291097782037,12131.518090297346,28.600783710897886,31.973313892164114,3.372530181266228
2019-07-15 → 2020-07-15,8356.122186429126,20164.08152590028,11736.421120811645,12141.68695241394,28.62729144978503,32.059432600945584,3.432141151160554
2019-07-16 → 2020-07-16,8356.122186429126,20164.08152590028,11741.319299888615,12147.33005253096,28.668773461504,32.10722324753222,3.438449786028219
2019-07-17 → 2020-07-17,8356.122186429126,20164.08152590028,11742.307993979506,12154.528315149193,28.6771465771497,32.16818435360726,3.49103777645756
2019-07-18 → 2020-07-18,8356.122186429126,20164.08152590028,11743.839504467907,12152.705754931194,28.69011673096181,32.15274933926142,3.4626326082996073
2019-07-19 → 2020-07-19,8356.122186429126,20164.08152590028,11747.882984831911,12152.477096886665,28.724360415647336,32.15081286541394,3.426452449766604
2019-07-20 → 2020-07-20,8356.122186429126,20164.08152590028,11751.735239471649,12158.888891556962,28.756984635709316,32.20511348151502,3.448128845805705
2019-07-21 → 2020-07-21,8356.122186429126,20164.08152590028,11755.673622051523,12164.372921611659,28.790338261570042,32.25155698540112,3.461218723831081
2019-07-22 → 2020-07-22,8356.122186429126,20164.08152590028,11758.531013724709,12171.611757129174,28.81453712261824,32.31286169783621,3.4983245752179712
2019-07-23 → 2020-07-23,8356.122186429126,20164.08152590028,11760.480484432828,12177.367400639152,28.83104692462613,32.361605459095095,3.530558534468966
2019-07-24 → 2020-07-24,8356.122186429126,20164.08152590028,11761.401829767921,12181.388996588073,28.838849672828466,32.39566380764884,3.556814134820371
2019-07-25 → 2020-07-25,8356.122186429126,20164.08152590028,11761.660890085344,12182.359475524112,28.841043619385832,32.40388266162807,3.562839042242235
2019-07-26 → 2020-07-26,8356.122186429126,20164.08152590028,11761.559124243453,12182.618209843826,28.8401817783262,32.40607384735522,3.5658920690290223
2019-07-27 → 2020-07-27,8356.122186429126,20164.08152590028,11758.525391283325,12181.901267778736,28.81448950692765,32.40000216261717,3.58551265568952
2019-07-28 → 2020-07-28,8356.122186429126,20164.08152590028,11754.577643712444,12181.207949365606,28.781056570233122,32.39413054337122,3.6130739731380963
2019-07-29 → 2020-07-29,8356.122186429126,20164.08152590028,11750.498120145974,12177.29911462519,28.746507640573167,32.36102715413994,3.6145195135667727
2019-07-30 → 2020-07-30,8356.122186429126,20164.08152590028,11746.29830217258,12173.293601274116,28.71093995395897,32.32710500691773,3.6161650529587632
2019-07-31 → 2020-07-31,8356.122186429126,20164.08152590028,11741.914778530681,12167.894449797639,28.67381648904963,32.28138032815441,3.607563839104781
2019-08-01 → 2020-08-01,8356.122186429126,20164.08152590028,11737.922873952688,12162.13341194954,28.640009592673817,32.232590882980425,3.592581290306608
2019-08-02 → 2020-08-02,8356.122186429126,20164.08152590028,11736.284628175494,12160.468109031928,28.626135512232853,32.21848765930107,3.5923521470682154
2019-08-03 → 2020-08-03,8356.122186429126,20164.08152590028,11734.657753187854,12159.952799465238,28.612357729460502,32.21412357273984,3.6017658432793347
2019-08-04 → 2020-08-04,8356.122186429126,20164.08152590028,11733.77525964992,12159.91600044091,28.604884011838656,32.213811926812966,3.608927914974309
2019-08-05 → 2020-08-05,8356.122186429126,20164.08152590028,11732.220228776376,12160.72760182911,28.591714667087054,32.22068526847063,3.6289706013835783
2019-08-06 → 2020-08-06,8356.122186429126,20164.08152590028,11732.260905844405,12163.097019890687,28.59205915563804,32.2407515474394,3.6486923918013616
2019-08-07 → 2020-08-07,8356.122186429126,20164.08152590028,11731.900058560776,12171.288960828057,28.589003189122103,32.310127979910554,3.7211247907884513
2019-08-08 → 2020-08-08,8376.447880236941,20164.08152590028,11732.334889730779,12176.749278126923,28.469556404380324,32.239731163413865,3.770174759033541
2019-08-09 → 2020-08-09,8432.882742158143,20164.08152590028,11732.838477561168,12186.427647178585,28.129740159005063,31.99626034998529,3.866520190980225
2019-08-10 → 2020-08-10,8424.337559445135,20164.08152590028,11732.815193684566,12196.250620866227,28.181855104276487,32.129432057452554,3.9475769531760676
2019-08-11 → 2020-08-11,8424.337559445135,20164.08152590028,11732.627064815613,12206.338555117807,28.180252608774964,32.21536182117147,4.035109212396506
2019-08-12 → 2020-08-12,8424.337559445135,20164.08152590028,11732.534548055233,12213.14721109376,28.179464544225652,32.27335845206399,4.093893907838336
2019-08-13 → 2020-08-13,8424.337559445135,20164.08152590028,11731.744267486543,12221.69911139222,28.172732876389045,32.34620416593046,4.173471289541414
2019-08-14 → 2020-08-14,8424.337559445135,20164.08152590028,11729.812034437196,12229.777309708063,28.15627397358104,32.41501485157169,4.25874087799065
2019-08-15 → 2020-08-15,8424.337559445135,20164.08152590028,11725.59163536025,12234.357499682801,28.12032430475516,32.45402924564899,4.333704940893828
2019-08-16 → 2020-08-16,8403.613626954813,20164.08152590028,11722.06131754612,12234.627997682746,28.216969929307524,32.5753567259977,4.358386796690176
2019-08-17 → 2020-08-17,8119.675958083712,20164.08152590028,11717.918436095817,12236.24629757924,29.874803349588642,34.178277344755564,4.303473995166922
2019-08-18 → 2020-08-18,8119.675958083712,20164.08152590028,11713.943940073144,12238.61050611574,29.841804659862575,34.19790644577834,4.356101785915762
2019-08-19 → 2020-08-19,8119.675958083712,20164.08152590028,11710.78551955732,12239.807752463012,29.815581526657358,34.20784671506378,4.392265188406423
2019-08-20 → 2020-08-20,8119.675958083712,20164.08152590028,11708.712203757033,12241.904271833791,29.798367594524205,34.225253297389294,4.426885702865089
2019-08-21 → 2020-08-21,8119.675958083712,20164.08152590028,11707.058703545905,12247.653145777349,29.784639227426148,34.27298395467402,4.4883447272478705
2019-08-22 → 2020-08-22,8119.675958083712,20164.08152590028,11703.396217942867,12251.605250061522,29.754231038475552,34.30579673453203,4.551565696056478
2019-08-23 → 2020-08-23,8119.675958083712,20164.08152590028,11699.82810847205,12252.42548854711,29.72460641772754,34.31260685464106,4.588000436913521
2019-08-24 → 2020-08-24,8119.675958083712,20164.08152590028,11696.81131050083,12253.67029236901,29.699559121252573,34.32294197508259,4.6233828538300195
2019-08-25 → 2020-08-25,8119.675958083712,20164.08152590028,11693.947468150593,12256.617859394542,29.675781755619102,34.34741447402773,4.6716327184086275
2019-08-26 → 2020-08-26,8119.675958083712,20164.08152590028,11690.72185012679,12257.628136259877,29.64900070772396,34.35580240865552,4.70680170093156
2019-08-27 → 2020-08-27,8119.675958083712,20164.08152590028,11688.509407078096,12259.226022848237,29.630631656331285,34.3690690375428,4.738437381211515
2019-08-28 → 2020-08-28,8119.675958083712,20164.08152590028,11685.34880252786,12261.48461518265,29.60439038994051,34.387821248448475,4.783430858507966
2019-08-29 → 2020-08-29,8119.675958083712,20164.08152590028,11681.042685180228,12262.49156780186,29.568638377743756,34.39618158315774,4.827543205413985
2019-08-30 → 2020-08-30,8119.675958083712,20164.08152590028,11675.598012823391,12260.611592590132,29.523433387541626,34.38057288249466,4.857139494953035
2019-08-31 → 2020-08-31,8119.675958083712,20164.08152590028,11670.480605865238,12257.640731662761,29.48094555425388,34.355906983371256,4.874961429117377
2019-09-01 → 2020-09-01,8119.675958083712,20164.08152590028,11664.875010811576,12254.317014401111,29.434404485688077,34.32831145578017,4.89390697009209
2019-09-02 → 2020-09-02,8119.675958083712,20164.08152590028,11660.83672971784,12251.592480616606,29.40087621340432,34.30569071481321,4.9048145014088895
2019-09-03 → 2020-09-03,8119.675958083712,20164.08152590028,11661.13315196534,12250.908827179164,29.403337291668674,34.30001460706682,4.896677315398147
2019-09-04 → 2020-09-04,8119.675958083712,20164.08152590028,11661.492902719867,12251.453216158523,29.406324161817654,34.3045344563553,4.898210294537645
2019-09-05 → 2020-09-05,8119.675958083712,20164.08152590028,11662.633853974521,12240.651347723955,29.41579703491405,34.21485075736536,4.799053722451312
2019-09-06 → 2020-09-06,8119.675958083712,20164.08152590028,11663.454908038162,12228.169545330982,29.422613926449444,34.11121922218753,4.6886052957380855
2019-09-07 → 2020-09-07,8119.675958083712,20164.08152590028,11663.360709196593,12213.618311673512,29.421831830221954,33.99040600666154,4.568574176439583
2019-09-08 → 2020-09-08,8119.675958083712,20164.08152590028,11664.351819704909,12207.872283608172,29.430060634065665,33.94269897759326,4.512638343527595
2019-09-09 → 2020-09-09,8119.675958083712,20164.08152590028,11664.823443755136,12193.486234728312,29.433976344538642,33.82325722682475,4.3892808822861085
2019-09-10 → 2020-09-10,8119.675958083712,20164.08152590028,11664.817915969363,12177.873163829712,29.43393044949017,33.693627990988325,4.259697541498156
2019-09-11 → 2020-09-11,8119.675958083712,20164.08152590028,11664.034861774973,12162.832775746168,29.427429056042563,33.56875351711863,4.141324461076067
2019-09-12 → 2020-09-12,8119.675958083712,20164.08152590028,11663.275933794604,12148.515053668256,29.421127973136514,33.449879057127255,4.028751083990741
2019-09-13 → 2020-09-13,8119.675958083712,20164.08152590028,11663.481041110907,12141.789736619752,29.42283089915596,33.39404137372614,3.971210474570178
2019-09-14 → 2020-09-14,8119.675958083712,20164.08152590028,11662.6970658304,12111.403209801903,29.416321858289706,33.14175389762982,3.725432039340113
2019-09-15 → 2020-09-15,8119.675958083712,20164.08152590028,11661.682561449945,12090.076398909576,29.407898824253344,32.964685707985716,3.5567868837323715
2019-09-16 → 2020-09-16,8119.675958083712,20164.08152590028,11660.08648579332,12062.976693829649,29.394647230825683,32.7396874303427,3.3450401995170154
2019-09-17 → 2020-09-17,8119.675958083712,20164.08152590028,11658.438553896958,12047.468182880093,29.380965095272522,32.61092631496648,3.229961219693955
2019-09-18 → 2020-09-18,8119.675958083712,20164.08152590028,11656.665455116192,12031.138033925297,29.36624374791517,32.47534345981561,3.1090997119004413
2019-09-19 → 2020-09-19,8119.675958083712,20164.08152590028,11654.4559137241,12003.022543339679,29.347898787845107,32.24191151145325,2.894012723608146
2019-09-20 → 2020-09-20,8119.675958083712,20164.08152590028,11652.869715425137,11996.41151400823,29.33472920226422,32.1870227143746,2.8522935121103785
2019-09-21 → 2020-09-21,8119.675958083712,20164.08152590028,11652.138743240874,12017.351361787685,29.32866022542558,32.36087810027598,3.032217874850403
2019-09-22 → 2020-09-22,8119.675958083712,20164.08152590028,11650.755191078973,11995.42332837597,29.317173131653202,32.17881819463557,2.8616450629823653
2019-09-23 → 2020-09-23,8119.675958083712,20164.08152590028,11650.261492701973,12008.7382847396,29.31307414665788,32.28936708215567,2.976292935497792
2019-09-24 → 2020-09-24,8119.675958083712,20164.08152590028,11647.522576967898,11939.719844750263,29.290333997975132,31.71633390421488,2.425999906239749
2019-09-25 → 2020-09-25,8119.675958083712,20164.08152590028,11641.393591467253,11923.32873256077,29.239447422742042,31.580244895112674,2.3407974723706317
2019-09-26 → 2020-09-26,8119.675958083712,20164.08152590028,11634.414310751488,11903.057609932006,29.18150117810201,31.411941673217434,2.230440495115424
2019-09-27 → 2020-09-27,8119.675958083712,20164.08152590028,11626.06648028812,11887.085287549427,29.112192398881938,31.279329712480596,2.1671373135986585
2019-09-28 → 2020-09-28,8119.675958083712,20164.08152590028,11618.184000241345,11880.322816540891,29.046747242602596,31.223183554245885,2.1764363116432897
2019-09-29 → 2020-09-29,8119.675958083712,20164.08152590028,11610.096644378915,11856.659416034818,28.979601082363356,31.0267155727184,2.0471144903550424
2019-09-30 → 2020-09-30,8119.675958083712,20164.08152590028,11601.603487969702,11852.355812234327,28.90908571851753,30.990984429522843,2.081898711005312
2019-10-01 → 2020-10-01,8119.675958083712,20164.08152590028,11594.394308516865,11862.476297798887,28.849230714364392,31.075010872401865,2.225780158037473
2019-10-02 → 2020-10-02,8119.675958083712,20164.08152590028,11587.401219301373,11856.30266365164,28.791169823138862,31.02375359687685,2.232583773737989
2019-10-03 → 2020-10-03,8119.675958083712,20164.08152590028,11580.631320539671,11847.541127117769,28.734961995167748,30.95100997757128,2.216047982403534
2019-10-04 → 2020-10-04,8119.675958083712,20164.08152590028,11573.168329013202,11822.53624372837,28.67299968839845,30.743404187077022,2.070404498678574
2019-10-05 → 2020-10-05,8119.675958083712,20164.08152590028,11565.093154952547,11798.17762196497,28.605954668906303,30.54116405470812,1.9352093858018158
2019-10-06 → 2020-10-06,8119.675958083712,20164.08152590028,11557.340140628,11809.087833789337,28.541584416004305,30.63174728659065,2.0901628705863438
2019-10-07 → 2020-10-07,8119.675958083712,20164.08152590028,11548.193435005656,11788.746344541252,28.46564288804061,30.46285983811051,1.9972169500699017
2019-10-08 → 2020-10-08,8119.675958083712,20164.08152590028,11540.061667762955,11753.430333007029,28.3981279974392,30.16964477377733,1.771516776338128
2019-10-09 → 2020-10-09,8119.675958083712,20164.08152590028,11531.397459610012,11722.281486176213,28.32619245770535,29.91102805205178,1.5848355943464298
2019-10-10 → 2020-10-10,8119.675958083712,20164.08152590028,11523.814789220587,11687.20770199933,28.263236504032662,29.619824106955463,1.3565876029228008
2019-10-11 → 2020-10-11,8119.675958083712,20164.08152590028,11515.997573443457,11664.625171027046,28.19833321151968,29.432330163438436,1.2339969519187548
2019-10-12 → 2020-10-12,8119.675958083712,20164.08152590028,11506.723100564264,11629.662390869964,28.121330881874,29.142047841407486,1.020716959533484
2019-10-13 → 2020-10-13,8119.675958083712,20164.08152590028,11497.81653131061,11629.992022299164,28.047383112484248,29.144784642550096,1.0974015300658486
2019-10-14 → 2020-10-14,8119.675958083712,20164.08152590028,11488.818925797586,11619.15630489136,27.97267950455307,29.054819908742406,1.0821404041893352
2019-10-15 → 2020-10-15,8119.675958083712,20164.08152590028,11479.861002249263,11596.76792921084,27.89830536049187,28.868937960858304,0.9706326003664323
2019-10-16 → 2020-10-16,8119.675958083712,20164.08152590028,11470.502141251936,11602.14589726945,27.820602389227485,28.913589131298632,1.0929867420711474
2019-10-17 → 2020-10-17,8119.675958083712,20164.08152590028,11460.438566286355,11586.717882879351,27.737048452846665,28.785496347447808,1.0484478946011428
2019-10-18 → 2020-10-18,8119.675958083712,20164.08152590028,11450.399747916175,11561.081741214679,27.65370006081805,28.57264946579535,0.918949404977301
2019-10-19 → 2020-10-19,8119.675958083712,20164.08152590028,11439.363792538648,11519.038537430231,27.562072829275667,28.223581148992828,0.6615083197171607
2019-10-20 → 2020-10-20,8119.675958083712,20164.08152590028,11427.923969761412,11487.537945835482,27.467092444292586,27.96204402773446,0.49495158344187473
2019-10-21 → 2020-10-21,7783.015373161113,20164.08152590028,11415.957342004818,11382.444777298613,29.34272318737235,29.07204726744125,-0.27067591993110085
2019-10-22 → 2020-10-22,7693.7876564062535,20164.08152590028,11403.739287186074,11353.909542412606,29.750314383973286,29.350726809735235,-0.39958757423805125
2019-10-23 → 2020-10-23,7693.7876564062535,20164.08152590028,11390.838553028612,11342.731864199091,29.646862658677374,29.2610923686347,-0.38577029004267516
2019-10-24 → 2020-10-24,7625.51584411094,20164.08152590028,11375.081495320612,11311.612566710406,29.904262946562028,29.39807324176679,-0.5061897047952364
2019-10-25 → 2020-10-25,7625.51584411094,20164.08152590028,11359.421546703938,11313.404255379357,29.779368688206638,29.412362664611646,-0.36700602359499257
2019-10-26 → 2020-10-26,7625.51584411094,20164.08152590028,11348.77596241986,11313.47977612194,29.694465960460526,29.41296497227984,-0.28150098818068514
2019-10-27 → 2020-10-27,7312.334103610285,20164.08152590028,11339.242203383734,11249.092872516885,31.33354529508729,30.632089470407024,-0.7014558246802665
2019-10-28 → 2020-10-28,7312.334103610285,20164.08152590028,11331.23675178032,11265.201886701509,31.271254531501867,30.757434403320072,-0.5138201281817949
2019-10-29 → 2020-10-29,7312.334103610285,20164.08152590028,11322.218960572234,11225.013735308265,31.20108670986817,30.44472866710601,-0.7563580427621623
2019-10-30 → 2020-10-30,7312.334103610285,20164.08152590028,11313.358096736503,11192.856027855414,31.13213994687497,30.1945081609274,-0.9376317859475733
2019-10-31 → 2020-10-31,7242.580434070226,20164.08152590028,11303.42000707435,11150.502947585042,31.42699554908286,30.243564472441204,-1.1834310766416571
2019-11-01 → 2020-11-01,7242.580434070226,20164.08152590028,11293.493579439506,11136.350153199826,31.350174539168457,30.134035445707884,-1.2161390934605727
2019-11-02 → 2020-11-02,7242.580434070226,20164.08152590028,11284.082525543057,11130.221038612292,31.27734202667965,30.0866019893008,-1.190740037378852
2019-11-03 → 2020-11-03,7144.431265907445,20164.08152590028,11274.25136406147,11070.393907528523,31.719900425008024,30.15413289314608,-1.565767531861944
2019-11-04 → 2020-11-04,7077.567494964144,20164.08152590028,11263.949942351956,11034.713915539454,31.9900505015417,30.238353859711847,-1.7516966418298523
2019-11-05 → 2020-11-05,6407.600199675989,20164.08152590028,11252.478663338128,10884.643289643007,35.21887864178056,32.54497268449257,-2.6739059572879924
2019-11-06 → 2020-11-06,6402.469828495783,20164.08152590028,11240.721879920895,10854.769429585076,35.157597509727935,32.35303901162258,-2.804558498105358
2019-11-07 → 2020-11-07,6402.469828495783,20164.08152590028,11229.923653309972,10891.550339193713,35.07913121632888,32.62031082845181,-2.4588203878770756
2019-11-08 → 2020-11-08,6402.469828495783,20164.08152590028,11217.920196425735,10807.020652763116,34.99190700779741,32.006068192565344,-2.9858388152320643
2019-11-09 → 2020-11-09,6402.469828495783,20164.08152590028,11204.712168553911,10792.659583889013,34.89592967489305,31.901712182601692,-2.994217492291355
2019-11-10 → 2020-11-10,6402.469828495783,20164.08152590028,11191.573195005307,10769.498211142258,34.800454131493694,31.733407966089583,-3.0670461654041112
2019-11-11 → 2020-11-11,6356.777531253977,20164.08152590028,11178.762205303796,10709.914433362897,34.92343382835283,31.527783438365827,-3.3956503899870008
2019-11-12 → 2020-11-12,6138.805175373268,20164.08152590028,11164.217180460791,10632.367355754444,35.83110863194285,32.03902773874632,-3.792080893196527
2019-11-13 → 2020-11-13,6123.675176321391,20164.08152590028,11149.900456490093,10603.748466293886,35.798289273297655,31.908430414529025,-3.88985885876863
2019-11-14 → 2020-11-14,6123.675176321391,20164.08152590028,11135.741443793217,10595.828002178041,35.69744452319325,31.85201848514009,-3.8454260380531586
2019-11-15 → 2020-11-15,6123.675176321391,20164.08152590028,11121.268368110348,10577.927886040387,35.594362921973755,31.72452847030735,-3.869834451666403
2019-11-16 → 2020-11-16,5972.626042987401,20164.08152590028,11105.356929338519,10484.656262248074,36.16775525619022,31.793991988301347,-4.373763267888872
2019-11-17 → 2020-11-17,5655.414725551787,20164.08152590028,11088.62600025691,10383.901656450029,37.448039502668976,32.59077485179179,-4.857264650877184
2019-11-18 → 2020-11-18,5616.4976680534255,20164.08152590028,11071.892842252413,10346.22702323829,37.50035213755712,32.5121298588266,-4.988222278730525
2019-11-19 → 2020-11-19,5612.091559467427,20164.08152590028,11053.88856721122,10312.978255821035,37.39555222547852,32.304081484368574,-5.091470741109944
2019-11-20 → 2020-11-20,5357.970897160188,20164.08152590028,11034.918202407358,10223.538084226822,38.34192143767767,32.86188594067437,-5.4800354970033
2019-11-21 → 2020-11-21,5345.709910393248,20164.08152590028,11015.747065527083,10192.331242014574,38.26356432578794,32.70684159755763,-5.556722728230312
2019-11-22 → 2020-11-22,5345.709910393248,20164.08152590028,10994.694733367052,10176.745965931048,38.12149519224023,32.6016662349205,-5.519828957319731
2019-11-23 → 2020-11-23,5345.709910393248,20164.08152590028,10972.083715042812,10160.55542116873,37.96890745243366,32.492406289344736,-5.476501163088926
2019-11-24 → 2020-11-24,5221.8636584287715,20164.08152590028,10949.112819125421,10088.203788504037,38.32931102660868,32.56772303306495,-5.761587993543728
2019-11-25 → 2020-11-25,5221.8636584287715,20164.08152590028,10924.403238913721,10096.28634639829,38.16394347253565,32.62181512277974,-5.542128349755906
2019-11-26 → 2020-11-26,5221.8636584287715,20164.08152590028,10902.157434004199,10218.105386405414,38.01506460390431,33.43708258232013,-4.577982021584177
2019-11-27 → 2020-11-27,5221.8636584287715,20164.08152590028,10880.063492693815,10207.781607134237,37.867202074349834,33.367991237496064,-4.49921083685377
2019-11-28 → 2020-11-28,5221.8636584287715,20164.08152590028,10859.217510513634,10145.175166953697,37.72769144503715,32.94900095950774,-4.77869048552941
2019-11-29 → 2020-11-29,5221.8636584287715,20164.08152590028,10837.55479139021,10092.35808797282,37.58271484708122,32.595525461764815,-4.987189385316405
2019-11-30 → 2020-11-30,5085.329901629869,20164.08152590028,10816.242358117042,9973.254926821952,38.00654456873491,32.415979432439165,-5.590565136295744
2019-12-01 → 2020-12-01,5085.329901629869,20164.08152590028,10794.659656126089,10008.672042279046,37.863411353673435,32.65086038505123,-5.212550968622203
2019-12-02 → 2020-12-02,5085.329901629869,20164.08152590028,10772.10675087388,9960.379087682402,37.71384389733369,32.33058881483111,-5.383255082502579
2019-12-03 → 2020-12-03,5085.329901629869,20164.08152590028,10748.868801311522,9924.78357152567,37.55973333074704,32.09452473576345,-5.4652085949835865
2019-12-04 → 2020-12-04,5085.329901629869,20164.08152590028,10726.121221914915,9962.2232152338,37.40887482492754,32.34281878981412,-5.066056035113419
2019-12-05 → 2020-12-05,5085.329901629869,20164.08152590028,10702.610647588735,9919.092582472455,37.25295625214372,32.05678295716651,-5.196173294977207
2019-12-06 → 2020-12-06,5085.329901629869,20164.08152590028,10679.886447131212,9890.962079664136,37.10225279191199,31.870225717487326,-5.232027074424661
2019-12-07 → 2020-12-07,5085.329901629869,20164.08152590028,10657.92562442483,9888.615936219761,36.95661193745933,31.8546664490357,-5.1019454884236275
2019-12-08 → 2020-12-08,5085.329901629869,20164.08152590028,10636.509675235173,9933.578789967483,36.81458460175346,32.15285329412804,-4.661731307625416
2019-12-09 → 2020-12-09,5085.329901629869,20164.08152590028,10614.988111875688,9897.853647960148,36.67185684884821,31.915929556026057,-4.75592729282215
2019-12-10 → 2020-12-10,5085.329901629869,20164.08152590028,10592.76049338751,9899.79075528432,36.5244466451255,31.92877615879823,-4.595670486327272
2019-12-11 → 2020-12-11,5085.329901629869,20164.08152590028,10570.17003250639,9902.154703422191,36.37463012553538,31.94445350528403,-4.430176620251352
2019-12-12 → 2020-12-12,5085.329901629869,20164.08152590028,10546.811449789215,9829.112562969818,36.219719538112635,31.46004907796522,-4.759670460147415
2019-12-13 → 2020-12-13,5085.329901629869,20164.08152590028,10523.153621738917,9790.25591187452,36.062824400903665,31.202357645255656,-4.860466755648009
2019-12-14 → 2020-12-14,5085.329901629869,20164.08152590028,10499.671606646985,9767.738260199954,35.90709522864158,31.053023985310485,-4.854071243331095
2019-12-15 → 2020-12-15,5085.329901629869,20164.08152590028,10475.159175514988,9741.326752172954,35.74453249305979,30.877866859010396,-4.866665634049397
2019-12-16 → 2020-12-16,4679.299457808105,20164.08152590028,10449.592817541467,9605.400339644902,37.26428524702058,31.812529618918457,-5.4517556281021236
2019-12-17 → 2020-12-17,4388.030478306353,20164.08152590028,10421.958502611838,9513.00950554668,38.247391607076125,32.485816709004375,-5.76157489807175
2019-12-18 → 2020-12-18,4338.627336619999,20164.08152590028,10392.55157661991,9490.23077084486,38.25434750618829,32.55264191857705,-5.701705587611237
2019-12-19 → 2020-12-19,4191.681658854675,20164.08152590028,10366.568306788744,9457.693119367848,38.65972990492273,32.96944419340549,-5.690285711517241
2019-12-20 → 2020-12-20,4191.681658854675,20164.08152590028,10340.01964497684,9458.9560052209,38.493514044858514,32.977350869068275,-5.51616317579024
2019-12-21 → 2020-12-21,4191.681658854675,20164.08152590028,10313.971392596799,9478.51074216119,38.33043114813125,33.09977916477252,-5.230651983358726
2019-12-22 → 2020-12-22,4191.681658854675,20164.08152590028,10287.280078419064,9428.712225090592,38.16332217014477,32.78800061248782,-5.375321557656946
2019-12-23 → 2020-12-23,4191.681658854675,20164.08152590028,10262.540172420282,9444.795675196783,38.00843056835219,32.8886958758175,-5.119734692534692
2019-12-24 → 2020-12-24,4191.681658854675,20164.08152590028,10236.818405195741,9409.537904611647,37.84739172986424,32.667954028138865,-5.1794377017253765
2019-12-25 → 2020-12-25,4053.6435971072774,20164.08152590028,10210.205721875314,9353.666871513225,38.214740977120584,32.89807079007831,-5.316670187042277
2019-12-26 → 2020-12-26,3776.7105818552927,20164.08152590028,10182.605655538575,9270.49979587293,39.09043796931393,33.52453076687097,-5.565907202442965
2019-12-27 → 2020-12-27,3776.7105818552927,20164.08152590028,10155.042222511767,9264.446312128119,38.92223873149279,33.48759083449573,-5.434647896997063
2019-12-28 → 2020-12-28,3698.313887885281,20164.08152590028,10127.469254662983,9235.301398391719,39.045585411605856,33.627266169619894,-5.418319241985962
2019-12-29 → 2020-12-29,3672.257825996902,20164.08152590028,10100.18337642427,9221.881141183389,38.97643867284991,33.65075576947261,-5.325682903377299
2019-12-30 → 2020-12-30,3466.851770511931,20164.08152590028,10072.766324239383,9160.335268836012,39.562937388435124,34.09837189601311,-5.464565492422011
2019-12-31 → 2020-12-31,3445.582199456053,20164.08152590028,10044.464335383418,9143.688060089851,39.47054102810343,34.08263953225101,-5.387901495852425
2020-01-01 → 2021-01-01,3403.5956029317167,20164.08152590028,10015.721897391408,9126.892574735934,39.45068373822286,34.14755991030673,-5.303123827916124
2020-01-02 → 2021-01-02,3122.7866217482774,20164.08152590028,9986.23147292991,9050.61617790899,40.275371618088705,34.78508874766574,-5.490282870422966
2020-01-03 → 2021-01-03,3005.0031524953233,20164.08152590028,9955.195882571908,9017.005558198698,40.50446404422725,35.03686080845369,-5.467603235773559
2020-01-04 → 2021-01-04,3005.0031524953233,20164.08152590028,9926.515991428085,9063.707239974137,40.337322834660455,35.30902974876125,-5.028293085899207
2020-01-05 → 2021-01-05,2940.0372777058974,20164.08152590028,9897.42043201268,9011.323095179554,40.39343521215194,35.24889816809497,-5.144537044056975
2020-01-06 → 2021-01-06,2729.013511226157,20164.08152590028,9867.761830517253,8959.189007911453,40.944768975279075,35.73358871580945,-5.211180259469629
2020-01-07 → 2021-01-07,2550.002284036006,20164.08152590028,9839.622934417941,8921.90682833577,41.38519277837881,36.175064599206166,-5.210128179172642
2020-01-08 → 2021-01-08,2452.4588062512476,20164.08152590028,9812.815135733537,8895.77272450224,41.55664585897492,36.37901518251553,-5.177630676459387
2020-01-09 → 2021-01-09,2452.4588062512476,20164.08152590028,9785.756919513973,8888.49609303691,41.40387489807619,36.33793124808158,-5.065943649994608
2020-01-10 → 2021-01-10,2452.4588062512476,20164.08152590028,9758.009123049405,8910.083869519138,41.24721056017911,36.459816051207376,-4.787394508971737
2020-01-11 → 2021-01-11,2452.4588062512476,20164.08152590028,9732.218690837195,8967.317640150814,41.10159752053594,36.782958495790844,-4.318639024745096
2020-01-12 → 2021-01-12,2452.4588062512476,20164.08152590028,9706.3769221402,8990.814376910666,40.955694634583395,36.91562130784243,-4.040073326740966
2020-01-13 → 2021-01-13,2452.4588062512476,20164.08152590028,9680.309186035485,8913.76409318923,40.80851593437432,36.48059463106053,-4.3279213033137935
2020-01-14 → 2021-01-14,2452.4588062512476,20164.08152590028,9653.73905619016,8875.693560017811,40.65850071405321,36.26564801790135,-4.392852696151863
2020-01-15 → 2021-01-15,2452.4588062512476,20164.08152590028,9630.30367970192,8917.602697126884,40.52618434271225,36.502267427497166,-4.023916915215082
2020-01-16 → 2021-01-16,2452.4588062512476,20164.08152590028,9606.912112916625,8906.725771077003,40.39411532139472,36.44085619363086,-3.9532591277638645
2020-01-17 → 2021-01-17,2452.4588062512476,20164.08152590028,9583.213951466681,8887.612987685055,40.260315263517164,36.332945226383664,-3.9273700371334996
2020-01-18 → 2021-01-18,2452.4588062512476,20164.08152590028,9560.087310283061,8860.08427337293,40.12974201481103,36.17751782852257,-3.9522241862884613
2020-01-19 → 2021-01-19,2452.4588062512476,20164.08152590028,9537.084911057753,8843.64572128789,39.99987023745101,36.08470559812878,-3.915164639322235
2020-01-20 → 2021-01-20,2452.4588062512476,20164.08152590028,9513.391968022279,8833.097616103358,39.86609964279404,36.02515089017517,-3.8409487526188713
2020-01-21 → 2021-01-21,2452.4588062512476,20164.08152590028,9490.62448036361,8922.106904597305,39.73755417850176,36.52769822817375,-3.209855950328013
2020-01-22 → 2021-01-22,2452.4588062512476,20164.08152590028,9467.676070589803,8854.766955652685,39.6079872261279,36.14749619919808,-3.460491026929816
2020-01-23 → 2021-01-23,2452.4588062512476,20164.08152590028,9444.673238138519,8858.842726213104,39.47811300276967,36.17050804077202,-3.3076049619976473
2020-01-24 → 2021-01-24,2452.4588062512476,20164.08152590028,9420.56272984159,8834.944333309797,39.34198483044709,36.03557747409506,-3.3064073563520324
2020-01-25 → 2021-01-25,2452.4588062512476,20164.08152590028,9396.619515124241,8819.862203267887,39.20680119935728,35.95042361619824,-3.2563775831590362
2020-01-26 → 2021-01-26,2452.4588062512476,20164.08152590028,9372.31466032664,8803.398884093975,39.06957574473737,35.857471550571596,-3.212104194165775
2020-01-27 → 2021-01-27,2452.4588062512476,20164.08152590028,9349.509715380098,8860.400728546047,38.94081879622106,36.17930453761255,-2.761514258608507
2020-01-28 → 2021-01-28,2452.4588062512476,20164.08152590028,9327.031751066337,8768.617401527274,38.813907983645855,35.66109495020445,-3.1528130334414044
2020-01-29 → 2021-01-29,2452.4588062512476,20164.08152590028,9305.699775377481,8738.66363908429,38.69346743437202,35.49197570620795,-3.201491728164065
2020-01-30 → 2021-01-30,2452.4588062512476,20164.08152590028,9284.370955399618,8709.027319257946,38.573044702274174,35.324648746417495,-3.2483959558566795
2020-01-31 → 2021-01-31,2452.4588062512476,20164.08152590028,9263.933457668096,8713.088252265432,38.457654384543154,35.34757681501835,-3.1100775695248046
2020-02-01 → 2021-02-01,2452.4588062512476,20164.08152590028,9242.93063814407,8671.938756448155,38.33907225428625,35.11524634779568,-3.2238259064905677
2020-02-02 → 2021-02-02,2452.4588062512476,20164.08152590028,9221.54223219656,8597.170256761614,38.21831309920453,34.693102646622584,-3.5252104525819448
2020-02-03 → 2021-02-03,2452.4588062512476,20164.08152590028,9199.617884240497,8526.651795510472,38.09452801015259,34.29495470519817,-3.7995733049544143
2020-02-04 → 2021-02-04,2452.4588062512476,20164.08152590028,9177.593955115479,8508.095120141577,37.970180684819226,34.19018352944188,-3.7799971553773446
2020-02-05 → 2021-02-05,2452.4588062512476,20164.08152590028,9155.014516756213,8463.367210268538,37.84269694876259,33.93764930047246,-3.905047648290129
2020-02-06 → 2021-02-06,2452.4588062512476,20164.08152590028,9133.64014324811,8419.238131892853,37.72201702097489,33.68849608015951,-4.033520940815379
2020-02-07 → 2021-02-07,2452.4588062512476,20164.08152590028,9112.648877688585,8394.271598398173,37.603500124517744,33.54753478096143,-4.055965343556316
2020-02-08 → 2021-02-08,2168.1657981399535,20164.08152590028,9090.753441932347,8242.917271422877,38.46754868446998,33.75627873113493,-4.711269953335055
2020-02-09 → 2021-02-09,2148.3125374280903,20164.08152590028,9069.115327537893,8200.45666065357,38.415250520464824,33.593593074478726,-4.821657445986098
2020-02-10 → 2021-02-10,2148.3125374280903,20164.08152590028,9048.31752176531,8183.100941431578,38.299808288796044,33.49725680799408,-4.8025514808019665
2020-02-11 → 2021-02-11,2087.9947416534974,20164.08152590028,9026.406640028434,8096.390849474019,38.38447989982946,33.23947367334398,-5.145006226485478
2020-02-12 → 2021-02-12,2087.9947416534974,20164.08152590028,9005.61414650392,8063.702033152173,38.2694522737028,33.05863355727232,-5.210818716430474
2020-02-13 → 2021-02-13,2087.9947416534974,20164.08152590028,8985.085190987098,8019.290051511821,38.155882584854474,32.81293888800875,-5.3429436968457225
2020-02-14 → 2021-02-14,2047.9285940596615,20164.08152590028,8964.04433980803,7943.766701529105,38.17651447174929,32.54464747373062,-5.631866998018673
2020-02-15 → 2021-02-15,2047.9285940596615,20164.08152590028,8943.410974594082,7902.7286245075675,38.062619621713644,32.318119925768656,-5.744499695944988
2020-02-16 → 2021-02-16,2034.9861883731633,20164.08152590028,8921.465264282637,7830.261552065995,37.98578444041002,31.966710173875292,-6.01907426653473
2020-02-17 → 2021-02-17,1914.7939987402185,20164.08152590028,8899.303437442177,7742.302585400832,38.27277874989392,31.93280054351516,-6.339978206378756
2020-02-18 → 2021-02-18,1914.7939987402185,20164.08152590028,8876.439167271337,7697.818780448256,38.14749018650858,31.689044150908753,-6.458446035599824
2020-02-19 → 2021-02-19,1791.4564024091771,20164.08152590028,8854.594532134017,7605.391342798597,38.44381563467467,31.644552160136147,-6.799263474538524
2020-02-20 → 2021-02-20,1790.131416857254,20164.08152590028,8831.195032920607,7542.654978591804,38.320903095290234,31.30803952114442,-7.012863574145815
2020-02-21 → 2021-02-21,1739.1087757620262,20164.08152590028,8807.591881830127,7476.060691151008,38.36360141164964,31.136827137754835,-7.226774273894804
2020-02-22 → 2021-02-22,1739.1087757620262,20164.08152590028,8784.556802381436,7468.18753919821,38.23858044276642,31.094096263416155,-7.144484179350265
2020-02-23 → 2021-02-23,1739.1087757620262,20164.08152590028,8762.005402069688,7490.329820210821,38.11618460198246,31.214271643390294,-6.901912958592167
2020-02-24 → 2021-02-24,1739.1087757620262,20164.08152590028,8740.18040397762,7423.721775938804,37.99773124854722,30.852762048910616,-7.144969199636602
2020-02-25 → 2021-02-25,1739.1087757620262,20164.08152590028,8717.66654521274,7391.014025397162,37.87553916137189,30.6752434659244,-7.20029569544749
2020-02-26 → 2021-02-26,1739.1087757620262,20164.08152590028,8694.400302494387,7353.7230754920065,37.74926357315872,30.472849951367497,-7.2764136217912245
2020-02-27 → 2021-02-27,1739.1087757620262,20164.08152590028,8669.377661458228,7303.244419692797,37.61345527984132,30.198881265042953,-7.414574014798365
2020-02-28 → 2021-02-28,1739.1087757620262,20164.08152590028,8644.347227763004,7268.2701692070805,37.477604692518,30.009061443000316,-7.468543249517683
2020-02-29 → 2021-02-28,1739.1087757620262,20164.08152590028,8636.742175467276,7237.060271300874,37.43632890666551,29.83967233003149,-7.596656576634018
2020-03-01 → 2021-03-01,1739.1087757620262,20164.08152590028,8610.41036374004,7115.573264738749,37.29341519881734,29.180311753440062,-8.11310344537728
2020-03-02 → 2021-03-02,1739.1087757620262,20164.08152590028,8584.079821620706,7093.796501420107,37.15050838165998,29.062120190207075,-8.088388191452907
2020-03-03 → 2021-03-03,1739.1087757620262,20164.08152590028,8558.791960709572,7014.051478312148,37.01326062963307,28.629310740828856,-8.383949888804217
2020-03-04 → 2021-03-04,1739.1087757620262,20164.08152590028,8533.269987167123,6995.224443104056,36.874742250862305,28.527128580434884,-8.347613670427421
2020-03-05 → 2021-03-05,1739.1087757620262,20164.08152590028,8507.665855930181,6936.770373626745,36.73577796806981,28.20987400280262,-8.52590396526719
2020-03-06 → 2021-03-06,1739.1087757620262,20164.08152590028,8483.096738282904,6880.915008796047,36.60243113504889,27.906723677490586,-8.695707457558303
2020-03-07 → 2021-03-07,1739.1087757620262,20164.08152590028,8458.574937714639,6780.224447349303,36.46934111152046,27.36023406899991,-9.109107042520545
2020-03-08 → 2021-03-08,1739.1087757620262,20164.08152590028,8433.115149729972,6688.893559792783,36.331160239668286,26.864543308448667,-9.466616931219619
2020-03-09 → 2021-03-09,1739.1087757620262,20164.08152590028,8404.415161303552,6569.40742169357,36.175393450671514,26.216042278245965,-9.95935117242555
2020-03-10 → 2021-03-10,1739.1087757620262,20164.08152590028,8374.682919023257,6486.837280527774,36.014024190138564,25.767899736677347,-10.246124453461217
2020-03-11 → 2021-03-11,1728.6904989897505,20164.08152590028,8344.864203702657,6401.369405032092,35.888437055960125,25.346242448676755,-10.54219460728337
2020-03-12 → 2021-03-12,1728.6904989897505,20164.08152590028,8315.21568716507,6336.752332452161,35.7276131466961,24.995736877704005,-10.731876268992096
2020-03-13 → 2021-03-13,1631.6196365641067,19948.423797973133,8264.580545390927,6177.606959704872,36.212435588526695,24.818670784931644,-11.393764803595051
2020-03-14 → 2021-03-14,1631.6196365641067,19948.423797973133,8220.591528818213,6206.77478236239,35.972278975041725,24.977911569516607,-10.994367405525118
2020-03-15 → 2021-03-15,1631.6196365641067,19948.423797973133,8172.357009710501,6231.970449754133,35.70894417775576,25.11546650087754,-10.59347767687822
2020-03-16 → 2021-03-16,1631.6196365641067,19948.423797973133,8126.204944011018,6228.900507373211,35.456978467510744,25.098706249723087,-10.358272217787658
2020-03-17 → 2021-03-17,1631.6196365641067,18544.31628634285,8076.356980381706,6190.388379956461,38.10591224612257,26.95471241395436,-11.15119983216821
2020-03-18 → 2021-03-18,1631.6196365641067,18544.31628634285,8030.6491083573455,6220.18244047942,37.835654504433826,27.130876281490814,-10.704778222943013
2020-03-19 → 2021-03-19,1631.6196365641067,17151.008342050874,7984.678721500357,6218.319132397679,40.93627143116901,29.55464021731718,-11.381631213851833
2020-03-20 → 2021-03-20,1631.6196365641067,17151.008342050874,7945.326269071738,6238.2078549817,40.682701827524085,29.68279425071019,-10.999907576813893
2020-03-21 → 2021-03-21,1631.6196365641067,17151.008342050874,7905.8293942691935,6235.088063575958,40.42820163069235,29.662691710172368,-10.765509920519982
2020-03-22 → 2021-03-22,1631.6196365641067,17151.008342050874,7866.606139102695,6264.2799389256415,40.175464516422956,29.850791099289186,-10.32467341713377
2020-03-23 → 2021-03-23,1631.6196365641067,16935.209449198446,7824.752901135402,6249.441121048951,40.468500138826045,30.174759915954247,-10.293740222871797
2020-03-24 → 2021-03-24,1631.6196365641067,16935.209449198446,7787.825182285157,6290.90666661399,40.22719911532528,30.445712980383654,-9.781486134941623
2020-03-25 → 2021-03-25,1631.6196365641067,16935.209449198446,7752.797724184143,6297.096590207308,39.99831518332066,30.486160507199926,-9.512154676120737
2020-03-26 → 2021-03-26,1631.6196365641067,16935.209449198446,7716.941086841055,6227.06660864739,39.76401305040878,30.028555576479015,-9.735457473929763
2020-03-27 → 2021-03-27,1631.6196365641067,16935.209449198446,7681.367453378007,6191.8432382398705,39.53156018216947,29.798391472247467,-9.733168709922005
2020-03-28 → 2021-03-28,1631.6196365641067,16935.209449198446,7644.177507224844,6170.411027252087,39.288545656764065,29.658344520844672,-9.630201135919393
2020-03-29 → 2021-03-29,1631.6196365641067,16935.209449198446,7605.079970993519,6127.963262015429,39.03306614698887,29.380973225897822,-9.65209292109105
2020-03-30 → 2021-03-30,1631.6196365641067,15546.337373819915,7563.464715842036,6104.292876502486,42.63000652464387,32.14347085146449,-10.486535673179375
2020-03-31 → 2021-03-31,1631.6196365641067,15546.337373819915,7525.665511647128,6117.038081948613,42.35835743402882,32.23506599329048,-10.123291440738335
2020-04-01 → 2021-04-01,1631.6196365641067,15093.25569882659,7487.834348254267,6110.604314270526,43.50299387536637,33.27221637095455,-10.230777504411819
2020-04-02 → 2021-04-02,1631.6196365641067,15093.25569882659,7451.333854865668,6106.808390134152,43.231849318941165,33.244018281815784,-9.987831037125382
2020-04-03 → 2021-04-03,1631.6196365641067,15093.25569882659,7415.880691523599,6120.918747966479,42.96848487216744,33.34883732288228,-9.619647549285155
2020-04-04 → 2021-04-04,1631.6196365641067,15093.25569882659,7380.108855005532,6098.0931896077145,42.702753156106965,33.17927726158519,-9.523475894521773
2020-04-05 → 2021-04-05,1631.6196365641067,15093.25569882659,7344.930373101917,6083.985239183747,42.44142918522476,33.07447610399397,-9.36695308123079
2020-04-06 → 2021-04-06,1631.6196365641067,15093.25569882659,7309.3999471217685,6080.9648819907225,42.17749079158662,33.052039327520035,-9.125451464066586
2020-04-07 → 2021-04-07,1631.6196365641067,15093.25569882659,7276.818493218168,6101.622329414109,41.93545888883048,33.2054935386415,-8.729965350188984
2020-04-08 → 2021-04-08,1631.6196365641067,15093.25569882659,7243.518945270613,6059.562841356279,41.68809261185241,32.89305389264827,-8.795038719204143
2020-04-09 → 2021-04-09,1631.6196365641067,15093.25569882659,7211.164079187274,6042.496126750089,41.447743920700084,32.766273503346014,-8.68147041735407
2020-04-10 → 2021-04-10,1631.6196365641067,15093.25569882659,7178.314303979816,5999.563771036963,41.20371878842401,32.44734974463974,-8.756369043784275
2020-04-11 → 2021-04-11,1631.6196365641067,15093.25569882659,7143.043526641651,5969.129949414493,40.94170919928468,32.22127156601637,-8.720437633268311
2020-04-12 → 2021-04-12,1631.6196365641067,15093.25569882659,7107.909973871846,5959.261121994365,40.68071898526237,32.14796080813758,-8.532758177124784
2020-04-13 → 2021-04-13,1576.1524772499083,15093.25569882659,7073.065074705563,5913.548699830788,40.66635067697942,32.08820818692358,-8.57814249005584
2020-04-14 → 2021-04-14,1576.1524772499083,15093.25569882659,7037.603137424557,5905.856401429665,40.404002030973665,32.03130029567627,-8.372701735297397
2020-04-15 → 2021-04-15,1576.1524772499083,15093.25569882659,7002.185605582361,5894.686927651481,40.14198189794944,31.948668139991042,-8.1933137579584
2020-04-16 → 2021-04-16,1576.1524772499083,14591.56726247625,6965.384738458025,5902.497614137526,41.40653486760466,33.240163362280285,-8.166371505324378
2020-04-17 → 2021-04-17,1576.1524772499083,14591.56726247625,6931.585042749739,5925.272552100745,41.146845136112944,33.41514770460851,-7.731697431504436
2020-04-18 → 2021-04-18,1576.1524772499083,14591.56726247625,6897.8469744417,5959.699464877525,40.887628900097674,33.67965646860009,-7.207972431497581
2020-04-19 → 2021-04-19,1576.1524772499083,14591.56726247625,6865.123929657574,5962.143711104227,40.63621129010134,33.69843609465916,-6.937775195442185
2020-04-20 → 2021-04-20,1576.1524772499083,14591.56726247625,6831.750099977272,5942.054861428111,40.37979357133464,33.5440894986604,-6.83570407267424
2020-04-21 → 2021-04-21,1576.1524772499083,14555.143086672459,6796.93971815436,5962.729841170221,40.22490960979847,33.79752321213426,-6.427386397664215
2020-04-22 → 2021-04-22,1576.1524772499083,14037.733866748942,6762.437820462988,5996.1281014741835,41.61819580605871,35.46881801011904,-6.149377795939671
2020-04-23 → 2021-04-23,1576.1524772499083,13353.621641529659,6729.445431235339,6019.719225997504,43.75552066495756,37.72938554765761,-6.026135117299951
2020-04-24 → 2021-04-24,1576.1524772499083,13321.888380937227,6698.3941819687725,6037.086990304639,43.60937234346337,37.97918282543979,-5.6301895180235775
2020-04-25 → 2021-04-25,1576.1524772499083,13266.57907527781,6667.577625200296,6053.510302290379,43.552090295911675,38.29935364202852,-5.252736653883154
2020-04-26 → 2021-04-26,1576.1524772499083,13013.939128446851,6636.395159482515,5985.4328820755545,44.241450173430735,38.55011934817147,-5.691330825259264
2020-04-27 → 2021-04-27,1576.1524772499083,12870.179008914301,6605.803218341579,5975.1480253929385,44.53372521297287,38.949753976669236,-5.583971236303633
2020-04-28 → 2021-04-28,1576.1524772499083,12870.179008914301,6575.66010856128,5979.121271993506,44.26683094195457,38.98493404809397,-5.281896893860598
2020-04-29 → 2021-04-29,1576.1524772499083,11639.203928071736,6545.596281107741,5995.245847638374,49.38307061375492,43.9140492522034,-5.469021361551519
2020-04-30 → 2021-04-30,1576.1524772499083,11639.203928071736,6519.144714935463,5963.60024095036,49.12021231176226,43.599575984898074,-5.520636326864185
2020-05-01 → 2021-05-01,1576.1524772499083,11639.203928071736,6492.288786559247,5943.596767040961,48.85333572360746,43.40079459133017,-5.45254113227729
2020-05-02 → 2021-05-02,1576.1524772499083,11639.203928071736,6466.264928861281,5944.319852341521,48.59472770768758,43.40798013841889,-5.1867475692686895
2020-05-03 → 2021-05-03,1576.1524772499083,11639.203928071736,6440.602928463779,5920.050022214367,48.33971559209906,43.166802497166024,-5.172913094933037
2020-05-04 → 2021-05-04,1576.1524772499083,11639.203928071736,6414.978228491875,5937.696832068594,48.08507414365639,43.342164910251824,-4.742909233404568
2020-05-05 → 2021-05-05,1576.1524772499083,11639.203928071736,6388.981338366767,5880.84787410349,47.826734113774265,42.7772372812625,-5.049496832511764
2020-05-06 → 2021-05-06,1576.1524772499083,11639.203928071736,6363.408890184263,5874.686774912165,47.57261190931693,42.71601232160255,-4.856599587714385
2020-05-07 → 2021-05-07,1576.1524772499083,11639.203928071736,6338.689639768668,5852.316600356675,47.32696822423395,42.49371221049994,-4.833256013734008
2020-05-08 → 2021-05-08,1576.1524772499083,11639.203928071736,6316.001877453306,5821.238917448854,47.10151213443618,42.184882596940895,-4.916629537495282
2020-05-09 → 2021-05-09,1576.1524772499083,11639.203928071736,6292.9770764985615,5785.529049821625,46.872706775870064,41.8300213721748,-5.042685403695266
2020-05-10 → 2021-05-10,1576.1524772499083,11639.203928071736,6269.3363699073325,5769.933695117884,46.637780951364824,41.67504497381337,-4.9627359775514535
2020-05-11 → 2021-05-11,1576.1524772499083,11639.203928071736,6242.811728581145,5723.053178869744,46.37419647645865,41.20917717539015,-5.165019301068497
2020-05-12 → 2021-05-12,1576.1524772499083,11355.596269636537,6216.370864699754,5775.2489772857,47.448694281184906,42.93798900204141,-4.510705279143494
2020-05-13 → 2021-05-13,1576.1524772499083,11355.596269636537,6190.917790003152,5790.897141773592,47.18842309156553,43.097999784045946,-4.090423307519586
2020-05-14 → 2021-05-14,1576.1524772499083,11355.596269636537,6167.0760955861515,5775.422296418254,46.94462912001511,42.93976128210388,-4.0048678379112275
2020-05-15 → 2021-05-15,1576.1524772499083,11355.596269636537,6145.007053365835,5798.784125461542,46.71896145742783,43.17864837567741,-3.540313081750419
2020-05-16 → 2021-05-16,1576.1524772499083,11355.596269636537,6121.649529588492,5780.410810248757,46.4801183874822,42.99077148203352,-3.489346905448677
2020-05-17 → 2021-05-17,1576.1524772499083,11355.596269636537,6098.851255076724,5801.3553545950135,46.24699393791467,43.204940557401216,-3.042053380513451
2020-05-18 → 2021-05-18,1576.1524772499083,11355.596269636537,6077.0182728398495,5793.337490532457,46.02374011386926,43.1229536445177,-2.9007864693515586
2020-05-19 → 2021-05-19,1576.1524772499083,11355.596269636537,6056.186987842252,5869.802295063134,45.81072917541676,43.90484682938579,-1.905882346030971
2020-05-20 → 2021-05-20,1576.1524772499083,11355.596269636537,6034.872845304789,5774.140763490555,45.59278076250133,42.926656928166125,-2.6661238343352025
2020-05-21 → 2021-05-21,1576.1524772499083,11355.596269636537,6013.509683212957,5818.066543126378,45.37433109864146,43.375821324100585,-1.998509774540878
2020-05-22 → 2021-05-22,1576.1524772499083,11355.596269636537,5990.639986648738,5777.381629442532,45.14047632070387,42.95979650154862,-2.1806798191552517
2020-05-23 → 2021-05-23,1576.1524772499083,11355.596269636537,5968.675032527176,5827.734957243749,44.915873014136864,43.47468598678106,-1.4411870273558023
2020-05-24 → 2021-05-24,1576.1524772499083,11355.596269636537,5945.996704403834,5718.509355464694,44.68397508001307,42.35779627303182,-2.326178806981247
2020-05-25 → 2021-05-25,1576.1524772499083,11318.443294354383,5922.109907040063,5701.858635590789,44.609194196502386,42.34841923521115,-2.260774961291233
2020-05-26 → 2021-05-26,1576.1524772499083,11318.443294354383,5898.413167473644,5670.889949069912,44.365958390763396,42.03054033894062,-2.335418051822778
2020-05-27 → 2021-05-27,1576.1524772499083,11108.438152828967,5874.583186706417,5669.571518453338,45.093389515892696,42.94268112096595,-2.1507083949267454
2020-05-28 → 2021-05-28,1576.1524772499083,11108.438152828967,5852.460239496739,5721.74677863883,44.861305124356306,43.490034210888126,-1.3712709134681802
2020-05-29 → 2021-05-29,1576.1524772499083,11108.438152828967,5831.783015915834,5729.068290629133,44.64438733270978,43.56684172840789,-1.0775456043018963
2020-05-30 → 2021-05-30,1576.1524772499083,11108.438152828967,5810.480113700058,5684.242049995368,44.42090575713811,43.09658472857198,-1.3243210285661249
2020-05-31 → 2021-05-31,1576.1524772499083,11108.438152828967,5789.611001337231,5632.372962348461,44.20197492487936,42.552443591679804,-1.6495313331995547
2020-06-01 → 2021-06-01,1576.1524772499083,11108.438152828967,5768.101835908678,5618.948453435291,43.97632951138051,42.41161158800242,-1.5647179233780903
2020-06-02 → 2021-06-02,1576.1524772499083,11108.438152828967,5748.571872966346,5585.504249800359,43.77144724487052,42.060759706584165,-1.7106875382863578
2020-06-03 → 2021-06-03,1576.1524772499083,11108.438152828967,5726.825870681726,5521.728386532472,43.54331725564527,41.391708595041464,-2.151608660603806
2020-06-04 → 2021-06-04,1576.1524772499083,11108.438152828967,5705.897392647184,5539.611865032999,43.32376363810987,41.57931814755775,-1.744445490552117
2020-06-05 → 2021-06-05,1576.1524772499083,11108.438152828967,5685.771454174632,5544.134156162709,43.11262919294617,41.62675998138041,-1.4858692115657632
2020-06-06 → 2021-06-06,1576.1524772499083,11108.438152828967,5665.083191516461,5510.161687805791,42.895595594056324,41.27036625260293,-1.625229341453391
2020-06-07 → 2021-06-07,1576.1524772499083,11108.438152828967,5644.926043729577,5525.123515186796,42.68413374248252,41.42732574679157,-1.2568079956909557
2020-06-08 → 2021-06-08,1576.1524772499083,11108.438152828967,5625.058128776277,5506.289206286705,42.47570613519627,41.229741352648375,-1.245964782547894
2020-06-09 → 2021-06-09,1576.1524772499083,11108.438152828967,5604.4013684345655,5410.253921707249,42.25900301650321,40.22226751218753,-2.036735504315679
2020-06-10 → 2021-06-10,1576.1524772499083,11108.438152828967,5583.882022986188,5391.4011337323955,42.043741471195695,40.02448926029194,-2.019252210903751
2020-06-11 → 2021-06-11,1576.1524772499083,11108.438152828967,5563.5990001846685,5357.769111807091,41.830959107218895,39.671667040417994,-2.1592920668009015
2020-06-12 → 2021-06-12,1576.1524772499083,11108.438152828967,5541.808614613924,5347.448733524116,41.60236350788043,39.5633994261834,-2.0389640816970314
2020-06-13 → 2021-06-13,1576.1524772499083,11108.438152828967,5519.934024154866,5279.5223066530525,41.37288454340606,38.85080614915767,-2.522078394248389
2020-06-14 → 2021-06-14,1576.1524772499083,11108.438152828967,5497.809738926552,5235.958038029745,41.1407861151666,38.39378807284344,-2.746998042323156
2020-06-15 → 2021-06-15,1576.1524772499083,11108.438152828967,5475.35327413323,5213.375069254423,40.90520290293814,38.156877749927105,-2.748325153011038
2020-06-16 → 2021-06-16,1576.1524772499083,11108.438152828967,5453.55450015907,5216.803020900125,40.676519303683385,38.19283923662997,-2.483680067053413
2020-06-17 → 2021-06-17,1576.1524772499083,11108.438152828967,5432.041353356377,5197.01003531405,40.450832122928745,37.98519768811047,-2.465634434818277
2020-06-18 → 2021-06-18,1576.1524772499083,11108.438152828967,5410.7750260658195,5202.618304887343,40.22773424258468,38.044032156192564,-2.183702086392117
2020-06-19 → 2021-06-19,1576.1524772499083,11108.438152828967,5389.361990480833,5180.800387346962,40.003097294912784,37.81514772822923,-2.1879495666835567
2020-06-20 → 2021-06-20,1576.1524772499083,11108.438152828967,5367.613586574808,5156.896581767314,39.774942111085856,37.56438095105544,-2.210561160030416
2020-06-21 → 2021-06-21,1576.1524772499083,11108.438152828967,5347.029472397678,5193.531193183301,39.55900109884925,37.948702326461145,-1.6102987723881057
2020-06-22 → 2021-06-22,1576.1524772499083,11108.438152828967,5326.03660823468,5161.608451450339,39.33877202811568,37.61381158965974,-1.7249604384559376
2020-06-23 → 2021-06-23,1576.1524772499083,11108.438152828967,5305.953577702513,5127.299397330423,39.1280877157097,37.25388685295348,-1.8742008627562186
2020-06-24 → 2021-06-24,1576.1524772499083,11108.438152828967,5285.410673497473,5087.0803780827155,38.91257902341705,36.83196266166801,-2.080616361749044
2020-06-25 → 2021-06-25,1576.1524772499083,11108.438152828967,5264.63297834986,5096.068611446757,38.69460721838771,36.92625519202166,-1.7683520263660526
2020-06-26 → 2021-06-26,1576.1524772499083,11108.438152828967,5243.653570104985,5071.353720731546,38.47451930916125,36.66697959374066,-1.8075397154205888
2020-06-27 → 2021-06-27,1576.1524772499083,11108.438152828967,5221.741834537209,5020.137937156556,38.244650667856135,36.12969204993362,-2.114958617922518
2020-06-28 → 2021-06-28,1576.1524772499083,11029.382532855976,5199.338971629953,5000.380169895632,38.327497300580134,36.222832539815826,-2.104664760764308
2020-06-29 → 2021-06-29,1576.1524772499083,11029.382532855976,5176.9444832748995,4970.446769259086,38.09059956061904,35.90618520911011,-2.184414351508927
2020-06-30 → 2021-06-30,1576.1524772499083,11029.382532855976,5154.9871067307995,4959.37338344675,37.85832576198152,35.78904656182026,-2.0692792001612617
2020-07-01 → 2021-07-01,1576.1524772499083,11029.382532855976,5133.261560933807,4952.124904652396,37.62850436052193,35.712369291176074,-1.9161350693458559
2020-07-02 → 2021-07-02,1576.1524772499083,11029.382532855976,5111.783777885025,4932.164370201588,37.40130389123848,35.50121887662574,-1.9000850146127348
2020-07-03 → 2021-07-03,1576.1524772499083,11029.382532855976,5089.639964742044,4906.099828769338,37.16705789264618,35.22549786614645,-1.9415600264997295
2020-07-04 → 2021-07-04,1576.1524772499083,11013.684039957561,5067.232923992674,4884.364891310269,36.991457178673166,35.05378914050726,-1.9376680381659028
2020-07-05 → 2021-07-05,1576.1524772499083,11013.684039957561,5045.351477098767,4875.8996630148595,36.759601563160615,34.964091657228266,-1.7955099059323487
2020-07-06 → 2021-07-06,1576.1524772499083,10949.793506880562,5023.266248542662,4858.331992625153,36.774544282165444,35.014990493022665,-1.7595537891427782
2020-07-07 → 2021-07-07,1576.1524772499083,10949.793506880562,5002.062022727082,4845.72423409747,36.5483330826054,34.880488238372315,-1.6678448442330875
2020-07-08 → 2021-07-08,1576.1524772499083,10949.793506880562,4980.856191597073,4830.440028488114,36.32210475720895,34.71743307591152,-1.6046716812974253
2020-07-09 → 2021-07-09,1576.1524772499083,10949.793506880562,4959.952472175595,4811.827574097859,36.09909942389823,34.51887144621587,-1.5802279776823625
2020-07-10 → 2021-07-10,1576.1524772499083,10949.793506880562,4938.484571174543,4791.707046266218,35.87007528127114,34.3042213676814,-1.5658539135897414
2020-07-11 → 2021-07-11,1576.1524772499083,10949.793506880562,4917.03425895425,4775.101946122258,35.641238779505315,34.12707462084663,-1.5141641586586871
2020-07-12 → 2021-07-12,1576.1524772499083,10949.793506880562,4895.701226203329,4750.225957744448,35.41365344011066,33.8616922758307,-1.551961164279959
2020-07-13 → 2021-07-13,1576.1524772499083,10949.793506880562,4874.658144541455,4720.271047728626,35.18916136072171,33.542126912476874,-1.6470344482448382
2020-07-14 → 2021-07-14,1576.1524772499083,10949.793506880562,4853.408067295073,4689.670102275995,34.96246100832707,33.215669505414894,-1.746791502912174
2020-07-15 → 2021-07-15,1576.1524772499083,10949.793506880562,4832.520333126277,4661.614308316115,34.739626209098375,32.91636431684202,-1.8232618922563546
2020-07-16 → 2021-07-16,1576.1524772499083,10949.793506880562,4811.497483461398,4633.299338971197,34.515349968964735,32.614294190032034,-1.901055778932701
2020-07-17 → 2021-07-17,1576.1524772499083,10921.24083746441,4790.240610348386,4606.198169220654,34.3933412848405,32.42393838533161,-1.9694028995088928
2020-07-18 → 2021-07-18,1576.1524772499083,10908.467459428333,4769.018115389024,4581.072798730942,34.213007643188355,32.19908808499733,-2.013919558191027
2020-07-19 → 2021-07-19,1576.1524772499083,10908.467459428333,4748.08880093769,4557.735050918548,33.98874051877922,31.949013501606593,-2.0397270171726234
2020-07-20 → 2021-07-20,1576.1524772499083,10908.467459428333,4727.630097351305,4536.261823179544,33.76951620385357,31.718918098911647,-2.0505981049419226
2020-07-21 → 2021-07-21,1576.1524772499083,10651.2444034891,4706.331984773298,4512.808138771062,34.49198678057433,32.35951421087294,-2.1324725697013918
2020-07-22 → 2021-07-22,1576.1524772499083,10491.795099730549,4685.68735011537,4493.835447938,34.87729381418701,32.725436563946644,-2.1518572502403686
2020-07-23 → 2021-07-23,1576.1524772499083,10473.287081753417,4665.191917540769,4473.630857084359,34.719486414505475,32.56642175974071,-2.153064654764762
2020-07-24 → 2021-07-24,1576.1524772499083,10473.287081753417,4644.754973258077,4453.586445240362,34.48978387328117,32.34113111578607,-2.1486527574950998
2020-07-25 → 2021-07-25,1576.1524772499083,10306.672153889524,4623.919176538683,4433.747064526294,34.909338872962294,32.73109383078873,-2.1782450421735646
2020-07-26 → 2021-07-26,1576.1524772499083,10066.533186518165,4603.055588779411,4416.54108953907,35.65097037669087,33.45419610204924,-2.1967742746416334
2020-07-27 → 2021-07-27,1576.1524772499083,9892.53203295156,4582.534486972031,4401.258861063191,36.15012986824259,33.97038777380488,-2.1797420944377066
2020-07-28 → 2021-07-28,1576.1524772499083,9892.53203295156,4564.6415139562905,4389.979111076322,35.93497647251436,33.83475483508053,-2.100221637433826
2020-07-29 → 2021-07-29,1576.1524772499083,9892.53203295156,4546.4931838017455,4367.848491733217,35.716752544265404,33.56864601699596,-2.148106527269441
2020-07-30 → 2021-07-30,1576.1524772499083,9892.53203295156,4528.4514056158505,4347.408502190685,35.49980984624333,33.32286611474849,-2.1769437314948377
2020-07-31 → 2021-07-31,1576.1524772499083,9892.53203295156,4510.452364198587,4326.682355128716,35.283381034923345,33.07364532193656,-2.2097357129867845
2020-08-01 → 2021-08-01,1576.1524772499083,9892.53203295156,4493.190606730852,4307.476366264263,35.07581766732908,32.84270361544259,-2.2331140518864956
2020-08-02 → 2021-08-02,1576.1524772499083,9892.53203295156,4476.982806562738,4287.452168669407,34.88092757050802,32.60192338817257,-2.2790041823354485
2020-08-03 → 2021-08-03,1576.1524772499083,9892.53203295156,4459.490630325031,4261.242868320249,34.67059354089156,32.28677062038927,-2.38382292050229
2020-08-04 → 2021-08-04,1576.1524772499083,9892.53203295156,4442.043423359804,4241.324071856323,34.460800242637575,32.04725778514031,-2.4135424574972646
2020-08-05 → 2021-08-05,1576.1524772499083,9892.53203295156,4424.327692802933,4220.891269752431,34.24777809233509,31.801564307984336,-2.4462137843507534
2020-08-06 → 2021-08-06,1576.1524772499083,9892.53203295156,4407.403099940478,4202.916574993764,34.04426894813241,31.585428252164903,-2.4588406959675098
2020-08-07 → 2021-08-07,1576.1524772499083,9892.53203295156,4390.330089831865,4180.7692361516965,33.83897516621372,31.31911839108018,-2.5198567751335403
2020-08-08 → 2021-08-08,1576.1524772499083,9892.53203295156,4372.987748372205,4158.433379563774,33.63044281937332,31.05054170529617,-2.5799011140771526
2020-08-09 → 2021-08-09,1576.1524772499083,9892.53203295156,4355.626343747387,4137.4902601906415,33.421681248204834,30.79871193691127,-2.622969311293563
2020-08-10 → 2021-08-10,1576.1524772499083,9892.53203295156,4338.241314066349,4116.0214217516495,33.21263559841701,30.540560678960656,-2.672074919456353
2020-08-11 → 2021-08-11,1576.1524772499083,9892.53203295156,4321.205741291608,4095.272442632187,33.007791980342105,30.291065342913402,-2.716726637428703
2020-08-12 → 2021-08-12,1576.1524772499083,9892.53203295156,4303.3761431569665,4071.758138843892,32.793400633540024,30.008318462124713,-2.7850821714153113
2020-08-13 → 2021-08-13,1576.1524772499083,9892.53203295156,4285.498387630539,4052.338467309526,32.57843021995217,29.774807336227965,-2.803622883724202
2020-08-14 → 2021-08-14,1576.1524772499083,9892.53203295156,4268.089544144989,4033.284324948955,32.36909822194813,29.545691502433346,-2.8234067195147823
2020-08-15 → 2021-08-15,1576.1524772499083,9892.53203295156,4250.688730934941,4012.457909807649,32.15986278369642,29.29526503979038,-2.864597743906039
2020-08-16 → 2021-08-16,1576.1524772499083,9892.53203295156,4233.606332481568,3992.145841169796,31.954456111971556,29.051023317754893,-2.9034327942166627
2020-08-17 → 2021-08-17,1576.1524772499083,9892.53203295156,4216.756107200464,3971.105965612589,31.75184119801478,28.798030108194343,-2.9538110898204373
2020-08-18 → 2021-08-18,1576.1524772499083,9892.53203295156,4200.649009370113,3950.346318200155,31.558161992749216,28.548406491650763,-3.0097555010984536
2020-08-19 → 2021-08-19,1576.1524772499083,9892.53203295156,4183.72375883005,3924.4147938642873,31.35464494032634,28.236593831319627,-3.1180511090067142
2020-08-20 → 2021-08-20,1576.1524772499083,9892.53203295156,4165.993322842174,3900.1336444931667,31.14144596510977,27.944626044033228,-3.1968199210765427
2020-08-21 → 2021-08-21,1576.1524772499083,9892.53203295156,4148.538500215528,3878.8480996412127,30.931561092615233,27.6886787930764,-3.2428822995388344
2020-08-22 → 2021-08-22,1576.1524772499083,9892.53203295156,4130.3657668468295,3855.0837176038253,30.71304372881551,27.40292485558211,-3.3101188732333995
2020-08-23 → 2021-08-23,1576.1524772499083,9892.53203295156,4112.487443837242,3834.7314342774152,30.498066491547277,27.158199573503605,-3.339866918043672
2020-08-24 → 2021-08-24,1576.1524772499083,9892.53203295156,4094.7670902711343,3813.0320908106924,30.28498875204032,26.897276616327538,-3.387712135712782
2020-08-25 → 2021-08-25,1576.1524772499083,9892.53203295156,4077.132006686143,3790.854929751191,30.07293633828414,26.630608159086467,-3.4423281791976734
2020-08-26 → 2021-08-26,1576.1524772499083,9892.53203295156,4058.867150759888,3766.6844709783804,29.853311250180347,26.33997136682703,-3.513339883353318
2020-08-27 → 2021-08-27,1576.1524772499083,9892.53203295156,4040.6211420133113,3745.660590436766,29.633912789295202,26.087170488743006,-3.5467423005521965
2020-08-28 → 2021-08-28,1576.1524772499083,9892.53203295156,4022.066220488803,3723.558225188266,29.41079981807701,25.82140141097951,-3.589398407097498
2020-08-29 → 2021-08-29,1576.1524772499083,9892.53203295156,4003.946958951043,3703.443871647231,29.192925424341126,25.579537106851586,-3.613388317489541
2020-08-30 → 2021-08-30,1576.1524772499083,9892.53203295156,3985.9670095742918,3681.420336620198,28.976726184559865,25.314715920185883,-3.6620102643739827
2020-08-31 → 2021-08-31,1576.1524772499083,9892.53203295156,3968.398768666491,3659.625217190119,28.765477518116345,25.052641308462125,-3.7128362096542205
2020-09-01 → 2021-09-01,1576.1524772499083,9892.53203295156,3950.614661348135,3635.1395316794224,28.551633173961044,24.758214083890472,-3.7934190900705715
2020-09-02 → 2021-09-02,1576.1524772499083,9892.53203295156,3933.323880751633,3610.8270968435518,28.343720818822714,24.46587010568421,-3.8778507131385034
2020-09-03 → 2021-09-03,1576.1524772499083,9892.53203295156,3914.8671145925064,3580.810347986643,28.12178811318432,24.104934813399126,-4.016853299785193
2020-09-04 → 2021-09-04,1576.1524772499083,9892.53203295156,3893.714253413394,3550.809996793507,27.867436312170017,23.744196694218786,-4.123239617951231
2020-09-05 → 2021-09-05,1576.1524772499083,9892.53203295156,3872.9031885245536,3531.6690243395483,27.617194428073084,23.514036775160793,-4.103157652912291
2020-09-06 → 2021-09-06,1576.1524772499083,9892.53203295156,3851.118173506191,3509.5309221221737,27.35524131647626,23.247837979529866,-4.107403336946394
2020-09-07 → 2021-09-07,1576.1524772499083,9892.53203295156,3830.3020903519764,3492.2499103151413,27.104939090431955,23.040043088841106,-4.064896001590849
2020-09-08 → 2021-09-08,1576.1524772499083,9892.53203295156,3809.864633421023,3473.4571320791956,26.859189641479237,22.81407001834721,-4.045119623132027
2020-09-09 → 2021-09-09,1576.1524772499083,9781.757822849786,3788.718123262697,3452.6808347333254,26.96407580946165,22.868859498460704,-4.0952163110009465
2020-09-10 → 2021-09-10,1576.1524772499083,9772.019213192432,3768.095490769475,3435.681403564135,26.74449309805052,22.688618375886527,-4.055874722163992
2020-09-11 → 2021-09-11,1576.1524772499083,9772.019213192432,3747.716145630805,3418.149373412141,26.495839163143337,22.474705305837347,-4.0211338573059905
2020-09-12 → 2021-09-12,1576.1524772499083,9772.019213192432,3727.3281980948996,3400.0442341372222,26.24708026804692,22.253799575446205,-3.993280692600713
2020-09-13 → 2021-09-13,1576.1524772499083,9772.019213192432,3707.222524060775,3382.4081551004083,26.001765468747507,22.03861697664342,-3.963148492104086
2020-09-14 → 2021-09-14,1576.1524772499083,9772.019213192432,3686.564279945208,3363.9067619586795,25.749708611539578,21.812876445009444,-3.9368321665301345
2020-09-15 → 2021-09-15,1576.1524772499083,9772.019213192432,3666.6124546084675,3348.5675714838944,25.506270962056544,21.625718808495957,-3.8805521535605862
2020-09-16 → 2021-09-16,1576.1524772499083,9772.019213192432,3646.98184429588,3331.1969455779663,25.26675254448029,21.413775075568356,-3.8529774689119343
2020-09-17 → 2021-09-17,1576.1524772499083,9772.019213192432,3627.8585082356312,3313.624923762206,25.03342351807746,21.19937405634852,-3.834049461728938
2020-09-18 → 2021-09-18,1576.1524772499083,9772.019213192432,3608.5433433008025,3294.081963233589,24.79775393538252,20.9609250776345,-3.8368288577480207
2020-09-19 → 2021-09-19,1576.1524772499083,9772.019213192432,3589.3094652437294,3275.0343333136216,24.56307615599985,20.72851976244758,-3.834556393552269
2020-09-20 → 2021-09-20,1576.1524772499083,9772.019213192432,3571.0118742940153,3256.944725071652,24.339822270361726,20.507803530415174,-3.8320187399465517
2020-09-21 → 2021-09-21,1576.1524772499083,9772.019213192432,3552.736011247934,3236.5472869030027,24.116833492787617,20.258928837526412,-3.857904655261205
2020-09-22 → 2021-09-22,1576.1524772499083,9772.019213192432,3532.873455115554,3214.6665536499886,23.8744850411556,19.991956057734157,-3.8825289834214445
2020-09-23 → 2021-09-23,1576.1524772499083,9772.019213192432,3512.9916084660103,3197.281956644453,23.631901220675054,19.779841859618955,-3.8520593610560994
2020-09-24 → 2021-09-24,1576.1524772499083,9473.54969553333,3492.6753484434817,3179.3616593979664,24.26777858857844,20.30047543305074,-3.967303155527702
2020-09-25 → 2021-09-25,1576.1524772499083,9473.54969553333,3473.626634858563,3165.9488074666115,24.026576163799575,20.130636541063605,-3.8959396227359697
2020-09-26 → 2021-09-26,1576.1524772499083,9473.54969553333,3454.387258371187,3148.284680986989,23.782959489145867,19.906966311602083,-3.8759931775437835
2020-09-27 → 2021-09-27,1576.1524772499083,9473.54969553333,3435.381499178394,3131.649883424227,23.542300970048053,19.696329856286777,-3.8459711137612764
2020-09-28 → 2021-09-28,1576.1524772499083,9473.54969553333,3416.6139802530197,3114.9478898685697,23.30465914443587,19.484842538452614,-3.819816605983256
2020-09-29 → 2021-09-29,1576.1524772499083,9473.54969553333,3397.735211262173,3097.956532000854,23.06560862603039,19.269691174046397,-3.7959174519839927
2020-09-30 → 2021-09-30,1576.1524772499083,9473.54969553333,3378.7733191954685,3081.3591081512304,22.825505570015867,19.059527959624322,-3.7659776103915448
2020-10-01 → 2021-10-01,1576.1524772499083,9473.54969553333,3359.0927829020325,3063.3658016775025,22.576302753575618,18.83168952151118,-3.744613232064438
2020-10-02 → 2021-10-02,1576.1524772499083,9473.54969553333,3339.0498993974406,3046.1206645963844,22.322511751925227,18.61332470327469,-3.709187048650538
2020-10-03 → 2021-10-03,1576.1524772499083,9473.54969553333,3318.869387246325,3030.248077596908,22.066978041345298,18.412339662751094,-3.6546383785942034
2020-10-04 → 2021-10-04,1576.1524772499083,9437.190896860331,3298.5287344661474,3015.032741431056,21.910289268139675,18.303946468340193,-3.6063427997994815
2020-10-05 → 2021-10-05,1576.1524772499083,9437.190896860331,3278.210811327936,3000.723280303256,21.65182566506752,18.12191630433409,-3.5299093607334306
2020-10-06 → 2021-10-06,1576.1524772499083,9437.190896860331,3257.7781059319327,2986.359404304065,21.39190192083252,17.93919393061615,-3.4527079902163713
2020-10-07 → 2021-10-07,1576.1524772499083,9374.53619995802,3237.071458427934,2971.687640374088,21.29824640895262,17.895184601656897,-3.403061807295721
2020-10-08 → 2021-10-08,1576.1524772499083,9172.183505682702,3216.5239120796136,2959.05261888482,21.595112351300457,18.205562042316068,-3.38955030898439
2020-10-09 → 2021-10-09,1576.1524772499083,9030.07619321888,3196.430024950192,2947.4080513181198,21.7372434900168,18.396426181964962,-3.3408173080518395
2020-10-10 → 2021-10-10,1576.1524772499083,8847.322761646454,3176.752523865961,2935.538428692263,22.012963305932136,18.69555928788393,-3.3174040180482045
2020-10-11 → 2021-10-11,1576.1524772499083,8819.129825518316,3157.3487188097665,2923.5851716441675,21.830749504385487,18.60329847250444,-3.2274510318810457
2020-10-12 → 2021-10-12,1576.1524772499083,8819.129825518316,3138.1978780642207,2911.102688480848,21.56634386255196,18.43095935610083,-3.135384506451132
2020-10-13 → 2021-10-13,1576.1524772499083,8819.129825518316,3119.30308514093,2898.7598533480746,21.305473339081278,18.260548287015762,-3.0449250520655156
2020-10-14 → 2021-10-14,1576.1524772499083,8819.129825518316,3100.1706811749837,2885.415970619456,21.041322244220815,18.0763162773463,-2.9650059668745143
2020-10-15 → 2021-10-15,1576.1524772499083,8819.129825518316,3080.6861390959234,2872.8706942113486,20.772309362609107,17.903110207454247,-2.8691991551548597
2020-10-16 → 2021-10-16,1576.1524772499083,8819.129825518316,3061.416934835127,2861.414642189143,20.50626953762742,17.744942488968363,-2.7613270486590586
2020-10-17 → 2021-10-17,1576.1524772499083,8800.646010252805,3041.766349759093,2849.47343408297,20.2867351990001,17.62505497466754,-2.66168022433256
2020-10-18 → 2021-10-18,1576.1524772499083,8703.506092897267,3022.1293395798057,2839.3086144950908,20.28771042249688,17.722652829684996,-2.5650575928118826
2020-10-19 → 2021-10-19,1555.430138450808,8513.672811735767,3002.599077409187,2830.2643966961373,20.79790842182824,18.321210082825193,-2.476698339003047
2020-10-20 → 2021-10-20,1513.7341883084346,8382.61103570958,2983.473562044631,2822.3402311138207,21.397084361648954,19.051237514914828,-2.3458468467341262
2020-10-21 → 2021-10-21,1513.7341883084346,7783.015373161113,2964.9506768539036,2814.8561845751256,23.148052316616123,20.753926293980165,-2.394126022635959
2020-10-22 → 2021-10-22,1513.7341883084346,7719.963155662358,2948.1830510347586,2809.3211214622206,23.113050940785914,20.875590313680775,-2.23746062710514
2020-10-23 → 2021-10-23,1513.7341883084346,7719.963155662358,2931.6225679809395,2799.647591700516,22.846214458585038,20.71972223642179,-2.1264922221632467
2020-10-24 → 2021-10-24,1513.7341883084346,7667.74669788406,2915.0187568966508,2789.55584880473,22.770258695571734,20.73154155132315,-2.038717144248583
2020-10-25 → 2021-10-25,1513.7341883084346,7667.74669788406,2898.5187244843273,2780.2342327986808,22.502140416860904,20.58006938594252,-1.922071030918385
2020-10-26 → 2021-10-26,1513.7341883084346,7644.876426807446,2882.092624661438,2770.630718012292,22.3181649213866,20.50020177009567,-1.817963151290929
2020-10-27 → 2021-10-27,1513.7341883084346,7524.26829540335,2865.8704295034413,2761.8626514952475,22.4961079515201,20.765683064896102,-1.7304248866239966
2020-10-28 → 2021-10-28,1513.7341883084346,7524.26829540335,2850.4026595427626,2754.2703638636513,22.238763601000226,20.639366709372318,-1.599396891627908
2020-10-29 → 2021-10-29,1513.7341883084346,7421.030605183311,2834.2350444945505,2743.7130594289392,22.353726019468944,20.821350146014808,-1.5323758734541357
2020-10-30 → 2021-10-30,1513.7341883084346,7355.33990404444,2818.384193081926,2735.728240959378,22.333756646037408,20.918804043195852,-1.4149526028415558
2020-10-31 → 2021-10-31,1513.7341883084346,7355.33990404444,2802.7465724958784,2727.65354142324,22.06606277303391,20.780576645985754,-1.2854861270481557
2020-11-01 → 2021-11-01,1513.7341883084346,7355.33990404444,2787.430431924672,2719.8347915171976,21.803872181670513,20.646730743223433,-1.1571414384470806
2020-11-02 → 2021-11-02,1513.7341883084346,7355.33990404444,2771.875828649152,2711.3945551864526,21.53759944721294,20.502245874824855,-1.035353572388086
2020-11-03 → 2021-11-03,1513.7341883084346,7144.431265907445,2756.1191934299336,2703.771243842873,22.064497308231424,21.134808694803432,-0.9296886134279916
2020-11-04 → 2021-11-04,1513.7341883084346,7077.567494964144,2741.049235278579,2698.3250006776843,22.058803334420077,21.290911267096888,-0.7678920673231886
2020-11-05 → 2021-11-05,1513.7341883084346,6726.597826108091,2726.190273018733,2692.465115531101,23.258925783488838,22.611965497724157,-0.6469602857646812
2020-11-06 → 2021-11-06,1513.7341883084346,6726.597826108091,2713.129085258483,2689.1894409077977,23.008368917478755,22.54912720286544,-0.45924171461331653
2020-11-07 → 2021-11-07,1513.7341883084346,6726.597826108091,2699.9698728044937,2680.6219700927313,22.755931612988974,22.384774720039267,-0.3711568929497062
2020-11-08 → 2021-11-08,1480.565603419731,6527.72377190631,2685.636451431028,2671.139801565835,23.87622515053149,23.589001144838406,-0.2872240056930835
2020-11-09 → 2021-11-09,1480.565603419731,6527.72377190631,2672.0812558217453,2665.7512601994185,23.607654300227683,23.48223727522042,-0.1254170250072626
2020-11-10 → 2021-11-10,1480.565603419731,6527.72377190631,2658.4658589328633,2658.3554167063803,23.337890674156007,23.335702467985403,-0.0021882061706044453
2020-11-11 → 2021-11-11,1480.565603419731,6356.777531253977,2644.8363934492972,2651.9050395264776,23.876542021968135,24.02150385262261,0.1449618306544771
2020-11-12 → 2021-11-12,1480.565603419731,6255.178118314777,2631.7320134330134,2646.6714771122497,24.110153576275856,24.423047316503585,0.31289374022772876
2020-11-13 → 2021-11-13,1480.565603419731,6255.178118314777,2619.202076589662,2641.2626947904564,23.84772522624195,24.309765195600164,0.4620399693582158
2020-11-14 → 2021-11-14,1480.565603419731,6255.178118314777,2606.6720875260276,2634.466287955269,23.5852957825008,24.167420517074202,0.5821247345734015
2020-11-15 → 2021-11-15,1480.565603419731,6255.178118314777,2593.989400301495,2627.6701753862803,23.319668211991843,24.025082001691285,0.7054137896994419
2020-11-16 → 2021-11-16,1480.565603419731,5972.626042987401,2581.4281384644314,2622.069625043285,24.506850472177774,25.411590894209258,0.9047404220314839
2020-11-17 → 2021-11-17,1480.565603419731,5847.405058718655,2569.6515408566206,2618.3951685531247,24.939912460380075,26.056134574691065,1.1162221143109896
2020-11-18 → 2021-11-18,1480.565603419731,5847.405058718655,2559.010365513953,2614.3203365499835,24.696231064450686,25.962821503650712,1.2665904392000265
2020-11-19 → 2021-11-19,1480.565603419731,5847.405058718655,2548.3743601137658,2607.8684320890725,24.452668059465903,25.81507381274163,1.362405753275727
2020-11-20 → 2021-11-20,1480.565603419731,5847.405058718655,2537.6136042302205,2601.421064389703,24.206248286224923,25.667430013024056,1.4611817267991327
2020-11-21 → 2021-11-21,1480.565603419731,5847.405058718655,2527.602696225145,2596.157607039888,23.976999922332638,25.54689759126469,1.5698976689320503
2020-11-22 → 2021-11-22,1480.565603419731,5847.405058718655,2517.8427413780532,2588.9277040177362,23.753498349925426,25.381333844390998,1.6278354944655717
2020-11-23 → 2021-11-23,1480.565603419731,5847.405058718655,2507.8000393051357,2581.128412147928,23.523521906419326,25.202731174207095,1.679209267787769
2020-11-24 → 2021-11-24,1480.565603419731,5847.405058718655,2497.710800292096,2573.8719758163315,23.29247977362928,25.036559818335718,1.7440800447064362
2020-11-25 → 2021-11-25,1480.565603419731,5847.405058718655,2488.073649972597,2567.376754993362,23.071790407369104,24.887820188920486,1.8160297815513822
2020-11-26 → 2021-11-26,1480.565603419731,5847.405058718655,2478.5789080111895,2558.7300452753216,22.854362172175193,24.689811771012018,1.8354495988368242
2020-11-27 → 2021-11-27,1480.565603419731,5847.405058718655,2467.61451723757,2548.9259358039353,22.60327918902786,24.465299064013145,1.862019874985286
2020-11-28 → 2021-11-28,1480.565603419731,5635.270427856573,2456.4105922989065,2542.926626829811,23.487709238440264,25.570072202519945,2.0823629640796817
2020-11-29 → 2021-11-29,1480.565603419731,5536.558998548417,2445.730886625382,2538.3796347802,23.796026994640336,26.08027006727676,2.284243072636425
2020-11-30 → 2021-11-30,1480.565603419731,5536.558998548417,2435.496299139606,2533.4685164501934,23.543694545133196,25.95918707103952,2.4154925259063234
2020-12-01 → 2021-12-01,1480.565603419731,5536.558998548417,2426.3802190446563,2529.1957294193126,23.318938752732297,25.853842051592185,2.534903298859888
2020-12-02 → 2021-12-02,1480.565603419731,5536.558998548417,2416.6916777933275,2521.214112417603,23.080069003512165,25.657056302106106,2.5769872985939415
2020-12-03 → 2021-12-03,1480.565603419731,5536.558998548417,2407.562934897022,2515.365002228981,22.8550010113584,25.51284723619277,2.657846224834369
2020-12-04 → 2021-12-04,1480.565603419731,5536.558998548417,2399.0879630958125,2509.0933937652944,22.646051662195553,25.35822152917808,2.712169866982528
2020-12-05 → 2021-12-05,1480.565603419731,5536.558998548417,2390.041790377588,2501.489302459771,22.423019427254314,25.170743627595304,2.74772420034099
2020-12-06 → 2021-12-06,1480.565603419731,5536.558998548417,2381.1544021406717,2495.5240029088236,22.203902003454015,25.023669927768477,2.819767924314462
2020-12-07 → 2021-12-07,1480.565603419731,5536.558998548417,2372.441312360683,2489.101361572868,21.989081885885444,24.865320524545357,2.8762386386599132
2020-12-08 → 2021-12-08,1480.565603419731,5536.558998548417,2363.6079781875987,2481.963522247574,21.7712971581368,24.689338006085965,2.9180408479491646
2020-12-09 → 2021-12-09,1480.565603419731,5536.558998548417,2354.4106109183786,2474.560890820736,21.544537240818727,24.506827072125155,2.9622898313064283
2020-12-10 → 2021-12-10,1480.565603419731,5536.558998548417,2345.4608321136557,2468.7762524469176,21.32388158552423,24.36420755058536,3.040325965061129
2020-12-11 → 2021-12-11,1480.565603419731,5536.558998548417,2336.065974868953,2462.315725816963,21.092252578041474,24.204924090269234,3.1126715122277595
2020-12-12 → 2021-12-12,1480.565603419731,5315.393167413713,2326.3883600933123,2456.4332320279436,22.056343930955137,25.44749698189413,3.3911530509389927
2020-12-13 → 2021-12-13,1480.565603419731,5220.274028941746,2317.7053794037056,2452.39347597751,22.385161641769457,25.986728428490373,3.601566786720916
2020-12-14 → 2021-12-14,1480.565603419731,5184.906387212008,2309.100005280154,2447.7505386226694,22.366581538219616,26.109502112621342,3.742920574401726
2020-12-15 → 2021-12-15,1480.565603419731,5145.994841858927,2300.5289366194525,2443.239039186982,22.370185859838784,26.263593515098776,3.893407655259992
2020-12-16 → 2021-12-16,1480.565603419731,4679.299457808105,2292.201198904239,2439.501728806862,25.3736519645427,29.97861557226955,4.604963607726852
2020-12-17 → 2021-12-17,1480.565603419731,4388.030478306353,2285.3130031031465,2437.934152876589,27.67866283216223,32.92794894019798,5.249286108035747
2020-12-18 → 2021-12-18,1480.565603419731,4359.688544816367,2279.1489160451883,2435.351831571741,27.73703412046976,33.162398674398126,5.425364553928365
2020-12-19 → 2021-12-19,1480.565603419731,4359.688544816367,2273.1233451648404,2431.645913502209,27.5277491749153,33.033681764944646,5.505932590029346
2020-12-20 → 2021-12-20,1480.565603419731,4359.688544816367,2267.489541111717,2428.206880227521,27.332071388040706,32.914234511573106,5.5821631235324
2020-12-21 → 2021-12-21,1480.565603419731,4359.688544816367,2261.4437723808906,2423.633935710694,27.122084914594264,32.755403346322176,5.633318431727911
2020-12-22 → 2021-12-22,1480.565603419731,4290.506615779991,2255.1433154097545,2419.2369817140834,27.565621790024807,33.40537663123037,5.839754841205561
2020-12-23 → 2021-12-23,1480.565603419731,4290.506615779991,2249.030137053176,2415.7160899718024,27.348066391897657,33.28007536238546,5.932008970487804
2020-12-24 → 2021-12-24,1480.565603419731,4218.05077774402,2242.687579506906,2411.531686178656,27.840222962131456,34.00807761410877,6.167854651977315
2020-12-25 → 2021-12-25,1480.565603419731,4053.6435971072774,2236.5635544713764,2408.13603274126,29.381074064070816,36.04905998174595,6.667985917675132
2020-12-26 → 2021-12-26,1480.565603419731,3783.456644027727,2230.8666308703246,2405.166711405063,32.58083053953362,40.14958118649087,7.568750646957248
2020-12-27 → 2021-12-27,1480.565603419731,3783.456644027727,2225.926559095985,2402.430240684348,32.366314451397926,40.03075356188939,7.664439110491465
2020-12-28 → 2021-12-28,1480.565603419731,3698.313887885281,2221.3204520213103,2399.34189153009,33.40121391549592,41.428339480455186,8.027125564959263
2020-12-29 → 2021-12-29,1480.565603419731,3672.257825996902,2217.095307744019,2396.4166544982163,33.605526211076125,41.78739339602861,8.181867184952488
2020-12-30 → 2021-12-30,1480.565603419731,3466.851770511931,2212.86244819403,2393.424779201824,36.867640569955554,45.9580895696647,9.090448999709146
2020-12-31 → 2021-12-31,1480.565603419731,3445.582199456053,2209.284326220529,2390.8476092819083,37.08460907000543,46.32439276585893,9.239783695853504
2021-01-01 → 2022-01-01,1480.565603419731,3403.5956029317167,2205.6149945777806,2388.1468881963256,37.703488314901385,47.19537838759223,9.491890072690843
2021-01-02 → 2022-01-02,1480.565603419731,3359.4634959148934,2202.085548509029,2385.5594634852896,38.401232337917264,48.16620763056653,9.764975292649268
2021-01-03 → 2022-01-03,1480.565603419731,3359.4634959148934,2199.43502074361,2383.501637728139,38.260164120426246,48.05668460830066,9.79652048787441
2021-01-04 → 2022-01-04,1480.565603419731,3359.4634959148934,2197.176450187084,2381.6666223657276,38.139956919941994,47.959020154593986,9.819063234651992
2021-01-05 → 2022-01-05,1480.565603419731,3359.4634959148934,2194.861626733868,2379.881572177602,38.016755788977825,47.86401498186716,9.847259192889332
2021-01-06 → 2022-01-06,1480.565603419731,3359.4634959148934,2193.161436189248,2378.452985612751,37.92626707474748,47.78798176204415,9.861714687296669
2021-01-07 → 2022-01-07,1480.565603419731,3359.4634959148934,2192.2867994490125,2377.6069256820883,37.87971655469373,47.74295217666635,9.86323562197262
2021-01-08 → 2022-01-08,1480.565603419731,3359.4634959148934,2191.856069729895,2377.001879622465,37.85679196039629,47.7107499978231,9.853958037426807
2021-01-09 → 2022-01-09,1480.565603419731,3359.4634959148934,2191.6783247358944,2376.53498074133,37.84733189368854,47.68590038342948,9.838568489740936
2021-01-10 → 2022-01-10,1480.565603419731,3359.4634959148934,2191.444252744762,2376.0350171179116,37.83487395267602,47.65929097450867,9.824417021832652
2021-01-11 → 2022-01-11,1480.565603419731,3359.4634959148934,2190.704415560357,2375.1620069148844,37.79549782758908,47.61282702314047,9.817329195551387
2021-01-12 → 2022-01-12,1480.565603419731,3359.4634959148934,2189.172809793113,2373.742503722383,37.7139816486971,47.537277244827806,9.823295596130706
2021-01-13 → 2022-01-13,1480.565603419731,3359.4634959148934,2187.4779377084924,2372.302990821302,37.623775997214366,47.46066249599921,9.836886498784843
2021-01-14 → 2022-01-14,1480.565603419731,3359.4634959148934,2186.4911338177303,2371.2419724029305,37.57125563968437,47.40419224167567,9.832936601991307
2021-01-15 → 2022-01-15,1480.565603419731,3359.4634959148934,2185.8172098634454,2370.3552124603343,37.5353875940084,47.356996492181345,9.821608898172947
2021-01-16 → 2022-01-16,1480.565603419731,3359.4634959148934,2184.7036983737207,2369.1974117196683,37.47612351722315,47.29537522232466,9.819251705101507
2021-01-17 → 2022-01-17,1480.565603419731,3359.4634959148934,2183.624103576971,2368.103156857183,37.418664578072594,47.23713603504066,9.81847145696807
2021-01-18 → 2022-01-18,1480.565603419731,3359.4634959148934,2182.4884830733126,2366.9433365618397,37.358223800093434,47.175407279051534,9.8171834789581
2021-01-19 → 2022-01-19,1480.565603419731,3359.4634959148934,2181.560562654257,2365.928615959978,37.30883737932187,47.12140111906195,9.812563739740078
2021-01-20 → 2022-01-20,1480.565603419731,3359.4634959148934,2180.727254730353,2365.0159143499086,37.26448649004616,47.07282468424264,9.80833819419648
2021-01-21 → 2022-01-21,1480.565603419731,3359.4634959148934,2180.5213297664727,2364.8282476708955,37.25352660953841,47.06283655876958,9.80930994923117
2021-01-22 → 2022-01-22,1480.565603419731,3359.4634959148934,2179.5213776585174,2364.4792153036415,37.200306468521205,47.04426011730099,9.843953648779788
2021-01-23 → 2022-01-23,1480.565603419731,3359.4634959148934,2178.771297291007,2364.498019499385,37.16038517367563,47.04526092718101,9.884875753505383
2021-01-24 → 2022-01-24,1480.565603419731,3359.4634959148934,2177.6956915773544,2363.8688086780867,37.10313854425798,47.01177263471916,9.908634090461177
2021-01-25 → 2022-01-25,1480.565603419731,3359.4634959148934,2176.6086229003763,2363.2417311991967,37.045281825097234,46.97839788447888,9.933116059381646
2021-01-26 → 2022-01-26,1480.565603419731,3359.4634959148934,2175.6002676798616,2362.6317209392896,36.99161444782557,46.94593149754303,9.95431704971746
2021-01-27 → 2022-01-27,1480.565603419731,3359.4634959148934,2174.609654928918,2361.957453139652,36.93889137251104,46.91004515149246,9.971153778981424
2021-01-28 → 2022-01-28,1480.565603419731,3359.4634959148934,2172.8439759419166,2360.5746633967146,36.844917187215806,46.83644936172334,9.991532174507533
2021-01-29 → 2022-01-29,1480.565603419731,3359.4634959148934,2171.8642207633434,2359.851970098702,36.792771981109254,46.797985680386574,10.00521369927732
2021-01-30 → 2022-01-30,1480.565603419731,3359.4634959148934,2171.060527000998,2359.2648354303255,36.74999723717263,46.766736793966416,10.016739556793787
2021-01-31 → 2022-01-31,1480.565603419731,3359.4634959148934,2170.2100028756768,2358.5620696687583,36.70473005534661,46.729333709723555,10.024603654376946
2021-02-01 → 2022-02-01,1480.565603419731,3359.4634959148934,2169.013939107548,2357.511271038816,36.641072324242316,46.673407380031065,10.03233505578875
2021-02-02 → 2022-02-02,1480.565603419731,3359.4634959148934,2168.2710313105536,2356.8072287980244,36.60153277289353,46.635936358130195,10.034403585236667
2021-02-03 → 2022-02-03,1480.565603419731,3359.4634959148934,2167.9683136260546,2356.488109694232,36.585421323425834,46.61895198100854,10.033530657582709
2021-02-04 → 2022-02-04,1480.565603419731,3359.4634959148934,2167.3485733714924,2355.713125531784,36.55243708000113,46.577705239206146,10.02526815920502
2021-02-05 → 2022-02-05,1480.565603419731,3359.4634959148934,2166.572187003397,2354.7679584030047,36.511115709042315,46.52740090215012,10.016285193107805
2021-02-06 → 2022-02-06,1480.565603419731,3359.4634959148934,2165.8409816987037,2353.788988753907,36.472198995813024,46.47529750403528,10.003098508222259
2021-02-07 → 2022-02-07,1480.565603419731,3359.4634959148934,2165.1214347660302,2352.728724752144,36.43390277250321,46.41886740179302,9.984964629289813
2021-02-08 → 2022-02-08,1480.565603419731,3359.4634959148934,2164.3023268820866,2351.6010676521473,36.390307647551744,46.358850457577965,9.968542810026221
2021-02-09 → 2022-02-09,1480.565603419731,3359.4634959148934,2164.531368243054,2351.110624839971,36.40249784489469,46.33274777184207,9.930249926947383
2021-02-10 → 2022-02-10,1480.565603419731,3359.4634959148934,2164.9262075731644,2350.754511314204,36.42351225614542,46.31379445206939,9.890282195923966
2021-02-11 → 2022-02-11,1480.565603419731,3359.4634959148934,2165.3155414737307,2350.4457733376853,36.44423365362643,46.29736258646604,9.85312893283961
2021-02-12 → 2022-02-12,1480.565603419731,3359.4634959148934,2166.089215748432,2350.386188433269,36.48541067967938,46.29419131757197,9.808780637892589
2021-02-13 → 2022-02-13,1480.565603419731,3359.4634959148934,2166.8153610871,2350.2942879046823,36.5240580879057,46.28930012423177,9.765242036326072
2021-02-14 → 2022-02-14,1480.565603419731,3359.4634959148934,2167.4345411780023,2350.108617676259,36.5570125179136,46.27941825522948,9.722405737315881
2021-02-15 → 2022-02-15,1480.565603419731,3359.4634959148934,2167.9773313834744,2349.7818523239052,36.585901272733125,46.26202692419126,9.676125651458136
2021-02-16 → 2022-02-16,1480.565603419731,3359.4634959148934,2168.4985848265756,2349.476698079643,36.61364378312622,46.24578579445872,9.632142011332498
2021-02-17 → 2022-02-17,1480.565603419731,3359.4634959148934,2169.6665083606745,2349.7256194984116,36.67580381527932,46.2590340619544,9.583230246675079
2021-02-18 → 2022-02-18,1480.565603419731,3359.4634959148934,2171.257888887787,2350.3248689807897,36.760501367683254,46.29092773136409,9.530426363680839
2021-02-19 → 2022-02-19,1480.565603419731,3359.4634959148934,2172.7822483788614,2350.8871774143918,36.84163188026529,46.32085529878797,9.479223418522679
2021-02-20 → 2022-02-20,1480.565603419731,3359.4634959148934,2174.974784298636,2351.9940749607467,36.95832453975107,46.37976736371582,9.421442823964753
2021-02-21 → 2022-02-21,1480.565603419731,3359.4634959148934,2177.4486342163996,2353.4656868259617,37.08998948693338,46.45809050576059,9.368101018827204
2021-02-22 → 2022-02-22,1480.565603419731,3359.4634959148934,2179.8489470963304,2354.833815846987,37.21774059515051,46.530906012472784,9.313165417322274
2021-02-23 → 2022-02-23,1480.565603419731,3359.4634959148934,2182.10817337707,2356.160092545963,37.33798269504129,46.601494026024426,9.263511330983135
2021-02-24 → 2022-02-24,1480.565603419731,3359.4634959148934,2183.6185127840804,2356.937577734517,37.418367021035955,46.64287387916385,9.224506858127896
2021-02-25 → 2022-02-25,1480.565603419731,3359.4634959148934,2185.0543978324417,2357.5404046248673,37.49478868578403,46.6749579478489,9.180169262064872
2021-02-26 → 2022-02-26,1480.565603419731,3359.4634959148934,2186.3061473793937,2358.0201386103536,37.56141016382985,46.700490681022025,9.139080517192177
2021-02-27 → 2022-02-27,1480.565603419731,3359.4634959148934,2187.650369887953,2358.681013431132,37.632953301641024,46.735664216711136,9.102710915070112
2021-02-28 → 2022-02-28,1480.565603419731,3359.4634959148934,2188.0169408121596,2358.2839700296004,37.65246319228868,46.71453249885048,9.062069306561803
2021-03-01 → 2022-03-01,1480.565603419731,3359.4634959148934,2188.1562039748283,2357.7195242802613,37.65987515241832,46.6844911777338,9.024616025315474
2021-03-02 → 2022-03-02,1480.565603419731,3359.4634959148934,2188.863291348622,2357.550736250785,37.69750824448886,46.67550782477192,8.977999580283061
2021-03-03 → 2022-03-03,1480.565603419731,3359.4634959148934,2189.636924087285,2357.4758313733646,37.73868305988212,46.67152118570442,8.9328381258223
2021-03-04 → 2022-03-04,1480.565603419731,3359.4634959148934,2191.233558908894,2358.10798627557,37.823660259972996,46.70516617007161,8.88150591009861
2021-03-05 → 2022-03-05,1480.565603419731,3359.4634959148934,2192.534369691581,2358.6012669175166,37.892892908957435,46.73141989274153,8.838526983784092
2021-03-06 → 2022-03-06,1480.565603419731,3359.4634959148934,2194.0509413911022,2359.3071977341815,37.97360893432416,46.768991429730555,8.795382495406393
2021-03-07 → 2022-03-07,1480.565603419731,3359.4634959148934,2195.6340334166325,2360.110502506641,38.05786535037814,46.811745470579076,8.75388012020094
2021-03-08 → 2022-03-08,1480.565603419731,3359.4634959148934,2197.3411750109085,2360.9593632393326,38.14872401816923,46.8569241221749,8.70820010400567
2021-03-09 → 2022-03-09,1480.565603419731,3359.4634959148934,2198.6027673835492,2361.2637372487816,38.21586935787502,46.87312372571189,8.65725436783687
2021-03-10 → 2022-03-10,1480.565603419731,3359.4634959148934,2200.5315559988535,2362.1358882590293,38.318524676346996,46.91954194852917,8.601017272182176
2021-03-11 → 2022-03-11,1480.565603419731,3359.4634959148934,2202.6999007640306,2363.272366805207,38.43392981751184,46.98002839383934,8.546098576327502
2021-03-12 → 2022-03-12,1480.565603419731,3359.4634959148934,2204.9912371384403,2364.509875919759,38.55588090296261,47.045891957766614,8.490011054804
2021-03-13 → 2022-03-13,1480.565603419731,3359.4634959148934,2207.452369421106,2365.956362122606,38.6868689833951,47.122877844473116,8.436008861078015
2021-03-14 → 2022-03-14,1480.565603419731,3359.4634959148934,2209.885454628774,2367.2864190218543,38.816364323050664,47.19366705045183,8.377302727401165
2021-03-15 → 2022-03-15,1480.565603419731,3359.4634959148934,2212.2667758761195,2368.580346913638,38.943104645494856,47.26253337346768,8.319428727972827
2021-03-16 → 2022-03-16,1480.565603419731,3359.4634959148934,2214.045805971905,2369.372093819382,39.03778941271352,47.3046722735594,8.266882860845875
2021-03-17 → 2022-03-17,1480.565603419731,3359.4634959148934,2215.8794843832065,2370.2133737882546,39.135382710285775,47.34944745651282,8.214064746227045
2021-03-18 → 2022-03-18,1480.565603419731,3359.4634959148934,2217.7559368885973,2371.0665017509145,39.23525256020608,47.39485322156624,8.159600661360159
2021-03-19 → 2022-03-19,1480.565603419731,3359.4634959148934,2219.498819632812,2371.834373528385,39.32801346813919,47.4357214231081,8.107707954968909
2021-03-20 → 2022-03-20,1480.565603419731,3359.4634959148934,2221.418115247808,2372.7889316437277,39.43016354359899,47.48652557373039,8.056362030131403
2021-03-21 → 2022-03-21,1480.565603419731,3359.4634959148934,2223.380948706335,2373.8241555222635,39.53463082020656,47.541622973257574,8.006992153051016
2021-03-22 → 2022-03-22,1480.565603419731,3359.4634959148934,2225.0714417741046,2374.65341094292,39.6246034086331,47.58575817740937,7.961154768776268
2021-03-23 → 2022-03-23,1480.565603419731,3359.4634959148934,2226.4474108081617,2375.3045603889723,39.697836181928196,47.620414102494664,7.922577920566468
2021-03-24 → 2022-03-24,1480.565603419731,3359.4634959148934,2227.6531952331748,2375.8802429866264,39.76201127254004,47.651053478905354,7.8890422063653105
2021-03-25 → 2022-03-25,1480.565603419731,3359.4634959148934,2228.6194129177347,2376.4396498645146,39.81343597679988,47.68082661772905,7.867390640929173
2021-03-26 → 2022-03-26,1480.565603419731,3359.4634959148934,2229.4560598401076,2376.2346939193594,39.85796457655587,47.669918311004466,7.811953734448593
2021-03-27 → 2022-03-27,1480.565603419731,3359.4634959148934,2230.312809270084,2375.2472558426844,39.903563085841476,47.61736420039425,7.713801114552773
2021-03-28 → 2022-03-28,1480.565603419731,3359.4634959148934,2231.22128184137,2375.2403005345445,39.95191443984079,47.61699402018554,7.665079580344745
2021-03-29 → 2022-03-29,1480.565603419731,3359.4634959148934,2232.0736338519137,2375.484190741536,39.997278906635295,47.629974513056695,7.6326956064214
2021-03-30 → 2022-03-30,1480.565603419731,3359.4634959148934,2233.1258579003256,2375.595002515727,40.05328110093308,47.635872213758454,7.5825911128253765
2021-03-31 → 2022-03-31,1480.565603419731,3359.4634959148934,2234.46677389421,2376.2938992116037,40.12464825713886,47.67306937591761,7.548421118778755
2021-04-01 → 2022-04-01,1480.565603419731,3359.4634959148934,2235.7269935359536,2376.964259397155,40.19172053641372,47.70874774823517,7.51702721182145
2021-04-02 → 2022-04-02,1480.565603419731,3359.4634959148934,2237.029249212001,2377.7682236534856,40.26103008650949,47.751536888589314,7.490506802079821
2021-04-03 → 2022-04-03,1480.565603419731,3359.4634959148934,2238.284115445212,2378.6519352407945,40.32781744298178,47.79857039641529,7.470752953433511
2021-04-04 → 2022-04-04,1480.565603419731,3359.4634959148934,2239.3696020707293,2379.5826261399043,40.38558996110812,47.848104269587814,7.462514308479697
2021-04-05 → 2022-04-05,1480.565603419731,3359.4634959148934,2240.6547638757925,2380.1063402429645,40.45398972940827,47.87597774292301,7.421988013514742
2021-04-06 → 2022-04-06,1480.565603419731,3359.4634959148934,2242.3139097903895,2381.1432380935876,40.542293938020364,47.931164235747595,7.38887029772723
2021-04-07 → 2022-04-07,1480.565603419731,3359.4634959148934,2243.8810269106843,2382.274911001925,40.625700126645846,47.991394912084914,7.365694785439068
2021-04-08 → 2022-04-08,1480.565603419731,3359.4634959148934,2245.4962831149273,2383.343029779471,40.7116684068113,48.04824306662341,7.336574659812108
2021-04-09 → 2022-04-09,1480.565603419731,3359.4634959148934,2247.184083504059,2383.7399483958334,40.80149768363752,48.06936814308166,7.26787045944414
2021-04-10 → 2022-04-10,1480.565603419731,3359.4634959148934,2248.9421527783097,2384.581031372074,40.89506685955033,48.11413284155731,7.219065982006974
2021-04-11 → 2022-04-11,1480.565603419731,3359.4634959148934,2251.271182601332,2385.7994172962362,41.01902409173017,48.17897861785142,7.159954526121254
2021-04-12 → 2022-04-12,1480.565603419731,3359.4634959148934,2253.5265371105493,2387.341885953037,41.1390601255256,48.26107294894636,7.122012823420754
2021-04-13 → 2022-04-13,1480.565603419731,3359.4634959148934,2255.6049177001914,2388.6729979917873,41.24967713126838,48.331918312287655,7.082241181019278
2021-04-14 → 2022-04-14,1480.565603419731,3359.4634959148934,2258.1433805871006,2390.1432223916836,41.38478095447498,48.41016760969593,7.025386655220956
2021-04-15 → 2022-04-15,1480.565603419731,3359.4634959148934,2260.5392114389642,2392.4660652856996,41.51229351710189,48.53379555687146,7.021502039769572
2021-04-16 → 2022-04-16,1480.565603419731,3359.4634959148934,2262.9745276327126,2394.773595407705,41.64190759583792,48.65660851712984,7.014700921291919
2021-04-17 → 2022-04-17,1480.565603419731,3359.4634959148934,2265.4183797043643,2397.400877304453,41.771975976957144,48.79643952695969,7.024463550002544
2021-04-18 → 2022-04-18,1480.565603419731,3359.4634959148934,2267.579434122831,2399.6244460619964,41.88699310625931,48.914783837548626,7.027790731289315
2021-04-19 → 2022-04-19,1480.565603419731,3359.4634959148934,2269.3194911938417,2401.4805113243415,41.979603624263554,49.01356862355316,7.0339649992896085
2021-04-20 → 2022-04-20,1480.565603419731,3359.4634959148934,2271.0231484337705,2402.709238396621,42.070276845343514,49.07896478356736,7.008687938223844
2021-04-21 → 2022-04-21,1480.565603419731,3359.4634959148934,2272.938490531537,2404.085905303965,42.172216503981524,49.15223469955601,6.9800181955744875
2021-04-22 → 2022-04-22,1480.565603419731,3359.4634959148934,2274.756843334882,2405.679301306291,42.26899413147305,49.237039520972374,6.9680453894993235
2021-04-23 → 2022-04-23,1480.565603419731,3359.4634959148934,2276.393245861859,2406.871273702948,42.356087875817195,49.30047949828131,6.944391622464117
2021-04-24 → 2022-04-24,1480.565603419731,3359.4634959148934,2277.9461966296926,2407.68210378401,42.43874009305775,49.343634056296445,6.904893963238692
2021-04-25 → 2022-04-25,1480.565603419731,3359.4634959148934,2279.2627892497667,2408.0484699712592,42.508812693880444,49.363133050292475,6.854320356412032
2021-04-26 → 2022-04-26,1480.565603419731,3359.4634959148934,2280.8571017422564,2408.521617356084,42.59366629336863,49.38831522686069,6.794648933492063
2021-04-27 → 2022-04-27,1480.565603419731,3359.4634959148934,2282.7587902185787,2408.503289903233,42.69487926954568,49.38733979051984,6.6924605209741586
2021-04-28 → 2022-04-28,1480.565603419731,3359.4634959148934,2284.6674291596564,2409.2929872104005,42.7964621681535,49.42936960546198,6.632907437308482
2021-04-29 → 2022-04-29,1480.565603419731,3359.4634959148934,2286.7570407328794,2410.4541025516373,42.90767691705334,49.491167287277186,6.583490370223849
2021-04-30 → 2022-04-30,1480.565603419731,3359.4634959148934,2288.901058219958,2411.658528242584,43.02178729503835,49.55527006240709,6.533482767368739
2021-05-01 → 2022-05-01,1480.565603419731,3359.4634959148934,2291.273457022042,2412.47644918057,43.148052740944685,49.59880201490185,6.450749273957165
2021-05-02 → 2022-05-02,1480.565603419731,3359.4634959148934,2293.6361641979406,2414.0221467210968,43.27380237243537,49.68106819587425,6.407265823438884
2021-05-03 → 2022-05-03,1480.565603419731,3359.4634959148934,2296.053021341346,2415.758277533507,43.402434010858016,49.77346974783432,6.371035736976303
2021-05-04 → 2022-05-04,1480.565603419731,3359.4634959148934,2298.1722815893636,2416.928962242805,43.51522674198421,49.83577673715896,6.320549995174751
2021-05-05 → 2022-05-05,1480.565603419731,3359.4634959148934,2300.571768874931,2418.683283637301,43.642933909848495,49.929146440829555,6.286212530981061
2021-05-06 → 2022-05-06,1480.565603419731,3359.4634959148934,2303.387457997773,2420.2058794798486,43.7927924590591,50.01018308729286,6.217390628233758
2021-05-07 → 2022-05-07,1480.565603419731,3359.4634959148934,2306.2485380548546,2422.3658009756896,43.94506683588978,50.125139919405356,6.180073083515573
2021-05-08 → 2022-05-08,1480.565603419731,3359.4634959148934,2309.5057478589156,2424.868568809864,44.11842430342813,50.25834395588712,6.1399196524589925
2021-05-09 → 2022-05-09,1480.565603419731,3359.4634959148934,2313.8245685496254,2428.9875307078128,44.348283558045445,50.477566187941406,6.129282629895961
2021-05-10 → 2022-05-10,1480.565603419731,3359.4634959148934,2317.953432907043,2433.5887305646256,44.56803282562988,50.722454421367566,6.154421595737688
2021-05-11 → 2022-05-11,1480.565603419731,3472.6373926933848,2322.554040326462,2439.0967652062927,42.266972578018176,48.117300136862035,5.850327558843858
2021-05-12 → 2022-05-12,1480.565603419731,3472.6373926933848,2327.139345586297,2444.838034605071,42.49715028971133,48.40550608554782,5.908355795836492
2021-05-13 → 2022-05-13,1480.565603419731,3472.6373926933848,2331.1086371235506,2450.0579764246722,42.69640473217802,48.66754191416145,5.97113718198343
2021-05-14 → 2022-05-14,1480.565603419731,3472.6373926933848,2334.6659984590647,2454.5107784372326,42.874980692877266,48.8910680961262,6.016087403248932
2021-05-15 → 2022-05-15,1480.565603419731,3472.6373926933848,2337.9632944249124,2458.277929819402,43.04050163361856,49.08017530614009,6.0396736725215305
2021-05-16 → 2022-05-16,1480.565603419731,3472.6373926933848,2341.2970468639155,2462.138229144756,43.20785265264075,49.27395844920453,6.066105796563775
2021-05-17 → 2022-05-17,1480.565603419731,3472.6373926933848,2344.3366532203736,2465.85685939615,43.36043783420022,49.460629947260806,6.1001921130605865
2021-05-18 → 2022-05-18,1480.565603419731,3475.6954462236067,2347.5509781501282,2469.984728627991,43.45508528467354,49.59171598665328,6.13663070197974
2021-05-19 → 2022-05-19,1480.565603419731,3475.6954462236067,2350.195564479425,2473.6294466165464,43.58763737589884,49.774396728044685,6.186759352145849
2021-05-20 → 2022-05-20,1480.565603419731,3475.6954462236067,2352.286400469736,2476.6538449661275,43.692434364318025,49.925985776772,6.233551412453977
2021-05-21 → 2022-05-21,1480.565603419731,3475.6954462236067,2354.876627011364,2480.796221153579,43.82226183148617,50.13361016785575,6.311348336369576
2021-05-22 → 2022-05-22,1480.565603419731,3475.6954462236067,2356.5346421938825,2483.324049235235,43.90536495324533,50.2603100962225,6.354945142977165
2021-05-23 → 2022-05-23,1480.565603419731,3475.6954462236067,2358.669361519723,2486.760125518025,44.01236146445188,50.43253328736882,6.4201718229169416
2021-05-24 → 2022-05-24,1480.565603419731,3475.6954462236067,2360.0292120773206,2489.4365651909393,44.08051996363438,50.566681933511724,6.486161969877344
2021-05-25 → 2022-05-25,1480.565603419731,3475.6954462236067,2362.1940797204957,2493.1451759154215,44.18902757034396,50.75256510988035,6.563537539536391
2021-05-26 → 2022-05-26,1480.565603419731,3475.6954462236067,2364.3693828577757,2496.471862389379,44.29805822542268,50.919305459434874,6.621247234012195
2021-05-27 → 2022-05-27,1480.565603419731,3495.0320012240645,2366.9477352660238,2500.3755310697147,44.00083976642175,50.624320602295725,6.623480835873977
2021-05-28 → 2022-05-28,1480.565603419731,3495.0320012240645,2369.259760762971,2503.868981710776,44.115610878983716,50.79773876627548,6.682127887291763
2021-05-29 → 2022-05-29,1480.565603419731,3495.0320012240645,2370.868060180066,2506.4537073927627,44.19544836939052,50.926046971604876,6.730598602214357
2021-05-30 → 2022-05-30,1480.565603419731,3495.0320012240645,2371.5993307370372,2507.992682773799,44.23174932520532,51.00244315188933,6.77069382668401
2021-05-31 → 2022-05-31,1480.565603419731,3495.0320012240645,2372.5192013898536,2509.5426115965656,44.27741256653906,51.07938307128714,6.801970504748077
2021-06-01 → 2022-06-01,1480.565603419731,3495.0320012240645,2374.3573306479634,2512.1304589267365,44.36865902565663,51.207846238158105,6.839187212501471
2021-06-02 → 2022-06-02,1480.565603419731,3495.0320012240645,2375.8616028892507,2514.3924587040683,44.443332509559205,51.32013402711291,6.876801517553702
2021-06-03 → 2022-06-03,1480.565603419731,3495.0320012240645,2377.8136630420436,2517.154541914228,44.540234605068,51.457246426365145,6.9170118212971445
2021-06-04 → 2022-06-04,1480.565603419731,3495.0320012240645,2380.007497817629,2520.142146823163,44.64913861945,51.60555393410968,6.956415314659679
2021-06-05 → 2022-06-05,1480.565603419731,3495.0320012240645,2381.7331361942156,2522.358435824256,44.73480092577924,51.7155725972906,6.980771671511363
2021-06-06 → 2022-06-06,1480.565603419731,3495.0320012240645,2382.736848874934,2523.8086834951646,44.784626163957064,51.78756425088628,7.002938086929213
2021-06-07 → 2022-06-07,1480.565603419731,3495.0320012240645,2383.8521232831226,2525.3427133254854,44.83998943084523,51.86371492939811,7.023725498552878
2021-06-08 → 2022-06-08,1480.565603419731,3495.0320012240645,2384.78920726331,2526.7246007488393,44.88650715788245,51.932313116236074,7.045805958353625
2021-06-09 → 2022-06-09,1480.565603419731,3495.0320012240645,2385.7151199700993,2528.4489933313043,44.932470332438186,52.01791358017752,7.0854432477393345
2021-06-10 → 2022-06-10,1480.565603419731,3495.0320012240645,2387.803086859591,2531.5357438963374,45.03611896573222,52.1711427712128,7.135023805480579
2021-06-11 → 2022-06-11,1480.565603419731,3525.994877822249,2390.0176286016895,2534.6724841320765,44.46264833320208,51.53475086642908,7.072102533226996
2021-06-12 → 2022-06-12,1480.565603419731,3727.131632396633,2392.8534309044817,2538.8407692861188,40.608102130886905,47.10634596163336,6.498243830746453
2021-06-13 → 2022-06-13,1480.565603419731,4481.038187568874,2397.4367553375055,2546.289325304932,30.55755805806757,35.518528898253976,4.960970840186405
2021-06-14 → 2022-06-14,1480.565603419731,4530.449222223425,2402.7958642792883,2556.669889194063,30.238211555800248,35.283454068205735,5.045242512405487
2021-06-15 → 2022-06-15,1480.565603419731,4530.449222223425,2408.174267139372,2566.601365689192,30.414559362218956,35.60908867386404,5.194529311645088
2021-06-16 → 2022-06-16,1480.565603419731,4923.640009381437,2414.8394448527256,2578.5612461065502,27.134872247178084,31.889977189735795,4.755104942557711
2021-06-17 → 2022-06-17,1480.565603419731,4923.640009381437,2421.0500766249024,2591.1771822393116,27.31525265840077,32.2563920459154,4.941139387514628
2021-06-18 → 2022-06-18,1480.565603419731,5259.319351816173,2428.2332210349323,2605.675718986404,25.078840292711718,29.7746344557151,4.695794163003381
2021-06-19 → 2022-06-19,1480.565603419731,5259.319351816173,2433.9159667431763,2618.293490778675,25.22922706270581,30.108548032317582,4.879320969611772
2021-06-20 → 2022-06-20,1480.565603419731,5259.319351816173,2439.5132262655557,2629.735269044725,25.3773515475245,30.411340408531718,5.0339888610072165
2021-06-21 → 2022-06-21,1480.565603419731,5259.319351816173,2445.0449694515823,2640.775807536467,25.52374222430184,30.703514475085452,5.179772250783611
2021-06-22 → 2022-06-22,1480.565603419731,5259.319351816173,2450.0890727210203,2651.4702213936293,25.657228119527975,30.986528785337896,5.329300665809921
2021-06-23 → 2022-06-23,1480.565603419731,5259.319351816173,2454.6055996345067,2661.406679753526,25.776752365197673,31.24948474969819,5.472732384500517
2021-06-24 → 2022-06-24,1480.565603419731,5259.319351816173,2459.304447028843,2670.618749424108,25.901101494757388,31.493270671829038,5.59216917707165
2021-06-25 → 2022-06-25,1480.565603419731,5259.319351816173,2464.148068849873,2679.586714484353,26.02928189876191,31.73059667022336,5.701314771461451
2021-06-26 → 2022-06-26,1480.565603419731,5259.319351816173,2468.4940500143134,2687.9776074918227,26.144292864117467,31.952651177242526,5.8083583131250585
2021-06-27 → 2022-06-27,1480.565603419731,5259.319351816173,2473.093285350499,2696.9098821949055,26.26600588492856,32.18903267489564,5.923026789967082
2021-06-28 → 2022-06-28,1480.565603419731,5259.319351816173,2478.658980526091,2707.0823811886357,26.413295058719093,32.45823515992254,6.044940101203444
2021-06-29 → 2022-06-29,1480.565603419731,5259.319351816173,2484.3170521841093,2717.60349443502,26.56302886078067,32.736663285884674,6.173634425104005
2021-06-30 → 2022-06-30,1480.565603419731,5259.319351816173,2490.8460947635926,2729.366132934807,26.73581182083077,33.0479468275756,6.312135006744832
2021-07-01 → 2022-07-01,1480.565603419731,5259.319351816173,2497.1803135943724,2741.253613411924,26.90343901361801,33.362534156325495,6.459095142707486
2021-07-02 → 2022-07-02,1480.565603419731,5259.319351816173,2503.2324740655713,2752.731756976035,27.063601884082043,33.66628889474902,6.60268701066698
2021-07-03 → 2022-07-03,1480.565603419731,5259.319351816173,2509.318775648977,2764.0264131390722,27.224668256453842,33.96518786819577,6.740519611741927
2021-07-04 → 2022-07-04,1480.565603419731,5259.319351816173,2514.9277947050523,2774.029703201204,27.373103942649475,34.229912450113204,6.856808507463729
2021-07-05 → 2022-07-05,1480.565603419731,5259.319351816173,2520.730312401819,2783.550553282518,27.526660328778874,34.48186986028724,6.955209531508366
2021-07-06 → 2022-07-06,1480.565603419731,5259.319351816173,2525.9619614005087,2792.23552446106,27.66510938757001,34.711706778933426,7.046597391363417
2021-07-07 → 2022-07-07,1480.565603419731,5259.319351816173,2530.574378088053,2799.394739402297,27.78717123638727,34.90116646373759,7.113995227350319
2021-07-08 → 2022-07-08,1480.565603419731,5259.319351816173,2535.047473650882,2805.759437570083,27.9055461255879,35.06960025412381,7.164054128535913
2021-07-09 → 2022-07-09,1480.565603419731,5259.319351816173,2539.3804362057313,2811.8719449467676,28.020212569694987,35.23136013009559,7.211147560400601
2021-07-10 → 2022-07-10,1480.565603419731,5259.319351816173,2544.4403172930483,2818.8042221200194,28.154116005171943,35.414814190212454,7.260698185040511
2021-07-11 → 2022-07-11,1480.565603419731,5259.319351816173,2549.992111502895,2826.8682870224407,28.301037307260035,35.62821959949173,7.327182292231694
2021-07-12 → 2022-07-12,1480.565603419731,5259.319351816173,2556.1447578022326,2836.054489250595,28.463859409704483,35.871320972055436,7.407461562350953
2021-07-13 → 2022-07-13,1480.565603419731,5259.319351816173,2561.45481985734,2844.241801686176,28.604383572131344,36.08798797341946,7.483604401288115
2021-07-14 → 2022-07-14,1480.565603419731,5259.319351816173,2566.378190443007,2851.144691380998,28.734674427621886,36.27066433061133,7.535989902989446
2021-07-15 → 2022-07-15,1480.565603419731,5259.319351816173,2571.163521501242,2857.359923668003,28.861312239367777,36.43514269307786,7.57383045371008
2021-07-16 → 2022-07-16,1480.565603419731,5259.319351816173,2575.4366059713334,2862.6758508603334,28.974394084722338,36.57582206903842,7.601427984316086
2021-07-17 → 2022-07-17,1480.565603419731,5259.319351816173,2579.868798612158,2867.7680426862844,29.091686529161343,36.71058056787185,7.618894038710508
2021-07-18 → 2022-07-18,1480.565603419731,5259.319351816173,2583.4572678212066,2871.5133301866854,29.186650886406674,36.80969492540283,7.623044038996156
2021-07-19 → 2022-07-19,1480.565603419731,5259.319351816173,2586.530935261561,2873.8538353257572,29.26799165759767,36.87163347167791,7.603641814080241
2021-07-20 → 2022-07-20,1480.565603419731,5259.319351816173,2589.419956750223,2875.6008613702147,29.344446004216255,36.91786633470051,7.573420330484257
2021-07-21 → 2022-07-21,1480.565603419731,5259.319351816173,2592.0422010539096,2876.800972878013,29.413840425718305,36.949625787358876,7.535785361640571
2021-07-22 → 2022-07-22,1480.565603419731,5259.319351816173,2595.568834376187,2878.361479012402,29.50716837342525,36.99092263384037,7.483754260415118
2021-07-23 → 2022-07-23,1480.565603419731,5259.319351816173,2599.26339237867,2880.649383141155,29.60494023813198,37.05146916005219,7.446528921920212
2021-07-24 → 2022-07-24,1480.565603419731,5259.319351816173,2603.1538022003547,2882.922812337061,29.707895076703718,37.11163262523884,7.403737548535123
2021-07-25 → 2022-07-25,1480.565603419731,5259.319351816173,2607.859171863208,2886.1573731563867,29.832416809956374,37.197231238821395,7.364814428865021
2021-07-26 → 2022-07-26,1480.565603419731,5259.319351816173,2612.97851611324,2890.1584429518216,29.96789386379204,37.303114555434256,7.335220691642217
2021-07-27 → 2022-07-27,1480.565603419731,5259.319351816173,2617.613804215415,2893.3773771587657,30.090560976041463,37.38829963023068,7.297738654189214
2021-07-28 → 2022-07-28,1480.565603419731,5259.319351816173,2622.092150876846,2896.314547568124,30.20907482901036,37.466028177919306,7.256953348908947
2021-07-29 → 2022-07-29,1480.565603419731,5259.319351816173,2626.658899824396,2899.463051350701,30.329928138106986,37.549349399470536,7.21942126136355
2021-07-30 → 2022-07-30,1480.565603419731,5259.319351816173,2631.40878603419,2902.9152128008654,30.45562794619344,37.64070654206363,7.185078595870191
2021-07-31 → 2022-07-31,1480.565603419731,5259.319351816173,2636.56886106647,2906.705600965912,30.592182889327002,37.74101443237416,7.148831543047155
2021-08-01 → 2022-08-01,1480.565603419731,5259.319351816173,2641.741905710449,2911.0322344341675,30.729081057041004,37.855513385106704,7.1264323280657
2021-08-02 → 2022-08-02,1480.565603419731,5259.319351816173,2646.769098162676,2915.2710269053887,30.862119428603595,37.96768773552633,7.105568306922738
2021-08-03 → 2022-08-03,1480.565603419731,5259.319351816173,2651.7959625997205,2918.9488285477532,30.995149119653924,38.065016164083644,7.069867044429721
2021-08-04 → 2022-08-04,1480.565603419731,5259.319351816173,2656.7345161346625,2922.2652088453697,31.125841772940415,38.15278002800369,7.026938255063275
2021-08-05 → 2022-08-05,1480.565603419731,5259.319351816173,2661.617179189321,2924.7872352089053,31.255055354448093,38.21952230684644,6.96446695239835
2021-08-06 → 2022-08-06,1480.565603419731,5259.319351816173,2666.824911133864,2927.7191113289223,31.3928714782628,38.29711074777782,6.9042392695150205
2021-08-07 → 2022-08-07,1480.565603419731,5259.319351816173,2672.24020287363,2930.9937773079882,31.536180412909943,38.38377069433972,6.847590281429774
2021-08-08 → 2022-08-08,1480.565603419731,5259.319351816173,2677.576493950902,2934.5505909986377,31.67739869366022,38.47789732781402,6.800498634153801
2021-08-09 → 2022-08-09,1480.565603419731,5259.319351816173,2683.146806227432,2938.74656921709,31.82481005326241,38.58893865248972,6.764128599227313
2021-08-10 → 2022-08-10,1480.565603419731,5259.319351816173,2688.662206220768,2942.547520237408,31.97076822785043,38.689526075576794,6.718757847726362
2021-08-11 → 2022-08-11,1480.565603419731,5259.319351816173,2694.0713215267606,2946.917825834392,32.11391371088933,38.80518075666943,6.691267045780101
2021-08-12 → 2022-08-12,1480.565603419731,5259.319351816173,2699.288979484416,2950.742913694843,32.25199251424796,38.906406931094644,6.654414416846684
2021-08-13 → 2022-08-13,1480.565603419731,5259.319351816173,2704.3217669069413,2954.357574605301,32.385178949713925,39.00206441901621,6.616885469302282
2021-08-14 → 2022-08-14,1480.565603419731,5259.319351816173,2709.8331186765695,2957.584130135868,32.531029993115915,39.08745118262672,6.556421189510807
2021-08-15 → 2022-08-15,1480.565603419731,5259.319351816173,2715.379813815787,2962.108570206776,32.67781635466624,39.20718484012765,6.529368485461411
2021-08-16 → 2022-08-16,1480.565603419731,5259.319351816173,2721.022622752905,2966.545318106146,32.82714624787541,39.324597833796595,6.497451585921183
2021-08-17 → 2022-08-17,1480.565603419731,5259.319351816173,2726.7890846845276,2971.164655374735,32.97974846319758,39.44684282715053,6.467094363952953
2021-08-18 → 2022-08-18,1480.565603419731,5259.319351816173,2732.4447785037128,2975.3878843102493,33.12941933872328,39.558605308029485,6.429185969306204
2021-08-19 → 2022-08-19,1480.565603419731,5259.319351816173,2739.4356591464475,2980.2638291677267,33.31442426649084,39.68764110083675,6.373216834345911
2021-08-20 → 2022-08-20,1480.565603419731,5259.319351816173,2746.498810466685,2985.650172829041,33.50134174750517,39.8301839607307,6.328842213225528
2021-08-21 → 2022-08-21,1480.565603419731,5259.319351816173,2753.626340912335,2991.3107731414857,33.689962941693196,39.97998468047453,6.290021738781334
2021-08-22 → 2022-08-22,1480.565603419731,5259.319351816173,2760.885088793162,2997.9522532489364,33.88205664147206,40.15574315931875,6.273686517846691
2021-08-23 → 2022-08-23,1480.565603419731,5259.319351816173,2768.037854714267,3004.4225694253287,34.07134566101032,40.32697199843371,6.255626337423394
2021-08-24 → 2022-08-24,1480.565603419731,5259.319351816173,2775.280888973412,3010.995694311422,34.26302351941056,40.50092154168942,6.237898022278863
2021-08-25 → 2022-08-25,1480.565603419731,5259.319351816173,2782.236302634547,3017.4897070241027,34.44708985779227,40.67277748005102,6.2256876222587465
2021-08-26 → 2022-08-26,1480.565603419731,5259.319351816173,2790.155666075568,3024.1670974217695,34.65666592356215,40.84948627989013,6.192820356327978
2021-08-27 → 2022-08-27,1480.565603419731,5259.319351816173,2797.9970564133155,3031.7402658635115,34.86417852850696,41.049900727244776,6.185722198737814
2021-08-28 → 2022-08-28,1480.565603419731,5259.319351816173,2806.314459818093,3038.9080652498897,35.084288224946086,41.23958758867151,6.155299363725426
2021-08-29 → 2022-08-29,1480.565603419731,5259.319351816173,2814.2002137111604,3046.426686852944,35.29297485599247,41.43855852204458,6.1455836660521115
2021-08-30 → 2022-08-30,1480.565603419731,5259.319351816173,2822.3997996965504,3053.9572913958496,35.50996666152808,41.63784656895955,6.1278799074314705
2021-08-31 → 2022-08-31,1480.565603419731,5259.319351816173,2830.2464073142864,3061.408573336159,35.71761733527378,41.835035442234805,6.117418106961026
2021-09-01 → 2022-09-01,1480.565603419731,5259.319351816173,2838.049664254949,3067.852639910813,35.924120787476085,42.00556961841363,6.081448830937546
2021-09-02 → 2022-09-02,1480.565603419731,5259.319351816173,2846.134219133463,3074.3163958796404,36.13806843838995,42.176624849826105,6.038556411436154
2021-09-03 → 2022-09-03,1480.565603419731,5259.319351816173,2854.396483938374,3081.4794433757306,36.356718960626736,42.366185958409325,6.009466997782589
2021-09-04 → 2022-09-04,1480.565603419731,5259.319351816173,2862.6039865563102,3088.800648159494,36.5739202699584,42.55993250214402,5.986012232185622
2021-09-05 → 2022-09-05,1480.565603419731,5259.319351816173,2870.9314319646837,3096.3285614982697,36.79429571548478,42.75914932970179,5.964853614217013
2021-09-06 → 2022-09-06,1480.565603419731,5306.123380555857,2880.1491047717477,3104.7264615295658,36.585083349591116,42.45553074160359,5.870447392012473
2021-09-07 → 2022-09-07,1480.565603419731,5306.123380555857,2889.1206272503023,3114.0143467822672,36.81959875887794,42.6983158671665,5.878717108288562
2021-09-08 → 2022-09-08,1480.565603419731,5306.123380555857,2897.4319569221825,3123.29371547645,37.03685674205502,42.940878370068475,5.904021628013453
2021-09-09 → 2022-09-09,1480.565603419731,5306.123380555857,2904.305880757431,3128.873032432354,37.21654096683217,43.08672159819196,5.870180631359787
2021-09-10 → 2022-09-10,1480.565603419731,5306.123380555857,2911.005765061605,3133.385442039609,37.39167580191991,43.204675890614986,5.813000088695077
2021-09-11 → 2022-09-11,1480.565603419731,5306.123380555857,2917.474267277882,3137.7914299348486,37.560762314086496,43.319848321719604,5.759086007633108
2021-09-12 → 2022-09-12,1480.565603419731,5306.123380555857,2923.63236847772,3141.048023710279,37.721734950198346,43.40497561465695,5.6832406644586015
2021-09-13 → 2022-09-13,1480.565603419731,5306.123380555857,2931.265336493489,3145.4208905297237,37.92126057392277,43.51928226153547,5.5980216876127
2021-09-14 → 2022-09-14,1480.565603419731,5306.123380555857,2938.687514085157,3150.721110002329,38.11527614038546,43.65782988730348,5.542553746918017
2021-09-15 → 2022-09-15,1480.565603419731,5306.123380555857,2946.7484775632415,3155.738718694427,38.325989556511644,43.788990073200715,5.463000516689071
2021-09-16 → 2022-09-16,1480.565603419731,5306.123380555857,2954.9160984977952,3161.7999394670546,38.53949099631131,43.947430256978706,5.407939260667398
2021-09-17 → 2022-09-17,1480.565603419731,5306.123380555857,2962.7790446396602,3168.034188371461,38.74502824342489,44.11039339248971,5.3653651490648215
2021-09-18 → 2022-09-18,1480.565603419731,5306.123380555857,2971.0561580804847,3174.3970210789303,38.96139181504034,44.27671770591395,5.315325890873609
2021-09-19 → 2022-09-19,1480.565603419731,5306.123380555857,2979.3580357106707,3180.6902595955644,39.17840272204594,44.441222828650474,5.262820106604536
2021-09-20 → 2022-09-20,1480.565603419731,5306.123380555857,2988.048673960986,3187.8585435761274,39.40557582350203,44.62860162144783,5.223025797945795
2021-09-21 → 2022-09-21,1480.565603419731,5403.430744100575,2996.436675398569,3194.916549905652,38.641936890946674,43.70150094398561,5.059564053038933
2021-09-22 → 2022-09-22,1480.565603419731,5403.430744100575,3003.7679785189416,3199.0529938273435,38.82882333382602,43.80694540290405,4.978122069078026
2021-09-23 → 2022-09-23,1480.565603419731,5403.430744100575,3011.635154915644,3201.534167702933,39.02937002902384,43.87019442591683,4.840824396892991
2021-09-24 → 2022-09-24,1480.565603419731,5403.430744100575,3019.98211614319,3205.837891194904,39.242147193881905,43.97990310408016,4.737755910198253
2021-09-25 → 2022-09-25,1480.565603419731,5403.430744100575,3028.1373564426826,3210.7508831086357,39.45003709085851,44.10514299221149,4.655105901352982
2021-09-26 → 2022-09-26,1480.565603419731,5403.430744100575,3035.9735273931715,3214.066941565092,39.64979340848529,44.189674535803654,4.539881127318367
2021-09-27 → 2022-09-27,1480.565603419731,5403.430744100575,3043.938700389596,3216.9883047565913,39.852838191081155,44.2641446765486,4.411306485467442
2021-09-28 → 2022-09-28,1480.565603419731,5403.430744100575,3051.5533567820407,3219.570793796094,40.04694775435621,44.32997638237814,4.283028628021931
2021-09-29 → 2022-09-29,1480.565603419731,5403.430744100575,3058.907718488234,3221.104159222698,40.23442199684105,44.369064277873264,4.134642281032214
2021-09-30 → 2022-09-30,1480.565603419731,5403.430744100575,3066.374902221197,3221.2508353526546,40.424772250168054,44.372803283031395,3.948031032863341
2021-10-01 → 2022-10-01,1480.565603419731,5403.430744100575,3074.28227199106,3221.0008423053255,40.62634353764012,44.36643056721364,3.740087029573523
2021-10-02 → 2022-10-02,1480.565603419731,5403.430744100575,3082.968002455081,3222.0886675212478,40.84775646295199,44.39416094225614,3.546404479304151
2021-10-03 → 2022-10-03,1480.565603419731,5403.430744100575,3091.167378646218,3225.261991316748,41.056771453197456,44.475053954931816,3.4182825017343603
2021-10-04 → 2022-10-04,1480.565603419731,5403.430744100575,3098.932001279099,3227.2016446198095,41.25470389171951,44.52449876716731,3.2697948754478006
2021-10-05 → 2022-10-05,1480.565603419731,5403.430744100575,3106.944713525871,3228.811233560081,41.458960524548374,44.56552971986512,3.1065691953167445
2021-10-06 → 2022-10-06,1480.565603419731,5403.430744100575,3115.340430305376,3230.7815802398686,41.67298054507979,44.61575695452977,2.9427764094499835
2021-10-07 → 2022-10-07,1480.565603419731,5403.430744100575,3124.393769788309,3234.1831660092084,41.90376440224195,44.70246872379415,2.7987043215522007
2021-10-08 → 2022-10-08,1480.565603419731,5403.430744100575,3133.3877219933515,3240.018805265224,42.13303438432147,44.851228343274784,2.7181939589533144
2021-10-09 → 2022-10-09,1480.565603419731,5403.430744100575,3142.3849315840935,3244.701335494922,42.36238740228375,44.97059340074616,2.6082059984624095
2021-10-10 → 2022-10-10,1480.565603419731,5403.430744100575,3151.6825015367713,3249.340938471901,42.599397078101056,45.08886417505511,2.4894670969540513
2021-10-11 → 2022-10-11,1480.565603419731,5403.430744100575,3161.0382066999264,3254.531993104631,42.83788871183413,45.221192319066425,2.3833036072322926
2021-10-12 → 2022-10-12,1480.565603419731,5403.430744100575,3170.531425275338,3259.141422462162,43.079885778645455,45.33869392037641,2.2588081417309525
2021-10-13 → 2022-10-13,1480.565603419731,5403.430744100575,3179.762008573836,3264.985366699737,43.31518785933069,45.48766524689416,2.172477387563468
2021-10-14 → 2022-10-14,1480.565603419731,5403.430744100575,3189.2447364648883,3269.865139799524,43.556917502104156,45.612058335231126,2.05514083312697
2021-10-15 → 2022-10-15,1480.565603419731,5403.430744100575,3198.8109331031487,3275.2609494699896,43.80077489447427,45.749606007072046,1.948831112597773
2021-10-16 → 2022-10-16,1480.565603419731,5403.430744100575,3208.549166217011,3280.1325861630157,44.04901776708478,45.87379168560854,1.8247739185237606
2021-10-17 → 2022-10-17,1480.565603419731,5403.430744100575,3218.0357260869114,3287.2447554275736,44.29084509302374,46.05509206197895,1.7642469689552058
2021-10-18 → 2022-10-18,1480.565603419731,5403.430744100575,3227.716706526925,3293.9568762859285,44.53762850496467,46.22619457551552,1.6885660705508485
2021-10-19 → 2022-10-19,1480.565603419731,5403.430744100575,3237.5891180108506,3301.033815973093,44.78929179518454,46.406596894569915,1.6173050993853764
2021-10-20 → 2022-10-20,1480.565603419731,5403.430744100575,3247.694305258508,3308.395740022277,45.04688890559409,46.59426391306717,1.5473750074730788
2021-10-21 → 2022-10-21,1480.565603419731,5403.430744100575,3257.807483677009,3317.1925424915817,45.30468972351223,46.818508238422126,1.513818514909893
2021-10-22 → 2022-10-22,1480.565603419731,5403.430744100575,3267.6518272127882,3327.246888742213,45.55563751760517,47.0748093318848,1.5191718142796304
2021-10-23 → 2022-10-23,1480.565603419731,5403.430744100575,3277.1190290297523,3335.214969102152,45.79697137633988,47.27792822774764,1.480956851407754
2021-10-24 → 2022-10-24,1480.565603419731,5403.430744100575,3286.7845743695716,3342.2199032812405,46.043361323309654,47.45649501319347,1.4131336898838143
2021-10-25 → 2022-10-25,1480.565603419731,5403.430744100575,3295.892234501555,3349.196093700274,46.27552989921953,47.63432907500429,1.3587991757847604
2021-10-26 → 2022-10-26,1480.565603419731,5403.430744100575,3304.6951708856504,3355.4058135346836,46.4999305877063,47.79262459656106,1.2926940088547596
2021-10-27 → 2022-10-27,1480.565603419731,5403.430744100575,3313.643612759149,3363.1886260442925,46.728040439883,47.991020723639195,1.2629802837561925
2021-10-28 → 2022-10-28,1480.565603419731,5403.430744100575,3322.2385005368483,3369.3812866338344,46.94713764229684,48.14888137822359,1.2017437359267547
2021-10-29 → 2022-10-29,1480.565603419731,5403.430744100575,3330.8605244568944,3373.9626534661766,47.166926587642784,48.26566762164635,1.0987410340035666
2021-10-30 → 2022-10-30,1480.565603419731,5403.430744100575,3339.722586751025,3379.760359918254,47.392834488534646,48.413460274316314,1.020625785781668
2021-10-31 → 2022-10-31,1480.565603419731,5403.430744100575,3348.6313465641097,3386.755474863917,47.6199327826029,48.59177675206423,0.9718439694613252
2021-11-01 → 2022-11-01,1480.565603419731,5403.430744100575,3357.5222661562716,3393.5263259709277,47.84657630139129,48.76437639197527,0.9178000905839809
2021-11-02 → 2022-11-02,1480.565603419731,5403.430744100575,3366.610595958399,3400.227388356228,48.0782521168018,48.935197007647446,0.8569448908456465
2021-11-03 → 2022-11-03,1480.565603419731,5403.430744100575,3375.8026169224668,3406.6638400196766,48.31257118295437,49.099272279996256,0.7867010970418846
2021-11-04 → 2022-11-04,1480.565603419731,5403.430744100575,3384.3766658510713,3414.0282682415177,48.53113717034175,49.28700313379162,0.755865963449871
2021-11-05 → 2022-11-05,1480.565603419731,5403.430744100575,3392.7637014569477,3421.281993775398,48.74493589410876,49.4719120020231,0.7269761079143464
2021-11-06 → 2022-11-06,1480.565603419731,5403.430744100575,3401.3287585406847,3427.613761634058,48.96327266523341,49.63331871960303,0.670046054369621
2021-11-07 → 2022-11-07,1480.565603419731,5403.430744100575,3410.166415292971,3433.689661300862,49.188558430493046,49.78820295469426,0.5996445242012172
2021-11-08 → 2022-11-08,1480.565603419731,5403.430744100575,3420.5846853286394,3440.7296379565046,49.454136513400584,49.96766302796154,0.513526514560958
2021-11-09 → 2022-11-09,1490.411015872955,6345.865691303295,3433.877854967665,3451.0513579728645,40.02646444068516,40.38015949404652,0.3536950533613563
2021-11-10 → 2022-11-10,1537.6991790313373,6345.865691303295,3445.381505636824,3464.349480168724,39.67587898082314,40.07037394025285,0.39449495942970714
2021-11-11 → 2022-11-11,1537.6991790313373,6345.865691303295,3457.313224702318,3477.445060783864,39.924034260700424,40.342735152821426,0.41870089212100225
2021-11-12 → 2022-11-12,1537.6991790313373,6345.865691303295,3469.39860169938,3489.7785765939084,40.17538531034099,40.59924698074098,0.4238616703999867
2021-11-13 → 2022-11-13,1537.6991790313373,6345.865691303295,3481.8758952423354,3502.9217057293095,40.434887420159974,40.87259710499011,0.43770968483013917
2021-11-14 → 2022-11-14,1537.6991790313373,6345.865691303295,3494.063243381358,3515.698191880545,40.6883592603701,41.1383218072987,0.44996254692860305
2021-11-15 → 2022-11-15,1568.5412572574792,6345.865691303295,3506.0715750618674,3528.615693332895,40.55680840925293,41.0287068239883,0.47189841473537086
2021-11-16 → 2022-11-16,1657.7562859494606,6345.865691303295,3518.1863333664196,3542.444360717711,39.68401516595032,40.20145247924315,0.5174373132928309
2021-11-17 → 2022-11-17,1662.391318528652,6345.865691303295,3530.0420186970946,3556.1310294828368,39.877461719983444,40.43450567302393,0.557043953040484
2021-11-18 → 2022-11-18,1673.6549060898267,6345.865691303295,3541.8984694850437,3568.138019876623,39.98628592074232,40.547894794952825,0.5616088742105063
2021-11-19 → 2022-11-19,1673.6549060898267,6345.865691303295,3553.4523289030903,3580.309691208874,40.23357483704319,40.80840682858735,0.5748319915441584
2021-11-20 → 2022-11-20,1673.6549060898267,6345.865691303295,3565.5597649716665,3590.672221495446,40.492712034082615,41.030197555995606,0.5374855219129913
2021-11-21 → 2022-11-21,1693.9785673025804,6345.865691303295,3578.3036912142825,3602.5341701360176,40.50668199126778,41.02755617148428,0.5208741802164951
2021-11-22 → 2022-11-22,1694.6666414922995,6345.865691303295,3590.569288168941,3615.6749126616205,40.76158913804566,41.3013558567738,0.5397667187281456
2021-11-23 → 2022-11-23,1694.6666414922995,6345.865691303295,3602.208516612608,3628.1105776738873,41.0118305987748,41.56872057023994,0.5568899714651394
2021-11-24 → 2022-11-24,1694.6666414922995,6345.865691303295,3613.9441537115663,3638.7272489601146,41.26414482943399,41.7969772234713,0.5328323940373139
2021-11-25 → 2022-11-25,1694.6666414922995,6345.865691303295,3625.6992415514155,3650.383537726514,41.51687724776227,42.047585478279764,0.5307082305174973
2021-11-26 → 2022-11-26,1726.4981513466696,6345.865691303295,3637.679741154,3662.067653292811,41.373230713425244,41.90117987373475,0.5279491603095039
2021-11-27 → 2022-11-27,1726.4981513466696,6345.865691303295,3649.224726104771,3675.3417144263503,41.623156376428,42.188536552299965,0.5653801758719652
2021-11-28 → 2022-11-28,1726.4981513466696,6345.865691303295,3661.076502687334,3685.458818560886,41.879723460126094,42.40755147256826,0.5278280124421642
2021-11-29 → 2022-11-29,1726.4981513466696,6345.865691303295,3672.9203090469596,3695.967863350449,42.13611800455623,42.635051118324135,0.4989331137679045
2021-11-30 → 2022-11-30,1748.8445868784124,6345.865691303295,3684.1095837903677,3707.7153904761335,42.098240424634064,42.611742672057815,0.5135022474237516
2021-12-01 → 2022-12-01,1748.8445868784124,6345.865691303295,3695.4330052024616,3720.0852291553615,42.34456127361156,42.88082646345745,0.5362651898458921
2021-12-02 → 2022-12-02,1767.3185893956177,6345.865691303295,3706.6560471534012,3732.3481649114483,42.357049400010496,42.91819067880923,0.5611412787987362
2021-12-03 → 2022-12-03,1863.1822055281168,6345.865691303295,3717.994882284035,3745.2462495796617,41.377284000571606,41.98520930652066,0.6079253059490526
2021-12-04 → 2022-12-04,1968.5695591224273,6345.865691303295,3728.861970313216,3758.2656191068572,40.21414951228742,40.88588036863668,0.6717308563492566
2021-12-05 → 2022-12-05,1968.5695591224273,6345.865691303295,3739.4127119516675,3769.9489587242238,40.45518281960436,41.152788050104085,0.6976052304997253
2021-12-06 → 2022-12-06,1968.5695591224273,6345.865691303295,3749.8792976162094,3778.8105995851997,40.69429357081888,41.35523359167546,0.6609400208565788
2021-12-07 → 2022-12-07,1968.5695591224273,6345.865691303295,3760.689472431253,3787.9100650483515,40.94125366875627,41.56311227267797,0.6218586039217016
2021-12-08 → 2022-12-08,1968.5695591224273,6345.865691303295,3771.1431825748173,3797.779547668387,41.18007027672371,41.788582113465694,0.6085118367419824
2021-12-09 → 2022-12-09,1968.5695591224273,6345.865691303295,3781.6771839320027,3807.8075864431025,41.42072114975334,42.01767419387104,0.5969530441176971
2021-12-10 → 2022-12-10,1968.5695591224273,6345.865691303295,3791.9330537694473,3818.0047880525563,41.65501806565185,42.25063082512306,0.5956127594712086
2021-12-11 → 2022-12-11,1968.5695591224273,6345.865691303295,3802.1566425428373,3826.509971939593,41.888577515702046,42.444933052575955,0.5563555368739088
2021-12-12 → 2022-12-12,1968.5695591224273,6345.865691303295,3812.5062716150346,3834.557777837722,42.12501637566652,42.62878640987941,0.5037700342128915
2021-12-13 → 2022-12-13,1968.5695591224273,6345.865691303295,3822.428002323871,3843.6464601570815,42.35167983203846,42.83641874831184,0.48473891627338617
2021-12-14 → 2022-12-14,1968.5695591224273,6345.865691303295,3831.9293353442863,3853.1906595944906,42.5687392388847,43.05445744501418,0.48571820612947647
2021-12-15 → 2022-12-15,1968.5695591224273,6345.865691303295,3842.0248475136664,3860.739525820799,42.79937275931665,43.22691244916185,0.4275396898452044
2021-12-16 → 2022-12-16,1968.5695591224273,6345.865691303295,3852.882728873098,3870.091256629626,43.047422720561144,43.440554170590644,0.39313145002950023
2021-12-17 → 2022-12-17,1968.5695591224273,6345.865691303295,3863.438541580339,3880.1124942086776,43.28857187722059,43.669490876640246,0.3809189994196558
2021-12-18 → 2022-12-18,1968.5695591224273,6345.865691303295,3873.828256152845,3889.28457898031,43.52592649657392,43.87902855685798,0.35310206028405844
2021-12-19 → 2022-12-19,1968.5695591224273,6345.865691303295,3884.63871362116,3897.7007023511933,43.77289305176856,44.07129618319037,0.2984031314218072
2021-12-20 → 2022-12-20,1968.5695591224273,6345.865691303295,3894.9754766741285,3906.2160612008483,44.00903798555485,44.26583085922135,0.2567928736665053
2021-12-21 → 2022-12-21,1968.5695591224273,6345.865691303295,3905.4194186056643,3914.4213024445753,44.24763143722367,44.45328085108743,0.20564941386376034
2021-12-22 → 2022-12-22,1968.5695591224273,6345.865691303295,3916.1023198080657,3922.549700256771,44.49168395000349,44.63897534300077,0.1472913929972819
2021-12-23 → 2022-12-23,1968.5695591224273,6345.865691303295,3926.7732779261883,3932.19648087778,44.7354636211953,44.859357522540506,0.12389390134520539
2021-12-24 → 2022-12-24,1968.5695591224273,6345.865691303295,3937.6126284716024,3941.4821899287185,44.98309024315779,45.07149096680699,0.08840072364920104
2021-12-25 → 2022-12-25,1968.5695591224273,6345.865691303295,3948.471816270529,3952.3199976529786,45.231170050212484,45.319082342784114,0.08791229257163025
2021-12-26 → 2022-12-26,1968.5695591224273,6345.865691303295,3959.2574301531954,3963.3716246271533,45.477569049891144,45.57155845224643,0.09398940235528386
2021-12-27 → 2022-12-27,1968.6443124468356,6345.865691303295,3970.240612660911,3974.639060180258,45.7275546967421,45.82803961945112,0.10048492270902187
2021-12-28 → 2022-12-28,2097.6214546969254,6345.865691303295,3981.38449190888,3986.611215612257,44.34215483610621,44.46518739761337,0.12303256150715924
2021-12-29 → 2022-12-29,2102.606818210314,6345.865691303295,3992.0822874784203,3998.935203864809,44.52887570092647,44.69037695718598,0.16150125625951262
2021-12-30 → 2022-12-30,2102.606818210314,6345.865691303295,4002.668288794525,4009.3997330001453,44.77835379389015,44.936992340510656,0.1586385466205087
2021-12-31 → 2022-12-31,2102.606818210314,6345.865691303295,4013.4024211417827,4019.2172053633853,45.03132286007945,45.16835867136296,0.1370358112835106
2022-01-01 → 2023-01-01,2102.606818210314,6345.865691303295,4023.9608581768357,4029.559097288873,45.280151351360175,45.41208388905041,0.13193253769023272
2022-01-02 → 2023-01-02,2106.87282305432,6345.865691303295,4034.5878110022654,4039.446887425879,45.47577804121755,45.59040612799753,0.11462808677998026
2022-01-03 → 2023-01-03,2106.87282305432,6345.865691303295,4045.2079040386666,4050.4078336759894,45.726311443053355,45.84898043068652,0.12266898763316192
2022-01-04 → 2023-01-04,2106.87282305432,6345.865691303295,4055.5428772421287,4061.4212008548925,45.9701187228644,46.10879136977527,0.13867264691086945
2022-01-05 → 2023-01-05,2106.87282305432,6345.865691303295,4065.8304200369994,4072.135155631545,46.21280709518809,46.3615390178523,0.14873192266421142
2022-01-06 → 2023-01-06,2106.87282305432,6345.865691303295,4075.665811475388,4082.6347676434225,46.44482898680433,46.60923021097796,0.16440122417363057
2022-01-07 → 2023-01-07,2106.87282305432,6345.865691303295,4085.4595391371877,4091.7150819629433,46.67586800871816,46.823439448920645,0.14757144020248347
2022-01-08 → 2023-01-08,2106.87282305432,6345.865691303295,4094.894045717656,4100.507534567788,46.89843282242981,47.030857882452395,0.1324250600225838
2022-01-09 → 2023-01-09,2106.87282305432,6345.865691303295,4104.259020264851,4108.049215342287,47.11935734007504,47.208769971689165,0.08941263161412394
2022-01-10 → 2023-01-10,2106.87282305432,6345.865691303295,4113.408042857487,4115.5797973735425,47.3351874411626,47.386420235922,0.051232794759400235
2022-01-11 → 2023-01-11,2106.87282305432,6345.865691303295,4122.19488228365,4122.814171090955,47.54247345695137,47.557082795219976,0.014609338268606109
2022-01-12 → 2023-01-12,2106.87282305432,6345.865691303295,4130.285901518227,4129.329762385089,47.73334472015117,47.71078891119242,-0.02255580895875653
2022-01-13 → 2023-01-13,2106.87282305432,6345.865691303295,4137.822222563742,4135.995729731011,47.91113037065236,47.86804247478889,-0.043087895863465064
2022-01-14 → 2023-01-14,2106.87282305432,6345.865691303295,4144.41645986296,4143.04430474662,48.06669178592651,48.034321948113885,-0.032369837812623814
2022-01-15 → 2023-01-15,2106.87282305432,6345.865691303295,4151.165488914406,4149.241141479391,48.225904817446256,48.1805084816933,-0.04539633575295454
2022-01-16 → 2023-01-16,2106.87282305432,6345.865691303295,4157.741680881427,4155.839489321679,48.38104053414629,48.33616686677129,-0.04487366737499343
2022-01-17 → 2023-01-17,2106.87282305432,6345.865691303295,4164.313620259941,4162.697704504318,48.53607593011827,48.497955654716854,-0.03812027540141827
2022-01-18 → 2023-01-18,2106.87282305432,6345.865691303295,4171.033912461978,4169.856113679331,48.69461104472942,48.66682617178311,-0.027784872946313044
2022-01-19 → 2023-01-19,2106.87282305432,6345.865691303295,4177.56100798128,4176.5527211897215,48.84858855123084,48.824802552459495,-0.023785998771344907
2022-01-20 → 2023-01-20,2106.87282305432,6345.865691303295,4183.079793863628,4183.183642174685,48.978779520026386,48.98122935455748,0.0024498345310917102
2022-01-21 → 2023-01-21,2106.87282305432,6345.865691303295,4188.357760525914,4189.606853284851,49.10328944081016,49.13275617495573,0.029466734145572104
2022-01-22 → 2023-01-22,2106.87282305432,6345.865691303295,4192.898265134622,4195.233314334346,49.21040225627907,49.26548725576594,0.05508499948687273
2022-01-23 → 2023-01-23,2106.87282305432,6345.865691303295,4197.007136608679,4197.768922175057,49.30733262634014,49.325303535706006,0.01797090936586443
2022-01-24 → 2023-01-24,2106.87282305432,6345.865691303295,4201.557906121988,4199.206223512118,49.41468759613487,49.359210206033936,-0.055477390100932666
2022-01-25 → 2023-01-25,2106.87282305432,6345.865691303295,4205.928161321912,4201.388188707365,49.517784141369894,49.4106838759141,-0.10710026545579154
2022-01-26 → 2023-01-26,2106.87282305432,6345.865691303295,4210.409072770555,4203.776785725988,49.623491123851664,49.46703209571211,-0.15645902813955104
2022-01-27 → 2023-01-27,2106.87282305432,6345.865691303295,4214.832719623369,4206.233548675362,49.727847205362146,49.524988384522494,-0.20285882083965134
2022-01-28 → 2023-01-28,2106.87282305432,6345.865691303295,4219.327419588731,4208.457495888533,49.83387946597359,49.57745243158021,-0.25642703439337566
2022-01-29 → 2023-01-29,2106.87282305432,6345.865691303295,4223.5853834570335,4210.574579843278,49.93432700152374,49.627395519963365,-0.3069314815603761
2022-01-30 → 2023-01-30,2106.87282305432,6345.865691303295,4228.395755919008,4213.356061866341,50.047806137051545,49.693012097049326,-0.3547940400022185
2022-01-31 → 2023-01-31,2106.87282305432,6345.865691303295,4233.0150405459735,4216.198167654757,50.15677741326117,49.76005881962589,-0.3967185936352777
2022-02-01 → 2023-02-01,2106.87282305432,6345.865691303295,4237.42664845367,4218.735852541935,50.26084948992684,49.81992409814963,-0.44092539177721335
2022-02-02 → 2023-02-02,2106.87282305432,6345.865691303295,4242.006389299985,4221.617964350497,50.368887908217616,49.88791458311008,-0.4809733251075343
2022-02-03 → 2023-02-03,2106.87282305432,6345.865691303295,4246.2638539110085,4224.4311326371635,50.46932366603436,49.95427865528718,-0.5150450107471798
2022-02-04 → 2023-02-04,2106.87282305432,6345.865691303295,4250.589384673789,4225.280874611522,50.571365139026206,49.97432450109937,-0.5970406379268383
2022-02-05 → 2023-02-05,2106.87282305432,6345.865691303295,4255.839786251045,4225.96459881142,50.695224785419626,49.990453903085836,-0.7047708823337899
2022-02-06 → 2023-02-06,2106.87282305432,6345.865691303295,4261.2698365249835,4229.888029737469,50.823322436034026,50.083009636204345,-0.740312799829681
2022-02-07 → 2023-02-07,2106.87282305432,6345.865691303295,4266.5628723713435,4233.887369524073,50.9481878465424,50.17735609799152,-0.7708317485508829
2022-02-08 → 2023-02-08,2106.87282305432,6345.865691303295,4272.249160767864,4238.587775583137,51.08233028492941,50.28824107008646,-0.7940892148429555
2022-02-09 → 2023-02-09,2106.87282305432,6345.865691303295,4278.585823830896,4244.832430672348,51.23181539283074,50.43555566304049,-0.7962597297902505
2022-02-10 → 2023-02-10,2106.87282305432,6345.865691303295,4285.070060746654,4251.5652392768225,51.38478184305355,50.59438604595773,-0.790395797095826
2022-02-11 → 2023-02-11,2106.87282305432,6345.865691303295,4291.301547966463,4258.615934767524,51.5317857992641,50.76071554236978,-0.7710702568943191
2022-02-12 → 2023-02-12,2106.87282305432,6345.865691303295,4297.400344151166,4265.215085408847,51.67565950639826,50.916392865885754,-0.7592666405125073
2022-02-13 → 2023-02-13,2106.87282305432,6345.865691303295,4303.455717626281,4270.918022568914,51.81850884970505,51.05092805708137,-0.7675807926236757
2022-02-14 → 2023-02-14,2106.87282305432,6345.865691303295,4309.275513561258,4276.385103691775,51.95580079889819,51.1798992842757,-0.7759015146224897
2022-02-15 → 2023-02-15,2106.87282305432,6345.865691303295,4314.110399814675,4281.387807632782,52.06985822724705,51.2979156173174,-0.7719426099296527
2022-02-16 → 2023-02-16,2106.87282305432,6345.865691303295,4319.480005396383,4287.073427997601,52.19652995679696,51.43204229649646,-0.764487660300496
2022-02-17 → 2023-02-17,2106.87282305432,6345.865691303295,4324.382985110698,4293.835379275801,52.31219374455749,51.591560169924556,-0.7206335746329344
2022-02-18 → 2023-02-18,2106.87282305432,6345.865691303295,4328.7451914960575,4299.898631847564,52.415100414158964,51.73459538513282,-0.6805050290261434
2022-02-19 → 2023-02-19,2106.87282305432,6345.865691303295,4333.13500928743,4304.497008669519,52.518658450886356,51.84307343557727,-0.675585015309089
2022-02-20 → 2023-02-20,2106.87282305432,6345.865691303295,4337.338800064203,4307.649548728796,52.617828015625655,51.91744346065775,-0.7003845549679042
2022-02-21 → 2023-02-21,2106.87282305432,6345.865691303295,4341.449102533159,4312.415910937445,52.714792143585,52.02988437190227,-0.684907771682731
2022-02-22 → 2023-02-22,2106.87282305432,6345.865691303295,4345.391375485631,4315.945369931995,52.807792369700046,52.1131461065701,-0.6946462631299468
2022-02-23 → 2023-02-23,2106.87282305432,6345.865691303295,4349.666570040438,4318.6382653635665,52.908646385917656,52.17667288085986,-0.7319735050577947
2022-02-24 → 2023-02-24,2106.87282305432,6345.865691303295,4354.132335597819,4323.632502259682,53.013996069113176,52.29448947200168,-0.7195065971114971
2022-02-25 → 2023-02-25,2106.87282305432,6345.865691303295,4358.7928605793995,4325.635194858726,53.123940226285235,52.3417340100627,-0.7822062162225336
2022-02-26 → 2023-02-26,2106.87282305432,6345.865691303295,4363.450562514114,4326.8955185778095,53.2338177863444,52.37146568827627,-0.8623520980681363
2022-02-27 → 2023-02-27,2106.87282305432,6345.865691303295,4368.079449186669,4330.1794576008815,53.343015579698275,52.44893548181305,-0.8940800978852224
2022-02-28 → 2023-02-28,2106.87282305432,6345.865691303295,4372.629750106958,4334.140621040159,53.45035949514507,52.54238134412973,-0.9079781510153424
2022-03-01 → 2023-03-01,2106.87282305432,6345.865691303295,4377.874144186502,4333.463462823979,53.57407742160882,52.52640683704216,-1.04767058456666
2022-03-02 → 2023-03-02,2106.87282305432,6345.865691303295,4383.352755909508,4339.607019486939,53.703320661531265,52.67133646664773,-1.0319841948835347
2022-03-03 → 2023-03-03,2106.87282305432,6345.865691303295,4389.365679080595,4352.444712093888,53.84516858055291,52.974184171419914,-0.8709844091329941
2022-03-04 → 2023-03-04,2106.87282305432,6345.865691303295,4395.169175859681,4360.4279325852585,53.98207602436001,53.16251240738292,-0.8195636169770921
2022-03-05 → 2023-03-05,2106.87282305432,6345.865691303295,4400.369213623618,4366.583492606165,54.10474756275505,53.30772520231385,-0.7970223604412041
2022-03-06 → 2023-03-06,2106.87282305432,6345.865691303295,4405.621256499286,4370.571573077162,54.22864592821367,53.40180605111329,-0.8268398771003831
2022-03-07 → 2023-03-07,2106.87282305432,6345.865691303295,4410.827385199093,4376.5451484669875,54.35146115488704,53.542725735941474,-0.8087354189455667
2022-03-08 → 2023-03-08,2106.87282305432,6345.865691303295,4416.255102478335,4383.633089673911,54.47950376896872,53.70993387776246,-0.7695698912062596
2022-03-09 → 2023-03-09,2106.87282305432,6345.865691303295,4422.626059973709,4398.914366582731,54.62979789998964,54.07042698034069,-0.5593709196489485
2022-03-10 → 2023-03-10,2106.87282305432,6345.865691303295,4429.618024202881,4404.093053832987,54.794741896039824,54.19259484924759,-0.6021470467922327
2022-03-11 → 2023-03-11,2106.87282305432,6345.865691303295,4435.970668375129,4408.483106866669,54.94460400644417,54.29615843546084,-0.6484455709833341
2022-03-12 → 2023-03-12,2106.87282305432,6345.865691303295,4441.315551521093,4398.700696776703,55.07069252114771,54.06538640082877,-1.0053061203189415
2022-03-13 → 2023-03-13,2106.87282305432,6345.865691303295,4445.612567529417,4383.981474224847,55.17206131656395,53.718152446695335,-1.453908869868613
2022-03-14 → 2023-03-14,2106.87282305432,6345.865691303295,4449.416887656957,4381.295195355384,55.26180716530163,53.65478176047446,-1.6070254048271764
2022-03-15 → 2023-03-15,2106.87282305432,6345.865691303295,4453.719035572576,4385.132874639213,55.363297025023805,53.74531456869346,-1.6179824563303455
2022-03-16 → 2023-03-16,2106.87282305432,6345.865691303295,4457.686897994451,4382.1826869915,55.45690091975067,53.67571814002734,-1.7811827797233306
2022-03-17 → 2023-03-17,2106.87282305432,6345.865691303295,4460.992686350074,4366.266834997269,55.534886150166706,53.30025508809714,-2.2346310620695675
2022-03-18 → 2023-03-18,2106.87282305432,6345.865691303295,4464.447980232933,4370.915179212956,55.61639829208937,53.409911894800075,-2.2064863972892965
2022-03-19 → 2023-03-19,2106.87282305432,6345.865691303295,4467.609483155025,4363.838307537329,55.69097975566702,53.24296488885829,-2.448014866808734
2022-03-20 → 2023-03-20,2106.87282305432,6345.865691303295,4470.950009449156,4367.636790116227,55.769784471738895,53.332573026851385,-2.4372114448875095
2022-03-21 → 2023-03-21,2106.87282305432,6345.865691303295,4474.03172167666,4366.460729207993,55.842483632206616,53.304829151247276,-2.5376544809593398
2022-03-22 → 2023-03-22,2106.87282305432,6345.865691303295,4477.371171357324,4373.895311324199,55.92126295041867,53.48021472860677,-2.4410482218119043
2022-03-23 → 2023-03-23,2106.87282305432,6345.865691303295,4480.5493181900265,4366.10216645232,55.996237052321696,53.29637047328255,-2.6998665790391456
2022-03-24 → 2023-03-24,2106.87282305432,6345.865691303295,4484.104147419778,4374.743488822616,56.080097283754924,53.50022366763496,-2.5798736161199614
2022-03-25 → 2023-03-25,2106.87282305432,6345.865691303295,4487.830334275885,4375.705041952329,56.16799992883878,53.52290719552941,-2.645092733309369
2022-03-26 → 2023-03-26,2106.87282305432,6345.865691303295,4491.41010881883,4372.02385556372,56.25244863291088,53.43606613438533,-2.816382498525549
2022-03-27 → 2023-03-27,2106.87282305432,6345.865691303295,4495.334639897285,4382.221489063597,56.34503031918477,53.67663350066376,-2.6683968185210105
2022-03-28 → 2023-03-28,2106.87282305432,6345.865691303295,4499.507763625909,4382.62410617951,56.44347643264446,53.686131443416365,-2.757344989228095
2022-03-29 → 2023-03-29,2106.87282305432,6345.865691303295,4503.3462117098115,4373.366721038685,56.534027377248606,53.46774501464539,-3.066282362603218
2022-03-30 → 2023-03-30,2122.0925964966577,6345.865691303295,4507.34022285905,4379.628471877447,56.47196411415156,53.44832273676242,-3.02364137738914
2022-03-31 → 2023-03-31,2143.025331598731,6345.865691303295,4511.124028262863,4376.425808579075,56.345197390047815,53.14026434107385,-3.204933048973963
2022-04-01 → 2023-04-01,2143.025331598731,6345.865691303295,4514.715940847727,4378.793554635656,56.43066132104321,53.196601147945735,-3.2340601730974754
2022-04-02 → 2023-04-02,2143.025331598731,6345.865691303295,4518.510306904451,4384.827210867721,56.5209423151324,53.340162542518655,-3.1807797726137466
2022-04-03 → 2023-04-03,2143.025331598731,6345.865691303295,4522.373095934549,4391.335173215752,56.612851326645995,53.49500930782591,-3.1178420188200846
2022-04-04 → 2023-04-04,2143.025331598731,6345.865691303295,4526.208235484443,4389.913902511249,56.704102462108196,53.461192398715376,-3.24291006339282
2022-04-05 → 2023-04-05,2188.5173498415406,6345.865691303295,4530.0451007193105,4391.265408807138,56.32262583160092,52.984447730716134,-3.3381781008847824
2022-04-06 → 2023-04-06,2295.207412048999,6345.865691303295,4533.80647414454,4396.123317554808,55.265068237443494,51.866036596219026,-3.399031641224468
2022-04-07 → 2023-04-07,2295.207412048999,6345.865691303295,4537.277244546181,4400.471595671629,55.35075234512091,51.97338403994419,-3.3773683051767165
2022-04-08 → 2023-04-08,2342.963199885462,6345.865691303295,4540.7767318513825,4402.085967176234,54.90549761524299,51.44074260378568,-3.4647550114573136
2022-04-09 → 2023-04-09,2342.963199885462,6345.865691303295,4543.940491661475,4397.274162885737,54.98453425969975,51.32053472210949,-3.663999537590257
2022-04-10 → 2023-04-10,2366.0539369653015,6345.865691303295,4546.742268865677,4376.289949520358,54.793755747955316,50.51083158302401,-4.282924164931309
2022-04-11 → 2023-04-11,2410.23886043595,6345.865691303295,4549.310707613378,4368.04383632715,54.35149060374746,49.74569642975356,-4.6057941739939
2022-04-12 → 2023-04-12,2410.23886043595,6345.865691303295,4551.535299641902,4373.998252047573,54.408015069204296,49.896991661143964,-4.511023408060332
2022-04-13 → 2023-04-13,2410.23886043595,6345.865691303295,4553.717382744711,4366.534292235279,54.463459429063185,49.70734055515613,-4.756118873907056
2022-04-14 → 2023-04-14,2410.23886043595,6345.865691303295,4556.048350395351,4365.310139077037,54.52268678345455,49.67623615398066,-4.8464506294738925
2022-04-15 → 2023-04-15,2410.23886043595,6345.865691303295,4558.208255685757,4367.483946713266,54.57756762920612,49.73147024322865,-4.8460973859774725
2022-04-16 → 2023-04-16,2410.23886043595,6345.865691303295,4560.479981326955,4368.195085589839,54.635289708529825,49.74953950912032,-4.885750199409507
2022-04-17 → 2023-04-17,2410.23886043595,6345.865691303295,4562.995046620385,4384.422625053166,54.69919478392226,50.16186364859545,-4.537331135326809
2022-04-18 → 2023-04-18,2410.23886043595,6345.865691303295,4565.111095867857,4367.468256497761,54.75296129529157,49.73107157190692,-5.021889723384653
2022-04-19 → 2023-04-19,2410.23886043595,6345.865691303295,4567.905543921611,4399.319138373221,54.82396518295278,50.54036786050958,-4.2835973224432
2022-04-20 → 2023-04-20,2415.7130781810774,6345.865691303295,4570.991402448715,4412.409122472956,54.8395580637625,50.80454223648203,-4.035015827280475
2022-04-21 → 2023-04-21,2470.737308913646,6345.865691303295,4574.402226147252,4436.840966441512,54.286328339304035,50.736477956775275,-3.54985038252876
2022-04-22 → 2023-04-22,2470.737308913646,6345.865691303295,4577.467339610474,4425.478113822624,54.36542542102012,50.4432527653074,-3.9221726557127212
2022-04-23 → 2023-04-23,2470.737308913646,6345.865691303295,4580.489440076054,4432.537275490242,54.44341252666839,50.62541864398378,-3.817993882684611
2022-04-24 → 2023-04-24,2470.737308913646,6345.865691303295,4583.514911959226,4436.201058461542,54.52148663375917,50.71996474955153,-3.801521884207638
2022-04-25 → 2023-04-25,2470.737308913646,6345.865691303295,4586.253527104469,4417.524925812127,54.59215823157483,50.23801600343286,-4.354142228141967
2022-04-26 → 2023-04-26,2515.850523298859,6345.865691303295,4589.128787362799,4416.589189108981,54.13237736977909,49.62744486467582,-4.50493250510327
2022-04-27 → 2023-04-27,2515.850523298859,6345.865691303295,4591.225089627885,4390.4585079972985,54.187110893619895,48.94518435223775,-5.241926541382142
2022-04-28 → 2023-04-28,2515.850523298859,6345.865691303295,4593.567292288354,4393.5927142653945,54.248264767892664,49.02701708998456,-5.221247677908103
2022-04-29 → 2023-04-29,2522.586471357364,6345.865691303295,4596.043482417324,4397.236348788426,54.23242436081568,49.032512918519544,-5.199911442296134
2022-04-30 → 2023-04-30,2522.586471357364,6345.865691303295,4598.2722167006405,4393.923324231224,54.290718148820716,48.945858913760546,-5.34485923506017
2022-05-01 → 2023-05-01,2522.586471357364,6345.865691303295,4600.745707312164,4427.927492200251,54.355413675075226,49.83525688897587,-4.520156786099356
2022-05-02 → 2023-05-02,2522.586471357364,6345.865691303295,4603.164582122345,4412.582456284472,54.418680694589824,49.43389891763742,-4.984781776952403
2022-05-03 → 2023-05-03,2522.586471357364,6345.865691303295,4605.486918214737,4403.275699231671,54.47942269010709,49.190475497128446,-5.288947192978647
2022-05-04 → 2023-05-04,2522.586471357364,6345.865691303295,4607.709024563029,4408.780760118067,54.5375431207756,49.334463434438284,-5.203079686337318
2022-05-05 → 2023-05-05,2739.5740703434462,6345.865691303295,4610.061943264466,4389.785862659437,51.867349330533955,45.75924428088185,-6.108105049652103
2022-05-06 → 2023-05-06,2774.4638688532464,6345.865691303295,4612.031063054832,4407.985382028657,51.45226680040669,45.73894494052715,-5.713321859879542
2022-05-07 → 2023-05-07,2816.210364150029,6345.865691303295,4613.9501270698,4412.351498163768,50.9324451339469,45.220878133193175,-5.711567000753725
2022-05-08 → 2023-05-08,2936.089549834832,6345.865691303295,4616.109540630838,4445.522228430225,49.2706829156381,44.26779401258106,-5.002888903057041
2022-05-09 → 2023-05-09,3141.551112307738,6345.865691303295,4617.971665377613,4449.075986315624,46.076017715235764,40.80513450766591,-5.270883207569852
2022-05-10 → 2023-05-10,3141.551112307738,6345.865691303295,4618.88407267678,4449.046355855598,46.10449205121851,40.804209802575485,-5.300282248643022
2022-05-11 → 2023-05-11,3141.551112307738,6345.865691303295,4620.192316105906,4473.226983041365,46.14531961033836,41.55883693389,-4.586482676448362
2022-05-12 → 2023-05-12,3141.551112307738,6345.865691303295,4620.909312909426,4481.468609494543,46.16769559078112,41.81604097082201,-4.351654619959113
2022-05-13 → 2023-05-13,3141.551112307738,6345.865691303295,4621.676962774354,4479.839621990912,46.191652348022124,41.76520365558745,-4.4264486924346755
2022-05-14 → 2023-05-14,3141.551112307738,6345.865691303295,4622.497568515714,4477.858555475877,46.21726174813343,41.703378685966165,-4.513883062167267
2022-05-15 → 2023-05-15,3141.551112307738,6345.865691303295,4623.439177178707,4467.3665885204055,46.24664739800579,41.37594619777517,-4.87070120023062
2022-05-16 → 2023-05-16,3141.551112307738,6345.865691303295,4624.786894927539,4475.890527547113,46.28870686862289,41.64196062353046,-4.64674624509243
2022-05-17 → 2023-05-17,3141.551112307738,6345.865691303295,4625.617091820868,4462.615422142948,46.314615588658405,41.22767216723517,-5.086943421423236
2022-05-18 → 2023-05-18,3141.551112307738,6345.865691303295,4626.819243194372,4484.039661121953,46.352132235163204,41.89627814991371,-4.4558540852494914
2022-05-19 → 2023-05-19,3141.551112307738,6345.865691303295,4627.483800011295,4482.5875645074775,46.372871672585475,41.85096123178108,-4.5219104408043975
2022-05-20 → 2023-05-20,3141.551112307738,6345.865691303295,4628.535702756624,4475.604007115221,46.40569937159557,41.633018916190906,-4.772680455404661
2022-05-21 → 2023-05-21,3141.551112307738,6345.865691303295,4629.39012465191,4488.270483269952,46.43236410360679,42.02831331823745,-4.404050785369336
2022-05-22 → 2023-05-22,3141.551112307738,6345.865691303295,4630.275764078303,4485.740014007947,46.46000306989925,41.94934263044693,-4.510660439452323
2022-05-23 → 2023-05-23,3141.551112307738,6345.865691303295,4631.303038469349,4472.412597844323,46.49206216914563,41.53342166404162,-4.9586405051040146
2022-05-24 → 2023-05-24,3141.551112307738,6345.865691303295,4632.282511047486,4507.277778459324,46.52262947313498,42.62149150723192,-3.901137965903054
2022-05-25 → 2023-05-25,3141.551112307738,6345.865691303295,4633.381815942869,4502.2099515834025,46.55693649475481,42.46333516050052,-4.093601334254288
2022-05-26 → 2023-05-26,3141.551112307738,6345.865691303295,4634.369480995653,4493.24333607984,46.58775946885536,42.18350572170763,-4.404253747147727
2022-05-27 → 2023-05-27,3141.551112307738,6345.865691303295,4635.228977469807,4488.1969334414935,46.61458256792898,42.026017980915064,-4.588564587013913
2022-05-28 → 2023-05-28,3141.551112307738,6345.865691303295,4635.403843109669,4440.701859699022,46.620039761208545,40.543795415945816,-6.0762443452627295
2022-05-29 → 2023-05-29,3141.551112307738,6345.865691303295,4635.8376563450165,4452.894182085807,46.63357817089502,40.92429246410415,-5.709285706790872
2022-05-30 → 2023-05-30,3141.551112307738,6345.865691303295,4636.41305438237,4454.696543970065,46.65153514806341,40.98054043351616,-5.670994714547248
2022-05-31 → 2023-05-31,3141.551112307738,6345.865691303295,4637.842239654142,4474.103917361937,46.696137050796054,41.58620423191749,-5.109932818878562
2022-06-01 → 2023-06-01,3191.4543555470495,6345.865691303295,4639.444051346679,4489.682939155332,45.903642286160036,41.15597001863558,-4.747672267524457
2022-06-02 → 2023-06-02,3191.4543555470495,6345.865691303295,4640.308075002766,4471.402756522991,45.93103324961153,40.5764583225822,-5.354574927029333
2022-06-03 → 2023-06-03,3191.4543555470495,6345.865691303295,4641.440897585212,4478.29851114361,45.96694557878704,40.79506502559692,-5.171880553190121
2022-06-04 → 2023-06-04,3191.4543555470495,6345.865691303295,4642.290299713005,4474.278433869043,45.99387301587061,40.66762199909626,-5.32625101677435
2022-06-05 → 2023-06-05,3191.4543555470495,6345.865691303295,4643.715261026282,4533.674672655259,46.03904662075608,42.550579941611296,-3.4884666791447856
2022-06-06 → 2023-06-06,3191.4543555470495,6345.865691303295,4644.621958757764,4470.851876155,46.06779042221294,40.55899451366971,-5.508795908543227
2022-06-07 → 2023-06-07,3207.6951396211684,6345.865691303295,4646.275274427903,4508.157824833105,45.841362383431495,41.44015322923928,-4.401209154192216
2022-06-08 → 2023-06-08,3283.1051038089477,6345.865691303295,4647.812987915546,4499.172153096795,44.55809865383796,39.704933328880124,-4.8531653249578355
2022-06-09 → 2023-06-09,3283.1051038089477,6345.865691303295,4649.096115791152,4500.171105105659,44.59999314212561,39.737549394691555,-4.862443747434057
2022-06-10 → 2023-06-10,3283.1051038089477,6345.865691303295,4650.572377698922,4527.539781943412,44.6481935112239,40.63114443928965,-4.017049071934252
2022-06-11 → 2023-06-11,3283.1051038089477,6345.865691303295,4651.720085592628,4524.181747049877,44.685666498776115,40.521503649629295,-4.16416284914682
2022-06-12 → 2023-06-12,3283.1051038089477,6345.865691303295,4652.632661305222,4522.798226888409,44.715462354068265,40.476331324795375,-4.23913102927289
2022-06-13 → 2023-06-13,3283.1051038089477,6345.865691303295,4653.006234009146,4522.085710044129,44.727659608579415,40.453067448174096,-4.274592160405319
2022-06-14 → 2023-06-14,3283.1051038089477,6345.865691303295,4651.64942761931,4558.877979845785,44.683359495949766,41.65434547009602,-3.0290140258537477
2022-06-15 → 2023-06-15,3283.1051038089477,6345.865691303295,4649.961025915717,4533.71797819633,44.62823270247833,40.83286429549206,-3.7953684069862703
2022-06-16 → 2023-06-16,3283.1051038089477,6345.865691303295,4648.205138532321,4494.310414835315,44.570902482461605,39.546196198680285,-5.02470628378132
2022-06-17 → 2023-06-17,3283.1051038089477,6345.865691303295,4645.057400780305,4482.501669341267,44.46812795398986,39.160637316204635,-5.307490637785222
2022-06-18 → 2023-06-18,3283.1051038089477,6345.865691303295,4642.074033133345,4488.945463178079,44.37072015596799,39.37102900869026,-4.99969114727773
2022-06-19 → 2023-06-19,3283.1051038089477,6345.865691303295,4637.907586805058,4466.267858474748,44.234684504167454,38.630598796941854,-5.6040857072256
2022-06-20 → 2023-06-20,3283.1051038089477,6345.865691303295,4634.227284531101,4398.890469540386,44.114521593328654,36.43070797917854,-7.683813614150111
2022-06-21 → 2023-06-21,3283.1051038089477,6345.865691303295,4630.023046644104,4327.225823401744,43.97725203644057,34.09083700032179,-9.886415036118777
2022-06-22 → 2023-06-22,3283.1051038089477,6345.865691303295,4625.9383659518,4330.968463945424,43.843886055796084,34.21303527330998,-9.630850782486107
2022-06-23 → 2023-06-23,3263.8829347280866,6345.865691303295,4621.197040524612,4303.785183188819,44.0402887686761,33.74133895597467,-10.29894981270143
2022-06-24 → 2023-06-24,3263.8829347280866,6345.865691303295,4617.190047363499,4306.305914744584,43.91027528457842,33.82312823757875,-10.087147046999668
2022-06-25 → 2023-06-25,3263.8829347280866,6345.865691303295,4613.329810270348,4307.401221865122,43.78502354250053,33.85866727874314,-9.926356263757391
2022-06-26 → 2023-06-26,3263.8829347280866,6345.865691303295,4609.633418704166,4313.02831368608,43.66508803804982,34.04124752871217,-9.623840509337647
2022-06-27 → 2023-06-27,3260.826008926422,6345.865691303295,4605.57325548889,4295.706434926837,43.58930143570814,33.54512526733821,-10.04417616836993
2022-06-28 → 2023-06-28,3260.826008926422,6345.865691303295,4601.4824906363865,4313.490076003614,43.456701363304795,34.12157299273913,-9.335128370565663
2022-06-29 → 2023-06-29,3260.826008926422,6345.865691303295,4596.968443445066,4298.009133614804,43.3103808081072,33.61976607993849,-9.690614728168704
2022-06-30 → 2023-06-30,3260.826008926422,6345.865691303295,4592.325030014414,4294.978963687939,43.15986691173244,33.52154465529442,-9.638322256438023
2022-07-01 → 2023-07-01,3260.826008926422,6345.865691303295,4587.1266805559635,4288.908305629156,42.991365044863585,33.324767346611445,-9.66659769825214
2022-07-02 → 2023-07-02,3260.826008926422,6345.865691303295,4581.931213022309,4286.874596015248,42.82295659412846,33.25884567871444,-9.564110915414027
2022-07-03 → 2023-07-03,3211.782606989067,6345.865691303295,4576.499709976017,4266.542144990351,43.54438176247535,33.65448552657234,-9.889896235903016
2022-07-04 → 2023-07-04,3211.782606989067,6345.865691303295,4571.196701769325,4276.800139114994,43.375177307327604,33.98178999964082,-9.393387307686787
2022-07-05 → 2023-07-05,3211.782606989067,6345.865691303295,4566.647150680106,4286.993318901696,43.23001360340448,34.30702642485615,-8.922987178548333
2022-07-06 → 2023-07-06,3211.782606989067,6345.865691303295,4562.230374734565,4304.044353781425,43.08908639034983,34.851078207180244,-8.238008183169583
2022-07-07 → 2023-07-07,3211.782606989067,6345.865691303295,4557.950223676966,4290.563411961592,42.952518502950134,34.42093830797641,-8.531580194973728
2022-07-08 → 2023-07-08,3211.782606989067,6345.865691303295,4554.359137651791,4292.368343716689,42.83793679185421,34.47852873256123,-8.359408059292981
2022-07-09 → 2023-07-09,3211.782606989067,6345.865691303295,4550.892031331975,4294.188361257484,42.72731093330029,34.536600503214146,-8.190710430086142
2022-07-10 → 2023-07-10,3211.782606989067,6345.865691303295,4547.22327060608,4283.811704895037,42.61025083542808,34.20550984341699,-8.404740992011092
2022-07-11 → 2023-07-11,3211.782606989067,6345.865691303295,4543.0313716612345,4273.44244646856,42.47649883102763,33.87465523147724,-8.601843599550385
2022-07-12 → 2023-07-12,3211.782606989067,6345.865691303295,4538.342447400987,4278.981407575593,42.32688811126991,34.05138829687539,-8.275499814394522
2022-07-13 → 2023-07-13,3181.1942586217287,6345.865691303295,4532.906209994675,4241.695547225173,42.71255263386319,33.510628549038174,-9.201924084825016
2022-07-14 → 2023-07-14,3181.1942586217287,6345.865691303295,4528.364543213879,4279.3798185138785,42.569041154791655,34.70140844800462,-7.867632706787035
2022-07-15 → 2023-07-15,3181.1942586217287,6345.865691303295,4524.090851629285,4279.307695569541,42.43399738561992,34.69912944540128,-7.734867940218635
2022-07-16 → 2023-07-16,3181.1942586217287,6345.865691303295,4520.007351127778,4279.817456625275,42.30496343728213,34.71523731209701,-7.589726125185123
2022-07-17 → 2023-07-17,3181.1942586217287,6345.865691303295,4516.18133942594,4282.616253177643,42.18406584069985,34.80367608408025,-7.3803897566196
2022-07-18 → 2023-07-18,3181.1942586217287,6345.865691303295,4512.2207637452075,4291.994076831321,42.05891617619341,35.100004592526126,-6.95891158366728
2022-07-19 → 2023-07-19,3181.1942586217287,6345.865691303295,4509.10564665209,4289.425002261227,41.9604820366822,35.018824772606656,-6.941657264075545
2022-07-20 → 2023-07-20,3181.1942586217287,6345.865691303295,4506.581885747992,4292.445362370263,41.880734076813894,35.11426469972973,-6.766469377084164
2022-07-21 → 2023-07-21,3181.1942586217287,6345.865691303295,4503.977842636498,4286.473203299703,41.79844929095582,34.925551299378405,-6.8728979915774175
2022-07-22 → 2023-07-22,3181.1942586217287,6345.865691303295,4501.368149738956,4291.26876329701,41.715985978316425,35.07708551388749,-6.638900464428936
2022-07-23 → 2023-07-23,3181.1942586217287,6345.865691303295,4498.422375752266,4277.047222972185,41.62290288740628,34.627701095083104,-6.995201792323179
2022-07-24 → 2023-07-24,3181.1942586217287,6345.865691303295,4495.6346192039255,4306.894255781566,41.5348129669314,35.57083321619844,-5.96397975073296
2022-07-25 → 2023-07-25,3181.1942586217287,6345.865691303295,4492.923716872678,4303.75250918334,41.44915155187098,35.47155761476377,-5.9775939371072155
2022-07-26 → 2023-07-26,3181.1942586217287,6345.865691303295,4489.52709551252,4296.095500468083,41.3418221992854,35.22960489145153,-6.112217307833873
2022-07-27 → 2023-07-27,3181.1942586217287,6345.865691303295,4485.984456901094,4300.466654913962,41.22987886845993,35.367728375638166,-5.862150492821762
2022-07-28 → 2023-07-28,3181.1942586217287,6345.865691303295,4483.372313883742,4296.4239358049435,41.147338134835074,35.239983072689206,-5.907355062145868
2022-07-29 → 2023-07-29,3181.1942586217287,6345.865691303295,4481.2167568019995,4293.767595715018,41.07922499489005,35.156045762089,-5.923179232801047
2022-07-30 → 2023-07-30,3181.1942586217287,6345.865691303295,4479.145902754659,4295.315963491137,41.01378837401513,35.20497241400394,-5.808815960011188
2022-07-31 → 2023-07-31,3181.1942586217287,6345.865691303295,4476.930738520556,4294.551809725492,40.94379171618749,35.18082602845016,-5.762965687737328
2022-08-01 → 2023-08-01,3181.1942586217287,6345.865691303295,4474.494548397604,4282.173142192088,40.86681089290856,34.78967428342003,-6.077136609488534
2022-08-02 → 2023-08-02,3181.1942586217287,6345.865691303295,4472.159237640314,4293.027477576494,40.79301774227771,35.13265887487914,-5.660358867398571
2022-08-03 → 2023-08-03,3181.1942586217287,6345.865691303295,4469.655582454696,4288.978076408073,40.71390510013221,35.00470242649078,-5.709202673641428
2022-08-04 → 2023-08-04,3181.1942586217287,6345.865691303295,4467.080147726147,4291.84218086888,40.63252430647532,35.09520485373264,-5.537319452742679
2022-08-05 → 2023-08-05,3181.1942586217287,6345.865691303295,4464.4100256971,4290.009621815135,40.54815150235187,35.03729808228015,-5.510853420071719
2022-08-06 → 2023-08-06,3181.1942586217287,6345.865691303295,4462.063870303093,4288.763824128869,40.47401567359638,34.99793229936187,-5.476083374234506
2022-08-07 → 2023-08-07,3181.1942586217287,6345.865691303295,4459.551062696198,4282.233997813471,40.39461382539991,34.79159725149676,-5.6030165739031474
2022-08-08 → 2023-08-08,3181.1942586217287,6345.865691303295,4456.925493220289,4258.178866265915,40.31164883103132,34.031482590014384,-6.280166241016936
2022-08-09 → 2023-08-09,3181.1942586217287,6345.865691303295,4454.683115748373,4263.248243588316,40.240792265993974,34.19166911901862,-6.049123146975354
2022-08-10 → 2023-08-10,3181.1942586217287,6345.865691303295,4452.183065594372,4265.791370643994,40.161793538726975,34.272029027141,-5.889764511585973
2022-08-11 → 2023-08-11,3181.1942586217287,6345.865691303295,4450.055518921476,4265.0280392384375,40.09456549568512,34.24790862722607,-5.84665686845905
2022-08-12 → 2023-08-12,3181.1942586217287,6345.865691303295,4447.928363921767,4261.782256778626,40.02734982906832,34.14534561148003,-5.882004217588289
2022-08-13 → 2023-08-13,3181.1942586217287,6345.865691303295,4446.05843600911,4263.989261199853,39.968262244387425,34.215084428547584,-5.753177815839841
2022-08-14 → 2023-08-14,3181.1942586217287,6345.865691303295,4444.163250236038,4256.432974200278,39.90837654018761,33.976314396324305,-5.932062143863305
2022-08-15 → 2023-08-15,3181.1942586217287,6345.865691303295,4442.29341265708,4261.964726801364,39.849291809948376,34.15111145563225,-5.698180354316129
2022-08-16 → 2023-08-16,3181.1942586217287,6345.865691303295,4440.450788359068,4274.139274680162,39.79106698828179,34.53581325288903,-5.255253735392763
2022-08-17 → 2023-08-17,3181.1942586217287,6345.865691303295,4439.252133475569,4357.737075387485,39.753190864045955,37.17740820154651,-2.575782662499442
2022-08-18 → 2023-08-18,3181.1942586217287,6345.865691303295,4438.037581055771,4383.658574570683,39.71481239583419,37.99649794702553,-1.7183144488086555
2022-08-19 → 2023-08-19,3181.1942586217287,6345.865691303295,4436.742188084696,4378.694158776695,39.673879458604205,37.83962808234635,-1.8342513762578534
2022-08-20 → 2023-08-20,3181.1942586217287,6345.865691303295,4434.111270111151,4370.970347269731,39.590745457823715,37.5955644671729,-1.995180990650816
2022-08-21 → 2023-08-21,3181.1942586217287,6345.865691303295,4431.64760562585,4371.497599077715,39.512896476098206,37.61222502164749,-1.9006714544507162
2022-08-22 → 2023-08-22,3181.1942586217287,6345.865691303295,4429.488777966241,4376.905213803264,39.44467998963094,37.78309946598015,-1.661580523650791
2022-08-23 → 2023-08-23,3181.1942586217287,6345.865691303295,4426.990985792078,4352.82844266197,39.365752611945915,37.02230101807012,-2.3434515938757983
2022-08-24 → 2023-08-24,3181.1942586217287,6345.865691303295,4424.760876926389,4365.721968565855,39.295283720842114,37.42972169911564,-1.8655620217264755
2022-08-25 → 2023-08-25,3181.1942586217287,6345.865691303295,4422.500399665624,4367.41004297659,39.223855223165515,37.48306292099741,-1.7407923021681029
2022-08-26 → 2023-08-26,3181.1942586217287,6345.865691303295,4420.350135295784,4366.833700311,39.15590932686695,37.46485115153413,-1.6910581753328202
2022-08-27 → 2023-08-27,3181.1942586217287,6345.865691303295,4417.32886190864,4359.665228954253,39.06044054119955,37.23833565034438,-1.8221048908551651
2022-08-28 → 2023-08-28,3181.1942586217287,6345.865691303295,4414.1646823785595,4356.532951088972,38.9604560847595,37.13935925004787,-1.821096834711632
2022-08-29 → 2023-08-29,3181.1942586217287,6345.865691303295,4410.150374184997,4286.592563297914,38.833608534264805,34.9293229388914,-3.904285595373402
2022-08-30 → 2023-08-30,3181.1942586217287,6345.865691303295,4406.680354406599,4300.10311367678,38.72395987555844,35.35624088807697,-3.3677189874814744
2022-08-31 → 2023-08-31,3181.1942586217287,6345.865691303295,4403.425774232272,4355.56688372901,38.621118862089645,37.10883262570434,-1.5122862363853073
2022-09-01 → 2023-09-01,3181.1942586217287,6345.865691303295,4400.370338208145,4360.548946981075,38.52457057614206,37.26626012988737,-1.25831044625469
2022-09-02 → 2023-09-02,3181.1942586217287,6345.865691303295,4397.3429153035495,4355.474999887812,38.42890747275221,37.10592920134725,-1.3229782714049563
2022-09-03 → 2023-09-03,3181.1942586217287,6345.865691303295,4394.170465976751,4348.895862410209,38.328661700188384,36.8980359771199,-1.4306257230684807
2022-09-04 → 2023-09-04,3181.1942586217287,6345.865691303295,4390.964216757165,4353.860201375395,38.2273478896463,37.05490341409676,-1.1724444755495398
2022-09-05 → 2023-09-05,3181.1942586217287,6345.865691303295,4387.874272376912,4352.576430964622,38.12970917908877,37.014337736487526,-1.1153714426012442
2022-09-06 → 2023-09-06,3181.1942586217287,6345.865691303295,4384.682211542646,4351.404269624332,38.02884370530524,36.97729877793452,-1.0515449273707205
2022-09-07 → 2023-09-07,3181.1942586217287,6345.865691303295,4380.608786061003,4328.557170959863,37.900128116079266,36.25535657475577,-1.6447715413234931
2022-09-08 → 2023-09-08,3181.1942586217287,6345.865691303295,4376.99417285461,4340.145405684971,37.785910470321,36.621531546521766,-1.1643789237992337
2022-09-09 → 2023-09-09,3181.1942586217287,6345.865691303295,4373.402883365871,4338.758948290884,37.67242982738121,36.577721077612786,-1.0947087497684223
2022-09-10 → 2023-09-10,3181.1942586217287,6345.865691303295,4371.190659249048,4341.271724192299,37.60252607389901,36.657121923952324,-0.9454041499466825
2022-09-11 → 2023-09-11,3181.1942586217287,6345.865691303295,4369.478754358883,4369.59688688199,37.548431836105905,37.55216468880863,0.0037328527027256087
2022-09-12 → 2023-09-12,3181.1942586217287,6345.865691303295,4367.4724004629825,4335.873737921719,37.48503334629174,36.4865517277912,-0.9984816185005414
2022-09-13 → 2023-09-13,3181.1942586217287,6345.865691303295,4365.673643071892,4318.3524486812485,37.428194668743274,35.93289901492097,-1.4952956538223034
2022-09-14 → 2023-09-14,3181.1942586217287,6345.865691303295,4362.412829190697,4300.15468164929,37.3251566772627,35.35787037706523,-1.9672863001974648
2022-09-15 → 2023-09-15,3181.1942586217287,6345.865691303295,4359.161478343937,4292.959556275598,37.22241770685385,35.130512639406014,-2.0919050674478328
2022-09-16 → 2023-09-16,3181.1942586217287,6345.865691303295,4355.5787738248655,4294.32298885258,37.109208339142775,35.173595550412266,-1.9356127887305092
2022-09-17 → 2023-09-17,3181.1942586217287,6345.865691303295,4352.048138046917,4293.895097931654,36.99764428413575,35.160074686397536,-1.8375695977382165
2022-09-18 → 2023-09-18,3181.1942586217287,6345.865691303295,4348.677287306078,4281.431166489872,36.8911292536644,34.76622869932074,-2.124900554343661
2022-09-19 → 2023-09-19,3181.1942586217287,6345.865691303295,4344.652666613783,4261.0127902796885,36.7639558399971,34.12103134962677,-2.6429244903703335
2022-09-20 → 2023-09-20,3181.1942586217287,6345.865691303295,4340.752368421776,4261.329041032934,36.640710875236174,34.131024511949384,-2.5096863632867894
2022-09-21 → 2023-09-21,3181.1942586217287,6345.865691303295,4336.55791074041,4278.733218649924,36.50817080684078,34.6809766313782,-1.82719417546258
2022-09-22 → 2023-09-22,3181.1942586217287,6345.865691303295,4332.073304359064,4275.514554127589,36.36646237117087,34.579270511460145,-1.787191859710724
2022-09-23 → 2023-09-23,3181.1942586217287,6345.865691303295,4328.281081184968,4274.2565354304925,36.246632453444356,34.53951855856845,-1.7071138948759028
2022-09-24 → 2023-09-24,3181.1942586217287,6345.865691303295,4324.538099628173,4282.281187547496,36.12835851454059,34.79308839315328,-1.3352701213873033
2022-09-25 → 2023-09-25,3181.1942586217287,6345.865691303295,4320.493889841012,4279.199848411218,36.00056610786619,34.69572159846941,-1.30484450939678
2022-09-26 → 2023-09-26,3181.1942586217287,6345.865691303295,4316.3859766725645,4280.140577451312,35.87076074715718,34.72544756086725,-1.1453131862899255
2022-09-27 → 2023-09-27,3181.1942586217287,6345.865691303295,4312.530909946925,4273.002036905692,35.74894504503315,34.4998778390977,-1.2490672059354537
2022-09-28 → 2023-09-28,3181.1942586217287,6345.865691303295,4308.337928411032,4246.029725054073,35.61645162114744,33.64758361439319,-1.9688680067542492
2022-09-29 → 2023-09-29,3181.1942586217287,6345.865691303295,4304.446765706896,4248.091926026557,35.49349532736124,33.71274680799324,-1.7807485193679966
2022-09-30 → 2023-09-30,3181.1942586217287,6345.865691303295,4300.592355269205,4243.383705578084,35.37170036318622,33.56397242339674,-1.8077279397894799
2022-10-01 → 2023-10-01,3181.1942586217287,6345.865691303295,4296.309552405405,4209.514873564045,35.23636868800594,32.49375604439842,-2.742612643607522
2022-10-02 → 2023-10-02,3181.1942586217287,6345.865691303295,4292.073233107482,4218.723990492341,35.102505840375876,32.784753613156845,-2.3177522272190316
2022-10-03 → 2023-10-03,3181.1942586217287,6345.865691303295,4287.662041097227,4219.9761826529175,34.96311721491857,32.82432145415434,-2.138795760764232
2022-10-04 → 2023-10-04,3181.1942586217287,6345.865691303295,4283.574951360094,4207.384673418651,34.83396985083754,32.4264441546586,-2.4075256961789435
2022-10-05 → 2023-10-05,3181.1942586217287,6345.865691303295,4280.104190422498,4216.688797429025,34.7242977723477,32.720443838616,-2.0038539337316976
2022-10-06 → 2023-10-06,3181.1942586217287,6345.865691303295,4276.326384732044,4198.0407495110685,34.60492343062488,32.13118683944136,-2.473736591183517
2022-10-07 → 2023-10-07,3181.1942586217287,6345.865691303295,4272.398826879992,4193.8310932215245,34.480817091764806,31.998166512399802,-2.4826505793650036
2022-10-08 → 2023-10-08,3181.1942586217287,6345.865691303295,4268.195649994304,4191.421651084536,34.34800150647902,31.92203089490391,-2.4259706115751136
2022-10-09 → 2023-10-09,3181.1942586217287,6345.865691303295,4264.026197256475,4198.467548132615,34.2162515657183,32.144673188044216,-2.0715783776740864
2022-10-10 → 2023-10-10,3181.1942586217287,6345.865691303295,4259.927527971696,4200.700988461236,34.086738301167294,32.21524734956875,-1.8714909515985454
2022-10-11 → 2023-10-11,3181.1942586217287,6345.865691303295,4255.847455671989,4215.248717498521,33.95781268008791,32.67493895884768,-1.2828737212402288
2022-10-12 → 2023-10-12,3181.1942586217287,6345.865691303295,4251.714202709583,4215.121627876236,33.827206610853615,32.67092307204906,-1.1562835388045585
2022-10-13 → 2023-10-13,3181.1942586217287,6345.865691303295,4247.630581639303,4209.665897353298,33.69816885268042,32.49852822351607,-1.1996406291643495
2022-10-14 → 2023-10-14,3181.1942586217287,6345.865691303295,4243.709430423524,4206.681020643075,33.57426495620367,32.40420953123736,-1.170055424966307
2022-10-15 → 2023-10-15,3181.1942586217287,6345.865691303295,4239.5332654040085,4196.037313658571,33.44230291501391,32.067880556463365,-1.3744223585505466
2022-10-16 → 2023-10-16,3181.1942586217287,6345.865691303295,4234.790267712684,4156.723490198907,33.29242960929428,30.825608671500188,-2.4668209377940933
2022-10-17 → 2023-10-17,3181.1942586217287,6345.865691303295,4230.21479872818,4156.0936422889445,33.14785001922204,30.805706197472148,-2.342143821749893
2022-10-18 → 2023-10-18,3181.1942586217287,6345.865691303295,4225.889153711435,4156.1413281516825,33.011164580978004,30.807213016228925,-2.2039515647490795
2022-10-19 → 2023-10-19,3181.1942586217287,6345.865691303295,4221.285976124475,4143.992462060767,32.86570943073958,30.423322734114517,-2.4423866966250607
2022-10-20 → 2023-10-20,3181.1942586217287,6345.865691303295,4216.203012729355,4117.491266700305,32.70509359736651,29.58591525203645,-3.119178345330063
2022-10-21 → 2023-10-21,3181.1942586217287,6345.865691303295,4210.979058886604,4109.784245944029,32.54002262700281,29.342382205392642,-3.1976404216101706
2022-10-22 → 2023-10-22,3181.1942586217287,6345.865691303295,4205.8422743218325,4105.853870472536,32.377706106187276,29.218186832978816,-3.15951927320846
2022-10-23 → 2023-10-23,3034.5174188335154,6345.865691303295,4199.908538335042,4046.455918055999,35.19385530028577,30.559712115926914,-4.634143184358855
2022-10-24 → 2023-10-24,2951.5105202628943,6345.865691303295,4194.008129405807,4028.4318575878215,36.60482025403595,31.726831255399862,-4.877988998636088
2022-10-25 → 2023-10-25,2899.5038696278198,6345.865691303295,4187.803931090358,4015.1975531165563,37.381451168589756,32.37308620562462,-5.008364962965139
2022-10-26 → 2023-10-26,2899.5038696278198,6345.865691303295,4182.200619351289,4017.6843415162193,37.21886488110747,32.445243121477816,-4.7736217596296555
2022-10-27 → 2023-10-27,2899.5038696278198,6345.865691303295,4177.123406869282,4018.5926243862564,37.07154394544499,32.4715979535307,-4.599945991914296
2022-10-28 → 2023-10-28,2899.5038696278198,6345.865691303295,4171.665349330694,4009.68847569452,36.91317236924367,32.21323423107606,-4.69993813816761
2022-10-29 → 2023-10-29,2892.318597915702,6345.865691303295,4166.30752603096,3997.764120339668,36.88928784421465,32.00898938197573,-4.880298462238919
2022-10-30 → 2023-10-30,2892.318597915702,6345.865691303295,4161.09487845351,3993.5988016379474,36.73835179393088,31.88837951075968,-4.849972283171201
2022-10-31 → 2023-10-31,2887.133869769527,6345.865691303295,4155.730665017335,3985.1734641518547,36.67809071954157,31.746884437412216,-4.931206282129356
2022-11-01 → 2023-11-01,2822.3091552635588,6345.865691303295,4150.107943912178,3967.145517827896,37.683481875985,32.490932126523056,-5.192549749461946
2022-11-02 → 2023-11-02,2822.3091552635588,6345.865691303295,4144.602112538619,3968.8903188693475,37.52722409163433,32.54045030577192,-4.986773785862411
2022-11-03 → 2023-11-03,2822.3091552635588,6345.865691303295,4138.913478713952,3964.7057723309526,37.36577829769057,32.42169113458808,-4.944087163102488
2022-11-04 → 2023-11-04,2822.3091552635588,6345.865691303295,4133.172411394552,3952.8879527354698,37.20284441935829,32.08629649923577,-5.116547920122521
2022-11-05 → 2023-11-05,2822.3091552635588,6345.865691303295,4128.041483345424,3946.978696838693,37.057226547283655,31.918589359125043,-5.1386371881586115
2022-11-06 → 2023-11-06,2822.3091552635588,6345.865691303295,4123.006553946244,3939.557837946979,36.914333156822,31.707982297316562,-5.2063508595054415
2022-11-07 → 2023-11-07,2822.3091552635588,6345.865691303295,4117.677009962242,3923.355763890906,36.76307848190788,31.24816069688659,-5.514917785021293
2022-11-08 → 2023-11-08,2793.4603722437123,6345.865691303295,4112.02584198815,3906.805394461477,37.117540126122144,31.34059664431809,-5.776943481804054
2022-11-09 → 2023-11-09,2726.6287644820013,6345.865691303295,4104.723502810806,3880.777334538233,38.07694180273407,31.889279242901026,-6.1876625598330435
2022-11-10 → 2023-11-10,2676.1227018244203,6337.931910887333,4094.696882620973,3859.517205335104,38.73970760916781,32.317208132575644,-6.422499476592165
2022-11-11 → 2023-11-11,2676.1227018244203,6337.931910887333,4086.5095118025642,3864.8606503526617,38.516119476882125,32.46313176519781,-6.052987711684317
2022-11-12 → 2023-11-12,2676.1227018244203,6337.931910887333,4077.732315613001,3856.6618370245337,38.27642385953975,32.239231150500686,-6.037192709039061
2022-11-13 → 2023-11-13,2676.1227018244203,6337.931910887333,4068.917820371564,3858.0278293296547,38.03570964593132,32.2765349046597,-5.759174741271622
2022-11-14 → 2023-11-14,2676.1227018244203,6337.931910887333,4059.8535039238604,3865.5655676371416,37.78817308872158,32.48238228438749,-5.305790804334087
2022-11-15 → 2023-11-15,2642.667476515675,6337.931910887333,4050.6438038334963,3832.049927622207,38.10218056985232,32.186666806397966,-5.915513763454356
2022-11-16 → 2023-11-16,2642.667476515675,6337.931910887333,4041.9899984232316,3849.246573642359,37.8679942060898,32.652036641914925,-5.215957564174872
2022-11-17 → 2023-11-17,2642.667476515675,6337.931910887333,4033.060928887791,3838.244401451093,37.62635873739678,32.35429956824493,-5.272059169151845
2022-11-18 → 2023-11-18,2642.667476515675,6337.931910887333,4024.145599975264,3833.152807448856,37.385095112807406,32.216512568351845,-5.16858254445556
2022-11-19 → 2023-11-19,2642.667476515675,6337.931910887333,4015.0442153531512,3817.2750526787668,37.13879651134723,31.786834123085477,-5.351962388261754
2022-11-20 → 2023-11-20,2642.667476515675,6337.931910887333,4005.9624358398346,3811.168520315263,36.89302845673003,31.621581203518918,-5.271447253211111
2022-11-21 → 2023-11-21,2642.667476515675,6337.931910887333,3996.7275613668053,3823.0606725149064,36.64311739794,31.94340261605514,-4.699714781884865
2022-11-22 → 2023-11-22,2642.667476515675,6183.187052707353,3986.7156704938793,3801.189875748096,37.96189132850143,32.7218187698477,-5.240072558653729
2022-11-23 → 2023-11-23,2642.667476515675,6168.0492102574,3977.1444574665557,3799.5461305919416,37.85340373720353,32.815698878895404,-5.037704858308125
2022-11-24 → 2023-11-24,2642.667476515675,6168.0492102574,3967.9031319954793,3791.636320588162,37.591266863269375,32.59133140322393,-4.999935460045442
2022-11-25 → 2023-11-25,2642.667476515675,6168.0492102574,3958.655625227616,3785.9219697067256,37.328954652385804,32.42923971179818,-4.8997149405876215
2022-11-26 → 2023-11-26,2642.667476515675,6168.0492102574,3949.4083669455376,3784.3115164830147,37.06664948998106,32.38355804253958,-4.683091447441477
2022-11-27 → 2023-11-27,2642.667476515675,6168.0492102574,3940.1365933631996,3782.1605800453613,36.80364893337191,32.32254517641315,-4.48110375695876
2022-11-28 → 2023-11-28,2642.667476515675,6168.0492102574,3930.7358630948756,3771.4269958236705,36.53699042719232,32.01807930484643,-4.518911122345891
2022-11-29 → 2023-11-29,2642.22760279978,6088.602048497233,3921.102470724773,3766.6547259594877,37.10783282767126,32.62637710662789,-4.481455721043368
2022-11-30 → 2023-11-30,2642.22760279978,6088.602048497233,3911.7309520757894,3764.9009032170684,36.835908845044145,32.57548818640018,-4.260420658643966
2022-12-01 → 2023-12-01,2583.742072407147,6088.602048497233,3902.8838738380114,3753.036318426829,37.63750365007329,33.36208162370328,-4.275422026370009
2022-12-02 → 2023-12-02,2534.0654464057834,6088.602048497233,3893.6988686443424,3740.830480128019,38.25065189759379,33.949995985754896,-4.300655911838895
2022-12-03 → 2023-12-03,2501.3618282727634,6088.602048497233,3884.5318847299995,3731.9473923939713,38.55805498218586,34.304520706009605,-4.253534276176254
2022-12-04 → 2023-12-04,2386.048327903929,6088.602048497233,3874.8835680105894,3711.798541368385,40.21103682644439,35.80637347922167,-4.404663347222723
2022-12-05 → 2023-12-05,2269.2715086736393,6088.602048497233,3865.1260135965617,3692.847386357089,41.78361857616626,37.272916361651205,-4.510702214515057
2022-12-06 → 2023-12-06,2269.2715086736393,6088.602048497233,3855.263104965217,3689.7915430476282,41.525381994427505,37.192906441650884,-4.332475552776621
2022-12-07 → 2023-12-07,2269.2715086736393,6088.602048497233,3845.5700516415786,3688.514439702609,41.27159266609967,37.159468556877535,-4.112124109222137
2022-12-08 → 2023-12-08,2262.184863561168,6088.602048497233,3835.5341253463926,3677.6719955362955,41.11807954394584,36.99249359290076,-4.125585951045082
2022-12-09 → 2023-12-09,2262.184863561168,6088.602048497233,3825.924552954418,3677.1928539820806,40.86694194113018,36.97997165577112,-3.8869702853590553
2022-12-10 → 2023-12-10,2262.184863561168,6088.602048497233,3816.2278343459766,3672.147937586673,40.61352684968079,36.84812726579534,-3.765399583885447
2022-12-11 → 2023-12-11,2262.184863561168,6088.602048497233,3806.902473215816,3683.6177188567553,40.36981685467885,37.14787976835144,-3.221937086327415
2022-12-12 → 2023-12-12,2262.184863561168,6088.602048497233,3797.5080957344576,3677.242076343765,40.12430317890031,36.98125803828786,-3.1430451406124504
2022-12-13 → 2023-12-13,2262.184863561168,6088.602048497233,3787.981908144418,3663.816525799848,39.87534476350476,36.63039325028799,-3.244951513216776
2022-12-14 → 2023-12-14,2262.184863561168,6088.602048497233,3778.959736502134,3659.4867712459422,39.639558355326315,36.517238977122176,-3.122319378204139
2022-12-15 → 2023-12-15,2262.184863561168,6088.602048497233,3770.127180693078,3659.4112360323106,39.40872738781373,36.51526493169062,-2.8934624561231033
2022-12-16 → 2023-12-16,2262.184863561168,6088.602048497233,3760.848009183021,3650.573270813942,39.166224517332495,36.284292594090786,-2.8819319232417087
2022-12-17 → 2023-12-17,2262.184863561168,6088.602048497233,3750.9898336936885,3648.254018796099,38.90858989431902,36.223681011355545,-2.6849088829634766
2022-12-18 → 2023-12-18,2262.184863561168,6088.602048497233,3741.109998093853,3637.58185946554,38.65038920363818,35.9447736467176,-2.705615556920577
2022-12-19 → 2023-12-19,2262.184863561168,6088.602048497233,3731.2870047445385,3635.200433462235,38.39367403447195,35.882537202330916,-2.511136832141034
2022-12-20 → 2023-12-20,2262.184863561168,6051.723669797238,3720.9173456113544,3623.448314273811,38.493667874562846,35.92161263720393,-2.572055237358917
2022-12-21 → 2023-12-21,2262.184863561168,6051.723669797238,3710.9799849466235,3619.827590879142,38.231436474573535,35.8260674117873,-2.405369062786235
2022-12-22 → 2023-12-22,2262.184863561168,6051.723669797238,3700.925461636135,3614.7145358674643,37.96611333567487,35.691141889893615,-2.2749714457812544
2022-12-23 → 2023-12-23,2262.184863561168,6051.723669797238,3690.918319874807,3611.8354292068198,37.702040521725586,35.615166769757444,-2.0868737519681417
2022-12-24 → 2023-12-24,2262.184863561168,6051.723669797238,3680.975728579573,3610.7857142206676,37.439671093581126,35.58746643365257,-1.852204659928553
2022-12-25 → 2023-12-25,2262.184863561168,6051.723669797238,3671.011916717329,3604.72846803416,37.17674168787487,35.42762518393269,-1.749116503942183
2022-12-26 → 2023-12-26,2262.184863561168,6051.723669797238,3661.2027349036616,3605.4443035590216,36.917892727217044,35.44651496344052,-1.4713777637765233
2022-12-27 → 2023-12-27,2262.184863561168,6051.723669797238,3651.3065453625404,3597.661069053177,36.65674776876363,35.24112758244744,-1.4156201863161897
2022-12-28 → 2023-12-28,2262.184863561168,6051.723669797238,3641.3478437786384,3596.155375423302,36.39395321530731,35.20139468335699,-1.1925585319503256
2022-12-29 → 2023-12-29,2262.184863561168,6051.723669797238,3631.330705641695,3594.7462926492076,36.12961661264582,35.16421119359366,-0.9654054190521606
2022-12-30 → 2023-12-30,2262.184863561168,6051.723669797238,3621.3755182435893,3590.93268956095,35.866914793054384,35.063576174841984,-0.8033386182124005
2022-12-31 → 2023-12-31,2262.184863561168,6051.723669797238,3611.381850351851,3587.5343622899954,35.6031975334424,34.97389963517013,-0.6292978982722701
2023-01-01 → 2024-01-01,2262.184863561168,6021.647083039849,3601.049749316081,3579.0079518261336,35.61320230372128,35.02690042852904,-0.5863018751922411
2023-01-02 → 2024-01-02,2225.1316811079096,5998.772393091455,3590.6767564146276,3574.6598057883843,36.18640934655764,35.761966431910786,-0.42444291464685335
2023-01-03 → 2024-01-03,2225.1316811079096,5998.772393091455,3580.6926479229514,3578.124811773667,35.92183438424152,35.85378773260533,-0.0680466516361875
2023-01-04 → 2024-01-04,2225.1316811079096,5943.606991729443,3570.477010086185,3572.7587239574286,36.180025859937864,36.24138740413653,0.06136154419866813
2023-01-05 → 2024-01-05,2225.1316811079096,5943.606991729443,3560.4494163878403,3571.91996181216,35.910356362074005,36.21883078952429,0.3084744274502853
2023-01-06 → 2024-01-06,2225.1316811079096,5902.271862594121,3550.4312873521903,3570.9692126515865,36.04158505887112,36.600114902329395,0.558529843458274
2023-01-07 → 2024-01-07,2225.1316811079096,5902.271862594121,3540.551052109584,3570.5356279284997,35.772891597241575,36.58832354541378,0.8154319481722041
2023-01-08 → 2024-01-08,2128.5053474108918,5861.925872751207,3530.2402146364057,3566.559803197701,37.54559278043666,38.51841618232184,0.9728234018851865
2023-01-09 → 2024-01-09,2128.5053474108918,5819.935891112184,3520.1528495530765,3568.236000277414,37.699409095391495,39.00197053207847,1.3025614366869718
2023-01-10 → 2024-01-10,2128.5053474108918,5735.946407352113,3510.0872415404433,3569.232878300372,38.298114125031965,39.93765960275883,1.6395454777268625
2023-01-11 → 2024-01-11,2128.5053474108918,5607.3579589897745,3500.3061346538157,3571.7584386602202,39.43256413557371,41.4864684535832,2.0539043180094865
2023-01-12 → 2024-01-12,2128.5053474108918,5299.500057546061,3491.3666250771603,3572.642144242886,42.978983008400355,45.54207524270627,2.5630922343059126
2023-01-13 → 2024-01-13,2128.5053474108918,5033.035651812386,3483.263860347024,3568.167052768485,46.64294639595069,49.56607624909078,2.9231298531400896
2023-01-14 → 2024-01-14,2128.5053474108918,4940.612187726725,3476.0351015726874,3563.947088977893,47.91886762063606,51.04506418418242,3.1261965635463653
2023-01-15 → 2024-01-15,2128.5053474108918,4940.612187726725,3469.4556260460845,3559.6239625708645,47.68489800638542,50.89133153273938,3.206433526353962
2023-01-16 → 2024-01-16,2128.5053474108918,4940.612187726725,3462.6964950656647,3554.1635545832014,47.444539749596686,50.69715654943576,3.2526167998390747
2023-01-17 → 2024-01-17,2128.5053474108918,4940.612187726725,3456.196942193646,3549.3091938794623,47.21341222702757,50.52453292667206,3.3111206996444906
2023-01-18 → 2024-01-18,2128.5053474108918,4940.612187726725,3449.91751152905,3544.330320680747,46.99011236606315,50.347481574023014,3.357369207959863
2023-01-19 → 2024-01-19,2128.5053474108918,4940.612187726725,3443.2912484082367,3538.8553065069427,46.754478960325656,50.15278718704912,3.398308226723465
2023-01-20 → 2024-01-20,2128.5053474108918,4940.612187726725,3436.881991316451,3534.368908476869,46.52656240324827,49.993248510717386,3.4666861074691155
2023-01-21 → 2024-01-21,2128.5053474108918,4940.612187726725,3431.4026540452583,3530.9114489939866,46.33171428465483,49.870299430927304,3.5385851462724744
2023-01-22 → 2024-01-22,2128.5053474108918,4940.612187726725,3426.3244000188884,3526.489827305779,46.15112889744388,49.713064235421314,3.561935337977431
2023-01-23 → 2024-01-23,2128.5053474108918,4940.612187726725,3421.1724782111455,3521.601294837621,45.9679238451364,49.53922544672121,3.571301601584814
2023-01-24 → 2024-01-24,2128.5053474108918,4940.612187726725,3416.069652121678,3516.9031998453565,45.786464662422894,49.372158714941676,3.5856940525187824
2023-01-25 → 2024-01-25,2128.5053474108918,4940.612187726725,3410.8307325996248,3511.9380438024054,45.60016592558455,49.195595151574594,3.5954292259900456
2023-01-26 → 2024-01-26,2128.5053474108918,4940.612187726725,3405.5344789898745,3507.24780148407,45.41182835839754,49.02880766501492,3.616979306617374
2023-01-27 → 2024-01-27,2128.5053474108918,4940.612187726725,3400.1456433902954,3502.3764899999783,45.22019852690175,48.855581263576184,3.635382736674437
2023-01-28 → 2024-01-28,2128.5053474108918,4940.612187726725,3394.8106021172257,3497.6867279197377,45.03048164998285,48.688810854536044,3.6583292045531906
2023-01-29 → 2024-01-29,2128.5053474108918,4940.612187726725,3389.257789846124,3492.753200247873,44.83302072170326,48.51337201269919,3.6803512909959366
2023-01-30 → 2024-01-30,2128.5053474108918,4940.612187726725,3384.127151287912,3488.5559576359333,44.65057251295612,48.36411585529558,3.713543342339463
2023-01-31 → 2024-01-31,2128.5053474108918,4940.612187726725,3378.558635141627,3483.123304246398,44.45255314660588,48.170927840116015,3.7183746935101354
2023-02-01 → 2024-02-01,2128.5053474108918,4940.612187726725,3373.0971623695395,3478.588203992779,44.25834029900746,48.009657287070105,3.751316988062648
2023-02-02 → 2024-02-02,2128.5053474108918,4940.612187726725,3367.9131079134836,3474.1995498012475,44.07399259280602,47.85359443310547,3.779601840299449
2023-02-03 → 2024-02-03,2128.5053474108918,4940.612187726725,3362.645977605576,3469.1807570391366,43.886690665567855,47.67512351976182,3.788432854193964
2023-02-04 → 2024-02-04,2128.5053474108918,4940.612187726725,3357.4098332593985,3464.2615257221596,43.70049061544497,47.500193063832754,3.7997024483877837
2023-02-05 → 2024-02-05,2128.5053474108918,4940.612187726725,3352.1221665547055,3459.189678088337,43.51245840312336,47.31983549131418,3.807377088190819
2023-02-06 → 2024-02-06,2128.5053474108918,4940.612187726725,3346.559633249738,3453.8079520446745,43.31465178976074,47.12845847937041,3.8138066896096703
2023-02-07 → 2024-02-07,2128.5053474108918,4940.612187726725,3340.721363912337,3448.5215268972897,43.1070398578917,46.94047041748045,3.8334305595887486
2023-02-08 → 2024-02-08,2128.5053474108918,4940.612187726725,3335.0051756191824,3443.7579709169704,42.903769192239736,46.77107585849619,3.8673066662564537
2023-02-09 → 2024-02-09,2119.6784657802627,4940.612187726725,3328.885013423053,3438.178054091599,42.86547174913524,46.73982866217654,3.8743569130413036
2023-02-10 → 2024-02-10,2092.361121125474,4940.612187726725,3322.0790882474957,3432.2355205824792,43.17449334230969,47.04200465922567,3.86751131691598
2023-02-11 → 2024-02-11,2074.654422592821,4940.612187726725,3315.1103144091667,3427.21679339921,43.2824205194939,47.19407896589133,3.911658446397432
2023-02-12 → 2024-02-12,2000.4079345267212,4940.612187726725,3308.0798769223575,3422.5713124327235,44.475547607701635,48.36954359065956,3.893995982957925
2023-02-13 → 2024-02-13,2000.4079345267212,4940.612187726725,3301.036055567274,3418.018265917465,44.23597849112013,48.21468882129097,3.9787103301708413
2023-02-14 → 2024-02-14,1928.852615572766,4940.612187726725,3293.7721932653258,3413.532507803799,45.31967260309536,49.29609607480106,3.9764234717057008
2023-02-15 → 2024-02-15,1925.330029735177,4940.612187726725,3286.7376825433935,3409.814111343695,45.150257305108646,49.232012257098994,4.081754951990348
2023-02-16 → 2024-02-16,1917.276703934811,4940.612187726725,3280.734489731628,3407.1912580254475,45.09779986727597,49.28049044103973,4.1826905737637645
2023-02-17 → 2024-02-17,1917.276703934811,4940.612187726725,3274.514033967923,3402.7009296747174,44.89205175241895,49.131968109502175,4.239916357083224
2023-02-18 → 2024-02-18,1917.276703934811,4940.612187726725,3268.6500664143887,3399.011947722988,44.69809485994139,49.009951152683925,4.311856292742533
2023-02-19 → 2024-02-19,1917.276703934811,4940.612187726725,3262.8339711355293,3394.71250231041,44.50572139328381,48.867742475028805,4.362021081744999
2023-02-20 → 2024-02-20,1911.7515169723924,4940.612187726725,3256.8444600253288,3390.0908991774504,44.40920495421611,48.80843138409797,4.399226429881864
2023-02-21 → 2024-02-21,1911.7515169723924,4940.612187726725,3251.1066742359044,3385.9036863055308,44.219767855150224,48.670187558214856,4.450419703064632
2023-02-22 → 2024-02-22,1911.7515169723924,4940.612187726725,3245.2359478906924,3380.9932094974315,44.02594162861238,48.50806465650752,4.482123027895142
2023-02-23 → 2024-02-23,1911.7515169723924,4940.612187726725,3239.3083313397347,3376.0808057202585,43.83023713126812,48.345878134538864,4.515641003270744
2023-02-24 → 2024-02-24,1911.7515169723924,4940.612187726725,3233.178434601219,3370.947314089741,43.627854208946744,48.17639223906389,4.548538030117143
2023-02-25 → 2024-02-25,1911.7515169723924,4940.612187726725,3226.669302043363,3365.5594146749468,43.41295054498141,47.99850688874658,4.58555634376517
2023-02-26 → 2024-02-26,1833.1192094185187,4940.612187726725,3219.8804919593495,3360.5856234091525,44.626368980431835,49.15429977326041,4.5279307928285775
2023-02-27 → 2024-02-27,1752.8518130268437,4940.612187726725,3213.063939352399,3356.0846807350217,45.806834726811296,50.293393456812694,4.4865587300013985
2023-02-28 → 2024-02-28,1601.0056718456406,4940.612187726725,3205.8137890699845,3351.257117475165,48.053808423024634,52.408912166940055,4.355103743915421
2023-03-01 → 2024-03-01,1599.3755572837013,4940.612187726725,3194.10249277572,3344.927955119267,47.72864396858265,52.24270504912184,4.514061080539186
2023-03-02 → 2024-03-02,1599.3755572837013,4940.612187726725,3186.9532784841276,3340.878349444759,47.51467485827022,52.12150424467683,4.606829386406609
2023-03-03 → 2024-03-03,1587.5172303164088,4940.612187726725,3179.6692551633023,3336.0849926109877,47.48305804248844,52.14787485902409,4.664816816535655
2023-03-04 → 2024-03-04,1468.6047803456822,4940.612187726725,3171.4794761846297,3330.4621524816694,49.04582554227431,53.62480990616313,4.5789843638888215
2023-03-05 → 2024-03-05,1468.6047803456822,4940.612187726725,3163.5402057236124,3326.241203719044,48.81716040624553,53.50323906061561,4.686078654370085
2023-03-06 → 2024-03-06,1468.6047803456822,4940.612187726725,3155.5086919703567,3321.6393198141323,48.58583849903468,53.37069660419318,4.784858105158499
2023-03-07 → 2024-03-07,1468.6047803456822,4940.612187726725,3147.4149967521007,3317.0294626895143,48.352725654832504,53.237924504835966,4.885198850003462
2023-03-08 → 2024-03-08,1463.1923369313529,4940.612187726725,3139.114010333572,3312.159497976932,48.19440117416061,53.170662168465924,4.9762609943053135
2023-03-09 → 2024-03-09,1459.8006234184531,4940.612187726725,3130.535807929097,3307.087587657469,47.998438112597526,53.07058225101364,5.072144138416114
2023-03-10 → 2024-03-10,1451.7527818164933,4940.612187726725,3121.101756144357,3301.303515810196,47.84798640781961,53.013048644508544,5.165062236688932
2023-03-11 → 2024-03-11,1385.0782398168576,4857.8509431341545,3111.413652744058,3296.676265791628,49.710578848945474,55.04529634631009,5.334717497364615
2023-03-12 → 2024-03-12,1385.0782398168576,4531.863068719684,3101.9914935802717,3292.9670427954557,54.56087235434022,60.62978267388598,6.068910319545758
2023-03-13 → 2024-03-13,1368.333930422572,4140.027471070253,3093.3715231761926,3290.3290041312775,62.237674095474446,69.34370793603608,7.106033840561636
2023-03-14 → 2024-03-14,1368.333930422572,4096.714959686975,3085.9014163438633,3288.4090911165877,62.95189225767207,70.37415742520706,7.422265167534988
2023-03-15 → 2024-03-15,1368.333930422572,4096.714959686975,3078.8254034336164,3285.6470753757376,62.692543844296154,70.27292465341951,7.580380809123355
2023-03-16 → 2024-03-16,1368.333930422572,3993.093729267595,3071.8269019366303,3282.3614567281857,64.90090911418443,72.92200707843233,8.0210979642479
2023-03-17 → 2024-03-17,1368.333930422572,3984.447048889108,3064.936860583392,3279.2315788379933,64.85204780270752,73.04338772382731,8.191339921119791
2023-03-18 → 2024-03-18,1368.333930422572,3984.447048889108,3059.031291084963,3277.2690599666416,64.6263094943468,72.96837113308821,8.342061638741413
2023-03-19 → 2024-03-19,1368.333930422572,3984.447048889108,3053.331129450953,3274.2701018633916,64.40842282905798,72.85373701875726,8.445314189699275
2023-03-20 → 2024-03-20,1368.333930422572,3984.447048889108,3047.6796843895095,3271.1178371780534,64.1923983375499,72.73324281447047,8.540844476920569
2023-03-21 → 2024-03-21,1368.333930422572,3984.447048889108,3042.0532222702764,3268.05048606881,63.97732881018439,72.61599440164034,8.638665591455947
2023-03-22 → 2024-03-22,1368.333930422572,3984.447048889108,3036.6734261574575,3265.002954240357,63.77168800379708,72.49950357381867,8.72781557002159
2023-03-23 → 2024-03-23,1368.333930422572,3984.447048889108,3030.9412570125874,3261.2172351806216,63.55257786270998,72.35479579979265,8.802217937082673
2023-03-24 → 2024-03-24,1368.333930422572,3984.447048889108,3025.392171555851,3258.105289593847,63.34046603094067,72.23584277880865,8.895376747867978
2023-03-25 → 2024-03-25,1368.333930422572,3984.447048889108,3019.3611109060703,3254.421125932475,63.10993086764025,72.09501692401797,8.985086056377718
2023-03-26 → 2024-03-26,1368.333930422572,3984.447048889108,3013.337400335634,3251.3125612385074,62.879676658526876,71.97619313646744,9.096516477940568
2023-03-27 → 2024-03-27,1368.333930422572,3984.447048889108,3007.556830041857,3248.401035875907,62.658716400617045,71.8649011077685,9.206184707151458
2023-03-28 → 2024-03-28,1368.333930422572,3984.447048889108,3001.369716813563,3244.75189410256,62.42221618261726,71.72541395227861,9.303197769661352
2023-03-29 → 2024-03-29,1368.333930422572,3984.447048889108,2995.280097695561,3241.6454906968074,62.18944264255063,71.60667277920682,9.417230136656187
2023-03-30 → 2024-03-30,1368.333930422572,3984.447048889108,2989.5935230430455,3236.279128314296,61.97207533483082,71.401545472416,9.429470137585184
2023-03-31 → 2024-03-31,1368.333930422572,3984.447048889108,2983.6950820941,3225.963515803167,61.74660951275648,71.00723482742464,9.260625314668161
2023-04-01 → 2024-04-01,1368.333930422572,3984.447048889108,2978.04350510764,3217.417645731553,61.53057997846123,70.6805719621498,9.149991983688565
2023-04-02 → 2024-04-02,1368.333930422572,3984.447048889108,2972.638845322299,3208.4731709317543,61.32398876697306,70.33867257191847,9.014683804945406
2023-04-03 → 2024-04-03,1368.333930422572,3984.447048889108,2967.0837598459166,3198.328044362646,61.11164758657186,69.95087869184898,8.839231105277122
2023-04-04 → 2024-04-04,1368.333930422572,3984.447048889108,2961.2816773446884,3188.0754769645164,60.88986503212983,69.55897792403589,8.669112891906053
2023-04-05 → 2024-04-05,1368.333930422572,3984.447048889108,2955.6023738185254,3180.0782014767756,60.672775660646835,69.2532848929781,8.580509232331266
2023-04-06 → 2024-04-06,1368.333930422572,3984.447048889108,2949.8778641296117,3170.6045881665113,60.45395829955852,68.89115937006426,8.437201070505736
2023-04-07 → 2024-04-07,1368.333930422572,3984.447048889108,2944.090109639767,3161.3379343878505,60.232723428291294,68.53694480215243,8.30422137386114
2023-04-08 → 2024-04-08,1368.333930422572,3984.447048889108,2938.1362779398564,3151.2540076312216,60.00514031432409,68.15149026330054,8.146349948976457
2023-04-09 → 2024-04-09,1368.333930422572,3984.447048889108,2932.337072516284,3144.942766070654,59.78346773515932,67.91024528363901,8.126777548479694
2023-04-10 → 2024-04-10,1368.333930422572,3984.447048889108,2926.589054402007,3136.5286309498447,59.563751772814165,67.58861794033278,8.024866167518617
2023-04-11 → 2024-04-11,1368.333930422572,3984.447048889108,2921.3007937202315,3129.649114774873,59.36160987595018,67.3256508642377,7.964040988287522
2023-04-12 → 2024-04-12,1368.333930422572,3984.447048889108,2916.353252422671,3121.8630409267575,59.172491857213274,67.02803094126283,7.855539084049553
2023-04-13 → 2024-04-13,1368.333930422572,3984.447048889108,2911.465294387007,3112.9400118867934,58.985651387618844,66.68695130762701,7.701299920008168
2023-04-14 → 2024-04-14,1368.333930422572,3984.447048889108,2906.6441033870115,3101.2838657796237,58.801363064382215,66.24139923937386,7.440036174991647
2023-04-15 → 2024-04-15,1368.333930422572,3984.447048889108,2901.9965503590483,3092.699417375031,58.623711991301434,65.91326173094592,7.289549739644485
2023-04-16 → 2024-04-16,1368.333930422572,3984.447048889108,2897.288146822739,3080.400894170211,58.44373492903016,65.44315502500848,6.999420095978323
2023-04-17 → 2024-04-17,1368.333930422572,3984.447048889108,2892.7425199549402,3072.7458687208396,58.269979947423586,65.15054438079221,6.880564433368626
2023-04-18 → 2024-04-18,1368.333930422572,3984.447048889108,2887.786697888336,3056.8836605620822,58.080545399214564,64.54421707610535,6.46367167689079
2023-04-19 → 2024-04-19,1368.333930422572,3984.447048889108,2883.087118870089,3046.2788143895236,57.90090565102959,64.13885057655679,6.237944925527202
2023-04-20 → 2024-04-20,1368.333930422572,3984.447048889108,2877.822888626328,3030.6174816867115,57.69968230917172,63.540201665228665,5.840519356056944
2023-04-21 → 2024-04-21,1368.333930422572,3984.447048889108,2872.372075719198,3019.926747484413,57.49132691090342,63.13155212607706,5.640225215173643
2023-04-22 → 2024-04-22,1368.333930422572,3984.447048889108,2866.4584462858948,3006.2462047863073,57.26528051437872,62.60861821310755,5.343337698728824
2023-04-23 → 2024-04-23,1368.333930422572,3984.447048889108,2860.771242491069,3000.322442156342,57.04788915791631,62.38218447871926,5.334295320802951
2023-04-24 → 2024-04-24,1368.333930422572,3984.447048889108,2855.1453635417643,2996.448271443206,56.83284192201534,62.23409567148119,5.401253749465852
2023-04-25 → 2024-04-25,1368.333930422572,3984.447048889108,2849.46777021869,2988.2703133314812,56.615817922441416,61.921496110934726,5.30567818849331
2023-04-26 → 2024-04-26,1368.333930422572,3984.447048889108,2844.1127817908114,2983.400001516603,56.41112538104941,61.73533016189759,5.324204780848184
2023-04-27 → 2024-04-27,1368.333930422572,3984.447048889108,2838.8089007453477,2976.017545563546,56.208386401300224,61.4531383904124,5.244751989112174
2023-04-28 → 2024-04-28,1368.333930422572,3984.447048889108,2833.8880504019153,2969.5023634108875,56.020288634858204,61.2040978536455,5.183809218787296
2023-04-29 → 2024-04-29,1368.333930422572,3984.447048889108,2828.868102247055,2956.9591780876635,55.8284028895735,60.724639024641334,4.896236135067831
2023-04-30 → 2024-04-30,1368.333930422572,3984.447048889108,2824.0371494431747,2955.2768131173602,55.64374142483103,60.66033121782565,5.016589792994623
2023-05-01 → 2024-05-01,1368.333930422572,3984.447048889108,2819.443637674983,2953.0977453990276,55.46815605981883,60.57703712389099,5.108881064072158
2023-05-02 → 2024-05-02,1368.333930422572,3984.447048889108,2814.3570338492395,2939.522797282364,55.27372242505593,60.05813952650343,4.784417101447502
2023-05-03 → 2024-05-03,1368.333930422572,3984.447048889108,2809.18605034124,2920.9400370405574,55.07606340673983,59.347820079280936,4.271756672541109
2023-05-04 → 2024-05-04,1368.333930422572,3984.447048889108,2804.0701897896543,2909.496561024941,54.880511443964444,58.91039725016702,4.029885806202579
2023-05-05 → 2024-05-05,1368.333930422572,3984.447048889108,2798.8804092630035,2898.911994180981,54.6821339162491,58.50580592079193,3.8236720045428285
2023-05-06 → 2024-05-06,1368.333930422572,3984.447048889108,2793.9698383805257,2891.9537647673073,54.494429078571585,58.23983005894723,3.745400980375642
2023-05-07 → 2024-05-07,1368.333930422572,3984.447048889108,2788.908174201194,2882.984451009676,54.300948752984645,57.89698120832533,3.5960324553406835
2023-05-08 → 2024-05-08,1368.333930422572,3984.447048889108,2783.895572753712,2876.958387124895,54.109343832994774,57.666637044602275,3.557293211607501
2023-05-09 → 2024-05-09,1368.333930422572,3984.447048889108,2778.393621519521,2859.9380369613755,53.8990336902355,57.01604017081357,3.1170064805780697
2023-05-10 → 2024-05-10,1368.333930422572,3984.447048889108,2773.0107862792524,2858.288054718044,53.69327671427479,56.9529701822995,3.2596934680247145
2023-05-11 → 2024-05-11,1368.333930422572,3984.447048889108,2767.63312907082,2850.0783238158324,53.48771766675222,56.63915611805813,3.151438451305914
2023-05-12 → 2024-05-12,1368.333930422572,3984.447048889108,2761.9716779095597,2839.068181780425,53.271310695612584,56.21829732729373,2.946986631681149
2023-05-13 → 2024-05-13,1368.333930422572,3984.447048889108,2756.1272557737857,2826.4779583347154,53.04790972359347,55.73704048267037,2.689130759076903
2023-05-14 → 2024-05-14,1368.333930422572,3984.447048889108,2750.4023514497044,2824.0375438501082,52.82907727771524,55.64375650089677,2.8146792231815283
2023-05-15 → 2024-05-15,1368.333930422572,3984.447048889108,2744.3908139145046,2801.4559462377993,52.599288378574535,54.780582907487876,2.181294528913341
2023-05-16 → 2024-05-16,1368.333930422572,3984.447048889108,2738.5595151864663,2797.3067618822024,52.37638904418122,54.62198180089548,2.2455927567142666
2023-05-17 → 2024-05-17,1368.333930422572,3984.447048889108,2732.5467879566513,2783.857499584158,52.146554669384024,54.10788849953519,1.961333830151169
2023-05-18 → 2024-05-18,1368.333930422572,3984.447048889108,2726.6708764794885,2776.223237194892,51.92195002841166,53.816071515958384,1.8941214875467267
2023-05-19 → 2024-05-19,1368.333930422572,3984.447048889108,2720.6324155242537,2769.5322722205515,51.69113199104886,53.56031174291529,1.869179751866426
2023-05-20 → 2024-05-20,1368.333930422572,3984.447048889108,2714.3259514745373,2747.308290275619,51.4500696300523,52.71080788208992,1.2607382520376191
2023-05-21 → 2024-05-21,1368.333930422572,3984.447048889108,2708.152194911042,2742.3323152068606,51.21407996584718,52.52060299249114,1.3065230266439585
2023-05-22 → 2024-05-22,1368.333930422572,3984.447048889108,2701.9210475112354,2737.226096147424,50.97589655719324,52.32541957234799,1.3495230151547517
2023-05-23 → 2024-05-23,1368.333930422572,3984.447048889108,2695.7974543913992,2733.840098748284,50.74182437290536,52.195991017625374,1.4541666447200114
2023-05-24 → 2024-05-24,1368.333930422572,3984.447048889108,2689.76118886257,2723.803516602,50.51109025494156,51.812346209782845,1.301255954841288
2023-05-25 → 2024-05-25,1368.333930422572,3984.447048889108,2683.349904978657,2712.70899393398,50.26602119280287,51.38826199913819,1.12224080633532
2023-05-26 → 2024-05-26,1368.333930422572,3984.447048889108,2677.0427699806983,2708.799889069649,50.024933185046706,51.23883784630866,1.2139046612619566
2023-05-27 → 2024-05-27,1368.333930422572,3984.447048889108,2670.77450099301,2699.4513133960368,49.78533081680651,50.88149184289532,1.096161026088815
2023-05-28 → 2024-05-28,1368.333930422572,3984.447048889108,2664.6149543872157,2695.7368146705558,49.54988432321586,50.739506440992734,1.1896221177768709
2023-05-29 → 2024-05-29,1368.333930422572,3984.447048889108,2658.9490185913423,2691.971936933116,49.33330592850201,50.595595319150775,1.2622893906487676
2023-05-30 → 2024-05-30,1368.333930422572,3984.447048889108,2653.1203138511573,2679.8411987649374,49.110505748378245,50.131902136981,1.0213963886027528
2023-05-31 → 2024-05-31,1368.333930422572,3984.447048889108,2647.331998254062,2674.1933780825057,48.88924942898452,49.91601618608058,1.0267667570960626
2023-06-01 → 2024-06-01,1368.333930422572,3984.447048889108,2641.3448314815764,2663.8268601501736,48.660392093641356,49.519759699342416,0.8593676057010597
2023-06-02 → 2024-06-02,1368.333930422572,3984.447048889108,2635.2058471163855,2655.1818139616876,48.425731584435646,49.18930586202694,0.7635742775912959
2023-06-03 → 2024-06-03,1368.333930422572,3984.447048889108,2629.1670577140007,2644.6393714859687,48.19490099229655,48.78632472175047,0.5914237294539149
2023-06-04 → 2024-06-04,1368.333930422572,3984.447048889108,2622.9668109406825,2630.6282351311456,47.95789874917671,48.25075398301132,0.2928552338346151
2023-06-05 → 2024-06-05,1368.333930422572,3984.447048889108,2616.7668012402137,2620.782292927064,47.7209055680828,47.87439631962967,0.15349075154686886
2023-06-06 → 2024-06-06,1368.333930422572,3984.447048889108,2610.0489895212495,2612.450418313513,47.46411958770815,47.555913355160804,0.091793767452657
2023-06-07 → 2024-06-07,1368.333930422572,3984.447048889108,2603.966147835765,2612.581135927273,47.23160511260585,47.5609099897802,0.3293048771743514
2023-06-08 → 2024-06-08,1368.333930422572,3984.447048889108,2597.5525867525553,2603.8489872614928,46.98644900532832,47.22712669103284,0.24067768570451875
2023-06-09 → 2024-06-09,1368.333930422572,3984.447048889108,2591.1912112843465,2596.200785909385,46.74328767475338,46.934776895524344,0.1914892207709613
2023-06-10 → 2024-06-10,1368.333930422572,3984.447048889108,2584.8200653897015,2589.7582935883647,46.49975287307861,46.68851490189937,0.18876202882075432
2023-06-11 → 2024-06-11,1368.333930422572,3984.447048889108,2578.329283291991,2589.79588629994,46.25164501979454,46.689951870022405,0.43830685022786753
2023-06-12 → 2024-06-12,1368.333930422572,3984.447048889108,2571.8061008577156,2581.3127917908005,46.00229867508834,46.36568857845221,0.363389903363867
2023-06-13 → 2024-06-13,1368.333930422572,3984.447048889108,2565.3684400353773,2580.931924883713,45.756221363794104,46.35113007544256,0.5949087116484577
2023-06-14 → 2024-06-14,1368.333930422572,3984.447048889108,2558.9698060429046,2578.592970467128,45.51163583928807,46.26172436893566,0.7500885296475914
2023-06-15 → 2024-06-15,1368.333930422572,3978.509780532298,2552.228702689681,2572.3368728193545,45.35689701585971,46.127273085687655,0.7703760698279467
2023-06-16 → 2024-06-16,1368.333930422572,3978.509780532298,2545.6578524406373,2568.2166482141856,45.10515726243399,45.969420709381446,0.8642634469474544
2023-06-17 → 2024-06-17,1368.333930422572,3978.509780532298,2539.4083632115735,2565.9675706339294,44.86572936224861,45.88325496004461,1.017525597796002
2023-06-18 → 2024-06-18,1368.333930422572,3978.509780532298,2533.3163858744933,2566.7474529700216,44.632335993873674,45.91313349623823,1.2807975023645568
2023-06-19 → 2024-06-19,1368.333930422572,3978.509780532298,2527.1769902423202,2563.5119495797126,44.39712595498243,45.78917620078731,1.3920502458048816
2023-06-20 → 2024-06-20,1368.333930422572,3978.509780532298,2521.200114585455,2560.719962672195,44.16814231556158,45.68221072919273,1.5140684136311506
2023-06-21 → 2024-06-21,1368.333930422572,3978.509780532298,2515.82548185251,2561.558195862877,43.962231563122465,45.71432477969422,1.7520932165717582
2023-06-22 → 2024-06-22,1368.333930422572,3978.509780532298,2511.0132490202955,2557.0062318042073,43.77786724789779,45.53993177630795,1.7620645284101641
2023-06-23 → 2024-06-23,1368.333930422572,3978.509780532298,2506.217711677758,2552.771178688405,43.594142563511646,45.37768013661003,1.7835375730983856
2023-06-24 → 2024-06-24,1368.333930422572,3978.509780532298,2501.846107964574,2557.952201233361,43.42665945263235,45.5761733739426,2.149513921310252
2023-06-25 → 2024-06-25,1368.333930422572,3978.509780532298,2497.340049208609,2544.4077404660175,43.254025154610794,45.05726347878078,1.803238324169989
2023-06-26 → 2024-06-26,1368.333930422572,3978.509780532298,2492.878724760451,2540.4391787718414,43.08310469927172,44.90522155049426,1.822116851222539
2023-06-27 → 2024-06-27,1368.333930422572,3978.509780532298,2488.2984185839864,2529.797662556204,42.90762586414757,44.497528091251276,1.5899022271037069
2023-06-28 → 2024-06-28,1368.333930422572,3978.509780532298,2483.931818111715,2527.8927924626914,42.7403344354077,44.42454947973617,1.684215044328468
2023-06-29 → 2024-06-29,1368.333930422572,3978.509780532298,2479.355553667462,2517.61452044177,42.56501044549107,44.030772484960536,1.4657620394694675
2023-06-30 → 2024-06-30,1368.333930422572,3978.509780532298,2474.751683606397,2503.480017946898,42.3886288403639,43.489257150111435,1.1006283097475347
2023-07-01 → 2024-07-01,1368.333930422572,3978.509780532298,2470.1497881219793,2495.70063352088,42.21232288441752,43.19121652477613,0.9788936403586135
2023-07-02 → 2024-07-02,1368.333930422572,3978.509780532298,2465.632699640465,2491.3914544616728,42.03926602001796,43.02612500195686,0.9868589819389015
2023-07-03 → 2024-07-03,1368.333930422572,3978.509780532298,2461.2514618814935,2491.323616754617,41.87141381347841,43.02352603119966,1.1521122177212462
2023-07-04 → 2024-07-04,1368.333930422572,3978.509780532298,2457.2455332165796,2496.7185029469842,41.7179402969433,43.23021272597314,1.5122724290298422
2023-07-05 → 2024-07-05,1368.333930422572,3978.509780532298,2453.202636881632,2492.205681716464,41.563050490006425,43.05731934676535,1.4942688567589215
2023-07-06 → 2024-07-06,1368.333930422572,3978.509780532298,2448.945263037313,2477.522028812239,41.39994370759788,42.494765183849175,1.0948214762512976
2023-07-07 → 2024-07-07,1368.333930422572,3978.509780532298,2444.71241481277,2480.326247739653,41.237776540800866,42.60219928363582,1.3644227428349538
2023-07-08 → 2024-07-08,1368.333930422572,3978.509780532298,2440.534871549959,2471.376088967902,41.077728195298185,42.25930442575203,1.1815762304538424
2023-07-09 → 2024-07-09,1368.333930422572,3978.509780532298,2436.2307643456493,2458.5280232043756,40.91283098332955,41.76707453392361,0.8542435505940631
2023-07-10 → 2024-07-10,1368.333930422572,3978.509780532298,2431.917809482829,2452.8920985807563,40.747594803451506,41.55115327239703,0.8035584689455249
2023-07-11 → 2024-07-11,1368.333930422572,3978.509780532298,2427.70776516331,2448.343692258866,40.586301290627766,41.3768965715813,0.7905952809535322
2023-07-12 → 2024-07-12,1368.333930422572,3978.509780532298,2423.51729199562,2439.0909678151684,40.42575757984621,41.02240994021856,0.5966523603723459
2023-07-13 → 2024-07-13,1368.333930422572,3978.509780532298,2419.142588066959,2425.2734186247135,40.258155694767204,40.49303759199635,0.234881897229144
2023-07-14 → 2024-07-14,1368.333930422572,3978.509780532298,2414.9402612921067,2411.5130317270105,40.097157853388985,39.96585522238226,-0.1313026310067258
2023-07-15 → 2024-07-15,1368.333930422572,3978.509780532298,2410.1598718537657,2387.7052458660864,39.914013509373234,39.053740973071314,-0.8602725363019204
2023-07-16 → 2024-07-16,1368.333930422572,3978.509780532298,2405.348786462295,2378.4716588372085,39.7296931544336,38.699987526594136,-1.029705627839462
2023-07-17 → 2024-07-17,1368.333930422572,3978.509780532298,2400.5852693135,2374.019278233413,39.54719521474135,38.52940972419786,-1.0177854905434884
2023-07-18 → 2024-07-18,1368.333930422572,3978.509780532298,2395.804467273508,2367.006768457486,39.36403506329827,38.26074928985847,-1.1032857734398007
2023-07-19 → 2024-07-19,1368.333930422572,3978.509780532298,2390.7535502634096,2348.900513119035,39.170526376522005,37.56706976869939,-1.603456607822615
2023-07-20 → 2024-07-20,1368.333930422572,3978.509780532298,2385.7001214511815,2339.8512460476595,38.976921458599875,37.220377913781064,-1.7565435448188111
2023-07-21 → 2024-07-21,1368.333930422572,3978.509780532298,2380.561950595066,2329.0333159130537,38.78006993781442,36.80592575592545,-1.974144181888967
2023-07-22 → 2024-07-22,1368.333930422572,3978.509780532298,2375.4895504357773,2323.2127852580497,38.585738197327466,36.5829319428933,-2.0028062544341623
2023-07-23 → 2024-07-23,1368.333930422572,3978.509780532298,2370.456895511326,2321.1089338424295,38.39292916018003,36.50233003955672,-1.890599120623314
2023-07-24 → 2024-07-24,1368.333930422572,3978.509780532298,2365.5636797971556,2315.856681294753,38.20546226158143,36.301107867209375,-1.9043543943720564
2023-07-25 → 2024-07-25,1368.333930422572,3978.509780532298,2360.3712047150907,2306.0072336084254,38.00653025928562,35.92375981665894,-2.082770442626682
2023-07-26 → 2024-07-26,1368.333930422572,3978.509780532298,2355.058730658131,2291.1916553663905,37.80300090486545,35.35615138363278,-2.4468495212326715
2023-07-27 → 2024-07-27,1368.333930422572,3978.509780532298,2349.781092892515,2283.585144372245,37.60080618432989,35.064733815202445,-2.536072369127446
2023-07-28 → 2024-07-28,1368.333930422572,3978.509780532298,2344.4471604352334,2275.8803931924335,37.39645472436762,34.76955250856797,-2.626902215799653
2023-07-29 → 2024-07-29,1368.333930422572,3978.509780532298,2339.22762944943,2273.497704591379,37.19648616724593,34.67826790791723,-2.518218259328698
2023-07-30 → 2024-07-30,1368.333930422572,3978.509780532298,2334.0639284987424,2268.8858160325885,36.99865654781739,34.50157910135286,-2.4970774464645302
2023-07-31 → 2024-07-31,1368.333930422572,3978.509780532298,2328.964514697312,2267.353995577852,36.80328987161372,34.442892616506555,-2.3603972551071664
2023-08-01 → 2024-08-01,1368.333930422572,3978.509780532298,2323.8198939241593,2258.575991970538,36.60619124421907,34.10659329755664,-2.4995979466624263
2023-08-02 → 2024-08-02,1368.333930422572,3978.509780532298,2319.013243744236,2266.5810264901907,36.422040809307916,34.41327893788683,-2.008761871421086
2023-08-03 → 2024-08-03,1368.333930422572,3978.509780532298,2314.1533738232415,2262.9532981500693,36.235851441231794,34.27429487901704,-1.9615565622147528
2023-08-04 → 2024-08-04,1368.333930422572,3978.509780532298,2309.492681700079,2267.2121026475984,36.05729289227555,34.43745647203193,-1.6198364202436153
2023-08-05 → 2024-08-05,1368.333930422572,3978.509780532298,2305.1293591780304,2280.617363290654,35.89012704703699,34.95103338841065,-0.9390936586263408
2023-08-06 → 2024-08-06,1368.333930422572,3978.509780532298,2300.6122687568704,2265.908886044751,35.71707010832652,34.387528165370426,-1.3295419429560908
2023-08-07 → 2024-08-07,1368.333930422572,3978.509780532298,2296.1744766163524,2264.456421690619,35.54705121322673,34.3318819393098,-1.2151692739169278
2023-08-08 → 2024-08-08,1368.333930422572,3978.509780532298,2291.232887384246,2228.108074524299,35.357731048001135,32.939318784425346,-2.4184122635757888
2023-08-09 → 2024-08-09,1368.333930422572,3978.509780532298,2286.5703937795297,2226.5110559116065,35.17910348141322,32.878134454157895,-2.300969027255327
2023-08-10 → 2024-08-10,1368.333930422572,3978.509780532298,2281.8359994711695,2218.3921493384487,34.99772128418842,32.56708619383411,-2.430635090354315
2023-08-11 → 2024-08-11,1368.333930422572,3978.509780532298,2277.2086474765088,2219.5044862958007,34.82044004873195,32.60970159682718,-2.210738451904774
2023-08-12 → 2024-08-12,1368.333930422572,3978.509780532298,2272.528216096713,2209.9702246031156,34.641125257370334,32.24442882440902,-2.3966964329613134
2023-08-13 → 2024-08-13,1368.333930422572,3978.509780532298,2267.7662588152943,2197.936198044971,34.45868707868522,31.783386072916297,-2.675301005768926
2023-08-14 → 2024-08-14,1368.333930422572,3978.509780532298,2263.093011770353,2197.2428455557592,34.27964753065075,31.756822633170167,-2.5228248974805823
2023-08-15 → 2024-08-15,1368.333930422572,3978.509780532298,2258.5547484960493,2194.8730328586726,34.10577942616604,31.666031328937272,-2.4397480972287653
2023-08-16 → 2024-08-16,1368.333930422572,3978.509780532298,2253.836887304497,2181.2537959919355,33.92503063901616,31.144256642141187,-2.78077399687497
2023-08-17 → 2024-08-17,1368.333930422572,3978.509780532298,2248.9468171429166,2170.6657929539297,33.73768425155438,30.738613358085797,-2.9990708934685806
2023-08-18 → 2024-08-18,1368.333930422572,3978.509780532298,2243.361035756696,2163.692637539647,33.52368405743007,30.471460652110466,-3.0522234053196016
2023-08-19 → 2024-08-19,1368.333930422572,3978.509780532298,2237.4824008548267,2154.505625740183,33.29846417802531,30.119491576958772,-3.1789726010665404
2023-08-20 → 2024-08-20,1368.333930422572,3978.509780532298,2231.6488293656053,2150.0559455963357,33.07497074983441,29.9490172334903,-3.125953516344108
2023-08-21 → 2024-08-21,1368.333930422572,3978.509780532298,2225.6966564912377,2136.945563975892,32.84693351341153,29.446737602794443,-3.400195910617086
2023-08-22 → 2024-08-22,1368.333930422572,3978.509780532298,2219.780039329026,2133.756694037603,32.62025847303204,29.32456690926991,-3.2956915637621265
2023-08-23 → 2024-08-23,1368.333930422572,3978.509780532298,2213.541665712442,2115.6704007651006,32.381256429689955,28.63165216669644,-3.7496042629935147
2023-08-24 → 2024-08-24,1368.333930422572,3978.509780532298,2207.496783785577,2110.672978337837,32.14966736159667,28.44019294271145,-3.7094744188852182
2023-08-25 → 2024-08-25,1368.333930422572,3978.509780532298,2201.2922794728634,2102.9221126133402,31.91196290530677,28.143244914318238,-3.768717990988531
2023-08-26 → 2024-08-26,1368.333930422572,3978.509780532298,2195.1549580655683,2101.5623916266513,31.67683233327895,28.091151834588313,-3.5856804986906354
2023-08-27 → 2024-08-27,1368.333930422572,3978.509780532298,2189.253259354099,2106.615539873369,31.450728842542063,28.284746003598237,-3.165982838943826
2023-08-28 → 2024-08-28,1368.333930422572,3978.509780532298,2183.4183939328173,2102.7484058320138,31.22718584175012,28.13658993046651,-3.0905959112836108
2023-08-29 → 2024-08-29,1368.333930422572,3978.509780532298,2177.5717267760247,2096.7490799413295,31.003190697647216,27.906746186780346,-3.0964445108668706
2023-08-30 → 2024-08-30,1368.333930422572,3978.509780532298,2172.3321809831955,2093.051717445276,30.802455341345116,27.765094332331618,-3.037361009013498
2023-08-31 → 2024-08-31,1368.333930422572,3978.509780532298,2166.9723147922964,2086.3209089744687,30.59711031868414,27.507226324299726,-3.089883994384415
2023-09-01 → 2024-09-01,1368.333930422572,3978.509780532298,2161.2253532608333,2083.3463314687556,30.37693505611624,27.39326551565965,-2.9836695404565887
2023-09-02 → 2024-09-02,1368.333930422572,3978.509780532298,2155.271154574626,2072.62455505495,30.148820207610648,26.98249716021131,-3.166323047399338
2023-09-03 → 2024-09-03,1368.333930422572,3978.509780532298,2149.4652619566104,2071.301075466956,29.92638720112292,26.931792546269733,-2.994594654853188
2023-09-04 → 2024-09-04,1368.333930422572,3978.509780532298,2143.6653805631354,2064.9437500719446,29.704184494235136,26.688233270570205,-3.0159512236649313
2023-09-05 → 2024-09-05,1368.333930422572,3978.509780532298,2137.959875032023,2064.1412939570805,29.485597477162216,26.657489896907073,-2.8281075802551428
2023-09-06 → 2024-09-06,1368.333930422572,3978.509780532298,2132.4524381861747,2064.5940317342884,29.27459878733768,26.674835003260306,-2.599763784077375
2023-09-07 → 2024-09-07,1368.333930422572,3978.509780532298,2126.912392836185,2058.819166169924,29.062350813709507,26.45359069268553,-2.608760121023977
2023-09-08 → 2024-09-08,1368.333930422572,3978.509780532298,2121.48350105092,2052.215109470105,28.85436131043383,26.20057874716694,-2.6537825632668905
2023-09-09 → 2024-09-09,1368.333930422572,3978.509780532298,2115.733945496013,2042.143012651099,28.63408666669037,25.81470065322234,-2.81938601346803
2023-09-10 → 2024-09-10,1368.333930422572,3978.509780532298,2109.9365701670595,2036.0040945726018,28.41197997113153,25.5795089101741,-2.832471060957431
2023-09-11 → 2024-09-11,1368.333930422572,3978.509780532298,2104.134481579674,2031.1173617796621,28.189692703124596,25.392290382627987,-2.7974023204966088
2023-09-12 → 2024-09-12,1368.333930422572,3867.020615587954,2097.9817048198793,2024.6549587063048,29.20125115042239,26.266639678367376,-2.934611472055014
2023-09-13 → 2024-09-13,1368.333930422572,3817.589774909385,2091.9459144634893,2018.3347398107624,29.544156673944126,26.53870606663321,-3.005450607310916
2023-09-14 → 2024-09-14,1368.333930422572,3817.589774909385,2086.09736825128,2014.4322093905553,29.305367973066907,26.379370714673495,-2.925997258393412
2023-09-15 → 2024-09-15,1368.333930422572,3817.589774909385,2080.444975668019,2010.4707624800906,29.074587975298034,26.217629877374616,-2.8569580979234175
2023-09-16 → 2024-09-16,1368.333930422572,3817.589774909385,2074.9088423621247,2006.0405885976515,28.848554695910085,26.036751514160283,-2.811803181749802
2023-09-17 → 2024-09-17,1368.333930422572,3817.589774909385,2069.1715037277672,1999.7816700636715,28.614306458949784,25.781207833492193,-2.833098625457591
2023-09-18 → 2024-09-18,1368.333930422572,3817.589774909385,2063.3347650068695,1994.4084194312213,28.37599984292043,25.561824846429193,-2.8141749964912357
2023-09-19 → 2024-09-19,1368.333930422572,3817.589774909385,2057.4796242631696,1989.4202512543902,28.136941895712525,25.358164286097807,-2.7787776096147176
2023-09-20 → 2024-09-20,1368.333930422572,3817.589774909385,2051.7820623066814,1984.236850377236,27.904317689902697,25.146532623002177,-2.757785066900521
2023-09-21 → 2024-09-21,1368.333930422572,3817.589774909385,2046.0398175779928,1977.1341978206017,27.669869143352766,24.856540355651994,-2.8133287877007724
2023-09-22 → 2024-09-22,1368.333930422572,3817.589774909385,2040.0714347574622,1969.790707493014,27.42618766622308,24.55671498852599,-2.8694726776970896
2023-09-23 → 2024-09-23,1368.333930422572,3817.589774909385,2034.1227038738969,1963.1436648505219,27.183308552676987,24.28532469430849,-2.897983858368498
2023-09-24 → 2024-09-24,1368.333930422572,3817.589774909385,2028.1045854871184,1956.4366750384065,26.937596435654793,24.011486833424637,-2.926109602230156
2023-09-25 → 2024-09-25,1368.333930422572,3817.589774909385,2022.059863394899,1949.824194959696,26.690798123186703,23.741507684713202,-2.9492904384735006
2023-09-26 → 2024-09-26,1368.333930422572,3817.589774909385,2015.8832833606261,1943.395254549217,26.438616218704325,23.47902222714248,-2.959593991561846
2023-09-27 → 2024-09-27,1368.333930422572,3797.071930895616,2009.6241911110612,1937.1261584968584,26.40425853112133,23.41925016051559,-2.9850083706057404
2023-09-28 → 2024-09-28,1368.333930422572,3739.5283018644486,2003.4208285073046,1931.3044884100223,26.783417915189666,23.74206706829854,-3.0413508468911274
2023-09-29 → 2024-09-29,1368.333930422572,3739.5283018644486,1997.4939984409,1925.9540330837563,26.53346666118089,23.51642317378252,-3.017043487398368
2023-09-30 → 2024-09-30,1368.333930422572,3739.5283018644486,1991.676175059301,1920.1890909810809,26.288112528610924,23.273299194908965,-3.0148133337019587
2023-10-01 → 2024-10-01,1368.333930422572,3739.5283018644486,1986.0532772224346,1914.9195770499541,26.050978959782185,23.051068828871006,-2.9999101309111786
2023-10-02 → 2024-10-02,1368.333930422572,3739.5283018644486,1980.7944894727682,1910.1799173247387,25.829200947274984,22.851183919295526,-2.978017027979458
2023-10-03 → 2024-10-03,1368.333930422572,3739.5283018644486,1975.3939607364766,1904.35414032685,25.601445314867348,22.60549436014116,-2.9959509547261867
2023-10-04 → 2024-10-04,1368.333930422572,3739.5283018644486,1969.854749738312,1898.7894998997187,25.36784105766779,22.37081767171146,-2.9970233859563287
2023-10-05 → 2024-10-05,1368.333930422572,3739.5283018644486,1964.445031357437,1893.6717934162048,25.13969787185273,22.15498945681898,-2.9847084150337473
2023-10-06 → 2024-10-06,1368.333930422572,3739.5283018644486,1958.849619942909,1888.0531798060088,24.90372348350574,21.91803656599462,-2.9856869175111207
2023-10-07 → 2024-10-07,1368.333930422572,3739.5283018644486,1953.4634991129403,1883.2047732314709,24.676575473421128,21.71356549298049,-2.9630099804406385
2023-10-08 → 2024-10-08,1368.333930422572,3739.5283018644486,1948.108501930669,1877.9657174698748,24.450740035940097,21.492619634442107,-2.9581204014979896
2023-10-09 → 2024-10-09,1368.333930422572,3739.5283018644486,1942.850139211506,1872.8412380918621,24.228979948176164,21.27650578735598,-2.9524741608201843
2023-10-10 → 2024-10-10,1368.333930422572,3739.5283018644486,1937.4992464509567,1867.6006502862106,24.00331760581426,21.055495318169314,-2.9478222876449465
2023-10-11 → 2024-10-11,1368.333930422572,3739.5283018644486,1931.9242043899771,1862.3666463394686,23.768202250948203,20.8347625090087,-2.9334397419395017
2023-10-12 → 2024-10-12,1368.333930422572,3739.5283018644486,1926.078922116572,1857.079966889949,23.521690098937196,20.611808224316093,-2.909881874621103
2023-10-13 → 2024-10-13,1368.333930422572,3725.442797957194,1920.2311229765137,1852.514426839193,23.4141579184329,20.541286959012687,-2.8728709594202115
2023-10-14 → 2024-10-14,1368.333930422572,3722.732486993116,1914.202923899059,1848.0055031624406,23.18507170135242,20.373422817526965,-2.8116488838254554
2023-10-15 → 2024-10-15,1368.333930422572,3685.9148358231714,1908.1301094536873,1843.763798920751,23.291362893663912,20.514057023437545,-2.7773058702263675
2023-10-16 → 2024-10-16,1368.333930422572,3530.0669011531536,1902.113757350667,1839.9711279432213,24.69221842639048,21.81755119186873,-2.8746672345217483
2023-10-17 → 2024-10-17,1368.333930422572,3530.0669011531536,1896.6018006817592,1836.9697410374047,24.43723981693508,21.678709487252355,-2.758530329682724
2023-10-18 → 2024-10-18,1368.333930422572,3530.0669011531536,1891.0028249333284,1832.968630075995,24.178235775999415,21.49362136510295,-2.684614410896465
2023-10-19 → 2024-10-19,1368.333930422572,3485.4915319071238,1885.3701869036888,1829.2702685048562,24.421245547264448,21.771470284454754,-2.649775262809694
2023-10-20 → 2024-10-20,1368.333930422572,3366.438285136628,1879.821207094887,1826.0944733347364,25.598626791717937,22.909741517363017,-2.68888527435492
2023-10-21 → 2024-10-21,1368.333930422572,3341.9615646466395,1874.688648706187,1823.5222378736619,25.656041165165817,23.06353536795949,-2.5925057972063286
2023-10-22 → 2024-10-22,1368.333930422572,3335.094338773462,1869.6236656652757,1820.5656017680378,25.488093674970326,22.99373474396192,-2.4943589310084064
2023-10-23 → 2024-10-23,1368.333930422572,3034.5174188335154,1864.62459710418,1817.9294091374175,29.786075191209925,26.98355144208213,-2.8025237491277935
2023-10-24 → 2024-10-24,1368.333930422572,2951.5105202628943,1860.3555053602856,1816.5720222407817,31.078123444671355,28.31257704886975,-2.765546395801607
2023-10-25 → 2024-10-25,1368.333930422572,2950.1189293651382,1856.4254252899423,1813.9258599664881,30.85700617932669,28.170195686632336,-2.6868104926943523
2023-10-26 → 2024-10-26,1368.333930422572,2950.1189293651382,1852.5903127234744,1810.871299612068,30.614551448182343,27.977087245443293,-2.63746420273905
2023-10-27 → 2024-10-27,1368.333930422572,2950.1189293651382,1848.6258038264289,1807.3665682201486,30.363916317637052,27.75551911865853,-2.6083971989785226
2023-10-28 → 2024-10-28,1368.333930422572,2933.2748292840115,1844.4875578415522,1803.9309378799658,30.426300939888662,27.83472575701159,-2.5915751828770723
2023-10-29 → 2024-10-29,1368.333930422572,2898.962039392315,1840.244076840817,1800.7161955177141,30.831143349110775,28.248681868659535,-2.58246148045124
2023-10-30 → 2024-10-30,1368.333930422572,2898.962039392315,1836.1240175332007,1797.7147129746534,30.56196893087868,28.052587041609677,-2.5093818892690045
2023-10-31 → 2024-10-31,1368.333930422572,2887.133869769527,1832.0971973729474,1794.5748590671324,30.53484892485457,28.064323522940953,-2.4705254019136156
2023-11-01 → 2024-11-01,1368.333930422572,2881.161712759552,1828.1518431758257,1791.5796481230789,30.39459733102853,27.977124867887287,-2.417472463141241
2023-11-02 → 2024-11-02,1368.333930422572,2881.161712759552,1824.3968232611574,1788.7643327813319,30.14638534295493,27.79102864632015,-2.3553566966347788
2023-11-03 → 2024-11-03,1368.333930422572,2881.161712759552,1820.5493193254767,1785.4077069631649,29.89206003371602,27.569151056725534,-2.3229089769904867
2023-11-04 → 2024-11-04,1368.333930422572,2855.6974541619375,1816.7188544944956,1782.3910992343956,30.1462901916973,27.83833018647968,-2.3079600052176197
2023-11-05 → 2024-11-05,1368.333930422572,2855.6974541619375,1812.8723552819495,1779.5184162541786,29.887678282022673,27.64519092130564,-2.242487360717032
2023-11-06 → 2024-11-06,1321.0731296676338,2855.6974541619375,1808.7101740121093,1776.2499511324352,31.77566239249882,29.66047222109511,-2.115190171403711
2023-11-07 → 2024-11-07,1316.2692961945663,2823.3851023641114,1804.5155468786832,1773.240541547006,32.396067288620216,30.32091120548118,-2.075156083139035
2023-11-08 → 2024-11-08,1307.062297812276,2809.7240621563824,1800.383877111512,1770.4809748594416,32.82984840667486,30.83985285600464,-1.9899955506702227
2023-11-09 → 2024-11-09,1302.0960025420998,2809.7240621563824,1796.32021397881,1767.7364208830827,32.781574227475865,30.88562960682187,-1.8959446206539958
2023-11-10 → 2024-11-10,1243.6374487309906,2809.7240621563824,1792.2793657070088,1764.9996922218452,35.03266755955548,33.29076687211542,-1.741900687440058
2023-11-11 → 2024-11-11,1125.3657635148375,2809.7240621563824,1788.0538699622962,1761.9187075030593,39.34365431523237,37.79201518475074,-1.5516391304816324
2023-11-12 → 2024-11-12,1125.3657635148375,2809.7240621563824,1783.7802052167397,1758.6949196556607,39.089927732889215,37.600619574327546,-1.4893081585616699
2023-11-13 → 2024-11-13,1106.569479848316,2809.7240621563824,1779.4416698475643,1755.5826410453456,39.507405668802605,38.10653289717869,-1.4008727716239164
2023-11-14 → 2024-11-14,1106.569479848316,2809.7240621563824,1775.1099283800852,1752.41781313322,39.25306930306833,37.92071136664934,-1.3323579364189868
2023-11-15 → 2024-11-15,1097.2241010698879,2775.077235554889,1770.4437159520564,1749.1424295723937,40.12387026286458,38.85431418898324,-1.2695560738813398
2023-11-16 → 2024-11-16,1097.2241010698879,2775.077235554889,1766.2515605738372,1747.07285383492,39.87401791929185,38.73096753277492,-1.1430503865169328
2023-11-17 → 2024-11-17,1097.2241010698879,2775.077235554889,1761.7528188540084,1743.5065213302346,39.605893038313546,38.51841421500316,-1.0874788233103843
2023-11-18 → 2024-11-18,1097.2241010698879,2775.077235554889,1757.3097652360364,1740.8238047988107,39.34108716665209,38.35852438458321,-0.9825627820688752
2023-11-19 → 2024-11-19,1083.9622106839906,2775.077235554889,1752.8139490935082,1738.0115277122145,39.55093110597716,38.675625691289376,-0.8753054146877872
2023-11-20 → 2024-11-20,1062.0216311675938,2775.077235554889,1748.430505213244,1735.472677936787,40.06926992256954,39.312853887779376,-0.7564160347901634
2023-11-21 → 2024-11-21,1014.758970257484,2775.077235554889,1743.9325029652614,1732.5345908448157,41.42282376332577,40.775332207671205,-0.6474915556545682
2023-11-22 → 2024-11-22,1010.7304241467481,2686.060364902005,1739.1250184655119,1729.3547085870423,43.477680222822,42.89449301648192,-0.5831872063400851
2023-11-23 → 2024-11-23,1010.7304241467481,2686.060364902005,1734.6287998417695,1727.291473480694,43.20930212520885,42.77133905998914,-0.4379630652197122
2023-11-24 → 2024-11-24,1010.7304241467481,2686.060364902005,1730.106977493129,1724.59852458339,42.93939574804461,42.610597654264,-0.32879809378061253
2023-11-25 → 2024-11-25,1010.7304241467481,2686.060364902005,1725.8021228759967,1722.1526905516916,42.682440117251566,42.46460646935174,-0.2178336478998233
2023-11-26 → 2024-11-26,1010.7304241467481,2686.060364902005,1721.559438410779,1719.480413183855,42.42919540634375,42.30509894174009,-0.1240964646036602
2023-11-27 → 2024-11-27,1010.7304241467481,2686.060364902005,1717.1286158055811,1716.6231357440943,42.16472077973973,42.13454880888251,-0.0301719708572179
2023-11-28 → 2024-11-28,1010.7304241467481,2651.6258332629036,1712.6557482719866,1714.0343330585715,42.77696922214685,42.86098339995039,0.08401417780353881
2023-11-29 → 2024-11-29,1010.7304241467481,2651.6258332629036,1708.2502803500222,1711.7573869693106,42.50848971409964,42.72222098544115,0.2137312713415085
2023-11-30 → 2024-11-30,1010.7304241467481,2651.6258332629036,1703.8754372714288,1709.3817638047187,42.241876555558974,42.57744495941329,0.3355684038543174
2023-12-01 → 2024-12-01,1010.7304241467481,2583.742072407147,1699.4458324617792,1707.056204835068,43.783236384592875,44.26704541307052,0.4838090284776442
2023-12-02 → 2024-12-02,1010.7304241467481,2534.0654464057834,1695.2521032357113,1705.2150027112514,44.93572780030025,45.58974673441269,0.6540189341124432
2023-12-03 → 2024-12-03,1010.7304241467481,2526.713689303726,1691.185299982417,1703.2352227651545,44.885381750253615,45.68024031232948,0.7948585620758664
2023-12-04 → 2024-12-04,1010.7304241467481,2526.713689303726,1687.1241378609893,1701.1876076115336,44.61749210959804,45.54517185869395,0.9276797490959083
2023-12-05 → 2024-12-05,1010.7304241467481,2526.713689303726,1683.433169898251,1699.5624606051747,44.37402187825903,45.437971004719444,1.0639491264604146
2023-12-06 → 2024-12-06,1000.469163430156,2526.713689303726,1679.9759427994948,1697.5826423368637,44.52148838865859,45.6750846334865,1.1535962448279093
2023-12-07 → 2024-12-07,1000.2230474567828,2526.713689303726,1676.4726488190768,1694.8839522197436,44.30093331879722,45.50705295660846,1.2061196378112413
2023-12-08 → 2024-12-08,992.0734958226994,2526.713689303726,1672.880488652922,1692.1750304821298,44.362645766884754,45.619913881662974,1.2572681147782205
2023-12-09 → 2024-12-09,992.0734958226994,2526.713689303726,1669.5143101948704,1689.8018590631277,44.143299338168056,45.46527363249688,1.3219742943288253
2023-12-10 → 2024-12-10,992.0734958226994,2526.713689303726,1666.0986224361907,1686.9060865029965,43.920726791639616,45.276579724150665,1.3558529325110484
2023-12-11 → 2024-12-11,987.0674238606069,2526.713689303726,1662.557613106513,1683.9877747435937,43.87307684934345,45.26496550052743,1.391888651183983
2023-12-12 → 2024-12-12,987.0674238606069,2526.713689303726,1658.6679407329227,1680.7159466718094,43.62044269168707,45.05246032026496,1.4320176285778956
2023-12-13 → 2024-12-13,987.0674238606069,2526.713689303726,1654.787084435279,1678.3328030554333,43.368381138020595,44.897675180985566,1.5292940429649704
2023-12-14 → 2024-12-14,986.5155977930698,2526.713689303726,1651.1294106763391,1676.1968437207186,43.15119052195444,44.778736561814334,1.6275460398598938
2023-12-15 → 2024-12-15,956.467645851043,2526.713689303726,1647.4037350273707,1673.5071516752369,44.001772337352044,45.66414981995786,1.6623774826058195
2023-12-16 → 2024-12-16,944.6824897842039,2526.713689303726,1643.486808039385,1670.63502325818,44.171336094219555,45.887371481324436,1.7160353871048812
2023-12-17 → 2024-12-17,942.3657531713039,2526.713689303726,1639.59819215965,1668.1862053428295,44.00753288386714,45.8119353469376,1.8044024630704598
2023-12-18 → 2024-12-18,942.3657531713039,2526.713689303726,1635.7331694153452,1665.6133668809139,43.763582508058924,45.64954434662513,1.8859618385662031
2023-12-19 → 2024-12-19,942.3657531713039,2526.713689303726,1632.1313218525997,1663.477786089956,43.53624307834136,45.51475193504342,1.9785088567020637
2023-12-20 → 2024-12-20,942.3657531713039,2526.713689303726,1628.4767369171796,1660.836284462964,43.3055750001955,45.34802709091352,2.0424520907180153
2023-12-21 → 2024-12-21,942.3657531713039,2526.713689303726,1625.0343209996588,1658.5950851102502,43.08829848920865,45.20656830515055,2.1182698159419004
2023-12-22 → 2024-12-22,942.3657531713039,2526.713689303726,1621.6869977227198,1655.9732184110198,42.87702398311056,45.04108276757155,2.164058784460991
2023-12-23 → 2024-12-23,942.3657531713039,2526.713689303726,1618.36985144376,1653.2121326682993,42.66765417214231,44.86681007912026,2.19915590697795
2023-12-24 → 2024-12-24,942.3657531713039,2526.713689303726,1614.9068505131895,1650.2466231936687,42.449078387644875,44.679634686203116,2.2305562985582412
2023-12-25 → 2024-12-25,942.3657531713039,2526.713689303726,1611.3302883532326,1647.3113095971619,42.22333490804735,44.49436518008236,2.271030272035013
2023-12-26 → 2024-12-26,942.3657531713039,2526.713689303726,1607.9335206170701,1644.7320171921915,42.00893959381767,44.3315668233485,2.3226272295308306
2023-12-27 → 2024-12-27,942.3657531713039,2526.713689303726,1604.4128482550088,1641.692651639959,41.78672373568643,44.13972982322264,2.353006087536208
2023-12-28 → 2024-12-28,942.3657531713039,2526.713689303726,1601.0043390299265,1639.1272378403198,41.57158732862909,43.97780744865246,2.40622012002337
2023-12-29 → 2024-12-29,942.3657531713039,2526.713689303726,1597.5342425955646,1636.1466968880911,41.35256369403322,43.789683307215164,2.4371196131819417
2023-12-30 → 2024-12-30,942.3657531713039,2526.713689303726,1593.9914057410379,1633.2740407927072,41.12894886967998,43.60836858272374,2.479419713043761
2023-12-31 → 2024-12-31,942.3657531713039,2526.713689303726,1590.4528920527641,1630.666230015953,40.905606912552074,43.44377021911429,2.5381633065622182
2024-01-01 → 2025-01-01,942.3657531713039,2526.713689303726,1586.8833856752913,1628.0749920036938,40.68030877594539,43.28021788612203,2.5999091101766396
2024-01-02 → 2025-01-02,942.3657531713039,2526.713689303726,1583.51100140776,1625.861969090085,40.46745248405261,43.140537525316255,2.673085041263647
2024-01-03 → 2025-01-03,942.3657531713039,2526.713689303726,1580.2249562286959,1623.244673936408,40.26004569516975,42.9753405320304,2.71529483686065
2024-01-04 → 2025-01-04,942.3657531713039,2526.713689303726,1576.6285818276467,1620.0084060348445,40.03305171745622,42.77107555791976,2.7380238404635406
2024-01-05 → 2025-01-05,942.3657531713039,2526.713689303726,1573.2396397669452,1617.7264770288893,39.81915033989806,42.627046020346995,2.8078956804489366
2024-01-06 → 2025-01-06,942.3657531713039,2526.713689303726,1569.7341219279426,1614.9103425378248,39.59789099660255,42.44929879533157,2.8514077987290207
2024-01-07 → 2025-01-07,942.3657531713039,2526.713689303726,1566.33963115609,1612.2839349789394,39.383639398551495,42.28352665027506,2.8998872517235625
2024-01-08 → 2025-01-08,942.3657531713039,2526.713689303726,1562.9919279198314,1609.6692723438578,39.17234091039044,42.1184958148473,2.9461549044568613
2024-01-09 → 2025-01-09,942.3657531713039,2526.713689303726,1560.1428178529945,1607.606458542414,38.992512351154154,41.98829627001251,2.9957839188583577
2024-01-10 → 2025-01-10,942.3657531713039,2526.713689303726,1557.105643863788,1604.256274628316,38.80081367689572,41.77684120779455,2.9760275308988255
2024-01-11 → 2025-01-11,942.3657531713039,2526.713689303726,1554.1658247273442,1601.234652208549,38.61525979258795,41.58612410892653,2.9708643163385844
2024-01-12 → 2025-01-12,942.3657531713039,2526.713689303726,1551.178848482657,1597.7469207941053,38.426729471907336,41.36598739937536,2.9392579274680273
2024-01-13 → 2025-01-13,942.3657531713039,2526.713689303726,1547.7022735508087,1593.6341223236789,38.207296931077,41.106398051819156,2.899101120742152
2024-01-14 → 2025-01-14,942.3657531713039,2526.713689303726,1544.1644962548512,1590.498066931912,37.98400145315354,40.908458235681145,2.9244567825276064
2024-01-15 → 2025-01-15,942.3657531713039,2526.713689303726,1540.3796705518835,1587.1413410828227,37.74511291000897,40.696590263215235,2.951477353206265
2024-01-16 → 2025-01-16,942.3657531713039,2526.713689303726,1536.6981488948807,1584.3260609438917,37.512744654713366,40.51889696272699,3.0061523080136254
2024-01-17 → 2025-01-17,942.3657531713039,2526.713689303726,1532.999125316708,1581.3078106683367,37.279271722801546,40.32839270499918,3.0491209821976355
2024-01-18 → 2025-01-18,942.3657531713039,2526.713689303726,1529.2262756896455,1578.0232565608326,37.04113907901673,40.12108002874941,3.0799409497326806
2024-01-19 → 2025-01-19,942.3657531713039,2526.713689303726,1525.3216482104058,1574.6081563289877,36.79468895337252,39.90552761415911,3.110838660786591
2024-01-20 → 2025-01-20,942.3657531713039,2526.713689303726,1521.4287686443424,1571.5862929971065,36.54898032603866,39.71479530953304,3.1658149834943785
2024-01-21 → 2025-01-21,942.3657531713039,2526.713689303726,1517.4604323794758,1568.4213747076187,36.29850906436909,39.51503374092117,3.2165246765520763
2024-01-22 → 2025-01-22,942.3657531713039,2526.713689303726,1513.5257944382663,1565.2618076609551,36.050164754923124,39.31560992910516,3.265445174182034
2024-01-23 → 2025-01-23,942.3657531713039,2516.5263834787474,1509.2563691284242,1561.644389862532,36.01224710126329,39.34024423989559,3.3279971386322984
2024-01-24 → 2025-01-24,942.3657531713039,2505.1567934795335,1505.0014273846057,1558.7356412282234,36.00197721266261,39.44032645179183,3.4383492391292236
2024-01-25 → 2025-01-25,942.3657531713039,2505.1567934795335,1500.8050977810199,1555.9473314777215,35.73346213320847,39.26190786104076,3.528445727832292
2024-01-26 → 2025-01-26,942.3657531713039,2388.8737129411197,1496.628776779449,1553.1532690311492,38.31731584085755,42.22496749738179,3.907651656524237
2024-01-27 → 2025-01-27,942.3657531713039,2381.915339734976,1492.7933785483008,1550.8890151359242,38.23610041047038,42.27178192709688,4.035681516626504
2024-01-28 → 2025-01-28,942.3657531713039,2381.915339734976,1489.01919975843,1548.1487550860902,37.973922655351835,42.081426549594724,4.107503894242889
2024-01-29 → 2025-01-29,942.3657531713039,2348.7250048023193,1485.1510103581916,1545.2901197117394,38.59506428086538,42.871290947970664,4.276226667105284
2024-01-30 → 2025-01-30,942.3657531713039,2348.7250048023193,1481.4416444254823,1542.8005852705865,38.33130763913906,42.69427114038837,4.362963501249311
2024-01-31 → 2025-01-31,942.3657531713039,2348.7250048023193,1477.7620384118038,1540.0073721552549,38.069667093921964,42.49565808244517,4.425990988523203
2024-02-01 → 2025-02-01,942.3657531713039,2348.7250048023193,1474.0724905472216,1537.1967437092858,37.807319627561334,42.295806697195665,4.488487069634331
2024-02-02 → 2025-02-02,942.3657531713039,2348.7250048023193,1470.5355752791293,1534.6084349837786,37.55582519155642,42.11176348615229,4.555938294595869
2024-02-03 → 2025-02-03,942.3657531713039,2348.7250048023193,1466.9040071672337,1531.7947106440604,37.29760040953975,41.911691965560735,4.614091556020988
2024-02-04 → 2025-02-04,942.3657531713039,2348.7250048023193,1463.3493939349796,1529.1250203912332,37.044847549405915,41.72186207325328,4.677014523847362
2024-02-05 → 2025-02-05,942.3657531713039,2346.3562367939194,1459.771485677169,1526.4018167561471,36.852509938018976,41.598292182002325,4.745782243983349
2024-02-06 → 2025-02-06,942.3657531713039,2320.0399387718735,1456.2005589028877,1523.8273747596786,37.29726600833329,42.20603301316109,4.908767004827801
2024-02-07 → 2025-02-07,942.3657531713039,2259.7321962169453,1452.7059416462723,1521.4466615629644,38.73942525020634,43.95746615898866,5.218040908782321
2024-02-08 → 2025-02-08,942.3657531713039,2205.9427776628186,1449.3692357441862,1519.2772300058887,40.124461963599664,45.65700908235047,5.532547118750806
2024-02-09 → 2025-02-09,942.3657531713039,2119.6784657802627,1446.1876925863414,1517.189991654956,42.79423249397804,48.82511097750953,6.030878483531488
2024-02-10 → 2025-02-10,942.3657531713039,2092.361121125474,1443.210245162769,1515.2462313597352,43.55187037687485,49.815894407260075,6.264024030385222
2024-02-11 → 2025-02-11,942.3657531713039,2074.654422592821,1440.3530572378666,1513.2048621716604,43.9805958953014,50.41462697776499,6.434031082463591
2024-02-12 → 2025-02-12,942.3657531713039,2014.9877142579796,1437.487377353719,1511.103033653175,46.15993725140648,53.023087454379755,6.863150202973273
2024-02-13 → 2025-02-13,942.3657531713039,2014.9877142579796,1434.8592808032752,1509.304480539478,45.91492114640511,52.85540926216047,6.9404881157553575
2024-02-14 → 2025-02-14,942.3657531713039,1968.9247297129186,1432.1659701632225,1507.2003424136005,47.712818082991355,55.02212752989348,7.309309446902127
2024-02-15 → 2025-02-15,942.3657531713039,1968.9247297129186,1429.7025191800774,1505.4660302610291,47.47284638731302,54.85318330046264,7.38033691314962
2024-02-16 → 2025-02-16,942.3657531713039,1968.9247297129186,1427.2893384449035,1503.492388497828,47.237771658016534,54.660925299870186,7.423153641853652
2024-02-17 → 2025-02-17,942.3657531713039,1968.9247297129186,1424.9096873142043,1501.5023710988871,47.005963141888614,54.46707210249764,7.461108960609025
2024-02-18 → 2025-02-18,942.3657531713039,1968.9247297129186,1422.491583239768,1499.4302294929869,46.77040881625379,54.265218954919014,7.494810138665223
2024-02-19 → 2025-02-19,942.3657531713039,1968.9247297129186,1420.0857706420231,1497.4309096204936,46.53605183796795,54.07045957740825,7.534407739440297
2024-02-20 → 2025-02-20,942.3657531713039,1968.9247297129186,1417.5953555347135,1495.3291023820007,46.29345349104203,53.86571661704043,7.572263125998397
2024-02-21 → 2025-02-21,942.3657531713039,1968.9247297129186,1415.2231043219888,1493.4139380511915,46.062365821757155,53.67915506777015,7.616789246012992
2024-02-22 → 2025-02-22,942.3657531713039,1968.9247297129186,1412.7777536713802,1491.3022001631039,45.824157330429486,53.473444734867314,7.649287404437828
2024-02-23 → 2025-02-23,942.3657531713039,1968.9247297129186,1410.3010886115342,1489.222715018553,45.58289841433781,53.27087623251428,7.687977818176471
2024-02-24 → 2025-02-24,942.3657531713039,1938.8022905793323,1407.9021076242543,1487.24179738189,46.7201208482301,54.682463333584685,7.962342485354583
2024-02-25 → 2025-02-25,942.3657531713039,1932.4986355847361,1405.6887772893515,1485.41499628567,46.79402455443208,54.84609720169,8.052072647257923
2024-02-26 → 2025-02-26,942.3657531713039,1857.3912301252,1403.6673852638544,1483.6880466132466,50.41407520457414,59.15925917647616,8.745183971902023
2024-02-27 → 2025-02-27,942.3657531713039,1857.3912301252,1401.892341224189,1482.1280904886778,50.22008672180813,58.98877691517763,8.768690193369501
2024-02-28 → 2025-02-28,942.3657531713039,1857.3912301252,1400.3505959179122,1480.70147781893,50.05159465846042,58.8328673032948,8.781272644834381
2024-02-29 → 2025-02-28,942.3657531713039,1857.3912301252,1399.8023580055415,1480.4682026835744,49.99167961498034,58.80737346282467,8.81569384784433
2024-03-01 → 2025-03-01,942.3657531713039,1857.3912301252,1398.5348603465145,1479.032391389117,49.85315913757829,58.65045856475679,8.797299427178501
2024-03-02 → 2025-03-02,942.3657531713039,1857.3912301252,1397.0615132007847,1477.4257246277884,49.692142074902115,58.474871457971844,8.782729383069729
2024-03-03 → 2025-03-03,942.3657531713039,1857.3912301252,1395.823592805762,1476.2231222984085,49.556853995367575,58.34344316885104,8.786589173483463
2024-03-04 → 2025-03-04,942.3657531713039,1857.3912301252,1394.6149790844238,1474.8822256647363,49.42476874181139,58.19690116893471,8.772132427123317
2024-03-05 → 2025-03-05,942.3657531713039,1857.3912301252,1393.6174697249635,1473.7111053471162,49.315754360836884,58.06891344103901,8.753159080202124
2024-03-06 → 2025-03-06,942.3657531713039,1857.3912301252,1392.3733916537592,1472.3299014117792,49.179793329965285,57.91796639419447,8.738173064229187
2024-03-07 → 2025-03-07,942.3657531713039,1857.3912301252,1391.3968326853017,1471.2167687798733,49.0730685454589,57.79631594183642,8.723247396377516
2024-03-08 → 2025-03-08,942.3657531713039,1857.3912301252,1390.4938499630375,1470.058763017323,48.974384656867066,57.669761458741,8.695376801873934
2024-03-09 → 2025-03-09,942.3657531713039,1857.3912301252,1389.883924134565,1469.1746287613257,48.90772795234524,57.573137454462945,8.665409502117704
2024-03-10 → 2025-03-10,942.3657531713039,1857.3912301252,1389.35366913186,1468.27343132077,48.84977819946293,57.47464867319362,8.624870473730688
2024-03-11 → 2025-03-11,942.3657531713039,1857.3912301252,1388.6890459239942,1467.1471132207384,48.777143805710494,57.35155722619031,8.574413420479814
2024-03-12 → 2025-03-12,942.3657531713039,1857.3912301252,1388.1717307707042,1466.185241274907,48.72060820464591,57.246437536077025,8.525829331431112
2024-03-13 → 2025-03-13,942.3657531713039,1857.3912301252,1387.715366501989,1465.300456133341,48.67073371697213,57.14974239874474,8.479008681772612
2024-03-14 → 2025-03-14,942.3657531713039,1857.3912301252,1387.2253234386894,1464.281843980507,48.617178589203355,57.03842176576903,8.421243176565675
2024-03-15 → 2025-03-15,942.3657531713039,1857.3912301252,1386.6433500852397,1463.2103609873066,48.553576714926905,56.92132305975625,8.367746344829342
2024-03-16 → 2025-03-16,942.3657531713039,1857.3912301252,1386.0199406805114,1462.1395039358117,48.485446436543434,56.80429276076831,8.318846324224879
2024-03-17 → 2025-03-17,942.3657531713039,1857.3912301252,1385.0964806916916,1460.788973805671,48.384524657633634,56.656697949022025,8.272173291388391
2024-03-18 → 2025-03-18,942.3657531713039,1857.3912301252,1384.3998194633466,1459.7844852502553,48.30838893836775,56.546920835628455,8.238531897260707
2024-03-19 → 2025-03-19,942.3657531713039,1857.3912301252,1383.5169122036195,1458.440782760515,48.21189902830904,56.400072193313775,8.188173165004734
2024-03-20 → 2025-03-20,942.3657531713039,1857.3912301252,1382.3557253570843,1456.9790219805375,48.08499689544157,56.240321364862126,8.155324469420556
2024-03-21 → 2025-03-21,942.3657531713039,1857.3912301252,1381.5787113353088,1455.9893555886329,48.00007969462633,56.13216411494606,8.132084420319728
2024-03-22 → 2025-03-22,942.3657531713039,1857.3912301252,1380.6640719464929,1454.6771913595499,47.900121888876406,55.98876218110579,8.088640292229385
2024-03-23 → 2025-03-23,942.3657531713039,1857.3912301252,1379.5462970772908,1453.2183863888463,47.77796410230601,55.82933438292471,8.051370280618706
2024-03-24 → 2025-03-24,942.3657531713039,1857.3912301252,1378.4300380231916,1451.8396935715054,47.65597197397586,55.678661767564265,8.022689793588405
2024-03-25 → 2025-03-25,942.3657531713039,1857.3912301252,1377.4949322706802,1450.6245508136285,47.55377746944421,55.54586297796966,7.992085508525449
2024-03-26 → 2025-03-26,942.3657531713039,1857.3912301252,1376.7404862671278,1449.5060871228434,47.471326650034904,55.42362991244799,7.952303262413089
2024-03-27 → 2025-03-27,942.3657531713039,1857.3912301252,1375.9741396267598,1448.3004359303695,47.38757525079308,55.2918684235234,7.90429317273032
2024-03-28 → 2025-03-28,942.3657531713039,1857.3912301252,1375.2704278242245,1447.1774193296294,47.31066899842534,55.169137786068504,7.858468787643162
2024-03-29 → 2025-03-29,942.3657531713039,1857.3912301252,1374.724716501155,1446.167830453575,47.25103007723528,55.058803276103255,7.807773198867977
2024-03-30 → 2025-03-30,942.3657531713039,1857.3912301252,1374.1401124573924,1445.0512304898343,47.18714070382584,54.93677389092614,7.749633187100301
2024-03-31 → 2025-03-31,942.3657531713039,1857.3912301252,1373.531385322588,1443.91752499339,47.12061500042894,54.81287510067405,7.692260100245107
2024-04-01 → 2025-04-01,942.3657531713039,1857.3912301252,1372.9012977621273,1442.723419629514,47.05175488928119,54.682375415807215,7.630620526526023
2024-04-02 → 2025-04-02,942.3657531713039,1857.3912301252,1372.2960184905278,1441.5764559194342,46.985605991043464,54.55702768080229,7.571421689758829
2024-04-03 → 2025-04-03,942.3657531713039,1857.3912301252,1371.421374732877,1440.159632618252,46.89001917082044,54.402187915476986,7.512168744656549
2024-04-04 → 2025-04-04,942.3657531713039,1857.3912301252,1370.5512030663022,1438.893151038376,46.79492109011217,54.263778481884785,7.468857391772616
2024-04-05 → 2025-04-05,942.3657531713039,1857.3912301252,1369.83884033581,1437.7732729626673,46.71706940746135,54.141390843079726,7.424321435618374
2024-04-06 → 2025-04-06,942.3657531713039,1857.3912301252,1369.320373306805,1436.8179948785541,46.66040792184559,54.03699177352669,7.376583851681097
2024-04-07 → 2025-04-07,942.3657531713039,1857.3912301252,1368.8085621719872,1435.7751568227081,46.60447383610607,53.92302357459548,7.318549738489416
2024-04-08 → 2025-04-08,942.3657531713039,1857.3912301252,1368.449707107741,1434.9137537702745,46.56525579537557,53.82888378569024,7.263627990314667
2024-04-09 → 2025-04-09,942.3657531713039,1857.3912301252,1367.9427055049246,1433.6951499574875,46.509847326913665,53.6957067492602,7.185859422346532
2024-04-10 → 2025-04-10,942.3657531713039,1857.3912301252,1367.4214435997974,1432.5325077283726,46.452880398860195,53.56864556261595,7.1157651637557535
2024-04-11 → 2025-04-11,942.3657531713039,1857.3912301252,1366.8279312432894,1431.2667679315318,46.38801746646581,53.43031719595075,7.042299729484938
2024-04-12 → 2025-04-12,942.3657531713039,1857.3912301252,1366.1315753207577,1429.8480368978326,46.31191511302645,53.27526894107349,6.96335382804704
2024-04-13 → 2025-04-13,942.3657531713039,1857.3912301252,1365.3290118236112,1428.364504425517,46.224205697566425,53.11313875894411,6.888933061377685
2024-04-14 → 2025-04-14,942.3657531713039,1857.3912301252,1364.3263867873166,1426.7759457125428,46.114632241794205,52.93953061873555,6.8248983769413485
2024-04-15 → 2025-04-15,942.3657531713039,1857.3912301252,1363.4299262723814,1425.471849010443,46.01666114289984,52.79701035728436,6.780349214384515
2024-04-16 → 2025-04-16,942.3657531713039,1857.3912301252,1362.3667549599552,1423.8834766877485,45.90047079200759,52.62342258703099,6.722951795023398
2024-04-17 → 2025-04-17,942.3657531713039,1857.3912301252,1361.29987627134,1422.4383833974694,45.78387527467109,52.465493291434775,6.681618016763686
2024-04-18 → 2025-04-18,942.3657531713039,1857.3912301252,1360.0803928058115,1420.8285318058975,45.65060210400614,52.28955812546201,6.6389560214558685
2024-04-19 → 2025-04-19,942.3657531713039,1857.3912301252,1358.9880301696357,1419.524318367203,45.5312215333348,52.14702510626825,6.6158035729334514
2024-04-20 → 2025-04-20,942.3657531713039,1857.3912301252,1357.9135692576679,1418.1105156287656,45.41379738078062,51.99251544789853,6.5787180671179115
2024-04-21 → 2025-04-21,942.3657531713039,1857.3912301252,1356.8317028703598,1416.6575359950587,45.295563909193625,51.8337242808434,6.538160371649774
2024-04-22 → 2025-04-22,942.3657531713039,1857.3912301252,1355.5485175766948,1414.929327936226,45.155328983939235,51.64485434198814,6.489525358048908
2024-04-23 → 2025-04-23,942.3657531713039,1857.3912301252,1354.3832493448565,1413.4596323968435,45.027980810452576,51.48423635086128,6.456255540408705
2024-04-24 → 2025-04-24,942.3657531713039,1857.3912301252,1353.1788063609827,1411.790092306831,44.89635136250722,51.301778033354054,6.405426670846836
2024-04-25 → 2025-04-25,942.3657531713039,1857.3912301252,1351.8052945383229,1409.9513872797152,44.74624496030821,51.10083225933727,6.354587299029056
2024-04-26 → 2025-04-26,942.3657531713039,1857.3912301252,1350.4555939952052,1408.2978184322087,44.59874081128595,50.9201193842148,6.32137857292885
2024-04-27 → 2025-04-27,942.3657531713039,1857.3912301252,1349.0840092146718,1406.57139396834,44.44884500891996,50.73144436834356,6.2825993594236
2024-04-28 → 2025-04-28,942.3657531713039,1857.3912301252,1347.6505183144282,1404.7954297835438,44.292183698787284,50.5373553260681,6.245171627280818
2024-04-29 → 2025-04-29,942.3657531713039,1857.3912301252,1346.2156157236946,1403.0552264974463,44.135368109836655,50.347174469914165,6.21180636007751
2024-04-30 → 2025-04-30,942.3657531713039,1857.3912301252,1344.8397073354395,1401.3710364418198,43.98499979519306,50.16311510784776,6.178115312654697
2024-05-01 → 2025-05-01,942.3657531713039,1857.3912301252,1343.1676899193262,1399.2379034218425,43.80227073920225,49.92999230704023,6.12772156783798
2024-05-02 → 2025-05-02,942.3657531713039,1857.3912301252,1341.2897529406655,1397.2093226617365,43.597037439588306,49.708295664575246,6.1112582249869405
2024-05-03 → 2025-05-03,942.3657531713039,1857.3912301252,1339.519906933263,1395.5729837101308,43.40361703196268,49.52946578575558,6.125848753792901
2024-05-04 → 2025-05-04,942.3657531713039,1857.3912301252,1338.076895532172,1394.2329804758679,43.245915258904446,49.3830214224004,6.13710616349595
2024-05-05 → 2025-05-05,942.3657531713039,1857.3912301252,1336.6803034924064,1392.6046301033268,43.09328649883813,49.20506458802221,6.111778089184078
2024-05-06 → 2025-05-06,942.3657531713039,1857.3912301252,1335.2418085415575,1390.8600881179575,42.936078313155946,49.01440957028687,6.078331257130927
2024-05-07 → 2025-05-07,942.3657531713039,1857.3912301252,1333.7333239839118,1389.047019046703,42.77122120309302,48.81626546207143,6.0450442589784075
2024-05-08 → 2025-05-08,942.3657531713039,1857.3912301252,1332.0053939136556,1387.0619854375402,42.58238164465706,48.599327938564315,6.016946293907253
2024-05-09 → 2025-05-09,942.3657531713039,1857.3912301252,1330.186310659983,1385.1855293725914,42.38358026704645,48.39425648293715,6.0106762158907046
2024-05-10 → 2025-05-10,942.3657531713039,1857.3912301252,1328.4618307447658,1383.5348569564903,42.195117764236365,48.21386014888139,6.018742384645023
2024-05-11 → 2025-05-11,942.3657531713039,1857.3912301252,1326.6029030334432,1381.6006741024385,41.991961922334454,48.00247993021352,6.010518007879064
2024-05-12 → 2025-05-12,942.3657531713039,1857.3912301252,1324.7670253693136,1379.8516728516502,41.79132514113343,47.811337574635544,6.020012433502117
2024-05-13 → 2025-05-13,942.3657531713039,1857.3912301252,1322.942866400309,1378.1221224447827,41.59196905598078,47.622320935161724,6.030351879180941
2024-05-14 → 2025-05-14,942.3657531713039,1857.3912301252,1321.2361721569002,1376.5227457222645,41.405450288318676,47.447530531746686,6.0420802434280105
2024-05-15 → 2025-05-15,942.3657531713039,1857.3912301252,1319.4318560835718,1374.7178401137332,41.208262765263584,47.2502785804087,6.042015815145113
2024-05-16 → 2025-05-16,942.3657531713039,1857.3912301252,1317.9478382275522,1373.3812051802965,41.04607953721185,47.10420232711285,6.058122789900999
2024-05-17 → 2025-05-17,942.3657531713039,1857.3912301252,1316.4095075147886,1371.6721011148325,40.87796064309268,46.91742019825305,6.03945955516037
2024-05-18 → 2025-05-18,942.3657531713039,1857.3912301252,1314.9060876032388,1370.0657851034505,40.713657030852865,46.74187142372828,6.028214392875412
2024-05-19 → 2025-05-19,942.3657531713039,1857.3912301252,1313.4137141314725,1368.431901879272,40.550560646177935,46.56330992294714,6.012749276769206
2024-05-20 → 2025-05-20,935.5120639280841,1857.3912301252,1311.8462109734069,1366.7153499169121,40.82250264942587,46.77438234856782,5.951879699141948
2024-05-21 → 2025-05-21,911.5366811731703,1857.3912301252,1310.4994507171264,1365.313871974001,42.18013964049667,47.97536696351444,5.7952273230177695
2024-05-22 → 2025-05-22,897.0459084351565,1857.3912301252,1309.059271839629,1363.579875411602,42.9026261802785,48.57981357741457,5.677187397136066
2024-05-23 → 2025-05-23,897.0459084351565,1857.3912301252,1307.6503465139053,1361.9257962115848,42.755915898684776,48.40757561647921,5.6516597177944305
2024-05-24 → 2025-05-24,897.0459084351565,1857.3912301252,1306.149829215401,1360.1341899374709,42.59966821729204,48.22101706991795,5.621348852625907
2024-05-25 → 2025-05-25,897.0459084351565,1857.3912301252,1304.6760954921422,1358.4610460833792,42.446209488439656,48.04679392160842,5.600584433168763
2024-05-26 → 2025-05-26,897.0459084351565,1857.3912301252,1303.2306066473566,1356.7766451563966,42.295691876478806,47.87139858318803,5.5757067067092265
2024-05-27 → 2025-05-27,897.0459084351565,1857.3912301252,1301.7438475237755,1354.3949474358074,42.14087682297652,47.623394280277715,5.482517457301192
2024-05-28 → 2025-05-28,897.0459084351565,1857.3912301252,1300.336243852706,1351.5726944513287,41.99430416423829,47.329515305628064,5.335211141389777
2024-05-29 → 2025-05-29,897.0459084351565,1857.3912301252,1298.9224935966552,1348.5616242263773,41.84709146645964,47.01597494082964,5.168883474370006
2024-05-30 → 2025-05-30,897.0459084351565,1857.3912301252,1297.5074033479068,1345.8785647267146,41.69973923629956,46.73659007383816,5.036850837538601
2024-05-31 → 2025-05-31,897.0459084351565,1857.3912301252,1296.1208334042235,1343.2604881551915,41.555356802984505,46.463971827839345,4.908615024854839
2024-06-01 → 2025-06-01,897.0459084351565,1857.3912301252,1294.6494012997885,1340.2515788588362,41.40213773988275,46.15065647882924,4.748518738946494
